<?xml version="1.0"?>
<gpx xmlns="http://www.topografix.com/GPX/1/1" xmlns:xsi="http://www.w3.org/2001/XMLSchema-instance" version="1.1" creator="AllTrails.com" xsi:schemaLocation="http://www.topografix.com/GPX/1/1 http://www.topografix.com/GPX/1/1/gpx.xsd">
  <metadata>
    <name><![CDATA[Nucsoara Trail Running]]></name>
    <desc><![CDATA[]]></desc>
    <link href="http://www.alltrails.com">
      <text>AllTrails, LLC</text>
    </link>
    <bounds minlat="45.57774" minlon="24.7356" maxlat="45.60417" maxlon="24.76913"/>
  </metadata>
  <trk>
    <name><![CDATA[Nucsoara Trail Running]]></name>
    <src>AllTrails</src>
    <trkseg>
      <trkpt lat="45.58619" lon="24.76873">
        <ele>1422.76</ele>
        <time>2023-10-07T06:52:42Z</time>
      </trkpt>
      <trkpt lat="45.5862" lon="24.76872">
        <ele>1422.7</ele>
        <time>2023-10-07T06:52:43Z</time>
      </trkpt>
      <trkpt lat="45.58621" lon="24.76863">
        <ele>1422.53</ele>
        <time>2023-10-07T06:52:50Z</time>
      </trkpt>
      <trkpt lat="45.58627" lon="24.76857">
        <ele>1421.61</ele>
        <time>2023-10-07T06:52:56Z</time>
      </trkpt>
      <trkpt lat="45.58628" lon="24.76856">
        <ele>1421.47</ele>
        <time>2023-10-07T06:52:57Z</time>
      </trkpt>
      <trkpt lat="45.58628" lon="24.76854">
        <ele>1421.76</ele>
        <time>2023-10-07T06:52:58Z</time>
      </trkpt>
      <trkpt lat="45.58628" lon="24.76852">
        <ele>1422.04</ele>
        <time>2023-10-07T06:53:00Z</time>
      </trkpt>
      <trkpt lat="45.58628" lon="24.76851">
        <ele>1422.19</ele>
        <time>2023-10-07T06:53:01Z</time>
      </trkpt>
      <trkpt lat="45.58627" lon="24.76846">
        <ele>1423.25</ele>
        <time>2023-10-07T06:53:03Z</time>
      </trkpt>
      <trkpt lat="45.58626" lon="24.76844">
        <ele>1423.91</ele>
        <time>2023-10-07T06:53:04Z</time>
      </trkpt>
      <trkpt lat="45.58626" lon="24.76842">
        <ele>1424.22</ele>
        <time>2023-10-07T06:53:05Z</time>
      </trkpt>
      <trkpt lat="45.58625" lon="24.76841">
        <ele>1424.76</ele>
        <time>2023-10-07T06:53:06Z</time>
      </trkpt>
      <trkpt lat="45.58625" lon="24.76839">
        <ele>1425.08</ele>
        <time>2023-10-07T06:53:07Z</time>
      </trkpt>
      <trkpt lat="45.58624" lon="24.76838">
        <ele>1425.65</ele>
        <time>2023-10-07T06:53:09Z</time>
      </trkpt>
      <trkpt lat="45.58623" lon="24.76836">
        <ele>1426.4</ele>
        <time>2023-10-07T06:53:10Z</time>
      </trkpt>
      <trkpt lat="45.58621" lon="24.76833">
        <ele>1427.82</ele>
        <time>2023-10-07T06:53:11Z</time>
      </trkpt>
      <trkpt lat="45.5862" lon="24.76831">
        <ele>1428.84</ele>
        <time>2023-10-07T06:53:12Z</time>
      </trkpt>
      <trkpt lat="45.58618" lon="24.76823">
        <ele>1432.19</ele>
        <time>2023-10-07T06:53:15Z</time>
      </trkpt>
      <trkpt lat="45.58614" lon="24.76821">
        <ele>1434.91</ele>
        <time>2023-10-07T06:53:19Z</time>
      </trkpt>
      <trkpt lat="45.58614" lon="24.76824">
        <ele>1433.9</ele>
        <time>2023-10-07T06:53:22Z</time>
      </trkpt>
      <trkpt lat="45.58617" lon="24.76823">
        <ele>1432.7</ele>
        <time>2023-10-07T06:53:25Z</time>
      </trkpt>
      <trkpt lat="45.58617" lon="24.76819">
        <ele>1433.96</ele>
        <time>2023-10-07T06:53:28Z</time>
      </trkpt>
      <trkpt lat="45.58618" lon="24.76818">
        <ele>1433.72</ele>
        <time>2023-10-07T06:53:30Z</time>
      </trkpt>
      <trkpt lat="45.58622" lon="24.76816">
        <ele>1432.07</ele>
        <time>2023-10-07T06:53:34Z</time>
      </trkpt>
      <trkpt lat="45.58622" lon="24.76815">
        <ele>1432.34</ele>
        <time>2023-10-07T06:53:35Z</time>
      </trkpt>
      <trkpt lat="45.58623" lon="24.76815">
        <ele>1431.77</ele>
        <time>2023-10-07T06:53:38Z</time>
      </trkpt>
      <trkpt lat="45.58624" lon="24.76811">
        <ele>1432.23</ele>
        <time>2023-10-07T06:53:43Z</time>
      </trkpt>
      <trkpt lat="45.58624" lon="24.7681">
        <ele>1432.49</ele>
        <time>2023-10-07T06:53:44Z</time>
      </trkpt>
      <trkpt lat="45.58634" lon="24.76809">
        <ele>1426.54</ele>
        <time>2023-10-07T06:53:53Z</time>
      </trkpt>
      <trkpt lat="45.58642" lon="24.76808">
        <ele>1423.13</ele>
        <time>2023-10-07T06:54:00Z</time>
      </trkpt>
      <trkpt lat="45.58646" lon="24.76807">
        <ele>1422.57</ele>
        <time>2023-10-07T06:54:03Z</time>
      </trkpt>
      <trkpt lat="45.5865" lon="24.76801">
        <ele>1423.15</ele>
        <time>2023-10-07T06:54:08Z</time>
      </trkpt>
      <trkpt lat="45.58651" lon="24.76799">
        <ele>1423.43</ele>
        <time>2023-10-07T06:54:11Z</time>
      </trkpt>
      <trkpt lat="45.58656" lon="24.7679">
        <ele>1424.24</ele>
        <time>2023-10-07T06:54:18Z</time>
      </trkpt>
      <trkpt lat="45.58659" lon="24.76786">
        <ele>1424.17</ele>
        <time>2023-10-07T06:54:22Z</time>
      </trkpt>
      <trkpt lat="45.5866" lon="24.76784">
        <ele>1424.24</ele>
        <time>2023-10-07T06:54:25Z</time>
      </trkpt>
      <trkpt lat="45.58665" lon="24.76787">
        <ele>1422.17</ele>
        <time>2023-10-07T06:54:29Z</time>
      </trkpt>
      <trkpt lat="45.58667" lon="24.7679">
        <ele>1421.28</ele>
        <time>2023-10-07T06:54:36Z</time>
      </trkpt>
      <trkpt lat="45.58663" lon="24.76786">
        <ele>1422.94</ele>
        <time>2023-10-07T06:54:42Z</time>
      </trkpt>
      <trkpt lat="45.58665" lon="24.76777">
        <ele>1423.73</ele>
        <time>2023-10-07T06:54:48Z</time>
      </trkpt>
      <trkpt lat="45.58665" lon="24.76771">
        <ele>1424.71</ele>
        <time>2023-10-07T06:54:53Z</time>
      </trkpt>
      <trkpt lat="45.58665" lon="24.7677">
        <ele>1424.87</ele>
        <time>2023-10-07T06:54:54Z</time>
      </trkpt>
      <trkpt lat="45.58666" lon="24.76769">
        <ele>1424.57</ele>
        <time>2023-10-07T06:54:55Z</time>
      </trkpt>
      <trkpt lat="45.5867" lon="24.76763">
        <ele>1425.36</ele>
        <time>2023-10-07T06:55:01Z</time>
      </trkpt>
      <trkpt lat="45.58671" lon="24.7676">
        <ele>1425.83</ele>
        <time>2023-10-07T06:55:04Z</time>
      </trkpt>
      <trkpt lat="45.58672" lon="24.76758">
        <ele>1426.15</ele>
        <time>2023-10-07T06:55:06Z</time>
      </trkpt>
      <trkpt lat="45.58672" lon="24.76757">
        <ele>1426.28</ele>
        <time>2023-10-07T06:55:07Z</time>
      </trkpt>
      <trkpt lat="45.58674" lon="24.76757">
        <ele>1426.39</ele>
        <time>2023-10-07T06:55:08Z</time>
      </trkpt>
      <trkpt lat="45.58681" lon="24.76756">
        <ele>1426.87</ele>
        <time>2023-10-07T06:55:12Z</time>
      </trkpt>
      <trkpt lat="45.58684" lon="24.76754">
        <ele>1427.23</ele>
        <time>2023-10-07T06:55:14Z</time>
      </trkpt>
      <trkpt lat="45.58684" lon="24.76752">
        <ele>1427.43</ele>
        <time>2023-10-07T06:55:16Z</time>
      </trkpt>
      <trkpt lat="45.58685" lon="24.7675">
        <ele>1427.66</ele>
        <time>2023-10-07T06:55:18Z</time>
      </trkpt>
      <trkpt lat="45.58691" lon="24.76747">
        <ele>1428.2</ele>
        <time>2023-10-07T06:55:21Z</time>
      </trkpt>
      <trkpt lat="45.58699" lon="24.76744">
        <ele>1428.47</ele>
        <time>2023-10-07T06:55:26Z</time>
      </trkpt>
      <trkpt lat="45.58701" lon="24.76737">
        <ele>1429.05</ele>
        <time>2023-10-07T06:55:34Z</time>
      </trkpt>
      <trkpt lat="45.58701" lon="24.76738">
        <ele>1428.97</ele>
        <time>2023-10-07T06:55:35Z</time>
      </trkpt>
      <trkpt lat="45.58711" lon="24.76734">
        <ele>1429.5</ele>
        <time>2023-10-07T06:55:42Z</time>
      </trkpt>
      <trkpt lat="45.58713" lon="24.76733">
        <ele>1429.63</ele>
        <time>2023-10-07T06:55:44Z</time>
      </trkpt>
      <trkpt lat="45.58714" lon="24.76732">
        <ele>1429.75</ele>
        <time>2023-10-07T06:55:45Z</time>
      </trkpt>
      <trkpt lat="45.58715" lon="24.76732">
        <ele>1429.78</ele>
        <time>2023-10-07T06:55:46Z</time>
      </trkpt>
      <trkpt lat="45.58719" lon="24.76724">
        <ele>1430.7</ele>
        <time>2023-10-07T06:55:52Z</time>
      </trkpt>
      <trkpt lat="45.58724" lon="24.76717">
        <ele>1431.89</ele>
        <time>2023-10-07T06:55:57Z</time>
      </trkpt>
      <trkpt lat="45.58726" lon="24.76716">
        <ele>1432.34</ele>
        <time>2023-10-07T06:55:59Z</time>
      </trkpt>
      <trkpt lat="45.58731" lon="24.76714">
        <ele>1433.32</ele>
        <time>2023-10-07T06:56:04Z</time>
      </trkpt>
      <trkpt lat="45.58736" lon="24.76713">
        <ele>1434.15</ele>
        <time>2023-10-07T06:56:08Z</time>
      </trkpt>
      <trkpt lat="45.58739" lon="24.76711">
        <ele>1434.62</ele>
        <time>2023-10-07T06:56:12Z</time>
      </trkpt>
      <trkpt lat="45.58739" lon="24.7671">
        <ele>1434.62</ele>
        <time>2023-10-07T06:56:13Z</time>
      </trkpt>
      <trkpt lat="45.5874" lon="24.7671">
        <ele>1434.75</ele>
        <time>2023-10-07T06:56:15Z</time>
      </trkpt>
      <trkpt lat="45.58739" lon="24.7671">
        <ele>1434.62</ele>
        <time>2023-10-07T06:56:20Z</time>
      </trkpt>
      <trkpt lat="45.58741" lon="24.7671">
        <ele>1434.89</ele>
        <time>2023-10-07T06:56:23Z</time>
      </trkpt>
      <trkpt lat="45.58749" lon="24.76705">
        <ele>1435.66</ele>
        <time>2023-10-07T06:56:31Z</time>
      </trkpt>
      <trkpt lat="45.58751" lon="24.76705">
        <ele>1436.13</ele>
        <time>2023-10-07T06:56:33Z</time>
      </trkpt>
      <trkpt lat="45.58756" lon="24.76703">
        <ele>1437.76</ele>
        <time>2023-10-07T06:56:39Z</time>
      </trkpt>
      <trkpt lat="45.58759" lon="24.76703">
        <ele>1438.83</ele>
        <time>2023-10-07T06:56:42Z</time>
      </trkpt>
      <trkpt lat="45.58762" lon="24.76704">
        <ele>1440.02</ele>
        <time>2023-10-07T06:56:45Z</time>
      </trkpt>
      <trkpt lat="45.58766" lon="24.76704">
        <ele>1441.47</ele>
        <time>2023-10-07T06:56:48Z</time>
      </trkpt>
      <trkpt lat="45.58768" lon="24.76704">
        <ele>1442.19</ele>
        <time>2023-10-07T06:56:50Z</time>
      </trkpt>
      <trkpt lat="45.58769" lon="24.76703">
        <ele>1442.4</ele>
        <time>2023-10-07T06:56:52Z</time>
      </trkpt>
      <trkpt lat="45.5877" lon="24.767">
        <ele>1442.31</ele>
        <time>2023-10-07T06:56:55Z</time>
      </trkpt>
      <trkpt lat="45.58771" lon="24.76691">
        <ele>1441.34</ele>
        <time>2023-10-07T06:57:02Z</time>
      </trkpt>
      <trkpt lat="45.58772" lon="24.7669">
        <ele>1441.49</ele>
        <time>2023-10-07T06:57:04Z</time>
      </trkpt>
      <trkpt lat="45.58773" lon="24.76689">
        <ele>1441.64</ele>
        <time>2023-10-07T06:57:07Z</time>
      </trkpt>
      <trkpt lat="45.58774" lon="24.76685">
        <ele>1441.31</ele>
        <time>2023-10-07T06:57:11Z</time>
      </trkpt>
      <trkpt lat="45.58778" lon="24.7668">
        <ele>1441.47</ele>
        <time>2023-10-07T06:57:19Z</time>
      </trkpt>
      <trkpt lat="45.58778" lon="24.76676">
        <ele>1440.75</ele>
        <time>2023-10-07T06:57:23Z</time>
      </trkpt>
      <trkpt lat="45.58779" lon="24.76674">
        <ele>1440.73</ele>
        <time>2023-10-07T06:57:25Z</time>
      </trkpt>
      <trkpt lat="45.58781" lon="24.76673">
        <ele>1441.22</ele>
        <time>2023-10-07T06:57:28Z</time>
      </trkpt>
      <trkpt lat="45.58783" lon="24.76672">
        <ele>1441.73</ele>
        <time>2023-10-07T06:57:30Z</time>
      </trkpt>
      <trkpt lat="45.58785" lon="24.76672">
        <ele>1442.41</ele>
        <time>2023-10-07T06:57:32Z</time>
      </trkpt>
      <trkpt lat="45.58787" lon="24.76671">
        <ele>1442.94</ele>
        <time>2023-10-07T06:57:34Z</time>
      </trkpt>
      <trkpt lat="45.58793" lon="24.7667">
        <ele>1444.88</ele>
        <time>2023-10-07T06:57:40Z</time>
      </trkpt>
      <trkpt lat="45.58795" lon="24.7667">
        <ele>1445.58</ele>
        <time>2023-10-07T06:57:41Z</time>
      </trkpt>
      <trkpt lat="45.58799" lon="24.76668">
        <ele>1446.77</ele>
        <time>2023-10-07T06:57:44Z</time>
      </trkpt>
      <trkpt lat="45.588" lon="24.76665">
        <ele>1446.93</ele>
        <time>2023-10-07T06:57:46Z</time>
      </trkpt>
      <trkpt lat="45.58802" lon="24.76665">
        <ele>1447.63</ele>
        <time>2023-10-07T06:57:47Z</time>
      </trkpt>
      <trkpt lat="45.58805" lon="24.76664">
        <ele>1448.62</ele>
        <time>2023-10-07T06:57:49Z</time>
      </trkpt>
      <trkpt lat="45.58807" lon="24.76661">
        <ele>1448.8</ele>
        <time>2023-10-07T06:57:52Z</time>
      </trkpt>
      <trkpt lat="45.58808" lon="24.76661">
        <ele>1448.94</ele>
        <time>2023-10-07T06:57:53Z</time>
      </trkpt>
      <trkpt lat="45.5881" lon="24.76658">
        <ele>1449.02</ele>
        <time>2023-10-07T06:57:57Z</time>
      </trkpt>
      <trkpt lat="45.58812" lon="24.76657">
        <ele>1449.23</ele>
        <time>2023-10-07T06:57:59Z</time>
      </trkpt>
      <trkpt lat="45.58812" lon="24.76655">
        <ele>1449.09</ele>
        <time>2023-10-07T06:58:00Z</time>
      </trkpt>
      <trkpt lat="45.58814" lon="24.76653">
        <ele>1449.23</ele>
        <time>2023-10-07T06:58:03Z</time>
      </trkpt>
      <trkpt lat="45.58816" lon="24.76653">
        <ele>1449.52</ele>
        <time>2023-10-07T06:58:05Z</time>
      </trkpt>
      <trkpt lat="45.58817" lon="24.76652">
        <ele>1449.59</ele>
        <time>2023-10-07T06:58:06Z</time>
      </trkpt>
      <trkpt lat="45.58819" lon="24.76651">
        <ele>1449.81</ele>
        <time>2023-10-07T06:58:08Z</time>
      </trkpt>
      <trkpt lat="45.5882" lon="24.7665">
        <ele>1449.88</ele>
        <time>2023-10-07T06:58:09Z</time>
      </trkpt>
      <trkpt lat="45.58823" lon="24.76649">
        <ele>1450.24</ele>
        <time>2023-10-07T06:58:12Z</time>
      </trkpt>
      <trkpt lat="45.58824" lon="24.76648">
        <ele>1450.31</ele>
        <time>2023-10-07T06:58:13Z</time>
      </trkpt>
      <trkpt lat="45.58826" lon="24.76645">
        <ele>1450.38</ele>
        <time>2023-10-07T06:58:16Z</time>
      </trkpt>
      <trkpt lat="45.58826" lon="24.76644">
        <ele>1450.31</ele>
        <time>2023-10-07T06:58:17Z</time>
      </trkpt>
      <trkpt lat="45.58827" lon="24.76643">
        <ele>1450.38</ele>
        <time>2023-10-07T06:58:18Z</time>
      </trkpt>
      <trkpt lat="45.58832" lon="24.76637">
        <ele>1451.07</ele>
        <time>2023-10-07T06:58:24Z</time>
      </trkpt>
      <trkpt lat="45.58833" lon="24.76637">
        <ele>1451.22</ele>
        <time>2023-10-07T06:58:25Z</time>
      </trkpt>
      <trkpt lat="45.58837" lon="24.76634">
        <ele>1453.28</ele>
        <time>2023-10-07T06:58:29Z</time>
      </trkpt>
      <trkpt lat="45.58839" lon="24.76633">
        <ele>1454.24</ele>
        <time>2023-10-07T06:58:31Z</time>
      </trkpt>
      <trkpt lat="45.58851" lon="24.76624">
        <ele>1459.37</ele>
        <time>2023-10-07T06:58:41Z</time>
      </trkpt>
      <trkpt lat="45.58853" lon="24.76623">
        <ele>1460.06</ele>
        <time>2023-10-07T06:58:43Z</time>
      </trkpt>
      <trkpt lat="45.58853" lon="24.76622">
        <ele>1460.05</ele>
        <time>2023-10-07T06:58:45Z</time>
      </trkpt>
      <trkpt lat="45.58856" lon="24.76618">
        <ele>1460.93</ele>
        <time>2023-10-07T06:58:49Z</time>
      </trkpt>
      <trkpt lat="45.58858" lon="24.76617">
        <ele>1461.5</ele>
        <time>2023-10-07T06:58:51Z</time>
      </trkpt>
      <trkpt lat="45.58859" lon="24.76616">
        <ele>1461.74</ele>
        <time>2023-10-07T06:58:52Z</time>
      </trkpt>
      <trkpt lat="45.58865" lon="24.76613">
        <ele>1463.7</ele>
        <time>2023-10-07T06:58:59Z</time>
      </trkpt>
      <trkpt lat="45.58866" lon="24.76611">
        <ele>1463.94</ele>
        <time>2023-10-07T06:59:02Z</time>
      </trkpt>
      <trkpt lat="45.58869" lon="24.76608">
        <ele>1465.11</ele>
        <time>2023-10-07T06:59:05Z</time>
      </trkpt>
      <trkpt lat="45.58871" lon="24.76609">
        <ele>1465.88</ele>
        <time>2023-10-07T06:59:07Z</time>
      </trkpt>
      <trkpt lat="45.58872" lon="24.76608">
        <ele>1466.25</ele>
        <time>2023-10-07T06:59:08Z</time>
      </trkpt>
      <trkpt lat="45.58872" lon="24.76604">
        <ele>1466.17</ele>
        <time>2023-10-07T06:59:11Z</time>
      </trkpt>
      <trkpt lat="45.58872" lon="24.766">
        <ele>1466.08</ele>
        <time>2023-10-07T06:59:14Z</time>
      </trkpt>
      <trkpt lat="45.58872" lon="24.766">
        <ele>1466.08</ele>
        <time>2023-10-07T06:59:15Z</time>
      </trkpt>
      <trkpt lat="45.58872" lon="24.76595">
        <ele>1465.98</ele>
        <time>2023-10-07T06:59:18Z</time>
      </trkpt>
      <trkpt lat="45.58873" lon="24.76592">
        <ele>1466.22</ele>
        <time>2023-10-07T06:59:20Z</time>
      </trkpt>
      <trkpt lat="45.58872" lon="24.76586">
        <ele>1465.8</ele>
        <time>2023-10-07T06:59:25Z</time>
      </trkpt>
      <trkpt lat="45.58874" lon="24.76585">
        <ele>1466.3</ele>
        <time>2023-10-07T06:59:26Z</time>
      </trkpt>
      <trkpt lat="45.58879" lon="24.76584">
        <ele>1467.55</ele>
        <time>2023-10-07T06:59:32Z</time>
      </trkpt>
      <trkpt lat="45.58879" lon="24.7658">
        <ele>1467.24</ele>
        <time>2023-10-07T06:59:37Z</time>
      </trkpt>
      <trkpt lat="45.58879" lon="24.76578">
        <ele>1467.08</ele>
        <time>2023-10-07T06:59:39Z</time>
      </trkpt>
      <trkpt lat="45.5888" lon="24.76575">
        <ele>1467.04</ele>
        <time>2023-10-07T06:59:43Z</time>
      </trkpt>
      <trkpt lat="45.58882" lon="24.76574">
        <ele>1467.34</ele>
        <time>2023-10-07T06:59:45Z</time>
      </trkpt>
      <trkpt lat="45.58888" lon="24.7657">
        <ele>1467.93</ele>
        <time>2023-10-07T06:59:52Z</time>
      </trkpt>
      <trkpt lat="45.5889" lon="24.7657">
        <ele>1468.46</ele>
        <time>2023-10-07T06:59:54Z</time>
      </trkpt>
      <trkpt lat="45.58893" lon="24.76569">
        <ele>1469.33</ele>
        <time>2023-10-07T06:59:59Z</time>
      </trkpt>
      <trkpt lat="45.58894" lon="24.76571">
        <ele>1470.0</ele>
        <time>2023-10-07T07:00:01Z</time>
      </trkpt>
      <trkpt lat="45.58896" lon="24.76571">
        <ele>1470.7</ele>
        <time>2023-10-07T07:00:03Z</time>
      </trkpt>
      <trkpt lat="45.58899" lon="24.76572">
        <ele>1471.93</ele>
        <time>2023-10-07T07:00:05Z</time>
      </trkpt>
      <trkpt lat="45.58899" lon="24.76572">
        <ele>1471.93</ele>
        <time>2023-10-07T07:00:07Z</time>
      </trkpt>
      <trkpt lat="45.58898" lon="24.76568">
        <ele>1470.86</ele>
        <time>2023-10-07T07:00:10Z</time>
      </trkpt>
      <trkpt lat="45.58903" lon="24.76564">
        <ele>1471.74</ele>
        <time>2023-10-07T07:00:17Z</time>
      </trkpt>
      <trkpt lat="45.58904" lon="24.76564">
        <ele>1472.06</ele>
        <time>2023-10-07T07:00:18Z</time>
      </trkpt>
      <trkpt lat="45.58906" lon="24.76562">
        <ele>1472.28</ele>
        <time>2023-10-07T07:00:20Z</time>
      </trkpt>
      <trkpt lat="45.58908" lon="24.7656">
        <ele>1472.47</ele>
        <time>2023-10-07T07:00:24Z</time>
      </trkpt>
      <trkpt lat="45.58912" lon="24.76559">
        <ele>1473.46</ele>
        <time>2023-10-07T07:00:26Z</time>
      </trkpt>
      <trkpt lat="45.58911" lon="24.76556">
        <ele>1472.47</ele>
        <time>2023-10-07T07:00:28Z</time>
      </trkpt>
      <trkpt lat="45.58912" lon="24.76553">
        <ele>1472.49</ele>
        <time>2023-10-07T07:00:30Z</time>
      </trkpt>
      <trkpt lat="45.58915" lon="24.76546">
        <ele>1472.63</ele>
        <time>2023-10-07T07:00:37Z</time>
      </trkpt>
      <trkpt lat="45.58915" lon="24.76546">
        <ele>1472.63</ele>
        <time>2023-10-07T07:00:38Z</time>
      </trkpt>
      <trkpt lat="45.58915" lon="24.76542">
        <ele>1472.26</ele>
        <time>2023-10-07T07:00:42Z</time>
      </trkpt>
      <trkpt lat="45.58917" lon="24.7654">
        <ele>1472.46</ele>
        <time>2023-10-07T07:00:45Z</time>
      </trkpt>
      <trkpt lat="45.58919" lon="24.7654">
        <ele>1473.31</ele>
        <time>2023-10-07T07:00:47Z</time>
      </trkpt>
      <trkpt lat="45.5892" lon="24.76538">
        <ele>1473.48</ele>
        <time>2023-10-07T07:00:49Z</time>
      </trkpt>
      <trkpt lat="45.58922" lon="24.76535">
        <ele>1473.9</ele>
        <time>2023-10-07T07:00:53Z</time>
      </trkpt>
      <trkpt lat="45.58922" lon="24.76535">
        <ele>1473.9</ele>
        <time>2023-10-07T07:00:54Z</time>
      </trkpt>
      <trkpt lat="45.58924" lon="24.76536">
        <ele>1474.84</ele>
        <time>2023-10-07T07:00:57Z</time>
      </trkpt>
      <trkpt lat="45.58925" lon="24.76536">
        <ele>1475.24</ele>
        <time>2023-10-07T07:00:59Z</time>
      </trkpt>
      <trkpt lat="45.58925" lon="24.76536">
        <ele>1475.24</ele>
        <time>2023-10-07T07:01:00Z</time>
      </trkpt>
      <trkpt lat="45.5893" lon="24.76527">
        <ele>1475.89</ele>
        <time>2023-10-07T07:01:08Z</time>
      </trkpt>
      <trkpt lat="45.58934" lon="24.76523">
        <ele>1477.63</ele>
        <time>2023-10-07T07:01:12Z</time>
      </trkpt>
      <trkpt lat="45.58936" lon="24.76522">
        <ele>1478.34</ele>
        <time>2023-10-07T07:01:13Z</time>
      </trkpt>
      <trkpt lat="45.58937" lon="24.76518">
        <ele>1478.89</ele>
        <time>2023-10-07T07:01:17Z</time>
      </trkpt>
      <trkpt lat="45.58941" lon="24.76512">
        <ele>1480.18</ele>
        <time>2023-10-07T07:01:24Z</time>
      </trkpt>
      <trkpt lat="45.58943" lon="24.76512">
        <ele>1480.66</ele>
        <time>2023-10-07T07:01:26Z</time>
      </trkpt>
      <trkpt lat="45.58946" lon="24.76509">
        <ele>1481.61</ele>
        <time>2023-10-07T07:01:31Z</time>
      </trkpt>
      <trkpt lat="45.58947" lon="24.76508">
        <ele>1481.99</ele>
        <time>2023-10-07T07:01:34Z</time>
      </trkpt>
      <trkpt lat="45.58949" lon="24.76505">
        <ele>1482.65</ele>
        <time>2023-10-07T07:01:37Z</time>
      </trkpt>
      <trkpt lat="45.58954" lon="24.765">
        <ele>1484.1</ele>
        <time>2023-10-07T07:01:44Z</time>
      </trkpt>
      <trkpt lat="45.58955" lon="24.765">
        <ele>1484.42</ele>
        <time>2023-10-07T07:01:45Z</time>
      </trkpt>
      <trkpt lat="45.5896" lon="24.76495">
        <ele>1486.74</ele>
        <time>2023-10-07T07:01:51Z</time>
      </trkpt>
      <trkpt lat="45.5896" lon="24.76495">
        <ele>1486.74</ele>
        <time>2023-10-07T07:01:52Z</time>
      </trkpt>
      <trkpt lat="45.5896" lon="24.76488">
        <ele>1487.72</ele>
        <time>2023-10-07T07:01:58Z</time>
      </trkpt>
      <trkpt lat="45.5896" lon="24.76486">
        <ele>1488.0</ele>
        <time>2023-10-07T07:01:59Z</time>
      </trkpt>
      <trkpt lat="45.58965" lon="24.76484">
        <ele>1489.69</ele>
        <time>2023-10-07T07:02:03Z</time>
      </trkpt>
      <trkpt lat="45.58968" lon="24.76483">
        <ele>1490.65</ele>
        <time>2023-10-07T07:02:06Z</time>
      </trkpt>
      <trkpt lat="45.58973" lon="24.76481">
        <ele>1492.29</ele>
        <time>2023-10-07T07:02:10Z</time>
      </trkpt>
      <trkpt lat="45.58974" lon="24.7648">
        <ele>1492.68</ele>
        <time>2023-10-07T07:02:11Z</time>
      </trkpt>
      <trkpt lat="45.58975" lon="24.7648">
        <ele>1492.97</ele>
        <time>2023-10-07T07:02:13Z</time>
      </trkpt>
      <trkpt lat="45.58978" lon="24.76471">
        <ele>1494.21</ele>
        <time>2023-10-07T07:02:20Z</time>
      </trkpt>
      <trkpt lat="45.5898" lon="24.76471">
        <ele>1494.56</ele>
        <time>2023-10-07T07:02:21Z</time>
      </trkpt>
      <trkpt lat="45.58982" lon="24.76467">
        <ele>1495.37</ele>
        <time>2023-10-07T07:02:26Z</time>
      </trkpt>
      <trkpt lat="45.58982" lon="24.76465">
        <ele>1495.6</ele>
        <time>2023-10-07T07:02:29Z</time>
      </trkpt>
      <trkpt lat="45.58987" lon="24.76461">
        <ele>1496.61</ele>
        <time>2023-10-07T07:02:36Z</time>
      </trkpt>
      <trkpt lat="45.5899" lon="24.7646">
        <ele>1496.99</ele>
        <time>2023-10-07T07:02:40Z</time>
      </trkpt>
      <trkpt lat="45.58993" lon="24.76459">
        <ele>1497.34</ele>
        <time>2023-10-07T07:02:43Z</time>
      </trkpt>
      <trkpt lat="45.58998" lon="24.76458">
        <ele>1497.82</ele>
        <time>2023-10-07T07:02:47Z</time>
      </trkpt>
      <trkpt lat="45.59003" lon="24.76457">
        <ele>1498.34</ele>
        <time>2023-10-07T07:02:51Z</time>
      </trkpt>
      <trkpt lat="45.59005" lon="24.76456">
        <ele>1498.52</ele>
        <time>2023-10-07T07:02:53Z</time>
      </trkpt>
      <trkpt lat="45.59006" lon="24.76455">
        <ele>1498.57</ele>
        <time>2023-10-07T07:02:55Z</time>
      </trkpt>
      <trkpt lat="45.59008" lon="24.76449">
        <ele>1498.33</ele>
        <time>2023-10-07T07:03:00Z</time>
      </trkpt>
      <trkpt lat="45.59011" lon="24.76448">
        <ele>1498.35</ele>
        <time>2023-10-07T07:03:02Z</time>
      </trkpt>
      <trkpt lat="45.59016" lon="24.76446">
        <ele>1498.23</ele>
        <time>2023-10-07T07:03:08Z</time>
      </trkpt>
      <trkpt lat="45.59016" lon="24.76444">
        <ele>1498.07</ele>
        <time>2023-10-07T07:03:10Z</time>
      </trkpt>
      <trkpt lat="45.59016" lon="24.76444">
        <ele>1498.07</ele>
        <time>2023-10-07T07:03:11Z</time>
      </trkpt>
      <trkpt lat="45.59014" lon="24.7644">
        <ele>1498.72</ele>
        <time>2023-10-07T07:03:16Z</time>
      </trkpt>
      <trkpt lat="45.59016" lon="24.76441">
        <ele>1498.55</ele>
        <time>2023-10-07T07:03:18Z</time>
      </trkpt>
      <trkpt lat="45.59016" lon="24.76442">
        <ele>1498.39</ele>
        <time>2023-10-07T07:03:21Z</time>
      </trkpt>
      <trkpt lat="45.59019" lon="24.76441">
        <ele>1498.54</ele>
        <time>2023-10-07T07:03:24Z</time>
      </trkpt>
      <trkpt lat="45.59026" lon="24.76444">
        <ele>1498.07</ele>
        <time>2023-10-07T07:03:29Z</time>
      </trkpt>
      <trkpt lat="45.59027" lon="24.76444">
        <ele>1498.06</ele>
        <time>2023-10-07T07:03:30Z</time>
      </trkpt>
      <trkpt lat="45.59029" lon="24.76443">
        <ele>1498.51</ele>
        <time>2023-10-07T07:03:33Z</time>
      </trkpt>
      <trkpt lat="45.5903" lon="24.76442">
        <ele>1498.88</ele>
        <time>2023-10-07T07:03:35Z</time>
      </trkpt>
      <trkpt lat="45.59029" lon="24.76442">
        <ele>1498.64</ele>
        <time>2023-10-07T07:03:36Z</time>
      </trkpt>
      <trkpt lat="45.59031" lon="24.76441">
        <ele>1499.25</ele>
        <time>2023-10-07T07:03:39Z</time>
      </trkpt>
      <trkpt lat="45.59031" lon="24.7644">
        <ele>1499.38</ele>
        <time>2023-10-07T07:03:42Z</time>
      </trkpt>
      <trkpt lat="45.59029" lon="24.7644">
        <ele>1498.92</ele>
        <time>2023-10-07T07:03:44Z</time>
      </trkpt>
      <trkpt lat="45.59029" lon="24.76438">
        <ele>1499.2</ele>
        <time>2023-10-07T07:03:48Z</time>
      </trkpt>
      <trkpt lat="45.59029" lon="24.76438">
        <ele>1499.2</ele>
        <time>2023-10-07T07:03:49Z</time>
      </trkpt>
      <trkpt lat="45.59031" lon="24.76439">
        <ele>1499.51</ele>
        <time>2023-10-07T07:03:54Z</time>
      </trkpt>
      <trkpt lat="45.59039" lon="24.76438">
        <ele>1501.38</ele>
        <time>2023-10-07T07:04:00Z</time>
      </trkpt>
      <trkpt lat="45.5904" lon="24.76438">
        <ele>1501.6</ele>
        <time>2023-10-07T07:04:01Z</time>
      </trkpt>
      <trkpt lat="45.5905" lon="24.76439">
        <ele>1503.76</ele>
        <time>2023-10-07T07:04:06Z</time>
      </trkpt>
      <trkpt lat="45.59055" lon="24.76438">
        <ele>1504.88</ele>
        <time>2023-10-07T07:04:10Z</time>
      </trkpt>
      <trkpt lat="45.59057" lon="24.76437">
        <ele>1505.07</ele>
        <time>2023-10-07T07:04:12Z</time>
      </trkpt>
      <trkpt lat="45.59058" lon="24.76437">
        <ele>1505.11</ele>
        <time>2023-10-07T07:04:13Z</time>
      </trkpt>
      <trkpt lat="45.59061" lon="24.76437">
        <ele>1505.25</ele>
        <time>2023-10-07T07:04:16Z</time>
      </trkpt>
      <trkpt lat="45.59063" lon="24.76436">
        <ele>1505.35</ele>
        <time>2023-10-07T07:04:17Z</time>
      </trkpt>
      <trkpt lat="45.59064" lon="24.76436">
        <ele>1505.4</ele>
        <time>2023-10-07T07:04:18Z</time>
      </trkpt>
      <trkpt lat="45.59065" lon="24.76435">
        <ele>1505.46</ele>
        <time>2023-10-07T07:04:20Z</time>
      </trkpt>
      <trkpt lat="45.59066" lon="24.76433">
        <ele>1505.53</ele>
        <time>2023-10-07T07:04:21Z</time>
      </trkpt>
      <trkpt lat="45.5907" lon="24.76434">
        <ele>1505.72</ele>
        <time>2023-10-07T07:04:23Z</time>
      </trkpt>
      <trkpt lat="45.59075" lon="24.76436">
        <ele>1505.91</ele>
        <time>2023-10-07T07:04:26Z</time>
      </trkpt>
      <trkpt lat="45.59076" lon="24.76435">
        <ele>1505.99</ele>
        <time>2023-10-07T07:04:27Z</time>
      </trkpt>
      <trkpt lat="45.59077" lon="24.76434">
        <ele>1506.06</ele>
        <time>2023-10-07T07:04:30Z</time>
      </trkpt>
      <trkpt lat="45.59077" lon="24.76434">
        <ele>1506.06</ele>
        <time>2023-10-07T07:04:31Z</time>
      </trkpt>
      <trkpt lat="45.59077" lon="24.76434">
        <ele>1506.06</ele>
        <time>2023-10-07T07:04:32Z</time>
      </trkpt>
      <trkpt lat="45.59078" lon="24.76432">
        <ele>1506.17</ele>
        <time>2023-10-07T07:04:36Z</time>
      </trkpt>
      <trkpt lat="45.5908" lon="24.76433">
        <ele>1506.24</ele>
        <time>2023-10-07T07:04:40Z</time>
      </trkpt>
      <trkpt lat="45.59081" lon="24.76434">
        <ele>1506.26</ele>
        <time>2023-10-07T07:04:42Z</time>
      </trkpt>
      <trkpt lat="45.59083" lon="24.76436">
        <ele>1506.29</ele>
        <time>2023-10-07T07:04:47Z</time>
      </trkpt>
      <trkpt lat="45.59085" lon="24.76432">
        <ele>1506.65</ele>
        <time>2023-10-07T07:04:50Z</time>
      </trkpt>
      <trkpt lat="45.59089" lon="24.76432">
        <ele>1507.15</ele>
        <time>2023-10-07T07:04:58Z</time>
      </trkpt>
      <trkpt lat="45.59092" lon="24.76428">
        <ele>1507.71</ele>
        <time>2023-10-07T07:05:04Z</time>
      </trkpt>
      <trkpt lat="45.59095" lon="24.76425">
        <ele>1508.25</ele>
        <time>2023-10-07T07:05:10Z</time>
      </trkpt>
      <trkpt lat="45.59096" lon="24.76424">
        <ele>1508.44</ele>
        <time>2023-10-07T07:05:12Z</time>
      </trkpt>
      <trkpt lat="45.59097" lon="24.76421">
        <ele>1508.74</ele>
        <time>2023-10-07T07:05:15Z</time>
      </trkpt>
      <trkpt lat="45.59098" lon="24.7642">
        <ele>1508.93</ele>
        <time>2023-10-07T07:05:17Z</time>
      </trkpt>
      <trkpt lat="45.59099" lon="24.7642">
        <ele>1509.07</ele>
        <time>2023-10-07T07:05:19Z</time>
      </trkpt>
      <trkpt lat="45.59099" lon="24.76419">
        <ele>1509.12</ele>
        <time>2023-10-07T07:05:20Z</time>
      </trkpt>
      <trkpt lat="45.59099" lon="24.76417">
        <ele>1509.24</ele>
        <time>2023-10-07T07:05:22Z</time>
      </trkpt>
      <trkpt lat="45.59097" lon="24.76415">
        <ele>1509.27</ele>
        <time>2023-10-07T07:05:24Z</time>
      </trkpt>
      <trkpt lat="45.59096" lon="24.76412">
        <ele>1509.66</ele>
        <time>2023-10-07T07:05:26Z</time>
      </trkpt>
      <trkpt lat="45.59096" lon="24.7641">
        <ele>1510.02</ele>
        <time>2023-10-07T07:05:28Z</time>
      </trkpt>
      <trkpt lat="45.59097" lon="24.76409">
        <ele>1510.35</ele>
        <time>2023-10-07T07:05:31Z</time>
      </trkpt>
      <trkpt lat="45.59097" lon="24.7641">
        <ele>1510.17</ele>
        <time>2023-10-07T07:05:33Z</time>
      </trkpt>
      <trkpt lat="45.59098" lon="24.7641">
        <ele>1510.31</ele>
        <time>2023-10-07T07:05:35Z</time>
      </trkpt>
      <trkpt lat="45.59102" lon="24.76412">
        <ele>1510.53</ele>
        <time>2023-10-07T07:05:39Z</time>
      </trkpt>
      <trkpt lat="45.59104" lon="24.76413">
        <ele>1510.64</ele>
        <time>2023-10-07T07:05:41Z</time>
      </trkpt>
      <trkpt lat="45.59106" lon="24.76413">
        <ele>1510.92</ele>
        <time>2023-10-07T07:05:44Z</time>
      </trkpt>
      <trkpt lat="45.59106" lon="24.76413">
        <ele>1510.92</ele>
        <time>2023-10-07T07:05:45Z</time>
      </trkpt>
      <trkpt lat="45.59109" lon="24.76411">
        <ele>1511.72</ele>
        <time>2023-10-07T07:05:49Z</time>
      </trkpt>
      <trkpt lat="45.59111" lon="24.76411">
        <ele>1512.0</ele>
        <time>2023-10-07T07:05:51Z</time>
      </trkpt>
      <trkpt lat="45.59115" lon="24.76412">
        <ele>1512.47</ele>
        <time>2023-10-07T07:05:56Z</time>
      </trkpt>
      <trkpt lat="45.59117" lon="24.7641">
        <ele>1513.11</ele>
        <time>2023-10-07T07:05:59Z</time>
      </trkpt>
      <trkpt lat="45.59118" lon="24.76408">
        <ele>1513.57</ele>
        <time>2023-10-07T07:06:01Z</time>
      </trkpt>
      <trkpt lat="45.59122" lon="24.76406">
        <ele>1514.43</ele>
        <time>2023-10-07T07:06:05Z</time>
      </trkpt>
      <trkpt lat="45.59124" lon="24.76406">
        <ele>1514.71</ele>
        <time>2023-10-07T07:06:09Z</time>
      </trkpt>
      <trkpt lat="45.59127" lon="24.76407">
        <ele>1515.0</ele>
        <time>2023-10-07T07:06:12Z</time>
      </trkpt>
      <trkpt lat="45.59128" lon="24.76408">
        <ele>1515.03</ele>
        <time>2023-10-07T07:06:13Z</time>
      </trkpt>
      <trkpt lat="45.59133" lon="24.76407">
        <ele>1515.86</ele>
        <time>2023-10-07T07:06:19Z</time>
      </trkpt>
      <trkpt lat="45.59135" lon="24.76407">
        <ele>1516.14</ele>
        <time>2023-10-07T07:06:21Z</time>
      </trkpt>
      <trkpt lat="45.59138" lon="24.76408">
        <ele>1516.49</ele>
        <time>2023-10-07T07:06:23Z</time>
      </trkpt>
      <trkpt lat="45.5914" lon="24.76407">
        <ele>1517.07</ele>
        <time>2023-10-07T07:06:27Z</time>
      </trkpt>
      <trkpt lat="45.59141" lon="24.76406">
        <ele>1517.47</ele>
        <time>2023-10-07T07:06:28Z</time>
      </trkpt>
      <trkpt lat="45.59142" lon="24.76401">
        <ele>1518.12</ele>
        <time>2023-10-07T07:06:34Z</time>
      </trkpt>
      <trkpt lat="45.59144" lon="24.76401">
        <ele>1518.76</ele>
        <time>2023-10-07T07:06:36Z</time>
      </trkpt>
      <trkpt lat="45.59148" lon="24.76395">
        <ele>1520.33</ele>
        <time>2023-10-07T07:06:42Z</time>
      </trkpt>
      <trkpt lat="45.59149" lon="24.76394">
        <ele>1520.68</ele>
        <time>2023-10-07T07:06:44Z</time>
      </trkpt>
      <trkpt lat="45.5915" lon="24.76399">
        <ele>1520.76</ele>
        <time>2023-10-07T07:06:47Z</time>
      </trkpt>
      <trkpt lat="45.59152" lon="24.76398">
        <ele>1521.43</ele>
        <time>2023-10-07T07:06:50Z</time>
      </trkpt>
      <trkpt lat="45.59154" lon="24.76396">
        <ele>1522.12</ele>
        <time>2023-10-07T07:06:53Z</time>
      </trkpt>
      <trkpt lat="45.59156" lon="24.76397">
        <ele>1522.7</ele>
        <time>2023-10-07T07:06:55Z</time>
      </trkpt>
      <trkpt lat="45.59163" lon="24.76398">
        <ele>1524.86</ele>
        <time>2023-10-07T07:07:00Z</time>
      </trkpt>
      <trkpt lat="45.59168" lon="24.76397">
        <ele>1526.71</ele>
        <time>2023-10-07T07:07:04Z</time>
      </trkpt>
      <trkpt lat="45.5917" lon="24.76395">
        <ele>1527.77</ele>
        <time>2023-10-07T07:07:07Z</time>
      </trkpt>
      <trkpt lat="45.59174" lon="24.76396">
        <ele>1529.89</ele>
        <time>2023-10-07T07:07:11Z</time>
      </trkpt>
      <trkpt lat="45.59175" lon="24.76396">
        <ele>1530.42</ele>
        <time>2023-10-07T07:07:13Z</time>
      </trkpt>
      <trkpt lat="45.59179" lon="24.76393">
        <ele>1532.59</ele>
        <time>2023-10-07T07:07:17Z</time>
      </trkpt>
      <trkpt lat="45.59182" lon="24.76394">
        <ele>1534.18</ele>
        <time>2023-10-07T07:07:19Z</time>
      </trkpt>
      <trkpt lat="45.59185" lon="24.76395">
        <ele>1535.75</ele>
        <time>2023-10-07T07:07:21Z</time>
      </trkpt>
      <trkpt lat="45.5919" lon="24.76397">
        <ele>1538.35</ele>
        <time>2023-10-07T07:07:27Z</time>
      </trkpt>
      <trkpt lat="45.5919" lon="24.76396">
        <ele>1538.38</ele>
        <time>2023-10-07T07:07:29Z</time>
      </trkpt>
      <trkpt lat="45.59193" lon="24.76395">
        <ele>1540.01</ele>
        <time>2023-10-07T07:07:33Z</time>
      </trkpt>
      <trkpt lat="45.59195" lon="24.76394">
        <ele>1541.06</ele>
        <time>2023-10-07T07:07:35Z</time>
      </trkpt>
      <trkpt lat="45.59195" lon="24.76393">
        <ele>1541.09</ele>
        <time>2023-10-07T07:07:37Z</time>
      </trkpt>
      <trkpt lat="45.59196" lon="24.76389">
        <ele>1541.61</ele>
        <time>2023-10-07T07:07:40Z</time>
      </trkpt>
      <trkpt lat="45.59198" lon="24.76387">
        <ele>1542.42</ele>
        <time>2023-10-07T07:07:44Z</time>
      </trkpt>
      <trkpt lat="45.59198" lon="24.76386">
        <ele>1542.43</ele>
        <time>2023-10-07T07:07:45Z</time>
      </trkpt>
      <trkpt lat="45.592" lon="24.76386">
        <ele>1543.18</ele>
        <time>2023-10-07T07:07:48Z</time>
      </trkpt>
      <trkpt lat="45.59204" lon="24.76386">
        <ele>1544.67</ele>
        <time>2023-10-07T07:07:53Z</time>
      </trkpt>
      <trkpt lat="45.5921" lon="24.76387">
        <ele>1547.0</ele>
        <time>2023-10-07T07:08:01Z</time>
      </trkpt>
      <trkpt lat="45.5921" lon="24.76384">
        <ele>1546.74</ele>
        <time>2023-10-07T07:08:03Z</time>
      </trkpt>
      <trkpt lat="45.59211" lon="24.76382">
        <ele>1546.92</ele>
        <time>2023-10-07T07:08:05Z</time>
      </trkpt>
      <trkpt lat="45.59213" lon="24.76381">
        <ele>1547.49</ele>
        <time>2023-10-07T07:08:08Z</time>
      </trkpt>
      <trkpt lat="45.59216" lon="24.7638">
        <ele>1548.37</ele>
        <time>2023-10-07T07:08:11Z</time>
      </trkpt>
      <trkpt lat="45.59217" lon="24.76381">
        <ele>1548.83</ele>
        <time>2023-10-07T07:08:12Z</time>
      </trkpt>
      <trkpt lat="45.59218" lon="24.76382">
        <ele>1549.31</ele>
        <time>2023-10-07T07:08:17Z</time>
      </trkpt>
      <trkpt lat="45.59223" lon="24.76383">
        <ele>1551.27</ele>
        <time>2023-10-07T07:08:23Z</time>
      </trkpt>
      <trkpt lat="45.59223" lon="24.76383">
        <ele>1551.27</ele>
        <time>2023-10-07T07:08:24Z</time>
      </trkpt>
      <trkpt lat="45.59224" lon="24.7638">
        <ele>1551.19</ele>
        <time>2023-10-07T07:08:30Z</time>
      </trkpt>
      <trkpt lat="45.59226" lon="24.76375">
        <ele>1551.27</ele>
        <time>2023-10-07T07:08:38Z</time>
      </trkpt>
      <trkpt lat="45.59227" lon="24.76372">
        <ele>1551.27</ele>
        <time>2023-10-07T07:08:43Z</time>
      </trkpt>
      <trkpt lat="45.59229" lon="24.76369">
        <ele>1551.8</ele>
        <time>2023-10-07T07:08:50Z</time>
      </trkpt>
      <trkpt lat="45.59231" lon="24.76371">
        <ele>1553.07</ele>
        <time>2023-10-07T07:08:52Z</time>
      </trkpt>
      <trkpt lat="45.59233" lon="24.76367">
        <ele>1553.55</ele>
        <time>2023-10-07T07:08:55Z</time>
      </trkpt>
      <trkpt lat="45.59232" lon="24.76367">
        <ele>1553.04</ele>
        <time>2023-10-07T07:08:58Z</time>
      </trkpt>
      <trkpt lat="45.59237" lon="24.76369">
        <ele>1555.8</ele>
        <time>2023-10-07T07:09:03Z</time>
      </trkpt>
      <trkpt lat="45.59237" lon="24.76369">
        <ele>1555.8</ele>
        <time>2023-10-07T07:09:05Z</time>
      </trkpt>
      <trkpt lat="45.59238" lon="24.76374">
        <ele>1556.79</ele>
        <time>2023-10-07T07:09:10Z</time>
      </trkpt>
      <trkpt lat="45.5924" lon="24.76375">
        <ele>1557.82</ele>
        <time>2023-10-07T07:09:13Z</time>
      </trkpt>
      <trkpt lat="45.59242" lon="24.76376">
        <ele>1558.83</ele>
        <time>2023-10-07T07:09:16Z</time>
      </trkpt>
      <trkpt lat="45.59243" lon="24.76376">
        <ele>1559.3</ele>
        <time>2023-10-07T07:09:17Z</time>
      </trkpt>
      <trkpt lat="45.59246" lon="24.76375">
        <ele>1560.63</ele>
        <time>2023-10-07T07:09:21Z</time>
      </trkpt>
      <trkpt lat="45.59246" lon="24.76374">
        <ele>1560.57</ele>
        <time>2023-10-07T07:09:22Z</time>
      </trkpt>
      <trkpt lat="45.59246" lon="24.76371">
        <ele>1560.4</ele>
        <time>2023-10-07T07:09:26Z</time>
      </trkpt>
      <trkpt lat="45.59249" lon="24.76375">
        <ele>1562.03</ele>
        <time>2023-10-07T07:09:28Z</time>
      </trkpt>
      <trkpt lat="45.59252" lon="24.76379">
        <ele>1563.85</ele>
        <time>2023-10-07T07:09:32Z</time>
      </trkpt>
      <trkpt lat="45.59253" lon="24.76381">
        <ele>1564.49</ele>
        <time>2023-10-07T07:09:36Z</time>
      </trkpt>
      <trkpt lat="45.59255" lon="24.76383">
        <ele>1565.68</ele>
        <time>2023-10-07T07:09:39Z</time>
      </trkpt>
      <trkpt lat="45.59257" lon="24.76386">
        <ele>1566.81</ele>
        <time>2023-10-07T07:09:44Z</time>
      </trkpt>
      <trkpt lat="45.59258" lon="24.76384">
        <ele>1567.4</ele>
        <time>2023-10-07T07:09:50Z</time>
      </trkpt>
      <trkpt lat="45.59259" lon="24.76382">
        <ele>1568.01</ele>
        <time>2023-10-07T07:09:52Z</time>
      </trkpt>
      <trkpt lat="45.59259" lon="24.76381">
        <ele>1568.04</ele>
        <time>2023-10-07T07:09:54Z</time>
      </trkpt>
      <trkpt lat="45.59259" lon="24.7638">
        <ele>1568.06</ele>
        <time>2023-10-07T07:09:55Z</time>
      </trkpt>
      <trkpt lat="45.5926" lon="24.76382">
        <ele>1568.6</ele>
        <time>2023-10-07T07:09:59Z</time>
      </trkpt>
      <trkpt lat="45.5926" lon="24.76381">
        <ele>1568.63</ele>
        <time>2023-10-07T07:10:01Z</time>
      </trkpt>
      <trkpt lat="45.59263" lon="24.76378">
        <ele>1570.55</ele>
        <time>2023-10-07T07:10:07Z</time>
      </trkpt>
      <trkpt lat="45.59264" lon="24.76377">
        <ele>1571.21</ele>
        <time>2023-10-07T07:10:12Z</time>
      </trkpt>
      <trkpt lat="45.59265" lon="24.76376">
        <ele>1571.89</ele>
        <time>2023-10-07T07:10:13Z</time>
      </trkpt>
      <trkpt lat="45.59268" lon="24.76373">
        <ele>1574.0</ele>
        <time>2023-10-07T07:10:19Z</time>
      </trkpt>
      <trkpt lat="45.59269" lon="24.76373">
        <ele>1574.64</ele>
        <time>2023-10-07T07:10:22Z</time>
      </trkpt>
      <trkpt lat="45.59269" lon="24.76373">
        <ele>1574.64</ele>
        <time>2023-10-07T07:10:28Z</time>
      </trkpt>
      <trkpt lat="45.59269" lon="24.76373">
        <ele>1574.64</ele>
        <time>2023-10-07T07:10:30Z</time>
      </trkpt>
      <trkpt lat="45.59269" lon="24.76373">
        <ele>1574.64</ele>
        <time>2023-10-07T07:10:43Z</time>
      </trkpt>
      <trkpt lat="45.59269" lon="24.76373">
        <ele>1574.64</ele>
        <time>2023-10-07T07:10:47Z</time>
      </trkpt>
      <trkpt lat="45.59269" lon="24.76373">
        <ele>1574.64</ele>
        <time>2023-10-07T07:10:49Z</time>
      </trkpt>
      <trkpt lat="45.59269" lon="24.76373">
        <ele>1574.64</ele>
        <time>2023-10-07T07:10:53Z</time>
      </trkpt>
      <trkpt lat="45.5927" lon="24.76374">
        <ele>1575.19</ele>
        <time>2023-10-07T07:10:59Z</time>
      </trkpt>
      <trkpt lat="45.5927" lon="24.76374">
        <ele>1575.19</ele>
        <time>2023-10-07T07:11:00Z</time>
      </trkpt>
      <trkpt lat="45.5927" lon="24.76374">
        <ele>1575.19</ele>
        <time>2023-10-07T07:11:05Z</time>
      </trkpt>
      <trkpt lat="45.5927" lon="24.76374">
        <ele>1575.19</ele>
        <time>2023-10-07T07:11:17Z</time>
      </trkpt>
      <trkpt lat="45.5927" lon="24.76374">
        <ele>1575.19</ele>
        <time>2023-10-07T07:11:25Z</time>
      </trkpt>
      <trkpt lat="45.5927" lon="24.76374">
        <ele>1575.19</ele>
        <time>2023-10-07T07:11:29Z</time>
      </trkpt>
      <trkpt lat="45.5927" lon="24.76374">
        <ele>1575.19</ele>
        <time>2023-10-07T07:11:31Z</time>
      </trkpt>
      <trkpt lat="45.59271" lon="24.76375">
        <ele>1575.73</ele>
        <time>2023-10-07T07:11:37Z</time>
      </trkpt>
      <trkpt lat="45.59271" lon="24.76375">
        <ele>1575.73</ele>
        <time>2023-10-07T07:11:40Z</time>
      </trkpt>
      <trkpt lat="45.59271" lon="24.76375">
        <ele>1575.73</ele>
        <time>2023-10-07T07:11:42Z</time>
      </trkpt>
      <trkpt lat="45.59271" lon="24.76375">
        <ele>1575.73</ele>
        <time>2023-10-07T07:11:58Z</time>
      </trkpt>
      <trkpt lat="45.59271" lon="24.76374">
        <ele>1575.83</ele>
        <time>2023-10-07T07:12:01Z</time>
      </trkpt>
      <trkpt lat="45.59271" lon="24.76374">
        <ele>1575.83</ele>
        <time>2023-10-07T07:12:02Z</time>
      </trkpt>
      <trkpt lat="45.59271" lon="24.76374">
        <ele>1575.83</ele>
        <time>2023-10-07T07:12:04Z</time>
      </trkpt>
      <trkpt lat="45.59271" lon="24.76374">
        <ele>1575.83</ele>
        <time>2023-10-07T07:12:07Z</time>
      </trkpt>
      <trkpt lat="45.59271" lon="24.76374">
        <ele>1575.83</ele>
        <time>2023-10-07T07:12:08Z</time>
      </trkpt>
      <trkpt lat="45.59276" lon="24.76371">
        <ele>1579.41</ele>
        <time>2023-10-07T07:12:13Z</time>
      </trkpt>
      <trkpt lat="45.59279" lon="24.7637">
        <ele>1581.41</ele>
        <time>2023-10-07T07:12:15Z</time>
      </trkpt>
      <trkpt lat="45.5928" lon="24.76369">
        <ele>1582.1</ele>
        <time>2023-10-07T07:12:16Z</time>
      </trkpt>
    </trkseg>
    <trkseg>
      <trkpt lat="45.59283" lon="24.76368">
        <ele>1583.87</ele>
        <time>2023-10-07T07:12:18Z</time>
      </trkpt>
      <trkpt lat="45.59286" lon="24.76367">
        <ele>1585.61</ele>
        <time>2023-10-07T07:12:21Z</time>
      </trkpt>
      <trkpt lat="45.59287" lon="24.76366">
        <ele>1586.24</ele>
        <time>2023-10-07T07:12:23Z</time>
      </trkpt>
      <trkpt lat="45.59287" lon="24.76365">
        <ele>1586.32</ele>
        <time>2023-10-07T07:12:24Z</time>
      </trkpt>
      <trkpt lat="45.5929" lon="24.76363">
        <ele>1588.04</ele>
        <time>2023-10-07T07:12:30Z</time>
      </trkpt>
      <trkpt lat="45.59292" lon="24.76359">
        <ele>1589.47</ele>
        <time>2023-10-07T07:12:34Z</time>
      </trkpt>
      <trkpt lat="45.59292" lon="24.76357">
        <ele>1589.76</ele>
        <time>2023-10-07T07:12:37Z</time>
      </trkpt>
      <trkpt lat="45.59292" lon="24.76356">
        <ele>1589.9</ele>
        <time>2023-10-07T07:12:40Z</time>
      </trkpt>
      <trkpt lat="45.59293" lon="24.76355">
        <ele>1590.53</ele>
        <time>2023-10-07T07:12:42Z</time>
      </trkpt>
      <trkpt lat="45.59294" lon="24.76354">
        <ele>1591.16</ele>
        <time>2023-10-07T07:12:43Z</time>
      </trkpt>
      <trkpt lat="45.59294" lon="24.76352">
        <ele>1591.43</ele>
        <time>2023-10-07T07:12:48Z</time>
      </trkpt>
      <trkpt lat="45.59294" lon="24.76351">
        <ele>1591.57</ele>
        <time>2023-10-07T07:12:51Z</time>
      </trkpt>
      <trkpt lat="45.59293" lon="24.76348">
        <ele>1591.51</ele>
        <time>2023-10-07T07:12:58Z</time>
      </trkpt>
      <trkpt lat="45.59294" lon="24.76345">
        <ele>1592.4</ele>
        <time>2023-10-07T07:13:03Z</time>
      </trkpt>
      <trkpt lat="45.59295" lon="24.76344">
        <ele>1593.0</ele>
        <time>2023-10-07T07:13:06Z</time>
      </trkpt>
      <trkpt lat="45.59295" lon="24.76342">
        <ele>1593.27</ele>
        <time>2023-10-07T07:13:10Z</time>
      </trkpt>
      <trkpt lat="45.59297" lon="24.7634">
        <ele>1594.44</ele>
        <time>2023-10-07T07:13:14Z</time>
      </trkpt>
      <trkpt lat="45.59298" lon="24.7634">
        <ele>1594.89</ele>
        <time>2023-10-07T07:13:15Z</time>
      </trkpt>
      <trkpt lat="45.593" lon="24.76338">
        <ele>1596.03</ele>
        <time>2023-10-07T07:13:19Z</time>
      </trkpt>
      <trkpt lat="45.59301" lon="24.76337">
        <ele>1596.59</ele>
        <time>2023-10-07T07:13:21Z</time>
      </trkpt>
      <trkpt lat="45.59302" lon="24.76334">
        <ele>1597.39</ele>
        <time>2023-10-07T07:13:27Z</time>
      </trkpt>
      <trkpt lat="45.59302" lon="24.76332">
        <ele>1597.61</ele>
        <time>2023-10-07T07:13:30Z</time>
      </trkpt>
      <trkpt lat="45.59302" lon="24.7633">
        <ele>1597.82</ele>
        <time>2023-10-07T07:13:33Z</time>
      </trkpt>
      <trkpt lat="45.59303" lon="24.76328">
        <ele>1598.47</ele>
        <time>2023-10-07T07:13:36Z</time>
      </trkpt>
      <trkpt lat="45.59303" lon="24.76325">
        <ele>1598.8</ele>
        <time>2023-10-07T07:13:41Z</time>
      </trkpt>
      <trkpt lat="45.59302" lon="24.76322">
        <ele>1598.69</ele>
        <time>2023-10-07T07:13:46Z</time>
      </trkpt>
      <trkpt lat="45.59301" lon="24.76321">
        <ele>1598.36</ele>
        <time>2023-10-07T07:13:47Z</time>
      </trkpt>
      <trkpt lat="45.59302" lon="24.7632">
        <ele>1598.9</ele>
        <time>2023-10-07T07:13:50Z</time>
      </trkpt>
      <trkpt lat="45.59303" lon="24.76317">
        <ele>1599.66</ele>
        <time>2023-10-07T07:13:55Z</time>
      </trkpt>
      <trkpt lat="45.59303" lon="24.76312">
        <ele>1600.2</ele>
        <time>2023-10-07T07:14:01Z</time>
      </trkpt>
      <trkpt lat="45.59304" lon="24.76311">
        <ele>1600.74</ele>
        <time>2023-10-07T07:14:03Z</time>
      </trkpt>
      <trkpt lat="45.59304" lon="24.7631">
        <ele>1600.85</ele>
        <time>2023-10-07T07:14:04Z</time>
      </trkpt>
      <trkpt lat="45.59305" lon="24.76309">
        <ele>1601.39</ele>
        <time>2023-10-07T07:14:06Z</time>
      </trkpt>
      <trkpt lat="45.59306" lon="24.76308">
        <ele>1601.93</ele>
        <time>2023-10-07T07:14:10Z</time>
      </trkpt>
      <trkpt lat="45.59307" lon="24.76306">
        <ele>1602.58</ele>
        <time>2023-10-07T07:14:15Z</time>
      </trkpt>
      <trkpt lat="45.59308" lon="24.76304">
        <ele>1603.28</ele>
        <time>2023-10-07T07:14:18Z</time>
      </trkpt>
      <trkpt lat="45.59308" lon="24.76303">
        <ele>1603.42</ele>
        <time>2023-10-07T07:14:21Z</time>
      </trkpt>
      <trkpt lat="45.5931" lon="24.76299">
        <ele>1604.86</ele>
        <time>2023-10-07T07:14:25Z</time>
      </trkpt>
      <trkpt lat="45.5931" lon="24.76298">
        <ele>1605.01</ele>
        <time>2023-10-07T07:14:28Z</time>
      </trkpt>
      <trkpt lat="45.59312" lon="24.76296">
        <ele>1606.16</ele>
        <time>2023-10-07T07:14:34Z</time>
      </trkpt>
      <trkpt lat="45.59312" lon="24.76296">
        <ele>1606.16</ele>
        <time>2023-10-07T07:14:35Z</time>
      </trkpt>
      <trkpt lat="45.59314" lon="24.76293">
        <ele>1607.46</ele>
        <time>2023-10-07T07:14:40Z</time>
      </trkpt>
      <trkpt lat="45.59314" lon="24.7629">
        <ele>1607.89</ele>
        <time>2023-10-07T07:14:45Z</time>
      </trkpt>
      <trkpt lat="45.59314" lon="24.76288">
        <ele>1608.18</ele>
        <time>2023-10-07T07:14:47Z</time>
      </trkpt>
      <trkpt lat="45.59316" lon="24.76286">
        <ele>1609.33</ele>
        <time>2023-10-07T07:14:51Z</time>
      </trkpt>
      <trkpt lat="45.59316" lon="24.76284">
        <ele>1609.62</ele>
        <time>2023-10-07T07:14:55Z</time>
      </trkpt>
      <trkpt lat="45.59316" lon="24.7628">
        <ele>1610.19</ele>
        <time>2023-10-07T07:14:59Z</time>
      </trkpt>
      <trkpt lat="45.59317" lon="24.76278">
        <ele>1610.91</ele>
        <time>2023-10-07T07:15:02Z</time>
      </trkpt>
      <trkpt lat="45.59316" lon="24.76275">
        <ele>1611.37</ele>
        <time>2023-10-07T07:15:05Z</time>
      </trkpt>
      <trkpt lat="45.59317" lon="24.76274">
        <ele>1612.11</ele>
        <time>2023-10-07T07:15:07Z</time>
      </trkpt>
      <trkpt lat="45.59318" lon="24.76272">
        <ele>1613.15</ele>
        <time>2023-10-07T07:15:11Z</time>
      </trkpt>
      <trkpt lat="45.59318" lon="24.76271">
        <ele>1613.46</ele>
        <time>2023-10-07T07:15:13Z</time>
      </trkpt>
      <trkpt lat="45.59318" lon="24.76268">
        <ele>1614.39</ele>
        <time>2023-10-07T07:15:19Z</time>
      </trkpt>
      <trkpt lat="45.5932" lon="24.76266">
        <ele>1615.84</ele>
        <time>2023-10-07T07:15:23Z</time>
      </trkpt>
      <trkpt lat="45.5932" lon="24.76264">
        <ele>1616.45</ele>
        <time>2023-10-07T07:15:27Z</time>
      </trkpt>
      <trkpt lat="45.5932" lon="24.76265">
        <ele>1616.14</ele>
        <time>2023-10-07T07:15:32Z</time>
      </trkpt>
      <trkpt lat="45.59321" lon="24.76262">
        <ele>1617.47</ele>
        <time>2023-10-07T07:15:38Z</time>
      </trkpt>
      <trkpt lat="45.59321" lon="24.76261">
        <ele>1617.77</ele>
        <time>2023-10-07T07:15:40Z</time>
      </trkpt>
      <trkpt lat="45.59322" lon="24.76261">
        <ele>1618.18</ele>
        <time>2023-10-07T07:15:41Z</time>
      </trkpt>
      <trkpt lat="45.59322" lon="24.76257">
        <ele>1619.39</ele>
        <time>2023-10-07T07:15:45Z</time>
      </trkpt>
      <trkpt lat="45.59323" lon="24.76258">
        <ele>1619.5</ele>
        <time>2023-10-07T07:15:48Z</time>
      </trkpt>
      <trkpt lat="45.59325" lon="24.76259">
        <ele>1620.01</ele>
        <time>2023-10-07T07:15:50Z</time>
      </trkpt>
      <trkpt lat="45.59327" lon="24.76258">
        <ele>1621.12</ele>
        <time>2023-10-07T07:15:53Z</time>
      </trkpt>
      <trkpt lat="45.59327" lon="24.76256">
        <ele>1621.71</ele>
        <time>2023-10-07T07:15:56Z</time>
      </trkpt>
      <trkpt lat="45.59328" lon="24.76256">
        <ele>1622.12</ele>
        <time>2023-10-07T07:15:58Z</time>
      </trkpt>
      <trkpt lat="45.59329" lon="24.76255">
        <ele>1622.82</ele>
        <time>2023-10-07T07:16:02Z</time>
      </trkpt>
      <trkpt lat="45.5933" lon="24.76252">
        <ele>1624.1</ele>
        <time>2023-10-07T07:16:05Z</time>
      </trkpt>
      <trkpt lat="45.59332" lon="24.76245">
        <ele>1627.45</ele>
        <time>2023-10-07T07:16:12Z</time>
      </trkpt>
      <trkpt lat="45.59333" lon="24.76245">
        <ele>1627.85</ele>
        <time>2023-10-07T07:16:15Z</time>
      </trkpt>
      <trkpt lat="45.59331" lon="24.76242">
        <ele>1628.24</ele>
        <time>2023-10-07T07:16:18Z</time>
      </trkpt>
      <trkpt lat="45.59331" lon="24.7624">
        <ele>1629.04</ele>
        <time>2023-10-07T07:16:21Z</time>
      </trkpt>
      <trkpt lat="45.59333" lon="24.76234">
        <ele>1632.2</ele>
        <time>2023-10-07T07:16:28Z</time>
      </trkpt>
      <trkpt lat="45.59334" lon="24.76233">
        <ele>1633.06</ele>
        <time>2023-10-07T07:16:29Z</time>
      </trkpt>
      <trkpt lat="45.59335" lon="24.7623">
        <ele>1634.77</ele>
        <time>2023-10-07T07:16:34Z</time>
      </trkpt>
      <trkpt lat="45.59335" lon="24.76229">
        <ele>1635.17</ele>
        <time>2023-10-07T07:16:36Z</time>
      </trkpt>
      <trkpt lat="45.59336" lon="24.76228">
        <ele>1636.09</ele>
        <time>2023-10-07T07:16:39Z</time>
      </trkpt>
      <trkpt lat="45.59336" lon="24.76227">
        <ele>1636.5</ele>
        <time>2023-10-07T07:16:42Z</time>
      </trkpt>
      <trkpt lat="45.59336" lon="24.76227">
        <ele>1636.5</ele>
        <time>2023-10-07T07:16:43Z</time>
      </trkpt>
      <trkpt lat="45.59336" lon="24.76225">
        <ele>1637.31</ele>
        <time>2023-10-07T07:16:47Z</time>
      </trkpt>
      <trkpt lat="45.59337" lon="24.76223">
        <ele>1638.66</ele>
        <time>2023-10-07T07:16:51Z</time>
      </trkpt>
      <trkpt lat="45.59337" lon="24.76223">
        <ele>1638.66</ele>
        <time>2023-10-07T07:16:53Z</time>
      </trkpt>
      <trkpt lat="45.59337" lon="24.76221">
        <ele>1639.31</ele>
        <time>2023-10-07T07:16:58Z</time>
      </trkpt>
      <trkpt lat="45.59337" lon="24.76218">
        <ele>1640.14</ele>
        <time>2023-10-07T07:17:03Z</time>
      </trkpt>
      <trkpt lat="45.59338" lon="24.76215">
        <ele>1641.47</ele>
        <time>2023-10-07T07:17:08Z</time>
      </trkpt>
      <trkpt lat="45.59339" lon="24.76214">
        <ele>1642.25</ele>
        <time>2023-10-07T07:17:13Z</time>
      </trkpt>
      <trkpt lat="45.59339" lon="24.76214">
        <ele>1642.25</ele>
        <time>2023-10-07T07:17:15Z</time>
      </trkpt>
      <trkpt lat="45.59339" lon="24.76214">
        <ele>1642.25</ele>
        <time>2023-10-07T07:17:26Z</time>
      </trkpt>
      <trkpt lat="45.5934" lon="24.76213">
        <ele>1643.02</ele>
        <time>2023-10-07T07:17:46Z</time>
      </trkpt>
      <trkpt lat="45.5934" lon="24.76211">
        <ele>1643.54</ele>
        <time>2023-10-07T07:17:57Z</time>
      </trkpt>
      <trkpt lat="45.5934" lon="24.76211">
        <ele>1643.54</ele>
        <time>2023-10-07T07:18:00Z</time>
      </trkpt>
      <trkpt lat="45.59341" lon="24.76211">
        <ele>1644.04</ele>
        <time>2023-10-07T07:18:07Z</time>
      </trkpt>
      <trkpt lat="45.59346" lon="24.76211">
        <ele>1646.52</ele>
        <time>2023-10-07T07:18:18Z</time>
      </trkpt>
      <trkpt lat="45.59346" lon="24.76211">
        <ele>1646.52</ele>
        <time>2023-10-07T07:18:22Z</time>
      </trkpt>
      <trkpt lat="45.59346" lon="24.762">
        <ele>1649.15</ele>
        <time>2023-10-07T07:18:48Z</time>
      </trkpt>
      <trkpt lat="45.59347" lon="24.76199">
        <ele>1649.83</ele>
        <time>2023-10-07T07:19:04Z</time>
      </trkpt>
      <trkpt lat="45.59347" lon="24.76199">
        <ele>1649.83</ele>
        <time>2023-10-07T07:19:07Z</time>
      </trkpt>
      <trkpt lat="45.59347" lon="24.76199">
        <ele>1649.83</ele>
        <time>2023-10-07T07:19:10Z</time>
      </trkpt>
      <trkpt lat="45.59347" lon="24.76199">
        <ele>1649.83</ele>
        <time>2023-10-07T07:19:12Z</time>
      </trkpt>
      <trkpt lat="45.59347" lon="24.76198">
        <ele>1650.07</ele>
        <time>2023-10-07T07:19:17Z</time>
      </trkpt>
      <trkpt lat="45.59347" lon="24.76197">
        <ele>1650.3</ele>
        <time>2023-10-07T07:19:22Z</time>
      </trkpt>
      <trkpt lat="45.59347" lon="24.76197">
        <ele>1650.3</ele>
        <time>2023-10-07T07:19:27Z</time>
      </trkpt>
      <trkpt lat="45.59347" lon="24.76196">
        <ele>1650.54</ele>
        <time>2023-10-07T07:19:30Z</time>
      </trkpt>
      <trkpt lat="45.59347" lon="24.76196">
        <ele>1650.54</ele>
        <time>2023-10-07T07:19:32Z</time>
      </trkpt>
      <trkpt lat="45.59345" lon="24.76193">
        <ele>1650.36</ele>
        <time>2023-10-07T07:19:39Z</time>
      </trkpt>
      <trkpt lat="45.59345" lon="24.76193">
        <ele>1650.36</ele>
        <time>2023-10-07T07:19:40Z</time>
      </trkpt>
      <trkpt lat="45.59344" lon="24.76192">
        <ele>1650.16</ele>
        <time>2023-10-07T07:19:45Z</time>
      </trkpt>
      <trkpt lat="45.59341" lon="24.76189">
        <ele>1649.58</ele>
        <time>2023-10-07T07:19:55Z</time>
      </trkpt>
      <trkpt lat="45.59338" lon="24.76187">
        <ele>1648.8</ele>
        <time>2023-10-07T07:20:03Z</time>
      </trkpt>
      <trkpt lat="45.59338" lon="24.76186">
        <ele>1649.04</ele>
        <time>2023-10-07T07:20:04Z</time>
      </trkpt>
      <trkpt lat="45.59337" lon="24.76183">
        <ele>1649.36</ele>
        <time>2023-10-07T07:20:11Z</time>
      </trkpt>
      <trkpt lat="45.59336" lon="24.7618">
        <ele>1649.69</ele>
        <time>2023-10-07T07:20:16Z</time>
      </trkpt>
      <trkpt lat="45.59336" lon="24.76178">
        <ele>1650.18</ele>
        <time>2023-10-07T07:20:18Z</time>
      </trkpt>
      <trkpt lat="45.59335" lon="24.76173">
        <ele>1651.03</ele>
        <time>2023-10-07T07:20:34Z</time>
      </trkpt>
      <trkpt lat="45.59335" lon="24.76172">
        <ele>1651.28</ele>
        <time>2023-10-07T07:20:38Z</time>
      </trkpt>
      <trkpt lat="45.59335" lon="24.76172">
        <ele>1651.28</ele>
        <time>2023-10-07T07:20:40Z</time>
      </trkpt>
      <trkpt lat="45.59335" lon="24.76172">
        <ele>1651.28</ele>
        <time>2023-10-07T07:20:48Z</time>
      </trkpt>
      <trkpt lat="45.59334" lon="24.76172">
        <ele>1650.91</ele>
        <time>2023-10-07T07:20:56Z</time>
      </trkpt>
      <trkpt lat="45.59334" lon="24.76172">
        <ele>1650.91</ele>
        <time>2023-10-07T07:21:03Z</time>
      </trkpt>
      <trkpt lat="45.59334" lon="24.76171">
        <ele>1651.16</ele>
        <time>2023-10-07T07:21:07Z</time>
      </trkpt>
      <trkpt lat="45.59334" lon="24.76171">
        <ele>1651.16</ele>
        <time>2023-10-07T07:21:09Z</time>
      </trkpt>
      <trkpt lat="45.59334" lon="24.76171">
        <ele>1651.16</ele>
        <time>2023-10-07T07:21:15Z</time>
      </trkpt>
      <trkpt lat="45.59334" lon="24.76171">
        <ele>1651.16</ele>
        <time>2023-10-07T07:21:21Z</time>
      </trkpt>
      <trkpt lat="45.59334" lon="24.7617">
        <ele>1651.41</ele>
        <time>2023-10-07T07:21:27Z</time>
      </trkpt>
      <trkpt lat="45.59334" lon="24.7617">
        <ele>1651.41</ele>
        <time>2023-10-07T07:21:32Z</time>
      </trkpt>
      <trkpt lat="45.59334" lon="24.76168">
        <ele>1651.91</ele>
        <time>2023-10-07T07:22:02Z</time>
      </trkpt>
      <trkpt lat="45.59334" lon="24.76167">
        <ele>1652.16</ele>
        <time>2023-10-07T07:22:08Z</time>
      </trkpt>
      <trkpt lat="45.59334" lon="24.76167">
        <ele>1652.16</ele>
        <time>2023-10-07T07:22:09Z</time>
      </trkpt>
      <trkpt lat="45.59334" lon="24.76167">
        <ele>1652.16</ele>
        <time>2023-10-07T07:22:10Z</time>
      </trkpt>
      <trkpt lat="45.59334" lon="24.76167">
        <ele>1652.16</ele>
        <time>2023-10-07T07:22:15Z</time>
      </trkpt>
      <trkpt lat="45.59334" lon="24.76167">
        <ele>1652.16</ele>
        <time>2023-10-07T07:22:18Z</time>
      </trkpt>
      <trkpt lat="45.59334" lon="24.76167">
        <ele>1652.16</ele>
        <time>2023-10-07T07:22:20Z</time>
      </trkpt>
      <trkpt lat="45.59334" lon="24.76166">
        <ele>1652.41</ele>
        <time>2023-10-07T07:22:24Z</time>
      </trkpt>
      <trkpt lat="45.59334" lon="24.76163">
        <ele>1653.16</ele>
        <time>2023-10-07T07:22:27Z</time>
      </trkpt>
      <trkpt lat="45.59336" lon="24.76157">
        <ele>1655.36</ele>
        <time>2023-10-07T07:22:29Z</time>
      </trkpt>
      <trkpt lat="45.59339" lon="24.76138">
        <ele>1661.46</ele>
        <time>2023-10-07T07:22:34Z</time>
      </trkpt>
      <trkpt lat="45.5934" lon="24.76132">
        <ele>1666.04</ele>
        <time>2023-10-07T07:22:37Z</time>
      </trkpt>
      <trkpt lat="45.59342" lon="24.76136">
        <ele>1663.91</ele>
        <time>2023-10-07T07:22:42Z</time>
      </trkpt>
      <trkpt lat="45.59344" lon="24.76137">
        <ele>1663.86</ele>
        <time>2023-10-07T07:22:46Z</time>
      </trkpt>
      <trkpt lat="45.59345" lon="24.76136">
        <ele>1664.96</ele>
        <time>2023-10-07T07:22:48Z</time>
      </trkpt>
      <trkpt lat="45.59346" lon="24.76136">
        <ele>1665.31</ele>
        <time>2023-10-07T07:22:52Z</time>
      </trkpt>
      <trkpt lat="45.59347" lon="24.76135">
        <ele>1666.43</ele>
        <time>2023-10-07T07:22:55Z</time>
      </trkpt>
      <trkpt lat="45.59346" lon="24.76133">
        <ele>1667.6</ele>
        <time>2023-10-07T07:23:00Z</time>
      </trkpt>
      <trkpt lat="45.59345" lon="24.76129">
        <ele>1670.23</ele>
        <time>2023-10-07T07:23:10Z</time>
      </trkpt>
      <trkpt lat="45.59345" lon="24.76127">
        <ele>1671.74</ele>
        <time>2023-10-07T07:23:12Z</time>
      </trkpt>
      <trkpt lat="45.59346" lon="24.76125">
        <ele>1673.7</ele>
        <time>2023-10-07T07:23:16Z</time>
      </trkpt>
      <trkpt lat="45.59346" lon="24.76124">
        <ele>1674.46</ele>
        <time>2023-10-07T07:23:18Z</time>
      </trkpt>
      <trkpt lat="45.59347" lon="24.76123">
        <ele>1675.69</ele>
        <time>2023-10-07T07:23:22Z</time>
      </trkpt>
      <trkpt lat="45.59347" lon="24.76122">
        <ele>1676.47</ele>
        <time>2023-10-07T07:23:26Z</time>
      </trkpt>
      <trkpt lat="45.59348" lon="24.76121">
        <ele>1677.72</ele>
        <time>2023-10-07T07:23:29Z</time>
      </trkpt>
      <trkpt lat="45.59351" lon="24.76123">
        <ele>1677.57</ele>
        <time>2023-10-07T07:23:35Z</time>
      </trkpt>
      <trkpt lat="45.59352" lon="24.76122">
        <ele>1678.85</ele>
        <time>2023-10-07T07:23:37Z</time>
      </trkpt>
      <trkpt lat="45.59352" lon="24.76123">
        <ele>1678.03</ele>
        <time>2023-10-07T07:23:40Z</time>
      </trkpt>
      <trkpt lat="45.59352" lon="24.76124">
        <ele>1677.22</ele>
        <time>2023-10-07T07:23:43Z</time>
      </trkpt>
      <trkpt lat="45.59353" lon="24.76125">
        <ele>1676.85</ele>
        <time>2023-10-07T07:23:46Z</time>
      </trkpt>
      <trkpt lat="45.59354" lon="24.76126">
        <ele>1676.46</ele>
        <time>2023-10-07T07:23:50Z</time>
      </trkpt>
      <trkpt lat="45.59355" lon="24.76125">
        <ele>1677.75</ele>
        <time>2023-10-07T07:23:55Z</time>
      </trkpt>
      <trkpt lat="45.59355" lon="24.76125">
        <ele>1677.75</ele>
        <time>2023-10-07T07:23:56Z</time>
      </trkpt>
      <trkpt lat="45.59355" lon="24.76122">
        <ele>1680.28</ele>
        <time>2023-10-07T07:24:01Z</time>
      </trkpt>
      <trkpt lat="45.59355" lon="24.7612">
        <ele>1681.97</ele>
        <time>2023-10-07T07:24:04Z</time>
      </trkpt>
      <trkpt lat="45.59354" lon="24.7612">
        <ele>1681.48</ele>
        <time>2023-10-07T07:24:14Z</time>
      </trkpt>
      <trkpt lat="45.59354" lon="24.7612">
        <ele>1681.48</ele>
        <time>2023-10-07T07:24:17Z</time>
      </trkpt>
      <trkpt lat="45.59356" lon="24.76121">
        <ele>1681.61</ele>
        <time>2023-10-07T07:24:28Z</time>
      </trkpt>
      <trkpt lat="45.59361" lon="24.76128">
        <ele>1677.75</ele>
        <time>2023-10-07T07:24:34Z</time>
      </trkpt>
      <trkpt lat="45.59362" lon="24.76128">
        <ele>1678.26</ele>
        <time>2023-10-07T07:24:35Z</time>
      </trkpt>
      <trkpt lat="45.59364" lon="24.76131">
        <ele>1676.84</ele>
        <time>2023-10-07T07:24:42Z</time>
      </trkpt>
      <trkpt lat="45.59364" lon="24.76131">
        <ele>1676.84</ele>
        <time>2023-10-07T07:24:43Z</time>
      </trkpt>
      <trkpt lat="45.59364" lon="24.76131">
        <ele>1676.84</ele>
        <time>2023-10-07T07:24:47Z</time>
      </trkpt>
      <trkpt lat="45.59364" lon="24.76133">
        <ele>1675.21</ele>
        <time>2023-10-07T07:24:51Z</time>
      </trkpt>
      <trkpt lat="45.59364" lon="24.76133">
        <ele>1675.21</ele>
        <time>2023-10-07T07:24:52Z</time>
      </trkpt>
      <trkpt lat="45.59364" lon="24.76134">
        <ele>1674.39</ele>
        <time>2023-10-07T07:24:53Z</time>
      </trkpt>
      <trkpt lat="45.59367" lon="24.76139">
        <ele>1672.84</ele>
        <time>2023-10-07T07:25:01Z</time>
      </trkpt>
      <trkpt lat="45.59371" lon="24.76142">
        <ele>1675.12</ele>
        <time>2023-10-07T07:25:07Z</time>
      </trkpt>
      <trkpt lat="45.59373" lon="24.76146">
        <ele>1675.21</ele>
        <time>2023-10-07T07:25:13Z</time>
      </trkpt>
      <trkpt lat="45.59373" lon="24.76146">
        <ele>1675.21</ele>
        <time>2023-10-07T07:25:17Z</time>
      </trkpt>
      <trkpt lat="45.59375" lon="24.76146">
        <ele>1676.68</ele>
        <time>2023-10-07T07:25:26Z</time>
      </trkpt>
      <trkpt lat="45.59375" lon="24.76145">
        <ele>1677.08</ele>
        <time>2023-10-07T07:25:28Z</time>
      </trkpt>
      <trkpt lat="45.59375" lon="24.76142">
        <ele>1678.27</ele>
        <time>2023-10-07T07:25:33Z</time>
      </trkpt>
      <trkpt lat="45.59376" lon="24.76141">
        <ele>1679.46</ele>
        <time>2023-10-07T07:25:35Z</time>
      </trkpt>
      <trkpt lat="45.59377" lon="24.76141">
        <ele>1680.27</ele>
        <time>2023-10-07T07:25:38Z</time>
      </trkpt>
      <trkpt lat="45.5938" lon="24.76142">
        <ele>1682.21</ele>
        <time>2023-10-07T07:25:43Z</time>
      </trkpt>
      <trkpt lat="45.5938" lon="24.76142">
        <ele>1682.21</ele>
        <time>2023-10-07T07:25:44Z</time>
      </trkpt>
      <trkpt lat="45.5938" lon="24.76142">
        <ele>1682.21</ele>
        <time>2023-10-07T07:25:53Z</time>
      </trkpt>
      <trkpt lat="45.5938" lon="24.76142">
        <ele>1682.21</ele>
        <time>2023-10-07T07:26:07Z</time>
      </trkpt>
      <trkpt lat="45.59382" lon="24.76141">
        <ele>1684.27</ele>
        <time>2023-10-07T07:26:13Z</time>
      </trkpt>
      <trkpt lat="45.59383" lon="24.7614">
        <ele>1685.57</ele>
        <time>2023-10-07T07:26:18Z</time>
      </trkpt>
      <trkpt lat="45.59383" lon="24.76137">
        <ele>1686.65</ele>
        <time>2023-10-07T07:26:24Z</time>
      </trkpt>
      <trkpt lat="45.59384" lon="24.76134">
        <ele>1688.16</ele>
        <time>2023-10-07T07:26:28Z</time>
      </trkpt>
      <trkpt lat="45.59386" lon="24.76131">
        <ele>1690.11</ele>
        <time>2023-10-07T07:26:34Z</time>
      </trkpt>
      <trkpt lat="45.5939" lon="24.76129">
        <ele>1692.53</ele>
        <time>2023-10-07T07:26:46Z</time>
      </trkpt>
      <trkpt lat="45.59391" lon="24.76128">
        <ele>1693.1</ele>
        <time>2023-10-07T07:26:48Z</time>
      </trkpt>
      <trkpt lat="45.59393" lon="24.76127">
        <ele>1694.14</ele>
        <time>2023-10-07T07:26:55Z</time>
      </trkpt>
      <trkpt lat="45.59394" lon="24.76127">
        <ele>1694.6</ele>
        <time>2023-10-07T07:27:01Z</time>
      </trkpt>
      <trkpt lat="45.59397" lon="24.76124">
        <ele>1696.69</ele>
        <time>2023-10-07T07:27:11Z</time>
      </trkpt>
      <trkpt lat="45.59399" lon="24.76123">
        <ele>1697.97</ele>
        <time>2023-10-07T07:27:16Z</time>
      </trkpt>
      <trkpt lat="45.59399" lon="24.76119">
        <ele>1699.08</ele>
        <time>2023-10-07T07:27:23Z</time>
      </trkpt>
      <trkpt lat="45.594" lon="24.76117">
        <ele>1700.26</ele>
        <time>2023-10-07T07:27:30Z</time>
      </trkpt>
      <trkpt lat="45.594" lon="24.76114">
        <ele>1701.15</ele>
        <time>2023-10-07T07:27:34Z</time>
      </trkpt>
      <trkpt lat="45.59401" lon="24.76112">
        <ele>1702.44</ele>
        <time>2023-10-07T07:27:40Z</time>
      </trkpt>
      <trkpt lat="45.59404" lon="24.76106">
        <ele>1707.66</ele>
        <time>2023-10-07T07:27:49Z</time>
      </trkpt>
      <trkpt lat="45.59405" lon="24.76095">
        <ele>1714.17</ele>
        <time>2023-10-07T07:27:57Z</time>
      </trkpt>
      <trkpt lat="45.59405" lon="24.76092">
        <ele>1715.77</ele>
        <time>2023-10-07T07:27:58Z</time>
      </trkpt>
      <trkpt lat="45.59405" lon="24.76085">
        <ele>1719.49</ele>
        <time>2023-10-07T07:28:03Z</time>
      </trkpt>
      <trkpt lat="45.59405" lon="24.76084">
        <ele>1720.03</ele>
        <time>2023-10-07T07:28:04Z</time>
      </trkpt>
      <trkpt lat="45.59405" lon="24.76085">
        <ele>1719.49</ele>
        <time>2023-10-07T07:28:11Z</time>
      </trkpt>
      <trkpt lat="45.59405" lon="24.76085">
        <ele>1719.49</ele>
        <time>2023-10-07T07:28:21Z</time>
      </trkpt>
      <trkpt lat="45.59405" lon="24.76085">
        <ele>1719.49</ele>
        <time>2023-10-07T07:28:29Z</time>
      </trkpt>
      <trkpt lat="45.59405" lon="24.76085">
        <ele>1719.49</ele>
        <time>2023-10-07T07:28:33Z</time>
      </trkpt>
      <trkpt lat="45.59405" lon="24.76085">
        <ele>1719.49</ele>
        <time>2023-10-07T07:28:35Z</time>
      </trkpt>
      <trkpt lat="45.59405" lon="24.76085">
        <ele>1719.49</ele>
        <time>2023-10-07T07:28:45Z</time>
      </trkpt>
      <trkpt lat="45.59405" lon="24.76088">
        <ele>1717.9</ele>
        <time>2023-10-07T07:29:00Z</time>
      </trkpt>
      <trkpt lat="45.59405" lon="24.76089">
        <ele>1717.36</ele>
        <time>2023-10-07T07:29:15Z</time>
      </trkpt>
      <trkpt lat="45.59406" lon="24.76089">
        <ele>1717.83</ele>
        <time>2023-10-07T07:29:18Z</time>
      </trkpt>
      <trkpt lat="45.59406" lon="24.76089">
        <ele>1717.83</ele>
        <time>2023-10-07T07:29:23Z</time>
      </trkpt>
      <trkpt lat="45.59406" lon="24.76089">
        <ele>1717.83</ele>
        <time>2023-10-07T07:29:33Z</time>
      </trkpt>
      <trkpt lat="45.5941" lon="24.76097">
        <ele>1715.89</ele>
        <time>2023-10-07T07:29:38Z</time>
      </trkpt>
      <trkpt lat="45.59412" lon="24.76102">
        <ele>1714.74</ele>
        <time>2023-10-07T07:29:43Z</time>
      </trkpt>
      <trkpt lat="45.59413" lon="24.76103">
        <ele>1714.92</ele>
        <time>2023-10-07T07:29:45Z</time>
      </trkpt>
      <trkpt lat="45.59414" lon="24.76105">
        <ele>1714.69</ele>
        <time>2023-10-07T07:29:49Z</time>
      </trkpt>
      <trkpt lat="45.59415" lon="24.76106">
        <ele>1714.92</ele>
        <time>2023-10-07T07:29:52Z</time>
      </trkpt>
      <trkpt lat="45.59416" lon="24.76107">
        <ele>1715.18</ele>
        <time>2023-10-07T07:29:53Z</time>
      </trkpt>
      <trkpt lat="45.59418" lon="24.76114">
        <ele>1712.77</ele>
        <time>2023-10-07T07:30:03Z</time>
      </trkpt>
      <trkpt lat="45.59419" lon="24.76112">
        <ele>1714.19</ele>
        <time>2023-10-07T07:30:09Z</time>
      </trkpt>
      <trkpt lat="45.59419" lon="24.76113">
        <ele>1713.64</ele>
        <time>2023-10-07T07:30:10Z</time>
      </trkpt>
      <trkpt lat="45.59421" lon="24.76115">
        <ele>1713.23</ele>
        <time>2023-10-07T07:30:13Z</time>
      </trkpt>
      <trkpt lat="45.59422" lon="24.76119">
        <ele>1711.54</ele>
        <time>2023-10-07T07:30:17Z</time>
      </trkpt>
      <trkpt lat="45.59422" lon="24.76119">
        <ele>1711.54</ele>
        <time>2023-10-07T07:30:18Z</time>
      </trkpt>
      <trkpt lat="45.59424" lon="24.76122">
        <ele>1710.87</ele>
        <time>2023-10-07T07:30:24Z</time>
      </trkpt>
      <trkpt lat="45.59425" lon="24.76124">
        <ele>1710.37</ele>
        <time>2023-10-07T07:30:28Z</time>
      </trkpt>
      <trkpt lat="45.59424" lon="24.76128">
        <ele>1707.99</ele>
        <time>2023-10-07T07:30:32Z</time>
      </trkpt>
      <trkpt lat="45.59424" lon="24.76129">
        <ele>1707.51</ele>
        <time>2023-10-07T07:30:37Z</time>
      </trkpt>
      <trkpt lat="45.59424" lon="24.76129">
        <ele>1707.51</ele>
        <time>2023-10-07T07:30:38Z</time>
      </trkpt>
      <trkpt lat="45.59425" lon="24.76132">
        <ele>1706.62</ele>
        <time>2023-10-07T07:30:43Z</time>
      </trkpt>
      <trkpt lat="45.59426" lon="24.76133">
        <ele>1706.73</ele>
        <time>2023-10-07T07:30:48Z</time>
      </trkpt>
      <trkpt lat="45.59426" lon="24.76133">
        <ele>1706.73</ele>
        <time>2023-10-07T07:30:49Z</time>
      </trkpt>
      <trkpt lat="45.59427" lon="24.76133">
        <ele>1707.3</ele>
        <time>2023-10-07T07:30:50Z</time>
      </trkpt>
      <trkpt lat="45.59427" lon="24.76134">
        <ele>1706.86</ele>
        <time>2023-10-07T07:30:51Z</time>
      </trkpt>
      <trkpt lat="45.59427" lon="24.76134">
        <ele>1706.86</ele>
        <time>2023-10-07T07:30:52Z</time>
      </trkpt>
      <trkpt lat="45.59428" lon="24.76136">
        <ele>1706.58</ele>
        <time>2023-10-07T07:30:55Z</time>
      </trkpt>
      <trkpt lat="45.59429" lon="24.76136">
        <ele>1707.19</ele>
        <time>2023-10-07T07:30:57Z</time>
      </trkpt>
      <trkpt lat="45.59431" lon="24.76137">
        <ele>1708.03</ele>
        <time>2023-10-07T07:30:59Z</time>
      </trkpt>
      <trkpt lat="45.59431" lon="24.76137">
        <ele>1708.03</ele>
        <time>2023-10-07T07:31:00Z</time>
      </trkpt>
      <trkpt lat="45.59432" lon="24.76136">
        <ele>1709.03</ele>
        <time>2023-10-07T07:31:02Z</time>
      </trkpt>
      <trkpt lat="45.59433" lon="24.76136">
        <ele>1709.64</ele>
        <time>2023-10-07T07:31:04Z</time>
      </trkpt>
      <trkpt lat="45.59434" lon="24.76137">
        <ele>1709.9</ele>
        <time>2023-10-07T07:31:07Z</time>
      </trkpt>
      <trkpt lat="45.59435" lon="24.76137">
        <ele>1710.52</ele>
        <time>2023-10-07T07:31:10Z</time>
      </trkpt>
      <trkpt lat="45.59436" lon="24.76138">
        <ele>1710.82</ele>
        <time>2023-10-07T07:31:11Z</time>
      </trkpt>
      <trkpt lat="45.59436" lon="24.76137">
        <ele>1711.14</ele>
        <time>2023-10-07T07:31:15Z</time>
      </trkpt>
      <trkpt lat="45.59436" lon="24.76136">
        <ele>1711.47</ele>
        <time>2023-10-07T07:31:17Z</time>
      </trkpt>
      <trkpt lat="45.59437" lon="24.76135">
        <ele>1712.39</ele>
        <time>2023-10-07T07:31:20Z</time>
      </trkpt>
      <trkpt lat="45.59438" lon="24.76135">
        <ele>1712.99</ele>
        <time>2023-10-07T07:31:25Z</time>
      </trkpt>
      <trkpt lat="45.59438" lon="24.76135">
        <ele>1712.99</ele>
        <time>2023-10-07T07:31:39Z</time>
      </trkpt>
      <trkpt lat="45.59439" lon="24.76134">
        <ele>1713.87</ele>
        <time>2023-10-07T07:31:41Z</time>
      </trkpt>
      <trkpt lat="45.5944" lon="24.76131">
        <ele>1715.28</ele>
        <time>2023-10-07T07:31:48Z</time>
      </trkpt>
      <trkpt lat="45.5944" lon="24.7613">
        <ele>1715.55</ele>
        <time>2023-10-07T07:31:51Z</time>
      </trkpt>
      <trkpt lat="45.59441" lon="24.76129">
        <ele>1716.35</ele>
        <time>2023-10-07T07:31:53Z</time>
      </trkpt>
      <trkpt lat="45.59442" lon="24.76129">
        <ele>1716.87</ele>
        <time>2023-10-07T07:31:56Z</time>
      </trkpt>
      <trkpt lat="45.59444" lon="24.76129">
        <ele>1717.9</ele>
        <time>2023-10-07T07:32:00Z</time>
      </trkpt>
      <trkpt lat="45.59445" lon="24.76128">
        <ele>1718.74</ele>
        <time>2023-10-07T07:32:02Z</time>
      </trkpt>
      <trkpt lat="45.59447" lon="24.76128">
        <ele>1720.14</ele>
        <time>2023-10-07T07:32:09Z</time>
      </trkpt>
      <trkpt lat="45.59449" lon="24.76128">
        <ele>1721.54</ele>
        <time>2023-10-07T07:32:16Z</time>
      </trkpt>
      <trkpt lat="45.59452" lon="24.76128">
        <ele>1723.64</ele>
        <time>2023-10-07T07:32:21Z</time>
      </trkpt>
      <trkpt lat="45.59454" lon="24.76128">
        <ele>1725.04</ele>
        <time>2023-10-07T07:32:28Z</time>
      </trkpt>
      <trkpt lat="45.59455" lon="24.76126">
        <ele>1726.06</ele>
        <time>2023-10-07T07:32:36Z</time>
      </trkpt>
      <trkpt lat="45.59458" lon="24.76121">
        <ele>1728.85</ele>
        <time>2023-10-07T07:32:49Z</time>
      </trkpt>
      <trkpt lat="45.59459" lon="24.76119">
        <ele>1729.8</ele>
        <time>2023-10-07T07:32:55Z</time>
      </trkpt>
      <trkpt lat="45.5946" lon="24.76118">
        <ele>1730.59</ele>
        <time>2023-10-07T07:32:59Z</time>
      </trkpt>
      <trkpt lat="45.59463" lon="24.76117">
        <ele>1732.65</ele>
        <time>2023-10-07T07:33:09Z</time>
      </trkpt>
      <trkpt lat="45.59464" lon="24.76116">
        <ele>1733.41</ele>
        <time>2023-10-07T07:33:15Z</time>
      </trkpt>
      <trkpt lat="45.59466" lon="24.76115">
        <ele>1734.79</ele>
        <time>2023-10-07T07:33:20Z</time>
      </trkpt>
      <trkpt lat="45.59467" lon="24.76113">
        <ele>1735.62</ele>
        <time>2023-10-07T07:33:27Z</time>
      </trkpt>
      <trkpt lat="45.59468" lon="24.76111">
        <ele>1736.45</ele>
        <time>2023-10-07T07:33:35Z</time>
      </trkpt>
      <trkpt lat="45.5947" lon="24.76105">
        <ele>1739.42</ele>
        <time>2023-10-07T07:33:49Z</time>
      </trkpt>
      <trkpt lat="45.5947" lon="24.761">
        <ele>1740.87</ele>
        <time>2023-10-07T07:34:00Z</time>
      </trkpt>
      <trkpt lat="45.5947" lon="24.76098">
        <ele>1741.45</ele>
        <time>2023-10-07T07:34:04Z</time>
      </trkpt>
      <trkpt lat="45.59471" lon="24.76097">
        <ele>1742.34</ele>
        <time>2023-10-07T07:34:07Z</time>
      </trkpt>
      <trkpt lat="45.59471" lon="24.76092">
        <ele>1743.79</ele>
        <time>2023-10-07T07:34:19Z</time>
      </trkpt>
      <trkpt lat="45.59469" lon="24.76085">
        <ele>1744.66</ele>
        <time>2023-10-07T07:34:36Z</time>
      </trkpt>
      <trkpt lat="45.59469" lon="24.76084">
        <ele>1744.95</ele>
        <time>2023-10-07T07:34:52Z</time>
      </trkpt>
      <trkpt lat="45.59469" lon="24.76084">
        <ele>1744.95</ele>
        <time>2023-10-07T07:35:01Z</time>
      </trkpt>
      <trkpt lat="45.59469" lon="24.76083">
        <ele>1745.23</ele>
        <time>2023-10-07T07:35:08Z</time>
      </trkpt>
      <trkpt lat="45.59469" lon="24.76076">
        <ele>1747.0</ele>
        <time>2023-10-07T07:35:14Z</time>
      </trkpt>
      <trkpt lat="45.59469" lon="24.76065">
        <ele>1749.79</ele>
        <time>2023-10-07T07:35:18Z</time>
      </trkpt>
      <trkpt lat="45.59472" lon="24.76054">
        <ele>1753.28</ele>
        <time>2023-10-07T07:35:26Z</time>
      </trkpt>
      <trkpt lat="45.59472" lon="24.76054">
        <ele>1753.28</ele>
        <time>2023-10-07T07:35:27Z</time>
      </trkpt>
      <trkpt lat="45.59473" lon="24.76055">
        <ele>1753.48</ele>
        <time>2023-10-07T07:35:30Z</time>
      </trkpt>
      <trkpt lat="45.59474" lon="24.76053">
        <ele>1754.36</ele>
        <time>2023-10-07T07:35:33Z</time>
      </trkpt>
      <trkpt lat="45.59474" lon="24.76053">
        <ele>1754.36</ele>
        <time>2023-10-07T07:35:35Z</time>
      </trkpt>
      <trkpt lat="45.59474" lon="24.76052">
        <ele>1754.57</ele>
        <time>2023-10-07T07:35:37Z</time>
      </trkpt>
      <trkpt lat="45.59476" lon="24.7605">
        <ele>1755.86</ele>
        <time>2023-10-07T07:35:41Z</time>
      </trkpt>
      <trkpt lat="45.59476" lon="24.76049">
        <ele>1756.06</ele>
        <time>2023-10-07T07:35:42Z</time>
      </trkpt>
      <trkpt lat="45.59477" lon="24.76049">
        <ele>1756.49</ele>
        <time>2023-10-07T07:35:49Z</time>
      </trkpt>
      <trkpt lat="45.59477" lon="24.76049">
        <ele>1756.49</ele>
        <time>2023-10-07T07:35:50Z</time>
      </trkpt>
      <trkpt lat="45.59477" lon="24.76048">
        <ele>1756.68</ele>
        <time>2023-10-07T07:35:59Z</time>
      </trkpt>
      <trkpt lat="45.59477" lon="24.76049">
        <ele>1756.49</ele>
        <time>2023-10-07T07:36:16Z</time>
      </trkpt>
      <trkpt lat="45.59477" lon="24.76049">
        <ele>1756.49</ele>
        <time>2023-10-07T07:36:33Z</time>
      </trkpt>
      <trkpt lat="45.59477" lon="24.7605">
        <ele>1756.3</ele>
        <time>2023-10-07T07:36:40Z</time>
      </trkpt>
      <trkpt lat="45.59477" lon="24.7605">
        <ele>1756.3</ele>
        <time>2023-10-07T07:36:52Z</time>
      </trkpt>
      <trkpt lat="45.59477" lon="24.76048">
        <ele>1756.68</ele>
        <time>2023-10-07T07:37:06Z</time>
      </trkpt>
      <trkpt lat="45.59479" lon="24.76048">
        <ele>1757.54</ele>
        <time>2023-10-07T07:37:08Z</time>
      </trkpt>
      <trkpt lat="45.59479" lon="24.76047">
        <ele>1757.72</ele>
        <time>2023-10-07T07:37:12Z</time>
      </trkpt>
      <trkpt lat="45.59479" lon="24.76045">
        <ele>1758.08</ele>
        <time>2023-10-07T07:37:17Z</time>
      </trkpt>
      <trkpt lat="45.59479" lon="24.76045">
        <ele>1758.08</ele>
        <time>2023-10-07T07:37:19Z</time>
      </trkpt>
      <trkpt lat="45.59479" lon="24.76043">
        <ele>1758.44</ele>
        <time>2023-10-07T07:37:25Z</time>
      </trkpt>
      <trkpt lat="45.59479" lon="24.76042">
        <ele>1758.62</ele>
        <time>2023-10-07T07:37:27Z</time>
      </trkpt>
      <trkpt lat="45.59478" lon="24.7604">
        <ele>1758.6</ele>
        <time>2023-10-07T07:37:34Z</time>
      </trkpt>
      <trkpt lat="45.59478" lon="24.76038">
        <ele>1758.97</ele>
        <time>2023-10-07T07:37:37Z</time>
      </trkpt>
      <trkpt lat="45.59479" lon="24.76031">
        <ele>1760.61</ele>
        <time>2023-10-07T07:37:54Z</time>
      </trkpt>
      <trkpt lat="45.59482" lon="24.7603">
        <ele>1761.8</ele>
        <time>2023-10-07T07:38:06Z</time>
      </trkpt>
      <trkpt lat="45.59486" lon="24.76028">
        <ele>1763.43</ele>
        <time>2023-10-07T07:38:13Z</time>
      </trkpt>
      <trkpt lat="45.59486" lon="24.76028">
        <ele>1763.43</ele>
        <time>2023-10-07T07:38:14Z</time>
      </trkpt>
      <trkpt lat="45.59491" lon="24.76033">
        <ele>1764.46</ele>
        <time>2023-10-07T07:38:22Z</time>
      </trkpt>
      <trkpt lat="45.59492" lon="24.76032">
        <ele>1764.93</ele>
        <time>2023-10-07T07:38:23Z</time>
      </trkpt>
      <trkpt lat="45.59493" lon="24.76032">
        <ele>1765.27</ele>
        <time>2023-10-07T07:38:27Z</time>
      </trkpt>
      <trkpt lat="45.59496" lon="24.76036">
        <ele>1765.94</ele>
        <time>2023-10-07T07:38:32Z</time>
      </trkpt>
      <trkpt lat="45.59497" lon="24.76036">
        <ele>1766.31</ele>
        <time>2023-10-07T07:38:34Z</time>
      </trkpt>
      <trkpt lat="45.59496" lon="24.76032">
        <ele>1766.31</ele>
        <time>2023-10-07T07:38:38Z</time>
      </trkpt>
      <trkpt lat="45.59497" lon="24.76032">
        <ele>1766.66</ele>
        <time>2023-10-07T07:38:39Z</time>
      </trkpt>
      <trkpt lat="45.59497" lon="24.76031">
        <ele>1766.75</ele>
        <time>2023-10-07T07:38:42Z</time>
      </trkpt>
      <trkpt lat="45.59498" lon="24.76029">
        <ele>1767.25</ele>
        <time>2023-10-07T07:38:47Z</time>
      </trkpt>
      <trkpt lat="45.59498" lon="24.76027">
        <ele>1767.86</ele>
        <time>2023-10-07T07:38:49Z</time>
      </trkpt>
      <trkpt lat="45.595" lon="24.76027">
        <ele>1768.53</ele>
        <time>2023-10-07T07:38:55Z</time>
      </trkpt>
      <trkpt lat="45.595" lon="24.76026">
        <ele>1769.22</ele>
        <time>2023-10-07T07:39:00Z</time>
      </trkpt>
      <trkpt lat="45.59502" lon="24.76023">
        <ele>1772.48</ele>
        <time>2023-10-07T07:39:23Z</time>
      </trkpt>
      <trkpt lat="45.59503" lon="24.76023">
        <ele>1773.08</ele>
        <time>2023-10-07T07:39:25Z</time>
      </trkpt>
      <trkpt lat="45.59503" lon="24.76023">
        <ele>1773.08</ele>
        <time>2023-10-07T07:39:28Z</time>
      </trkpt>
      <trkpt lat="45.59503" lon="24.76023">
        <ele>1773.08</ele>
        <time>2023-10-07T07:39:31Z</time>
      </trkpt>
      <trkpt lat="45.59503" lon="24.76023">
        <ele>1773.08</ele>
        <time>2023-10-07T07:39:33Z</time>
      </trkpt>
      <trkpt lat="45.59503" lon="24.76022">
        <ele>1773.71</ele>
        <time>2023-10-07T07:39:37Z</time>
      </trkpt>
      <trkpt lat="45.59504" lon="24.76022">
        <ele>1774.3</ele>
        <time>2023-10-07T07:39:38Z</time>
      </trkpt>
      <trkpt lat="45.59507" lon="24.76021">
        <ele>1776.62</ele>
        <time>2023-10-07T07:39:50Z</time>
      </trkpt>
      <trkpt lat="45.59507" lon="24.76019">
        <ele>1777.76</ele>
        <time>2023-10-07T07:39:55Z</time>
      </trkpt>
      <trkpt lat="45.59507" lon="24.76019">
        <ele>1777.76</ele>
        <time>2023-10-07T07:39:56Z</time>
      </trkpt>
      <trkpt lat="45.59509" lon="24.76018">
        <ele>1779.36</ele>
        <time>2023-10-07T07:40:01Z</time>
      </trkpt>
      <trkpt lat="45.59512" lon="24.76016">
        <ele>1781.88</ele>
        <time>2023-10-07T07:40:08Z</time>
      </trkpt>
      <trkpt lat="45.59512" lon="24.76016">
        <ele>1781.88</ele>
        <time>2023-10-07T07:40:09Z</time>
      </trkpt>
      <trkpt lat="45.59512" lon="24.76014">
        <ele>1782.85</ele>
        <time>2023-10-07T07:40:16Z</time>
      </trkpt>
      <trkpt lat="45.59513" lon="24.76006">
        <ele>1787.02</ele>
        <time>2023-10-07T07:40:23Z</time>
      </trkpt>
      <trkpt lat="45.59515" lon="24.76005">
        <ele>1788.08</ele>
        <time>2023-10-07T07:40:32Z</time>
      </trkpt>
      <trkpt lat="45.5952" lon="24.76003">
        <ele>1790.28</ele>
        <time>2023-10-07T07:40:37Z</time>
      </trkpt>
      <trkpt lat="45.59522" lon="24.76001">
        <ele>1791.44</ele>
        <time>2023-10-07T07:40:40Z</time>
      </trkpt>
      <trkpt lat="45.59527" lon="24.76004">
        <ele>1791.92</ele>
        <time>2023-10-07T07:40:44Z</time>
      </trkpt>
      <trkpt lat="45.59527" lon="24.76004">
        <ele>1791.92</ele>
        <time>2023-10-07T07:40:45Z</time>
      </trkpt>
      <trkpt lat="45.59529" lon="24.76006">
        <ele>1791.92</ele>
        <time>2023-10-07T07:40:48Z</time>
      </trkpt>
      <trkpt lat="45.59531" lon="24.76011">
        <ele>1791.39</ele>
        <time>2023-10-07T07:40:53Z</time>
      </trkpt>
      <trkpt lat="45.59531" lon="24.76012">
        <ele>1791.21</ele>
        <time>2023-10-07T07:40:54Z</time>
      </trkpt>
      <trkpt lat="45.59532" lon="24.76016">
        <ele>1790.79</ele>
        <time>2023-10-07T07:41:00Z</time>
      </trkpt>
      <trkpt lat="45.59532" lon="24.76017">
        <ele>1790.62</ele>
        <time>2023-10-07T07:41:01Z</time>
      </trkpt>
      <trkpt lat="45.59532" lon="24.76021">
        <ele>1789.95</ele>
        <time>2023-10-07T07:41:07Z</time>
      </trkpt>
      <trkpt lat="45.59533" lon="24.76022">
        <ele>1790.15</ele>
        <time>2023-10-07T07:41:09Z</time>
      </trkpt>
      <trkpt lat="45.59535" lon="24.76025">
        <ele>1790.49</ele>
        <time>2023-10-07T07:41:12Z</time>
      </trkpt>
      <trkpt lat="45.59539" lon="24.76029">
        <ele>1791.12</ele>
        <time>2023-10-07T07:41:17Z</time>
      </trkpt>
      <trkpt lat="45.59541" lon="24.76029">
        <ele>1791.98</ele>
        <time>2023-10-07T07:41:20Z</time>
      </trkpt>
      <trkpt lat="45.59542" lon="24.7603">
        <ele>1791.82</ele>
        <time>2023-10-07T07:41:25Z</time>
      </trkpt>
      <trkpt lat="45.59543" lon="24.76029">
        <ele>1792.85</ele>
        <time>2023-10-07T07:41:26Z</time>
      </trkpt>
      <trkpt lat="45.59542" lon="24.76026">
        <ele>1793.23</ele>
        <time>2023-10-07T07:41:32Z</time>
      </trkpt>
      <trkpt lat="45.59542" lon="24.76025">
        <ele>1793.28</ele>
        <time>2023-10-07T07:41:33Z</time>
      </trkpt>
      <trkpt lat="45.59543" lon="24.7602">
        <ele>1793.88</ele>
        <time>2023-10-07T07:41:40Z</time>
      </trkpt>
      <trkpt lat="45.59546" lon="24.76022">
        <ele>1794.89</ele>
        <time>2023-10-07T07:41:44Z</time>
      </trkpt>
      <trkpt lat="45.59547" lon="24.76023">
        <ele>1795.26</ele>
        <time>2023-10-07T07:41:47Z</time>
      </trkpt>
      <trkpt lat="45.59547" lon="24.76022">
        <ele>1795.26</ele>
        <time>2023-10-07T07:41:49Z</time>
      </trkpt>
      <trkpt lat="45.59547" lon="24.76022">
        <ele>1795.26</ele>
        <time>2023-10-07T07:41:50Z</time>
      </trkpt>
      <trkpt lat="45.59547" lon="24.76022">
        <ele>1795.26</ele>
        <time>2023-10-07T07:41:59Z</time>
      </trkpt>
      <trkpt lat="45.59547" lon="24.76024">
        <ele>1795.27</ele>
        <time>2023-10-07T07:42:12Z</time>
      </trkpt>
      <trkpt lat="45.59547" lon="24.76024">
        <ele>1795.27</ele>
        <time>2023-10-07T07:42:19Z</time>
      </trkpt>
      <trkpt lat="45.59547" lon="24.76024">
        <ele>1795.27</ele>
        <time>2023-10-07T07:42:24Z</time>
      </trkpt>
      <trkpt lat="45.59549" lon="24.76029">
        <ele>1795.45</ele>
        <time>2023-10-07T07:42:39Z</time>
      </trkpt>
      <trkpt lat="45.59549" lon="24.7603">
        <ele>1794.87</ele>
        <time>2023-10-07T07:42:41Z</time>
      </trkpt>
      <trkpt lat="45.59549" lon="24.7603">
        <ele>1794.87</ele>
        <time>2023-10-07T07:42:52Z</time>
      </trkpt>
      <trkpt lat="45.5955" lon="24.76029">
        <ele>1795.89</ele>
        <time>2023-10-07T07:42:56Z</time>
      </trkpt>
      <trkpt lat="45.5955" lon="24.76029">
        <ele>1795.89</ele>
        <time>2023-10-07T07:43:01Z</time>
      </trkpt>
      <trkpt lat="45.59553" lon="24.7603">
        <ele>1796.61</ele>
        <time>2023-10-07T07:43:08Z</time>
      </trkpt>
      <trkpt lat="45.59554" lon="24.76031">
        <ele>1796.47</ele>
        <time>2023-10-07T07:43:11Z</time>
      </trkpt>
      <trkpt lat="45.59554" lon="24.76032">
        <ele>1795.89</ele>
        <time>2023-10-07T07:43:16Z</time>
      </trkpt>
      <trkpt lat="45.59555" lon="24.76032">
        <ele>1796.32</ele>
        <time>2023-10-07T07:43:24Z</time>
      </trkpt>
      <trkpt lat="45.59555" lon="24.76032">
        <ele>1796.32</ele>
        <time>2023-10-07T07:43:25Z</time>
      </trkpt>
      <trkpt lat="45.59557" lon="24.76032">
        <ele>1797.87</ele>
        <time>2023-10-07T07:43:35Z</time>
      </trkpt>
      <trkpt lat="45.59558" lon="24.76031">
        <ele>1799.3</ele>
        <time>2023-10-07T07:43:39Z</time>
      </trkpt>
      <trkpt lat="45.59559" lon="24.76031">
        <ele>1800.18</ele>
        <time>2023-10-07T07:43:42Z</time>
      </trkpt>
      <trkpt lat="45.5956" lon="24.76031">
        <ele>1801.07</ele>
        <time>2023-10-07T07:43:46Z</time>
      </trkpt>
      <trkpt lat="45.59561" lon="24.76031">
        <ele>1801.95</ele>
        <time>2023-10-07T07:43:48Z</time>
      </trkpt>
      <trkpt lat="45.59563" lon="24.76031">
        <ele>1803.71</ele>
        <time>2023-10-07T07:43:56Z</time>
      </trkpt>
      <trkpt lat="45.59565" lon="24.76038">
        <ele>1802.56</ele>
        <time>2023-10-07T07:44:08Z</time>
      </trkpt>
      <trkpt lat="45.59566" lon="24.7604">
        <ele>1802.76</ele>
        <time>2023-10-07T07:44:14Z</time>
      </trkpt>
      <trkpt lat="45.59568" lon="24.76042">
        <ele>1804.09</ele>
        <time>2023-10-07T07:44:21Z</time>
      </trkpt>
      <trkpt lat="45.59569" lon="24.76044">
        <ele>1804.46</ele>
        <time>2023-10-07T07:44:27Z</time>
      </trkpt>
      <trkpt lat="45.59569" lon="24.76046">
        <ele>1803.76</ele>
        <time>2023-10-07T07:44:32Z</time>
      </trkpt>
      <trkpt lat="45.5957" lon="24.76047">
        <ele>1804.57</ele>
        <time>2023-10-07T07:44:36Z</time>
      </trkpt>
      <trkpt lat="45.59571" lon="24.76049">
        <ele>1805.09</ele>
        <time>2023-10-07T07:44:41Z</time>
      </trkpt>
      <trkpt lat="45.59571" lon="24.7605">
        <ele>1804.77</ele>
        <time>2023-10-07T07:44:45Z</time>
      </trkpt>
      <trkpt lat="45.59573" lon="24.76054">
        <ele>1806.05</ele>
        <time>2023-10-07T07:44:52Z</time>
      </trkpt>
      <trkpt lat="45.59574" lon="24.76057">
        <ele>1806.75</ele>
        <time>2023-10-07T07:45:00Z</time>
      </trkpt>
      <trkpt lat="45.59575" lon="24.76059">
        <ele>1807.85</ele>
        <time>2023-10-07T07:45:04Z</time>
      </trkpt>
      <trkpt lat="45.59575" lon="24.76059">
        <ele>1807.85</ele>
        <time>2023-10-07T07:45:07Z</time>
      </trkpt>
      <trkpt lat="45.59575" lon="24.7606">
        <ele>1807.75</ele>
        <time>2023-10-07T07:45:10Z</time>
      </trkpt>
      <trkpt lat="45.59575" lon="24.7606">
        <ele>1807.75</ele>
        <time>2023-10-07T07:45:21Z</time>
      </trkpt>
      <trkpt lat="45.59575" lon="24.7606">
        <ele>1807.75</ele>
        <time>2023-10-07T07:45:27Z</time>
      </trkpt>
      <trkpt lat="45.59575" lon="24.7606">
        <ele>1807.75</ele>
        <time>2023-10-07T07:45:29Z</time>
      </trkpt>
      <trkpt lat="45.59575" lon="24.7606">
        <ele>1807.75</ele>
        <time>2023-10-07T07:45:36Z</time>
      </trkpt>
      <trkpt lat="45.59575" lon="24.7606">
        <ele>1807.75</ele>
        <time>2023-10-07T07:45:39Z</time>
      </trkpt>
      <trkpt lat="45.59576" lon="24.7606">
        <ele>1809.08</ele>
        <time>2023-10-07T07:45:41Z</time>
      </trkpt>
      <trkpt lat="45.59576" lon="24.76061">
        <ele>1808.99</ele>
        <time>2023-10-07T07:45:46Z</time>
      </trkpt>
      <trkpt lat="45.59576" lon="24.76061">
        <ele>1808.99</ele>
        <time>2023-10-07T07:45:48Z</time>
      </trkpt>
      <trkpt lat="45.59576" lon="24.76061">
        <ele>1808.99</ele>
        <time>2023-10-07T07:45:57Z</time>
      </trkpt>
      <trkpt lat="45.59576" lon="24.76061">
        <ele>1808.99</ele>
        <time>2023-10-07T07:46:02Z</time>
      </trkpt>
      <trkpt lat="45.59576" lon="24.76061">
        <ele>1808.99</ele>
        <time>2023-10-07T07:46:11Z</time>
      </trkpt>
      <trkpt lat="45.59576" lon="24.76062">
        <ele>1808.9</ele>
        <time>2023-10-07T07:46:18Z</time>
      </trkpt>
      <trkpt lat="45.59577" lon="24.76062">
        <ele>1810.24</ele>
        <time>2023-10-07T07:46:23Z</time>
      </trkpt>
      <trkpt lat="45.59577" lon="24.76062">
        <ele>1810.24</ele>
        <time>2023-10-07T07:46:27Z</time>
      </trkpt>
      <trkpt lat="45.59577" lon="24.76062">
        <ele>1810.24</ele>
        <time>2023-10-07T07:46:32Z</time>
      </trkpt>
      <trkpt lat="45.59577" lon="24.76062">
        <ele>1810.24</ele>
        <time>2023-10-07T07:46:38Z</time>
      </trkpt>
      <trkpt lat="45.59577" lon="24.76062">
        <ele>1810.24</ele>
        <time>2023-10-07T07:46:44Z</time>
      </trkpt>
      <trkpt lat="45.59577" lon="24.76062">
        <ele>1810.24</ele>
        <time>2023-10-07T07:46:53Z</time>
      </trkpt>
      <trkpt lat="45.59578" lon="24.76062">
        <ele>1811.59</ele>
        <time>2023-10-07T07:46:58Z</time>
      </trkpt>
      <trkpt lat="45.59578" lon="24.76062">
        <ele>1811.59</ele>
        <time>2023-10-07T07:47:07Z</time>
      </trkpt>
      <trkpt lat="45.59578" lon="24.76062">
        <ele>1811.59</ele>
        <time>2023-10-07T07:47:21Z</time>
      </trkpt>
      <trkpt lat="45.59579" lon="24.76062">
        <ele>1812.93</ele>
        <time>2023-10-07T07:47:27Z</time>
      </trkpt>
      <trkpt lat="45.59579" lon="24.76062">
        <ele>1812.93</ele>
        <time>2023-10-07T07:47:34Z</time>
      </trkpt>
      <trkpt lat="45.59579" lon="24.76062">
        <ele>1812.93</ele>
        <time>2023-10-07T07:47:41Z</time>
      </trkpt>
      <trkpt lat="45.59579" lon="24.76062">
        <ele>1812.93</ele>
        <time>2023-10-07T07:47:50Z</time>
      </trkpt>
      <trkpt lat="45.5958" lon="24.76062">
        <ele>1814.28</ele>
        <time>2023-10-07T07:47:58Z</time>
      </trkpt>
      <trkpt lat="45.59581" lon="24.76062">
        <ele>1815.63</ele>
        <time>2023-10-07T07:48:12Z</time>
      </trkpt>
      <trkpt lat="45.59581" lon="24.76062">
        <ele>1815.63</ele>
        <time>2023-10-07T07:48:24Z</time>
      </trkpt>
      <trkpt lat="45.59582" lon="24.76062">
        <ele>1816.97</ele>
        <time>2023-10-07T07:48:49Z</time>
      </trkpt>
      <trkpt lat="45.59582" lon="24.76062">
        <ele>1816.97</ele>
        <time>2023-10-07T07:48:53Z</time>
      </trkpt>
      <trkpt lat="45.59583" lon="24.76062">
        <ele>1818.32</ele>
        <time>2023-10-07T07:48:55Z</time>
      </trkpt>
      <trkpt lat="45.59583" lon="24.76062">
        <ele>1818.32</ele>
        <time>2023-10-07T07:48:59Z</time>
      </trkpt>
      <trkpt lat="45.59583" lon="24.76062">
        <ele>1818.32</ele>
        <time>2023-10-07T07:49:01Z</time>
      </trkpt>
      <trkpt lat="45.59583" lon="24.76062">
        <ele>1818.32</ele>
        <time>2023-10-07T07:49:08Z</time>
      </trkpt>
      <trkpt lat="45.59583" lon="24.76062">
        <ele>1818.32</ele>
        <time>2023-10-07T07:49:09Z</time>
      </trkpt>
      <trkpt lat="45.59584" lon="24.76063">
        <ele>1819.38</ele>
        <time>2023-10-07T07:49:20Z</time>
      </trkpt>
      <trkpt lat="45.59584" lon="24.76062">
        <ele>1819.41</ele>
        <time>2023-10-07T07:49:22Z</time>
      </trkpt>
      <trkpt lat="45.59584" lon="24.76062">
        <ele>1819.41</ele>
        <time>2023-10-07T07:49:28Z</time>
      </trkpt>
      <trkpt lat="45.59584" lon="24.76063">
        <ele>1819.38</ele>
        <time>2023-10-07T07:49:31Z</time>
      </trkpt>
      <trkpt lat="45.59585" lon="24.76063">
        <ele>1820.36</ele>
        <time>2023-10-07T07:49:37Z</time>
      </trkpt>
      <trkpt lat="45.59585" lon="24.76063">
        <ele>1820.36</ele>
        <time>2023-10-07T07:49:44Z</time>
      </trkpt>
      <trkpt lat="45.59586" lon="24.76063">
        <ele>1821.33</ele>
        <time>2023-10-07T07:49:54Z</time>
      </trkpt>
      <trkpt lat="45.59586" lon="24.76063">
        <ele>1821.33</ele>
        <time>2023-10-07T07:50:05Z</time>
      </trkpt>
      <trkpt lat="45.59589" lon="24.76063">
        <ele>1824.25</ele>
        <time>2023-10-07T07:50:47Z</time>
      </trkpt>
      <trkpt lat="45.59589" lon="24.76063">
        <ele>1824.25</ele>
        <time>2023-10-07T07:50:50Z</time>
      </trkpt>
      <trkpt lat="45.5959" lon="24.76063">
        <ele>1825.23</ele>
        <time>2023-10-07T07:51:14Z</time>
      </trkpt>
      <trkpt lat="45.59591" lon="24.76063">
        <ele>1826.2</ele>
        <time>2023-10-07T07:51:32Z</time>
      </trkpt>
      <trkpt lat="45.59591" lon="24.76063">
        <ele>1826.2</ele>
        <time>2023-10-07T07:51:35Z</time>
      </trkpt>
      <trkpt lat="45.59591" lon="24.76063">
        <ele>1826.2</ele>
        <time>2023-10-07T07:51:42Z</time>
      </trkpt>
      <trkpt lat="45.59592" lon="24.76063">
        <ele>1827.18</ele>
        <time>2023-10-07T07:51:54Z</time>
      </trkpt>
      <trkpt lat="45.59592" lon="24.76063">
        <ele>1827.18</ele>
        <time>2023-10-07T07:51:57Z</time>
      </trkpt>
      <trkpt lat="45.59592" lon="24.76063">
        <ele>1827.18</ele>
        <time>2023-10-07T07:52:00Z</time>
      </trkpt>
      <trkpt lat="45.59592" lon="24.76063">
        <ele>1827.18</ele>
        <time>2023-10-07T07:52:07Z</time>
      </trkpt>
      <trkpt lat="45.59593" lon="24.76063">
        <ele>1828.15</ele>
        <time>2023-10-07T07:52:15Z</time>
      </trkpt>
      <trkpt lat="45.59593" lon="24.76063">
        <ele>1828.15</ele>
        <time>2023-10-07T07:52:16Z</time>
      </trkpt>
      <trkpt lat="45.59593" lon="24.76063">
        <ele>1828.15</ele>
        <time>2023-10-07T07:52:19Z</time>
      </trkpt>
      <trkpt lat="45.59593" lon="24.76063">
        <ele>1828.15</ele>
        <time>2023-10-07T07:52:21Z</time>
      </trkpt>
      <trkpt lat="45.59593" lon="24.76063">
        <ele>1828.15</ele>
        <time>2023-10-07T07:52:27Z</time>
      </trkpt>
      <trkpt lat="45.59594" lon="24.76063">
        <ele>1829.13</ele>
        <time>2023-10-07T07:52:33Z</time>
      </trkpt>
      <trkpt lat="45.59594" lon="24.76063">
        <ele>1829.13</ele>
        <time>2023-10-07T07:52:35Z</time>
      </trkpt>
      <trkpt lat="45.59594" lon="24.76063">
        <ele>1829.13</ele>
        <time>2023-10-07T07:52:37Z</time>
      </trkpt>
      <trkpt lat="45.59594" lon="24.76063">
        <ele>1829.13</ele>
        <time>2023-10-07T07:52:43Z</time>
      </trkpt>
      <trkpt lat="45.59595" lon="24.76063">
        <ele>1830.1</ele>
        <time>2023-10-07T07:52:56Z</time>
      </trkpt>
      <trkpt lat="45.59596" lon="24.76063">
        <ele>1831.08</ele>
        <time>2023-10-07T07:53:02Z</time>
      </trkpt>
      <trkpt lat="45.59596" lon="24.76063">
        <ele>1831.08</ele>
        <time>2023-10-07T07:53:13Z</time>
      </trkpt>
      <trkpt lat="45.59597" lon="24.76063">
        <ele>1832.05</ele>
        <time>2023-10-07T07:53:19Z</time>
      </trkpt>
      <trkpt lat="45.59597" lon="24.76063">
        <ele>1832.05</ele>
        <time>2023-10-07T07:53:28Z</time>
      </trkpt>
      <trkpt lat="45.59597" lon="24.76063">
        <ele>1832.05</ele>
        <time>2023-10-07T07:53:29Z</time>
      </trkpt>
      <trkpt lat="45.59597" lon="24.76063">
        <ele>1832.05</ele>
        <time>2023-10-07T07:53:31Z</time>
      </trkpt>
      <trkpt lat="45.59598" lon="24.76063">
        <ele>1833.03</ele>
        <time>2023-10-07T07:53:34Z</time>
      </trkpt>
      <trkpt lat="45.59598" lon="24.76063">
        <ele>1833.03</ele>
        <time>2023-10-07T07:53:37Z</time>
      </trkpt>
      <trkpt lat="45.59598" lon="24.76063">
        <ele>1833.03</ele>
        <time>2023-10-07T07:53:41Z</time>
      </trkpt>
      <trkpt lat="45.59598" lon="24.76063">
        <ele>1833.03</ele>
        <time>2023-10-07T07:53:45Z</time>
      </trkpt>
      <trkpt lat="45.59599" lon="24.76063">
        <ele>1834.0</ele>
        <time>2023-10-07T07:54:01Z</time>
      </trkpt>
      <trkpt lat="45.596" lon="24.76063">
        <ele>1834.98</ele>
        <time>2023-10-07T07:54:10Z</time>
      </trkpt>
      <trkpt lat="45.596" lon="24.76063">
        <ele>1834.98</ele>
        <time>2023-10-07T07:54:15Z</time>
      </trkpt>
      <trkpt lat="45.59601" lon="24.76063">
        <ele>1835.95</ele>
        <time>2023-10-07T07:54:21Z</time>
      </trkpt>
      <trkpt lat="45.59601" lon="24.76063">
        <ele>1835.95</ele>
        <time>2023-10-07T07:54:27Z</time>
      </trkpt>
      <trkpt lat="45.59601" lon="24.76063">
        <ele>1835.95</ele>
        <time>2023-10-07T07:54:29Z</time>
      </trkpt>
      <trkpt lat="45.59601" lon="24.76063">
        <ele>1835.95</ele>
        <time>2023-10-07T07:54:33Z</time>
      </trkpt>
      <trkpt lat="45.59602" lon="24.76063">
        <ele>1836.92</ele>
        <time>2023-10-07T07:54:40Z</time>
      </trkpt>
      <trkpt lat="45.59602" lon="24.76063">
        <ele>1836.92</ele>
        <time>2023-10-07T07:54:43Z</time>
      </trkpt>
      <trkpt lat="45.59603" lon="24.76063">
        <ele>1837.9</ele>
        <time>2023-10-07T07:54:58Z</time>
      </trkpt>
      <trkpt lat="45.59604" lon="24.76063">
        <ele>1838.87</ele>
        <time>2023-10-07T07:55:05Z</time>
      </trkpt>
      <trkpt lat="45.59605" lon="24.76063">
        <ele>1839.85</ele>
        <time>2023-10-07T07:55:17Z</time>
      </trkpt>
      <trkpt lat="45.59605" lon="24.76063">
        <ele>1839.85</ele>
        <time>2023-10-07T07:55:22Z</time>
      </trkpt>
      <trkpt lat="45.59605" lon="24.76063">
        <ele>1839.85</ele>
        <time>2023-10-07T07:55:27Z</time>
      </trkpt>
      <trkpt lat="45.59606" lon="24.76063">
        <ele>1840.82</ele>
        <time>2023-10-07T07:55:36Z</time>
      </trkpt>
      <trkpt lat="45.59607" lon="24.76063">
        <ele>1841.8</ele>
        <time>2023-10-07T07:55:42Z</time>
      </trkpt>
      <trkpt lat="45.59607" lon="24.76063">
        <ele>1841.8</ele>
        <time>2023-10-07T07:55:45Z</time>
      </trkpt>
      <trkpt lat="45.59607" lon="24.76063">
        <ele>1841.8</ele>
        <time>2023-10-07T07:55:51Z</time>
      </trkpt>
      <trkpt lat="45.59608" lon="24.76063">
        <ele>1842.77</ele>
        <time>2023-10-07T07:55:59Z</time>
      </trkpt>
      <trkpt lat="45.59609" lon="24.76062">
        <ele>1843.65</ele>
        <time>2023-10-07T07:56:11Z</time>
      </trkpt>
      <trkpt lat="45.59609" lon="24.76062">
        <ele>1843.65</ele>
        <time>2023-10-07T07:56:21Z</time>
      </trkpt>
      <trkpt lat="45.59609" lon="24.76062">
        <ele>1843.65</ele>
        <time>2023-10-07T07:56:23Z</time>
      </trkpt>
      <trkpt lat="45.5961" lon="24.76062">
        <ele>1844.62</ele>
        <time>2023-10-07T07:56:26Z</time>
      </trkpt>
      <trkpt lat="45.5961" lon="24.76062">
        <ele>1844.62</ele>
        <time>2023-10-07T07:56:31Z</time>
      </trkpt>
      <trkpt lat="45.5961" lon="24.76062">
        <ele>1844.62</ele>
        <time>2023-10-07T07:56:34Z</time>
      </trkpt>
      <trkpt lat="45.59611" lon="24.76062">
        <ele>1845.59</ele>
        <time>2023-10-07T07:56:42Z</time>
      </trkpt>
      <trkpt lat="45.59611" lon="24.76062">
        <ele>1845.59</ele>
        <time>2023-10-07T07:56:43Z</time>
      </trkpt>
      <trkpt lat="45.59611" lon="24.76062">
        <ele>1845.59</ele>
        <time>2023-10-07T07:56:48Z</time>
      </trkpt>
      <trkpt lat="45.59612" lon="24.76062">
        <ele>1846.89</ele>
        <time>2023-10-07T07:56:53Z</time>
      </trkpt>
      <trkpt lat="45.59613" lon="24.76062">
        <ele>1848.23</ele>
        <time>2023-10-07T07:57:07Z</time>
      </trkpt>
      <trkpt lat="45.59613" lon="24.76062">
        <ele>1848.23</ele>
        <time>2023-10-07T07:57:13Z</time>
      </trkpt>
      <trkpt lat="45.59614" lon="24.76061">
        <ele>1849.48</ele>
        <time>2023-10-07T07:57:18Z</time>
      </trkpt>
      <trkpt lat="45.59614" lon="24.76061">
        <ele>1849.48</ele>
        <time>2023-10-07T07:57:26Z</time>
      </trkpt>
      <trkpt lat="45.59615" lon="24.76061">
        <ele>1850.83</ele>
        <time>2023-10-07T07:57:33Z</time>
      </trkpt>
      <trkpt lat="45.59615" lon="24.76061">
        <ele>1850.83</ele>
        <time>2023-10-07T07:57:40Z</time>
      </trkpt>
      <trkpt lat="45.59639" lon="24.76053">
        <ele>1883.11</ele>
        <time>2023-10-07T07:57:48Z</time>
      </trkpt>
      <trkpt lat="45.59662" lon="24.76046">
        <ele>1904.61</ele>
        <time>2023-10-07T07:57:50Z</time>
      </trkpt>
      <trkpt lat="45.59686" lon="24.76037">
        <ele>1926.09</ele>
        <time>2023-10-07T07:57:52Z</time>
      </trkpt>
      <trkpt lat="45.59697" lon="24.76033">
        <ele>1935.16</ele>
        <time>2023-10-07T07:57:53Z</time>
      </trkpt>
      <trkpt lat="45.59721" lon="24.76025">
        <ele>1951.53</ele>
        <time>2023-10-07T07:57:55Z</time>
      </trkpt>
      <trkpt lat="45.59732" lon="24.76021">
        <ele>1961.88</ele>
        <time>2023-10-07T07:57:57Z</time>
      </trkpt>
      <trkpt lat="45.59733" lon="24.76018">
        <ele>1962.93</ele>
        <time>2023-10-07T07:58:01Z</time>
      </trkpt>
      <trkpt lat="45.59734" lon="24.76019">
        <ele>1963.77</ele>
        <time>2023-10-07T07:58:05Z</time>
      </trkpt>
      <trkpt lat="45.59735" lon="24.76019">
        <ele>1964.67</ele>
        <time>2023-10-07T07:58:08Z</time>
      </trkpt>
      <trkpt lat="45.59735" lon="24.76018">
        <ele>1964.69</ele>
        <time>2023-10-07T07:58:10Z</time>
      </trkpt>
      <trkpt lat="45.59736" lon="24.76018">
        <ele>1965.58</ele>
        <time>2023-10-07T07:58:17Z</time>
      </trkpt>
      <trkpt lat="45.59736" lon="24.76018">
        <ele>1965.58</ele>
        <time>2023-10-07T07:58:22Z</time>
      </trkpt>
      <trkpt lat="45.59736" lon="24.76018">
        <ele>1965.58</ele>
        <time>2023-10-07T07:58:26Z</time>
      </trkpt>
      <trkpt lat="45.59736" lon="24.76018">
        <ele>1965.58</ele>
        <time>2023-10-07T07:58:32Z</time>
      </trkpt>
      <trkpt lat="45.59736" lon="24.76018">
        <ele>1965.58</ele>
        <time>2023-10-07T07:58:36Z</time>
      </trkpt>
      <trkpt lat="45.59736" lon="24.76018">
        <ele>1965.58</ele>
        <time>2023-10-07T07:58:42Z</time>
      </trkpt>
      <trkpt lat="45.59736" lon="24.76018">
        <ele>1965.58</ele>
        <time>2023-10-07T07:58:46Z</time>
      </trkpt>
      <trkpt lat="45.59736" lon="24.76018">
        <ele>1965.58</ele>
        <time>2023-10-07T07:58:51Z</time>
      </trkpt>
      <trkpt lat="45.59736" lon="24.76018">
        <ele>1965.58</ele>
        <time>2023-10-07T07:58:54Z</time>
      </trkpt>
      <trkpt lat="45.59736" lon="24.76017">
        <ele>1965.6</ele>
        <time>2023-10-07T07:59:01Z</time>
      </trkpt>
      <trkpt lat="45.59737" lon="24.76014">
        <ele>1966.5</ele>
        <time>2023-10-07T07:59:07Z</time>
      </trkpt>
      <trkpt lat="45.59737" lon="24.76014">
        <ele>1966.5</ele>
        <time>2023-10-07T07:59:13Z</time>
      </trkpt>
      <trkpt lat="45.59739" lon="24.76014">
        <ele>1968.19</ele>
        <time>2023-10-07T07:59:23Z</time>
      </trkpt>
      <trkpt lat="45.59739" lon="24.76014">
        <ele>1968.19</ele>
        <time>2023-10-07T07:59:31Z</time>
      </trkpt>
      <trkpt lat="45.59739" lon="24.76014">
        <ele>1968.19</ele>
        <time>2023-10-07T07:59:40Z</time>
      </trkpt>
      <trkpt lat="45.59739" lon="24.76014">
        <ele>1968.19</ele>
        <time>2023-10-07T07:59:45Z</time>
      </trkpt>
      <trkpt lat="45.59739" lon="24.76015">
        <ele>1968.2</ele>
        <time>2023-10-07T07:59:50Z</time>
      </trkpt>
      <trkpt lat="45.59739" lon="24.76015">
        <ele>1968.2</ele>
        <time>2023-10-07T07:59:54Z</time>
      </trkpt>
      <trkpt lat="45.59739" lon="24.76017">
        <ele>1968.22</ele>
        <time>2023-10-07T07:59:57Z</time>
      </trkpt>
      <trkpt lat="45.59739" lon="24.76021">
        <ele>1968.25</ele>
        <time>2023-10-07T08:00:03Z</time>
      </trkpt>
      <trkpt lat="45.59743" lon="24.76022">
        <ele>1971.94</ele>
        <time>2023-10-07T08:00:44Z</time>
      </trkpt>
      <trkpt lat="45.59743" lon="24.76022">
        <ele>1971.94</ele>
        <time>2023-10-07T08:00:47Z</time>
      </trkpt>
      <trkpt lat="45.59743" lon="24.76022">
        <ele>1971.94</ele>
        <time>2023-10-07T08:00:52Z</time>
      </trkpt>
      <trkpt lat="45.59743" lon="24.76022">
        <ele>1971.94</ele>
        <time>2023-10-07T08:00:54Z</time>
      </trkpt>
      <trkpt lat="45.59743" lon="24.76022">
        <ele>1971.94</ele>
        <time>2023-10-07T08:00:56Z</time>
      </trkpt>
      <trkpt lat="45.59744" lon="24.76021">
        <ele>1972.8</ele>
        <time>2023-10-07T08:01:06Z</time>
      </trkpt>
      <trkpt lat="45.59744" lon="24.76021">
        <ele>1972.8</ele>
        <time>2023-10-07T08:01:10Z</time>
      </trkpt>
      <trkpt lat="45.59744" lon="24.76021">
        <ele>1972.8</ele>
        <time>2023-10-07T08:01:12Z</time>
      </trkpt>
      <trkpt lat="45.59744" lon="24.76021">
        <ele>1972.8</ele>
        <time>2023-10-07T08:01:22Z</time>
      </trkpt>
      <trkpt lat="45.59745" lon="24.76021">
        <ele>1973.72</ele>
        <time>2023-10-07T08:01:29Z</time>
      </trkpt>
      <trkpt lat="45.59745" lon="24.76021">
        <ele>1973.72</ele>
        <time>2023-10-07T08:01:35Z</time>
      </trkpt>
      <trkpt lat="45.59745" lon="24.76021">
        <ele>1973.72</ele>
        <time>2023-10-07T08:01:42Z</time>
      </trkpt>
      <trkpt lat="45.59745" lon="24.76021">
        <ele>1973.72</ele>
        <time>2023-10-07T08:01:49Z</time>
      </trkpt>
      <trkpt lat="45.59744" lon="24.76021">
        <ele>1972.8</ele>
        <time>2023-10-07T08:02:08Z</time>
      </trkpt>
      <trkpt lat="45.59744" lon="24.76021">
        <ele>1972.8</ele>
        <time>2023-10-07T08:02:12Z</time>
      </trkpt>
      <trkpt lat="45.59744" lon="24.76021">
        <ele>1972.8</ele>
        <time>2023-10-07T08:02:22Z</time>
      </trkpt>
      <trkpt lat="45.59744" lon="24.7602">
        <ele>1972.75</ele>
        <time>2023-10-07T08:02:30Z</time>
      </trkpt>
      <trkpt lat="45.59744" lon="24.7602">
        <ele>1972.75</ele>
        <time>2023-10-07T08:02:38Z</time>
      </trkpt>
      <trkpt lat="45.59744" lon="24.7602">
        <ele>1972.75</ele>
        <time>2023-10-07T08:02:55Z</time>
      </trkpt>
      <trkpt lat="45.59744" lon="24.7602">
        <ele>1972.75</ele>
        <time>2023-10-07T08:02:57Z</time>
      </trkpt>
      <trkpt lat="45.59744" lon="24.7602">
        <ele>1972.75</ele>
        <time>2023-10-07T08:02:58Z</time>
      </trkpt>
      <trkpt lat="45.59744" lon="24.7602">
        <ele>1972.75</ele>
        <time>2023-10-07T08:03:09Z</time>
      </trkpt>
      <trkpt lat="45.59744" lon="24.76021">
        <ele>1972.8</ele>
        <time>2023-10-07T08:03:11Z</time>
      </trkpt>
      <trkpt lat="45.59744" lon="24.76021">
        <ele>1972.8</ele>
        <time>2023-10-07T08:03:15Z</time>
      </trkpt>
      <trkpt lat="45.59744" lon="24.7602">
        <ele>1972.75</ele>
        <time>2023-10-07T08:03:18Z</time>
      </trkpt>
      <trkpt lat="45.59744" lon="24.7602">
        <ele>1972.75</ele>
        <time>2023-10-07T08:03:21Z</time>
      </trkpt>
      <trkpt lat="45.59744" lon="24.76021">
        <ele>1972.8</ele>
        <time>2023-10-07T08:03:31Z</time>
      </trkpt>
      <trkpt lat="45.59744" lon="24.76021">
        <ele>1972.8</ele>
        <time>2023-10-07T08:03:39Z</time>
      </trkpt>
      <trkpt lat="45.59744" lon="24.7602">
        <ele>1972.75</ele>
        <time>2023-10-07T08:03:59Z</time>
      </trkpt>
      <trkpt lat="45.59744" lon="24.7602">
        <ele>1972.75</ele>
        <time>2023-10-07T08:04:04Z</time>
      </trkpt>
      <trkpt lat="45.59744" lon="24.7602">
        <ele>1972.75</ele>
        <time>2023-10-07T08:04:12Z</time>
      </trkpt>
      <trkpt lat="45.59744" lon="24.7602">
        <ele>1972.75</ele>
        <time>2023-10-07T08:04:20Z</time>
      </trkpt>
      <trkpt lat="45.59744" lon="24.7602">
        <ele>1972.75</ele>
        <time>2023-10-07T08:04:24Z</time>
      </trkpt>
      <trkpt lat="45.59744" lon="24.7602">
        <ele>1972.75</ele>
        <time>2023-10-07T08:04:29Z</time>
      </trkpt>
      <trkpt lat="45.59744" lon="24.7602">
        <ele>1972.75</ele>
        <time>2023-10-07T08:04:39Z</time>
      </trkpt>
      <trkpt lat="45.59744" lon="24.7602">
        <ele>1972.75</ele>
        <time>2023-10-07T08:04:43Z</time>
      </trkpt>
      <trkpt lat="45.59744" lon="24.7602">
        <ele>1972.75</ele>
        <time>2023-10-07T08:04:45Z</time>
      </trkpt>
      <trkpt lat="45.59744" lon="24.7602">
        <ele>1972.75</ele>
        <time>2023-10-07T08:04:50Z</time>
      </trkpt>
      <trkpt lat="45.59744" lon="24.7602">
        <ele>1972.75</ele>
        <time>2023-10-07T08:04:52Z</time>
      </trkpt>
      <trkpt lat="45.59744" lon="24.7602">
        <ele>1972.75</ele>
        <time>2023-10-07T08:04:57Z</time>
      </trkpt>
      <trkpt lat="45.59744" lon="24.7602">
        <ele>1972.75</ele>
        <time>2023-10-07T08:05:03Z</time>
      </trkpt>
      <trkpt lat="45.59744" lon="24.7602">
        <ele>1972.75</ele>
        <time>2023-10-07T08:05:07Z</time>
      </trkpt>
      <trkpt lat="45.59744" lon="24.7602">
        <ele>1972.75</ele>
        <time>2023-10-07T08:05:12Z</time>
      </trkpt>
      <trkpt lat="45.59744" lon="24.7602">
        <ele>1972.75</ele>
        <time>2023-10-07T08:05:17Z</time>
      </trkpt>
      <trkpt lat="45.59744" lon="24.7602">
        <ele>1972.75</ele>
        <time>2023-10-07T08:05:22Z</time>
      </trkpt>
      <trkpt lat="45.59744" lon="24.7602">
        <ele>1972.75</ele>
        <time>2023-10-07T08:05:23Z</time>
      </trkpt>
      <trkpt lat="45.59744" lon="24.7602">
        <ele>1972.75</ele>
        <time>2023-10-07T08:05:27Z</time>
      </trkpt>
      <trkpt lat="45.59744" lon="24.7602">
        <ele>1972.75</ele>
        <time>2023-10-07T08:05:30Z</time>
      </trkpt>
      <trkpt lat="45.59744" lon="24.7602">
        <ele>1972.75</ele>
        <time>2023-10-07T08:05:37Z</time>
      </trkpt>
      <trkpt lat="45.59744" lon="24.7602">
        <ele>1972.75</ele>
        <time>2023-10-07T08:05:43Z</time>
      </trkpt>
      <trkpt lat="45.59744" lon="24.7602">
        <ele>1972.75</ele>
        <time>2023-10-07T08:06:11Z</time>
      </trkpt>
      <trkpt lat="45.59744" lon="24.7602">
        <ele>1972.75</ele>
        <time>2023-10-07T08:06:13Z</time>
      </trkpt>
      <trkpt lat="45.59752" lon="24.76007">
        <ele>1978.97</ele>
        <time>2023-10-07T08:06:22Z</time>
      </trkpt>
      <trkpt lat="45.59754" lon="24.76001">
        <ele>1980.44</ele>
        <time>2023-10-07T08:06:24Z</time>
      </trkpt>
      <trkpt lat="45.5976" lon="24.75992">
        <ele>1986.22</ele>
        <time>2023-10-07T08:06:28Z</time>
      </trkpt>
      <trkpt lat="45.5976" lon="24.7599">
        <ele>1986.08</ele>
        <time>2023-10-07T08:06:31Z</time>
      </trkpt>
      <trkpt lat="45.59761" lon="24.75988">
        <ele>1987.02</ele>
        <time>2023-10-07T08:06:36Z</time>
      </trkpt>
      <trkpt lat="45.59761" lon="24.75987">
        <ele>1986.94</ele>
        <time>2023-10-07T08:06:37Z</time>
      </trkpt>
      <trkpt lat="45.59763" lon="24.75984">
        <ele>1988.89</ele>
        <time>2023-10-07T08:06:42Z</time>
      </trkpt>
      <trkpt lat="45.59763" lon="24.75984">
        <ele>1988.89</ele>
        <time>2023-10-07T08:06:43Z</time>
      </trkpt>
      <trkpt lat="45.59763" lon="24.75984">
        <ele>1988.89</ele>
        <time>2023-10-07T08:06:51Z</time>
      </trkpt>
      <trkpt lat="45.59766" lon="24.75979">
        <ele>1991.77</ele>
        <time>2023-10-07T08:07:10Z</time>
      </trkpt>
      <trkpt lat="45.59767" lon="24.75977">
        <ele>1992.7</ele>
        <time>2023-10-07T08:07:12Z</time>
      </trkpt>
      <trkpt lat="45.59768" lon="24.75974">
        <ele>1993.57</ele>
        <time>2023-10-07T08:07:14Z</time>
      </trkpt>
      <trkpt lat="45.5977" lon="24.75972">
        <ele>1995.6</ele>
        <time>2023-10-07T08:07:18Z</time>
      </trkpt>
      <trkpt lat="45.5977" lon="24.7597">
        <ele>1995.64</ele>
        <time>2023-10-07T08:07:21Z</time>
      </trkpt>
      <trkpt lat="45.59771" lon="24.75967">
        <ele>1996.77</ele>
        <time>2023-10-07T08:07:26Z</time>
      </trkpt>
      <trkpt lat="45.59771" lon="24.75963">
        <ele>1996.84</ele>
        <time>2023-10-07T08:07:31Z</time>
      </trkpt>
      <trkpt lat="45.59771" lon="24.75962">
        <ele>1996.86</ele>
        <time>2023-10-07T08:07:33Z</time>
      </trkpt>
      <trkpt lat="45.59771" lon="24.7596">
        <ele>1996.89</ele>
        <time>2023-10-07T08:07:36Z</time>
      </trkpt>
      <trkpt lat="45.59768" lon="24.75961">
        <ele>1993.72</ele>
        <time>2023-10-07T08:07:41Z</time>
      </trkpt>
      <trkpt lat="45.59766" lon="24.75962">
        <ele>1991.59</ele>
        <time>2023-10-07T08:07:47Z</time>
      </trkpt>
      <trkpt lat="45.59766" lon="24.75962">
        <ele>1991.59</ele>
        <time>2023-10-07T08:07:56Z</time>
      </trkpt>
      <trkpt lat="45.59765" lon="24.75956">
        <ele>1990.74</ele>
        <time>2023-10-07T08:08:02Z</time>
      </trkpt>
      <trkpt lat="45.59765" lon="24.75952">
        <ele>1990.87</ele>
        <time>2023-10-07T08:08:04Z</time>
      </trkpt>
      <trkpt lat="45.59763" lon="24.75946">
        <ele>1989.04</ele>
        <time>2023-10-07T08:08:08Z</time>
      </trkpt>
      <trkpt lat="45.59763" lon="24.75944">
        <ele>1989.11</ele>
        <time>2023-10-07T08:08:12Z</time>
      </trkpt>
      <trkpt lat="45.59763" lon="24.75944">
        <ele>1989.11</ele>
        <time>2023-10-07T08:08:13Z</time>
      </trkpt>
      <trkpt lat="45.59763" lon="24.75943">
        <ele>1989.13</ele>
        <time>2023-10-07T08:08:18Z</time>
      </trkpt>
      <trkpt lat="45.59763" lon="24.75943">
        <ele>1989.13</ele>
        <time>2023-10-07T08:08:35Z</time>
      </trkpt>
      <trkpt lat="45.59763" lon="24.75939">
        <ele>1989.22</ele>
        <time>2023-10-07T08:08:39Z</time>
      </trkpt>
      <trkpt lat="45.59763" lon="24.75932">
        <ele>1989.37</ele>
        <time>2023-10-07T08:08:45Z</time>
      </trkpt>
      <trkpt lat="45.59763" lon="24.75932">
        <ele>1989.37</ele>
        <time>2023-10-07T08:08:46Z</time>
      </trkpt>
      <trkpt lat="45.59764" lon="24.75922">
        <ele>1990.51</ele>
        <time>2023-10-07T08:08:51Z</time>
      </trkpt>
      <trkpt lat="45.59763" lon="24.75915">
        <ele>1990.08</ele>
        <time>2023-10-07T08:08:54Z</time>
      </trkpt>
      <trkpt lat="45.59763" lon="24.75909">
        <ele>1991.46</ele>
        <time>2023-10-07T08:08:58Z</time>
      </trkpt>
      <trkpt lat="45.59764" lon="24.75905">
        <ele>1993.1</ele>
        <time>2023-10-07T08:09:02Z</time>
      </trkpt>
      <trkpt lat="45.59767" lon="24.75901">
        <ele>1995.93</ele>
        <time>2023-10-07T08:09:09Z</time>
      </trkpt>
      <trkpt lat="45.59767" lon="24.75901">
        <ele>1995.93</ele>
        <time>2023-10-07T08:09:11Z</time>
      </trkpt>
      <trkpt lat="45.59769" lon="24.75895">
        <ele>1998.06</ele>
        <time>2023-10-07T08:09:19Z</time>
      </trkpt>
      <trkpt lat="45.59771" lon="24.75892">
        <ele>1999.5</ele>
        <time>2023-10-07T08:09:23Z</time>
      </trkpt>
      <trkpt lat="45.59771" lon="24.75889">
        <ele>1999.82</ele>
        <time>2023-10-07T08:09:31Z</time>
      </trkpt>
      <trkpt lat="45.59768" lon="24.75886">
        <ele>1998.7</ele>
        <time>2023-10-07T08:09:35Z</time>
      </trkpt>
      <trkpt lat="45.59766" lon="24.75883">
        <ele>1998.03</ele>
        <time>2023-10-07T08:09:39Z</time>
      </trkpt>
      <trkpt lat="45.59766" lon="24.75881">
        <ele>1998.22</ele>
        <time>2023-10-07T08:09:41Z</time>
      </trkpt>
      <trkpt lat="45.59766" lon="24.75873">
        <ele>1998.96</ele>
        <time>2023-10-07T08:09:47Z</time>
      </trkpt>
      <trkpt lat="45.59765" lon="24.75864">
        <ele>1999.3</ele>
        <time>2023-10-07T08:09:55Z</time>
      </trkpt>
      <trkpt lat="45.59762" lon="24.75856">
        <ele>1998.21</ele>
        <time>2023-10-07T08:10:03Z</time>
      </trkpt>
      <trkpt lat="45.59762" lon="24.75856">
        <ele>1998.21</ele>
        <time>2023-10-07T08:10:04Z</time>
      </trkpt>
      <trkpt lat="45.59759" lon="24.75851">
        <ele>1996.77</ele>
        <time>2023-10-07T08:10:11Z</time>
      </trkpt>
      <trkpt lat="45.59758" lon="24.75849">
        <ele>1996.28</ele>
        <time>2023-10-07T08:10:15Z</time>
      </trkpt>
      <trkpt lat="45.59757" lon="24.75848">
        <ele>1995.77</ele>
        <time>2023-10-07T08:10:19Z</time>
      </trkpt>
      <trkpt lat="45.59757" lon="24.75845">
        <ele>1995.82</ele>
        <time>2023-10-07T08:10:22Z</time>
      </trkpt>
      <trkpt lat="45.59757" lon="24.75844">
        <ele>1995.84</ele>
        <time>2023-10-07T08:10:25Z</time>
      </trkpt>
      <trkpt lat="45.59757" lon="24.75843">
        <ele>1995.86</ele>
        <time>2023-10-07T08:10:28Z</time>
      </trkpt>
      <trkpt lat="45.59757" lon="24.75842">
        <ele>1995.87</ele>
        <time>2023-10-07T08:10:29Z</time>
      </trkpt>
      <trkpt lat="45.59755" lon="24.75842">
        <ele>1994.77</ele>
        <time>2023-10-07T08:10:33Z</time>
      </trkpt>
      <trkpt lat="45.59755" lon="24.75839">
        <ele>1994.81</ele>
        <time>2023-10-07T08:10:37Z</time>
      </trkpt>
      <trkpt lat="45.59755" lon="24.75838">
        <ele>1994.82</ele>
        <time>2023-10-07T08:10:44Z</time>
      </trkpt>
      <trkpt lat="45.59755" lon="24.75838">
        <ele>1994.82</ele>
        <time>2023-10-07T08:10:53Z</time>
      </trkpt>
      <trkpt lat="45.59754" lon="24.75836">
        <ele>1994.28</ele>
        <time>2023-10-07T08:10:59Z</time>
      </trkpt>
      <trkpt lat="45.59754" lon="24.75833">
        <ele>1994.31</ele>
        <time>2023-10-07T08:11:04Z</time>
      </trkpt>
      <trkpt lat="45.59754" lon="24.75832">
        <ele>1994.35</ele>
        <time>2023-10-07T08:11:05Z</time>
      </trkpt>
      <trkpt lat="45.59754" lon="24.75824">
        <ele>1994.59</ele>
        <time>2023-10-07T08:11:11Z</time>
      </trkpt>
      <trkpt lat="45.59754" lon="24.75822">
        <ele>1994.65</ele>
        <time>2023-10-07T08:11:12Z</time>
      </trkpt>
      <trkpt lat="45.59754" lon="24.75816">
        <ele>1994.84</ele>
        <time>2023-10-07T08:11:14Z</time>
      </trkpt>
      <trkpt lat="45.59756" lon="24.75804">
        <ele>1996.34</ele>
        <time>2023-10-07T08:11:19Z</time>
      </trkpt>
      <trkpt lat="45.59757" lon="24.75798">
        <ele>1997.26</ele>
        <time>2023-10-07T08:11:24Z</time>
      </trkpt>
      <trkpt lat="45.59758" lon="24.75797">
        <ele>1997.85</ele>
        <time>2023-10-07T08:11:25Z</time>
      </trkpt>
      <trkpt lat="45.59758" lon="24.7579">
        <ele>1998.28</ele>
        <time>2023-10-07T08:11:31Z</time>
      </trkpt>
      <trkpt lat="45.59758" lon="24.7579">
        <ele>1998.28</ele>
        <time>2023-10-07T08:11:32Z</time>
      </trkpt>
      <trkpt lat="45.59759" lon="24.75787">
        <ele>1998.98</ele>
        <time>2023-10-07T08:11:37Z</time>
      </trkpt>
      <trkpt lat="45.5976" lon="24.75779">
        <ele>1999.97</ele>
        <time>2023-10-07T08:11:46Z</time>
      </trkpt>
      <trkpt lat="45.59763" lon="24.75773">
        <ele>2002.01</ele>
        <time>2023-10-07T08:11:51Z</time>
      </trkpt>
      <trkpt lat="45.59763" lon="24.75769">
        <ele>2002.39</ele>
        <time>2023-10-07T08:11:54Z</time>
      </trkpt>
      <trkpt lat="45.59764" lon="24.75768">
        <ele>2002.93</ele>
        <time>2023-10-07T08:11:56Z</time>
      </trkpt>
      <trkpt lat="45.59765" lon="24.75767">
        <ele>2003.45</ele>
        <time>2023-10-07T08:11:58Z</time>
      </trkpt>
      <trkpt lat="45.59767" lon="24.75763">
        <ele>2004.6</ele>
        <time>2023-10-07T08:12:03Z</time>
      </trkpt>
      <trkpt lat="45.59769" lon="24.75756">
        <ele>2005.81</ele>
        <time>2023-10-07T08:12:10Z</time>
      </trkpt>
      <trkpt lat="45.5977" lon="24.75755">
        <ele>2006.23</ele>
        <time>2023-10-07T08:12:11Z</time>
      </trkpt>
      <trkpt lat="45.5977" lon="24.75752">
        <ele>2006.38</ele>
        <time>2023-10-07T08:12:14Z</time>
      </trkpt>
    </trkseg>
    <trkseg>
      <trkpt lat="45.5977" lon="24.75751">
        <ele>2006.43</ele>
        <time>2023-10-07T08:12:15Z</time>
      </trkpt>
      <trkpt lat="45.59772" lon="24.75747">
        <ele>2007.3</ele>
        <time>2023-10-07T08:12:20Z</time>
      </trkpt>
      <trkpt lat="45.59778" lon="24.75741">
        <ele>2009.39</ele>
        <time>2023-10-07T08:12:29Z</time>
      </trkpt>
      <trkpt lat="45.5978" lon="24.75739">
        <ele>2010.02</ele>
        <time>2023-10-07T08:12:31Z</time>
      </trkpt>
      <trkpt lat="45.5978" lon="24.75739">
        <ele>2010.02</ele>
        <time>2023-10-07T08:12:32Z</time>
      </trkpt>
      <trkpt lat="45.59783" lon="24.75731">
        <ele>2010.99</ele>
        <time>2023-10-07T08:12:38Z</time>
      </trkpt>
      <trkpt lat="45.59784" lon="24.7573">
        <ele>2011.25</ele>
        <time>2023-10-07T08:12:39Z</time>
      </trkpt>
      <trkpt lat="45.59787" lon="24.75726">
        <ele>2011.99</ele>
        <time>2023-10-07T08:12:43Z</time>
      </trkpt>
      <trkpt lat="45.59788" lon="24.75722">
        <ele>2012.21</ele>
        <time>2023-10-07T08:12:46Z</time>
      </trkpt>
      <trkpt lat="45.59789" lon="24.75721">
        <ele>2012.41</ele>
        <time>2023-10-07T08:12:47Z</time>
      </trkpt>
      <trkpt lat="45.59789" lon="24.75719">
        <ele>2012.38</ele>
        <time>2023-10-07T08:12:48Z</time>
      </trkpt>
      <trkpt lat="45.5979" lon="24.75716">
        <ele>2012.54</ele>
        <time>2023-10-07T08:12:50Z</time>
      </trkpt>
      <trkpt lat="45.59793" lon="24.75708">
        <ele>2013.01</ele>
        <time>2023-10-07T08:12:56Z</time>
      </trkpt>
      <trkpt lat="45.59799" lon="24.757">
        <ele>2013.97</ele>
        <time>2023-10-07T08:13:03Z</time>
      </trkpt>
      <trkpt lat="45.59801" lon="24.75698">
        <ele>2014.29</ele>
        <time>2023-10-07T08:13:06Z</time>
      </trkpt>
      <trkpt lat="45.59807" lon="24.75689">
        <ele>2015.62</ele>
        <time>2023-10-07T08:13:16Z</time>
      </trkpt>
      <trkpt lat="45.59808" lon="24.75688">
        <ele>2015.84</ele>
        <time>2023-10-07T08:13:17Z</time>
      </trkpt>
      <trkpt lat="45.59809" lon="24.75686">
        <ele>2016.11</ele>
        <time>2023-10-07T08:13:19Z</time>
      </trkpt>
      <trkpt lat="45.59812" lon="24.75681">
        <ele>2016.79</ele>
        <time>2023-10-07T08:13:24Z</time>
      </trkpt>
      <trkpt lat="45.59813" lon="24.75679">
        <ele>2017.0</ele>
        <time>2023-10-07T08:13:26Z</time>
      </trkpt>
      <trkpt lat="45.59817" lon="24.75675">
        <ele>2017.59</ele>
        <time>2023-10-07T08:13:31Z</time>
      </trkpt>
      <trkpt lat="45.5982" lon="24.75671">
        <ele>2017.97</ele>
        <time>2023-10-07T08:13:35Z</time>
      </trkpt>
      <trkpt lat="45.59821" lon="24.75669">
        <ele>2018.08</ele>
        <time>2023-10-07T08:13:37Z</time>
      </trkpt>
      <trkpt lat="45.59824" lon="24.75668">
        <ele>2018.33</ele>
        <time>2023-10-07T08:13:39Z</time>
      </trkpt>
      <trkpt lat="45.59828" lon="24.75667">
        <ele>2018.62</ele>
        <time>2023-10-07T08:13:43Z</time>
      </trkpt>
      <trkpt lat="45.5983" lon="24.75665">
        <ele>2018.71</ele>
        <time>2023-10-07T08:13:46Z</time>
      </trkpt>
      <trkpt lat="45.5983" lon="24.75664">
        <ele>2018.69</ele>
        <time>2023-10-07T08:13:47Z</time>
      </trkpt>
      <trkpt lat="45.5983" lon="24.75656">
        <ele>2018.47</ele>
        <time>2023-10-07T08:13:52Z</time>
      </trkpt>
      <trkpt lat="45.59831" lon="24.75653">
        <ele>2018.42</ele>
        <time>2023-10-07T08:13:54Z</time>
      </trkpt>
      <trkpt lat="45.59831" lon="24.75648">
        <ele>2018.27</ele>
        <time>2023-10-07T08:13:57Z</time>
      </trkpt>
      <trkpt lat="45.59833" lon="24.7564">
        <ele>2018.04</ele>
        <time>2023-10-07T08:14:02Z</time>
      </trkpt>
      <trkpt lat="45.59835" lon="24.7563">
        <ele>2017.52</ele>
        <time>2023-10-07T08:14:09Z</time>
      </trkpt>
      <trkpt lat="45.59836" lon="24.75628">
        <ele>2017.34</ele>
        <time>2023-10-07T08:14:10Z</time>
      </trkpt>
      <trkpt lat="45.59838" lon="24.75623">
        <ele>2016.9</ele>
        <time>2023-10-07T08:14:13Z</time>
      </trkpt>
      <trkpt lat="45.59842" lon="24.75618">
        <ele>2016.15</ele>
        <time>2023-10-07T08:14:19Z</time>
      </trkpt>
      <trkpt lat="45.59844" lon="24.75616">
        <ele>2015.78</ele>
        <time>2023-10-07T08:14:22Z</time>
      </trkpt>
      <trkpt lat="45.59844" lon="24.75616">
        <ele>2015.78</ele>
        <time>2023-10-07T08:14:23Z</time>
      </trkpt>
      <trkpt lat="45.59844" lon="24.75613">
        <ele>2015.58</ele>
        <time>2023-10-07T08:14:25Z</time>
      </trkpt>
      <trkpt lat="45.5985" lon="24.75614">
        <ele>2014.83</ele>
        <time>2023-10-07T08:14:30Z</time>
      </trkpt>
      <trkpt lat="45.59858" lon="24.75617">
        <ele>2014.04</ele>
        <time>2023-10-07T08:14:37Z</time>
      </trkpt>
      <trkpt lat="45.59859" lon="24.75617">
        <ele>2013.91</ele>
        <time>2023-10-07T08:14:39Z</time>
      </trkpt>
      <trkpt lat="45.5986" lon="24.75615">
        <ele>2013.57</ele>
        <time>2023-10-07T08:14:41Z</time>
      </trkpt>
      <trkpt lat="45.59862" lon="24.7561">
        <ele>2013.14</ele>
        <time>2023-10-07T08:14:45Z</time>
      </trkpt>
      <trkpt lat="45.59863" lon="24.75609">
        <ele>2013.27</ele>
        <time>2023-10-07T08:14:46Z</time>
      </trkpt>
      <trkpt lat="45.59866" lon="24.75604">
        <ele>2013.73</ele>
        <time>2023-10-07T08:14:52Z</time>
      </trkpt>
      <trkpt lat="45.59867" lon="24.75603">
        <ele>2013.82</ele>
        <time>2023-10-07T08:14:53Z</time>
      </trkpt>
      <trkpt lat="45.59867" lon="24.75603">
        <ele>2013.82</ele>
        <time>2023-10-07T08:14:54Z</time>
      </trkpt>
      <trkpt lat="45.59867" lon="24.75602">
        <ele>2013.87</ele>
        <time>2023-10-07T08:14:58Z</time>
      </trkpt>
      <trkpt lat="45.59867" lon="24.75602">
        <ele>2013.87</ele>
        <time>2023-10-07T08:15:06Z</time>
      </trkpt>
      <trkpt lat="45.59867" lon="24.75597">
        <ele>2014.12</ele>
        <time>2023-10-07T08:15:20Z</time>
      </trkpt>
      <trkpt lat="45.59867" lon="24.75592">
        <ele>2014.36</ele>
        <time>2023-10-07T08:15:22Z</time>
      </trkpt>
      <trkpt lat="45.59867" lon="24.75585">
        <ele>2014.71</ele>
        <time>2023-10-07T08:15:27Z</time>
      </trkpt>
      <trkpt lat="45.59868" lon="24.75585">
        <ele>2014.68</ele>
        <time>2023-10-07T08:15:32Z</time>
      </trkpt>
      <trkpt lat="45.59868" lon="24.75585">
        <ele>2014.68</ele>
        <time>2023-10-07T08:15:35Z</time>
      </trkpt>
      <trkpt lat="45.59868" lon="24.75585">
        <ele>2014.68</ele>
        <time>2023-10-07T08:15:43Z</time>
      </trkpt>
      <trkpt lat="45.59868" lon="24.75583">
        <ele>2014.77</ele>
        <time>2023-10-07T08:15:47Z</time>
      </trkpt>
      <trkpt lat="45.59868" lon="24.75577">
        <ele>2015.04</ele>
        <time>2023-10-07T08:15:50Z</time>
      </trkpt>
      <trkpt lat="45.5987" lon="24.75561">
        <ele>2015.52</ele>
        <time>2023-10-07T08:16:00Z</time>
      </trkpt>
      <trkpt lat="45.59872" lon="24.75556">
        <ele>2015.42</ele>
        <time>2023-10-07T08:16:04Z</time>
      </trkpt>
      <trkpt lat="45.59876" lon="24.75546">
        <ele>2015.2</ele>
        <time>2023-10-07T08:16:13Z</time>
      </trkpt>
      <trkpt lat="45.59877" lon="24.75538">
        <ele>2015.34</ele>
        <time>2023-10-07T08:16:20Z</time>
      </trkpt>
      <trkpt lat="45.59878" lon="24.75535">
        <ele>2015.31</ele>
        <time>2023-10-07T08:16:23Z</time>
      </trkpt>
      <trkpt lat="45.59879" lon="24.75533">
        <ele>2015.24</ele>
        <time>2023-10-07T08:16:24Z</time>
      </trkpt>
      <trkpt lat="45.59879" lon="24.75532">
        <ele>2015.27</ele>
        <time>2023-10-07T08:16:25Z</time>
      </trkpt>
      <trkpt lat="45.59882" lon="24.7552">
        <ele>2015.9</ele>
        <time>2023-10-07T08:16:33Z</time>
      </trkpt>
      <trkpt lat="45.59886" lon="24.7551">
        <ele>2016.78</ele>
        <time>2023-10-07T08:16:42Z</time>
      </trkpt>
      <trkpt lat="45.59887" lon="24.75502">
        <ele>2017.79</ele>
        <time>2023-10-07T08:16:52Z</time>
      </trkpt>
      <trkpt lat="45.59887" lon="24.75501">
        <ele>2017.93</ele>
        <time>2023-10-07T08:17:03Z</time>
      </trkpt>
      <trkpt lat="45.59889" lon="24.75495">
        <ele>2018.74</ele>
        <time>2023-10-07T08:17:16Z</time>
      </trkpt>
      <trkpt lat="45.59892" lon="24.75491">
        <ele>2019.82</ele>
        <time>2023-10-07T08:17:19Z</time>
      </trkpt>
      <trkpt lat="45.59894" lon="24.75483">
        <ele>2021.26</ele>
        <time>2023-10-07T08:17:23Z</time>
      </trkpt>
      <trkpt lat="45.59896" lon="24.7548">
        <ele>2021.98</ele>
        <time>2023-10-07T08:17:26Z</time>
      </trkpt>
      <trkpt lat="45.599" lon="24.75469">
        <ele>2023.62</ele>
        <time>2023-10-07T08:17:34Z</time>
      </trkpt>
      <trkpt lat="45.59903" lon="24.75455">
        <ele>2024.02</ele>
        <time>2023-10-07T08:17:43Z</time>
      </trkpt>
      <trkpt lat="45.59909" lon="24.75444">
        <ele>2024.44</ele>
        <time>2023-10-07T08:17:53Z</time>
      </trkpt>
      <trkpt lat="45.59913" lon="24.75441">
        <ele>2024.63</ele>
        <time>2023-10-07T08:17:58Z</time>
      </trkpt>
      <trkpt lat="45.59914" lon="24.75441">
        <ele>2024.7</ele>
        <time>2023-10-07T08:17:59Z</time>
      </trkpt>
      <trkpt lat="45.59914" lon="24.7544">
        <ele>2024.66</ele>
        <time>2023-10-07T08:18:00Z</time>
      </trkpt>
      <trkpt lat="45.59914" lon="24.7544">
        <ele>2024.66</ele>
        <time>2023-10-07T08:18:05Z</time>
      </trkpt>
      <trkpt lat="45.59914" lon="24.7544">
        <ele>2024.66</ele>
        <time>2023-10-07T08:18:06Z</time>
      </trkpt>
      <trkpt lat="45.59914" lon="24.75439">
        <ele>2024.63</ele>
        <time>2023-10-07T08:18:09Z</time>
      </trkpt>
      <trkpt lat="45.59915" lon="24.75438">
        <ele>2024.66</ele>
        <time>2023-10-07T08:18:10Z</time>
      </trkpt>
      <trkpt lat="45.59916" lon="24.75435">
        <ele>2024.62</ele>
        <time>2023-10-07T08:18:13Z</time>
      </trkpt>
      <trkpt lat="45.59922" lon="24.75428">
        <ele>2024.41</ele>
        <time>2023-10-07T08:18:20Z</time>
      </trkpt>
      <trkpt lat="45.59927" lon="24.75425">
        <ele>2024.3</ele>
        <time>2023-10-07T08:18:25Z</time>
      </trkpt>
      <trkpt lat="45.59928" lon="24.75424">
        <ele>2024.26</ele>
        <time>2023-10-07T08:18:26Z</time>
      </trkpt>
      <trkpt lat="45.5993" lon="24.7542">
        <ele>2024.12</ele>
        <time>2023-10-07T08:18:31Z</time>
      </trkpt>
      <trkpt lat="45.59933" lon="24.75412">
        <ele>2024.07</ele>
        <time>2023-10-07T08:18:37Z</time>
      </trkpt>
      <trkpt lat="45.59933" lon="24.75409">
        <ele>2024.11</ele>
        <time>2023-10-07T08:18:40Z</time>
      </trkpt>
      <trkpt lat="45.59932" lon="24.75407">
        <ele>2024.16</ele>
        <time>2023-10-07T08:18:41Z</time>
      </trkpt>
      <trkpt lat="45.59931" lon="24.75405">
        <ele>2024.2</ele>
        <time>2023-10-07T08:18:43Z</time>
      </trkpt>
      <trkpt lat="45.59931" lon="24.75401">
        <ele>2024.27</ele>
        <time>2023-10-07T08:18:45Z</time>
      </trkpt>
      <trkpt lat="45.59932" lon="24.75399">
        <ele>2024.28</ele>
        <time>2023-10-07T08:18:47Z</time>
      </trkpt>
      <trkpt lat="45.59933" lon="24.75395">
        <ele>2024.32</ele>
        <time>2023-10-07T08:18:50Z</time>
      </trkpt>
      <trkpt lat="45.59934" lon="24.7539">
        <ele>2024.36</ele>
        <time>2023-10-07T08:18:54Z</time>
      </trkpt>
      <trkpt lat="45.5994" lon="24.75381">
        <ele>2023.83</ele>
        <time>2023-10-07T08:19:02Z</time>
      </trkpt>
      <trkpt lat="45.59951" lon="24.75378">
        <ele>2024.93</ele>
        <time>2023-10-07T08:19:12Z</time>
      </trkpt>
      <trkpt lat="45.59952" lon="24.75376">
        <ele>2025.04</ele>
        <time>2023-10-07T08:19:15Z</time>
      </trkpt>
      <trkpt lat="45.59956" lon="24.75376">
        <ele>2025.84</ele>
        <time>2023-10-07T08:19:20Z</time>
      </trkpt>
      <trkpt lat="45.59956" lon="24.75376">
        <ele>2025.84</ele>
        <time>2023-10-07T08:19:21Z</time>
      </trkpt>
      <trkpt lat="45.59959" lon="24.75375">
        <ele>2026.38</ele>
        <time>2023-10-07T08:19:24Z</time>
      </trkpt>
      <trkpt lat="45.59959" lon="24.75375">
        <ele>2026.38</ele>
        <time>2023-10-07T08:19:25Z</time>
      </trkpt>
      <trkpt lat="45.59959" lon="24.75375">
        <ele>2026.38</ele>
        <time>2023-10-07T08:19:26Z</time>
      </trkpt>
      <trkpt lat="45.59961" lon="24.75374">
        <ele>2026.72</ele>
        <time>2023-10-07T08:19:28Z</time>
      </trkpt>
      <trkpt lat="45.59962" lon="24.75372">
        <ele>2026.8</ele>
        <time>2023-10-07T08:19:33Z</time>
      </trkpt>
      <trkpt lat="45.59965" lon="24.7537">
        <ele>2027.26</ele>
        <time>2023-10-07T08:19:37Z</time>
      </trkpt>
      <trkpt lat="45.59968" lon="24.75369">
        <ele>2027.76</ele>
        <time>2023-10-07T08:19:40Z</time>
      </trkpt>
      <trkpt lat="45.5997" lon="24.75369">
        <ele>2028.15</ele>
        <time>2023-10-07T08:19:42Z</time>
      </trkpt>
      <trkpt lat="45.59972" lon="24.75366">
        <ele>2028.31</ele>
        <time>2023-10-07T08:19:45Z</time>
      </trkpt>
      <trkpt lat="45.59974" lon="24.75366">
        <ele>2028.69</ele>
        <time>2023-10-07T08:19:48Z</time>
      </trkpt>
      <trkpt lat="45.59975" lon="24.75365">
        <ele>2028.81</ele>
        <time>2023-10-07T08:19:49Z</time>
      </trkpt>
      <trkpt lat="45.59975" lon="24.75364">
        <ele>2028.73</ele>
        <time>2023-10-07T08:19:50Z</time>
      </trkpt>
      <trkpt lat="45.59979" lon="24.75363">
        <ele>2029.39</ele>
        <time>2023-10-07T08:19:54Z</time>
      </trkpt>
      <trkpt lat="45.59982" lon="24.75363">
        <ele>2029.94</ele>
        <time>2023-10-07T08:19:57Z</time>
      </trkpt>
      <trkpt lat="45.59983" lon="24.75363">
        <ele>2030.13</ele>
        <time>2023-10-07T08:19:58Z</time>
      </trkpt>
      <trkpt lat="45.5999" lon="24.75357">
        <ele>2031.01</ele>
        <time>2023-10-07T08:20:06Z</time>
      </trkpt>
      <trkpt lat="45.5999" lon="24.75357">
        <ele>2031.01</ele>
        <time>2023-10-07T08:20:07Z</time>
      </trkpt>
      <trkpt lat="45.59992" lon="24.75355">
        <ele>2031.25</ele>
        <time>2023-10-07T08:20:11Z</time>
      </trkpt>
      <trkpt lat="45.59992" lon="24.7535">
        <ele>2030.99</ele>
        <time>2023-10-07T08:20:14Z</time>
      </trkpt>
      <trkpt lat="45.59992" lon="24.75349">
        <ele>2030.94</ele>
        <time>2023-10-07T08:20:15Z</time>
      </trkpt>
      <trkpt lat="45.59993" lon="24.75348">
        <ele>2031.03</ele>
        <time>2023-10-07T08:20:16Z</time>
      </trkpt>
      <trkpt lat="45.59998" lon="24.7534">
        <ele>2031.23</ele>
        <time>2023-10-07T08:20:24Z</time>
      </trkpt>
      <trkpt lat="45.59998" lon="24.75339">
        <ele>2031.16</ele>
        <time>2023-10-07T08:20:26Z</time>
      </trkpt>
      <trkpt lat="45.59999" lon="24.75335">
        <ele>2031.01</ele>
        <time>2023-10-07T08:20:30Z</time>
      </trkpt>
      <trkpt lat="45.6" lon="24.75333">
        <ele>2030.96</ele>
        <time>2023-10-07T08:20:33Z</time>
      </trkpt>
      <trkpt lat="45.60002" lon="24.75327">
        <ele>2030.75</ele>
        <time>2023-10-07T08:20:38Z</time>
      </trkpt>
      <trkpt lat="45.60004" lon="24.75319">
        <ele>2030.32</ele>
        <time>2023-10-07T08:20:44Z</time>
      </trkpt>
      <trkpt lat="45.60006" lon="24.75317">
        <ele>2030.53</ele>
        <time>2023-10-07T08:20:47Z</time>
      </trkpt>
      <trkpt lat="45.60007" lon="24.75317">
        <ele>2030.75</ele>
        <time>2023-10-07T08:20:48Z</time>
      </trkpt>
      <trkpt lat="45.6001" lon="24.75314">
        <ele>2031.07</ele>
        <time>2023-10-07T08:20:51Z</time>
      </trkpt>
      <trkpt lat="45.6001" lon="24.75309">
        <ele>2030.53</ele>
        <time>2023-10-07T08:20:55Z</time>
      </trkpt>
      <trkpt lat="45.6001" lon="24.75306">
        <ele>2030.21</ele>
        <time>2023-10-07T08:20:59Z</time>
      </trkpt>
      <trkpt lat="45.6001" lon="24.75301">
        <ele>2030.3</ele>
        <time>2023-10-07T08:21:04Z</time>
      </trkpt>
      <trkpt lat="45.60011" lon="24.75297">
        <ele>2030.57</ele>
        <time>2023-10-07T08:21:07Z</time>
      </trkpt>
      <trkpt lat="45.60012" lon="24.75296">
        <ele>2030.73</ele>
        <time>2023-10-07T08:21:12Z</time>
      </trkpt>
      <trkpt lat="45.60011" lon="24.7529">
        <ele>2030.73</ele>
        <time>2023-10-07T08:21:18Z</time>
      </trkpt>
      <trkpt lat="45.60015" lon="24.75281">
        <ele>2031.03</ele>
        <time>2023-10-07T08:21:25Z</time>
      </trkpt>
      <trkpt lat="45.60023" lon="24.75273">
        <ele>2031.06</ele>
        <time>2023-10-07T08:21:33Z</time>
      </trkpt>
      <trkpt lat="45.60025" lon="24.75266">
        <ele>2031.08</ele>
        <time>2023-10-07T08:21:38Z</time>
      </trkpt>
      <trkpt lat="45.6003" lon="24.7526">
        <ele>2032.13</ele>
        <time>2023-10-07T08:21:44Z</time>
      </trkpt>
      <trkpt lat="45.60031" lon="24.75258">
        <ele>2032.61</ele>
        <time>2023-10-07T08:21:45Z</time>
      </trkpt>
      <trkpt lat="45.60031" lon="24.75257">
        <ele>2032.6</ele>
        <time>2023-10-07T08:21:46Z</time>
      </trkpt>
      <trkpt lat="45.60033" lon="24.75254">
        <ele>2033.53</ele>
        <time>2023-10-07T08:21:48Z</time>
      </trkpt>
      <trkpt lat="45.60037" lon="24.75243">
        <ele>2035.82</ele>
        <time>2023-10-07T08:21:56Z</time>
      </trkpt>
      <trkpt lat="45.60038" lon="24.75237">
        <ele>2036.67</ele>
        <time>2023-10-07T08:22:00Z</time>
      </trkpt>
      <trkpt lat="45.60039" lon="24.75231">
        <ele>2037.47</ele>
        <time>2023-10-07T08:22:04Z</time>
      </trkpt>
      <trkpt lat="45.6004" lon="24.75209">
        <ele>2040.36</ele>
        <time>2023-10-07T08:22:18Z</time>
      </trkpt>
      <trkpt lat="45.60037" lon="24.75193">
        <ele>2041.71</ele>
        <time>2023-10-07T08:22:30Z</time>
      </trkpt>
      <trkpt lat="45.60034" lon="24.75187">
        <ele>2041.15</ele>
        <time>2023-10-07T08:22:35Z</time>
      </trkpt>
      <trkpt lat="45.60036" lon="24.75183">
        <ele>2041.83</ele>
        <time>2023-10-07T08:22:37Z</time>
      </trkpt>
      <trkpt lat="45.60037" lon="24.75181">
        <ele>2042.14</ele>
        <time>2023-10-07T08:22:38Z</time>
      </trkpt>
      <trkpt lat="45.60038" lon="24.75171">
        <ele>2042.7</ele>
        <time>2023-10-07T08:22:46Z</time>
      </trkpt>
      <trkpt lat="45.60044" lon="24.75157">
        <ele>2043.92</ele>
        <time>2023-10-07T08:22:56Z</time>
      </trkpt>
      <trkpt lat="45.60046" lon="24.75154">
        <ele>2044.28</ele>
        <time>2023-10-07T08:23:00Z</time>
      </trkpt>
      <trkpt lat="45.60045" lon="24.75152">
        <ele>2044.1</ele>
        <time>2023-10-07T08:23:02Z</time>
      </trkpt>
      <trkpt lat="45.60044" lon="24.75148">
        <ele>2043.92</ele>
        <time>2023-10-07T08:23:05Z</time>
      </trkpt>
      <trkpt lat="45.60043" lon="24.75145">
        <ele>2043.74</ele>
        <time>2023-10-07T08:23:07Z</time>
      </trkpt>
      <trkpt lat="45.60042" lon="24.75139">
        <ele>2043.56</ele>
        <time>2023-10-07T08:23:11Z</time>
      </trkpt>
      <trkpt lat="45.60042" lon="24.75132">
        <ele>2043.55</ele>
        <time>2023-10-07T08:23:17Z</time>
      </trkpt>
      <trkpt lat="45.60042" lon="24.75128">
        <ele>2043.55</ele>
        <time>2023-10-07T08:23:20Z</time>
      </trkpt>
      <trkpt lat="45.60042" lon="24.75124">
        <ele>2043.55</ele>
        <time>2023-10-07T08:23:23Z</time>
      </trkpt>
      <trkpt lat="45.60042" lon="24.75121">
        <ele>2043.54</ele>
        <time>2023-10-07T08:23:25Z</time>
      </trkpt>
      <trkpt lat="45.60042" lon="24.75114">
        <ele>2043.54</ele>
        <time>2023-10-07T08:23:30Z</time>
      </trkpt>
      <trkpt lat="45.60042" lon="24.75113">
        <ele>2043.54</ele>
        <time>2023-10-07T08:23:31Z</time>
      </trkpt>
      <trkpt lat="45.60042" lon="24.75109">
        <ele>2043.5</ele>
        <time>2023-10-07T08:23:35Z</time>
      </trkpt>
      <trkpt lat="45.60043" lon="24.75102">
        <ele>2043.46</ele>
        <time>2023-10-07T08:23:41Z</time>
      </trkpt>
      <trkpt lat="45.60043" lon="24.75101">
        <ele>2043.44</ele>
        <time>2023-10-07T08:23:42Z</time>
      </trkpt>
      <trkpt lat="45.60044" lon="24.75099">
        <ele>2043.5</ele>
        <time>2023-10-07T08:23:44Z</time>
      </trkpt>
      <trkpt lat="45.60046" lon="24.75091">
        <ele>2043.49</ele>
        <time>2023-10-07T08:23:51Z</time>
      </trkpt>
      <trkpt lat="45.60046" lon="24.75085">
        <ele>2043.35</ele>
        <time>2023-10-07T08:23:56Z</time>
      </trkpt>
      <trkpt lat="45.60047" lon="24.75081">
        <ele>2043.66</ele>
        <time>2023-10-07T08:24:00Z</time>
      </trkpt>
      <trkpt lat="45.60047" lon="24.75077">
        <ele>2044.14</ele>
        <time>2023-10-07T08:24:03Z</time>
      </trkpt>
      <trkpt lat="45.60049" lon="24.75073">
        <ele>2044.73</ele>
        <time>2023-10-07T08:24:09Z</time>
      </trkpt>
      <trkpt lat="45.60049" lon="24.75069">
        <ele>2045.2</ele>
        <time>2023-10-07T08:24:13Z</time>
      </trkpt>
      <trkpt lat="45.6005" lon="24.75065">
        <ele>2045.71</ele>
        <time>2023-10-07T08:24:17Z</time>
      </trkpt>
      <trkpt lat="45.60051" lon="24.75061">
        <ele>2046.22</ele>
        <time>2023-10-07T08:24:20Z</time>
      </trkpt>
      <trkpt lat="45.60052" lon="24.75055">
        <ele>2046.96</ele>
        <time>2023-10-07T08:24:27Z</time>
      </trkpt>
      <trkpt lat="45.60051" lon="24.75055">
        <ele>2046.92</ele>
        <time>2023-10-07T08:24:28Z</time>
      </trkpt>
      <trkpt lat="45.60051" lon="24.7505">
        <ele>2047.7</ele>
        <time>2023-10-07T08:24:35Z</time>
      </trkpt>
      <trkpt lat="45.60052" lon="24.75049">
        <ele>2047.88</ele>
        <time>2023-10-07T08:24:36Z</time>
      </trkpt>
      <trkpt lat="45.60052" lon="24.75045">
        <ele>2048.49</ele>
        <time>2023-10-07T08:24:40Z</time>
      </trkpt>
      <trkpt lat="45.60052" lon="24.75044">
        <ele>2048.64</ele>
        <time>2023-10-07T08:24:42Z</time>
      </trkpt>
      <trkpt lat="45.6005" lon="24.75036">
        <ele>2049.9</ele>
        <time>2023-10-07T08:24:48Z</time>
      </trkpt>
      <trkpt lat="45.60051" lon="24.75033">
        <ele>2050.35</ele>
        <time>2023-10-07T08:24:50Z</time>
      </trkpt>
      <trkpt lat="45.60052" lon="24.7503">
        <ele>2050.79</ele>
        <time>2023-10-07T08:24:53Z</time>
      </trkpt>
      <trkpt lat="45.60054" lon="24.75025">
        <ele>2051.35</ele>
        <time>2023-10-07T08:24:58Z</time>
      </trkpt>
      <trkpt lat="45.60055" lon="24.75023">
        <ele>2051.53</ele>
        <time>2023-10-07T08:25:01Z</time>
      </trkpt>
      <trkpt lat="45.60056" lon="24.75021">
        <ele>2051.85</ele>
        <time>2023-10-07T08:25:04Z</time>
      </trkpt>
      <trkpt lat="45.60056" lon="24.7502">
        <ele>2051.96</ele>
        <time>2023-10-07T08:25:05Z</time>
      </trkpt>
      <trkpt lat="45.60061" lon="24.75011">
        <ele>2054.14</ele>
        <time>2023-10-07T08:25:13Z</time>
      </trkpt>
      <trkpt lat="45.60062" lon="24.7501">
        <ele>2054.48</ele>
        <time>2023-10-07T08:25:14Z</time>
      </trkpt>
      <trkpt lat="45.60065" lon="24.75006">
        <ele>2055.54</ele>
        <time>2023-10-07T08:25:20Z</time>
      </trkpt>
      <trkpt lat="45.60068" lon="24.74999">
        <ele>2056.86</ele>
        <time>2023-10-07T08:25:25Z</time>
      </trkpt>
      <trkpt lat="45.60069" lon="24.74997">
        <ele>2057.44</ele>
        <time>2023-10-07T08:25:27Z</time>
      </trkpt>
      <trkpt lat="45.60069" lon="24.74994">
        <ele>2057.98</ele>
        <time>2023-10-07T08:25:30Z</time>
      </trkpt>
      <trkpt lat="45.6007" lon="24.74991">
        <ele>2058.75</ele>
        <time>2023-10-07T08:25:32Z</time>
      </trkpt>
      <trkpt lat="45.60071" lon="24.74987">
        <ele>2059.73</ele>
        <time>2023-10-07T08:25:35Z</time>
      </trkpt>
      <trkpt lat="45.60071" lon="24.74984">
        <ele>2060.28</ele>
        <time>2023-10-07T08:25:38Z</time>
      </trkpt>
      <trkpt lat="45.60073" lon="24.74978">
        <ele>2061.93</ele>
        <time>2023-10-07T08:25:45Z</time>
      </trkpt>
      <trkpt lat="45.60073" lon="24.74977">
        <ele>2062.12</ele>
        <time>2023-10-07T08:25:47Z</time>
      </trkpt>
      <trkpt lat="45.60074" lon="24.74975">
        <ele>2062.78</ele>
        <time>2023-10-07T08:25:50Z</time>
      </trkpt>
      <trkpt lat="45.60074" lon="24.74971">
        <ele>2063.37</ele>
        <time>2023-10-07T08:25:55Z</time>
      </trkpt>
      <trkpt lat="45.60074" lon="24.7497">
        <ele>2063.42</ele>
        <time>2023-10-07T08:25:56Z</time>
      </trkpt>
      <trkpt lat="45.60075" lon="24.74966">
        <ele>2063.89</ele>
        <time>2023-10-07T08:26:00Z</time>
      </trkpt>
      <trkpt lat="45.60075" lon="24.74958">
        <ele>2064.27</ele>
        <time>2023-10-07T08:26:08Z</time>
      </trkpt>
      <trkpt lat="45.60076" lon="24.74955">
        <ele>2064.67</ele>
        <time>2023-10-07T08:26:10Z</time>
      </trkpt>
      <trkpt lat="45.60079" lon="24.74951">
        <ele>2065.64</ele>
        <time>2023-10-07T08:26:15Z</time>
      </trkpt>
      <trkpt lat="45.60078" lon="24.74947">
        <ele>2065.55</ele>
        <time>2023-10-07T08:26:18Z</time>
      </trkpt>
      <trkpt lat="45.60077" lon="24.74935">
        <ele>2065.56</ele>
        <time>2023-10-07T08:26:28Z</time>
      </trkpt>
      <trkpt lat="45.60077" lon="24.74935">
        <ele>2065.56</ele>
        <time>2023-10-07T08:26:29Z</time>
      </trkpt>
      <trkpt lat="45.60077" lon="24.74926">
        <ele>2065.71</ele>
        <time>2023-10-07T08:26:36Z</time>
      </trkpt>
      <trkpt lat="45.60078" lon="24.74923">
        <ele>2065.95</ele>
        <time>2023-10-07T08:26:38Z</time>
      </trkpt>
      <trkpt lat="45.60078" lon="24.74912">
        <ele>2066.21</ele>
        <time>2023-10-07T08:26:46Z</time>
      </trkpt>
      <trkpt lat="45.60078" lon="24.7491">
        <ele>2066.28</ele>
        <time>2023-10-07T08:26:48Z</time>
      </trkpt>
      <trkpt lat="45.60077" lon="24.74901">
        <ele>2066.42</ele>
        <time>2023-10-07T08:26:55Z</time>
      </trkpt>
      <trkpt lat="45.60077" lon="24.74898">
        <ele>2066.53</ele>
        <time>2023-10-07T08:26:57Z</time>
      </trkpt>
      <trkpt lat="45.60077" lon="24.74894">
        <ele>2066.68</ele>
        <time>2023-10-07T08:27:01Z</time>
      </trkpt>
      <trkpt lat="45.60077" lon="24.7489">
        <ele>2066.82</ele>
        <time>2023-10-07T08:27:04Z</time>
      </trkpt>
      <trkpt lat="45.60076" lon="24.74883">
        <ele>2066.64</ele>
        <time>2023-10-07T08:27:09Z</time>
      </trkpt>
      <trkpt lat="45.60076" lon="24.74873">
        <ele>2066.56</ele>
        <time>2023-10-07T08:27:17Z</time>
      </trkpt>
      <trkpt lat="45.60077" lon="24.74868">
        <ele>2066.62</ele>
        <time>2023-10-07T08:27:21Z</time>
      </trkpt>
      <trkpt lat="45.60078" lon="24.74864">
        <ele>2066.66</ele>
        <time>2023-10-07T08:27:26Z</time>
      </trkpt>
      <trkpt lat="45.60078" lon="24.74862">
        <ele>2066.63</ele>
        <time>2023-10-07T08:27:28Z</time>
      </trkpt>
      <trkpt lat="45.60079" lon="24.74859">
        <ele>2066.76</ele>
        <time>2023-10-07T08:27:31Z</time>
      </trkpt>
      <trkpt lat="45.60078" lon="24.74852">
        <ele>2066.94</ele>
        <time>2023-10-07T08:27:37Z</time>
      </trkpt>
      <trkpt lat="45.60079" lon="24.74846">
        <ele>2067.23</ele>
        <time>2023-10-07T08:27:43Z</time>
      </trkpt>
      <trkpt lat="45.6008" lon="24.74844">
        <ele>2067.38</ele>
        <time>2023-10-07T08:27:45Z</time>
      </trkpt>
      <trkpt lat="45.6008" lon="24.74836">
        <ele>2067.66</ele>
        <time>2023-10-07T08:27:51Z</time>
      </trkpt>
      <trkpt lat="45.60079" lon="24.74835">
        <ele>2067.63</ele>
        <time>2023-10-07T08:27:52Z</time>
      </trkpt>
      <trkpt lat="45.6008" lon="24.74828">
        <ele>2068.17</ele>
        <time>2023-10-07T08:27:57Z</time>
      </trkpt>
      <trkpt lat="45.6008" lon="24.74826">
        <ele>2068.32</ele>
        <time>2023-10-07T08:27:59Z</time>
      </trkpt>
      <trkpt lat="45.60085" lon="24.74818">
        <ele>2069.58</ele>
        <time>2023-10-07T08:28:06Z</time>
      </trkpt>
      <trkpt lat="45.60086" lon="24.74814">
        <ele>2070.12</ele>
        <time>2023-10-07T08:28:10Z</time>
      </trkpt>
      <trkpt lat="45.60086" lon="24.74813">
        <ele>2070.19</ele>
        <time>2023-10-07T08:28:11Z</time>
      </trkpt>
      <trkpt lat="45.60085" lon="24.74809">
        <ele>2070.19</ele>
        <time>2023-10-07T08:28:14Z</time>
      </trkpt>
      <trkpt lat="45.60085" lon="24.74804">
        <ele>2070.57</ele>
        <time>2023-10-07T08:28:18Z</time>
      </trkpt>
      <trkpt lat="45.60087" lon="24.74802">
        <ele>2071.24</ele>
        <time>2023-10-07T08:28:20Z</time>
      </trkpt>
      <trkpt lat="45.60087" lon="24.74801">
        <ele>2071.33</ele>
        <time>2023-10-07T08:28:21Z</time>
      </trkpt>
      <trkpt lat="45.60091" lon="24.74792">
        <ele>2072.86</ele>
        <time>2023-10-07T08:28:29Z</time>
      </trkpt>
      <trkpt lat="45.60091" lon="24.74791">
        <ele>2072.93</ele>
        <time>2023-10-07T08:28:30Z</time>
      </trkpt>
      <trkpt lat="45.60091" lon="24.74789">
        <ele>2073.06</ele>
        <time>2023-10-07T08:28:31Z</time>
      </trkpt>
      <trkpt lat="45.60092" lon="24.74785">
        <ele>2073.48</ele>
        <time>2023-10-07T08:28:34Z</time>
      </trkpt>
      <trkpt lat="45.60092" lon="24.74781">
        <ele>2073.73</ele>
        <time>2023-10-07T08:28:37Z</time>
      </trkpt>
      <trkpt lat="45.60091" lon="24.74778">
        <ele>2073.81</ele>
        <time>2023-10-07T08:28:39Z</time>
      </trkpt>
      <trkpt lat="45.60091" lon="24.74771">
        <ele>2074.32</ele>
        <time>2023-10-07T08:28:44Z</time>
      </trkpt>
      <trkpt lat="45.60092" lon="24.74767">
        <ele>2074.71</ele>
        <time>2023-10-07T08:28:47Z</time>
      </trkpt>
      <trkpt lat="45.60092" lon="24.74766">
        <ele>2074.78</ele>
        <time>2023-10-07T08:28:48Z</time>
      </trkpt>
      <trkpt lat="45.60095" lon="24.74762">
        <ele>2075.4</ele>
        <time>2023-10-07T08:28:52Z</time>
      </trkpt>
      <trkpt lat="45.60096" lon="24.74758">
        <ele>2075.79</ele>
        <time>2023-10-07T08:28:55Z</time>
      </trkpt>
      <trkpt lat="45.60099" lon="24.74751">
        <ele>2076.62</ele>
        <time>2023-10-07T08:29:03Z</time>
      </trkpt>
      <trkpt lat="45.601" lon="24.74742">
        <ele>2077.32</ele>
        <time>2023-10-07T08:29:11Z</time>
      </trkpt>
      <trkpt lat="45.60101" lon="24.74731">
        <ele>2078.09</ele>
        <time>2023-10-07T08:29:18Z</time>
      </trkpt>
      <trkpt lat="45.60101" lon="24.74721">
        <ele>2078.68</ele>
        <time>2023-10-07T08:29:26Z</time>
      </trkpt>
      <trkpt lat="45.60101" lon="24.74717">
        <ele>2078.82</ele>
        <time>2023-10-07T08:29:28Z</time>
      </trkpt>
      <trkpt lat="45.60102" lon="24.74711">
        <ele>2079.08</ele>
        <time>2023-10-07T08:29:34Z</time>
      </trkpt>
      <trkpt lat="45.60102" lon="24.74708">
        <ele>2079.18</ele>
        <time>2023-10-07T08:29:36Z</time>
      </trkpt>
      <trkpt lat="45.60101" lon="24.74705">
        <ele>2079.26</ele>
        <time>2023-10-07T08:29:38Z</time>
      </trkpt>
      <trkpt lat="45.60102" lon="24.74704">
        <ele>2079.33</ele>
        <time>2023-10-07T08:29:39Z</time>
      </trkpt>
    </trkseg>
    <trkseg>
      <trkpt lat="45.60103" lon="24.74697">
        <ele>2079.62</ele>
        <time>2023-10-07T08:29:44Z</time>
      </trkpt>
      <trkpt lat="45.60105" lon="24.74696">
        <ele>2079.72</ele>
        <time>2023-10-07T08:29:46Z</time>
      </trkpt>
      <trkpt lat="45.6011" lon="24.74687">
        <ele>2080.52</ele>
        <time>2023-10-07T08:29:55Z</time>
      </trkpt>
      <trkpt lat="45.60111" lon="24.74685">
        <ele>2080.68</ele>
        <time>2023-10-07T08:29:57Z</time>
      </trkpt>
      <trkpt lat="45.6011" lon="24.74682">
        <ele>2080.89</ele>
        <time>2023-10-07T08:30:00Z</time>
      </trkpt>
      <trkpt lat="45.60109" lon="24.74679">
        <ele>2081.12</ele>
        <time>2023-10-07T08:30:02Z</time>
      </trkpt>
      <trkpt lat="45.6011" lon="24.74668">
        <ele>2081.94</ele>
        <time>2023-10-07T08:30:10Z</time>
      </trkpt>
      <trkpt lat="45.60109" lon="24.7466">
        <ele>2083.55</ele>
        <time>2023-10-07T08:30:17Z</time>
      </trkpt>
      <trkpt lat="45.60109" lon="24.74659">
        <ele>2083.77</ele>
        <time>2023-10-07T08:30:18Z</time>
      </trkpt>
      <trkpt lat="45.6011" lon="24.74653">
        <ele>2085.03</ele>
        <time>2023-10-07T08:30:23Z</time>
      </trkpt>
      <trkpt lat="45.60111" lon="24.74649">
        <ele>2085.83</ele>
        <time>2023-10-07T08:30:27Z</time>
      </trkpt>
      <trkpt lat="45.60113" lon="24.74642">
        <ele>2087.46</ele>
        <time>2023-10-07T08:30:32Z</time>
      </trkpt>
      <trkpt lat="45.60114" lon="24.74641">
        <ele>2087.74</ele>
        <time>2023-10-07T08:30:33Z</time>
      </trkpt>
      <trkpt lat="45.60114" lon="24.74638">
        <ele>2088.47</ele>
        <time>2023-10-07T08:30:35Z</time>
      </trkpt>
      <trkpt lat="45.60116" lon="24.74636">
        <ele>2089.2</ele>
        <time>2023-10-07T08:30:38Z</time>
      </trkpt>
      <trkpt lat="45.60116" lon="24.74635">
        <ele>2089.5</ele>
        <time>2023-10-07T08:30:39Z</time>
      </trkpt>
      <trkpt lat="45.60117" lon="24.74632">
        <ele>2090.46</ele>
        <time>2023-10-07T08:30:41Z</time>
      </trkpt>
      <trkpt lat="45.60117" lon="24.74629">
        <ele>2091.35</ele>
        <time>2023-10-07T08:30:44Z</time>
      </trkpt>
      <trkpt lat="45.60118" lon="24.74626">
        <ele>2092.32</ele>
        <time>2023-10-07T08:30:49Z</time>
      </trkpt>
      <trkpt lat="45.60117" lon="24.74625">
        <ele>2092.53</ele>
        <time>2023-10-07T08:30:51Z</time>
      </trkpt>
      <trkpt lat="45.60116" lon="24.74613">
        <ele>2095.97</ele>
        <time>2023-10-07T08:31:01Z</time>
      </trkpt>
      <trkpt lat="45.60116" lon="24.74608">
        <ele>2097.58</ele>
        <time>2023-10-07T08:31:04Z</time>
      </trkpt>
      <trkpt lat="45.60115" lon="24.74603">
        <ele>2099.13</ele>
        <time>2023-10-07T08:31:09Z</time>
      </trkpt>
      <trkpt lat="45.60116" lon="24.74601">
        <ele>2099.93</ele>
        <time>2023-10-07T08:31:11Z</time>
      </trkpt>
      <trkpt lat="45.60116" lon="24.74598">
        <ele>2100.94</ele>
        <time>2023-10-07T08:31:13Z</time>
      </trkpt>
      <trkpt lat="45.60118" lon="24.74595">
        <ele>2102.25</ele>
        <time>2023-10-07T08:31:17Z</time>
      </trkpt>
      <trkpt lat="45.6012" lon="24.74594">
        <ele>2102.9</ele>
        <time>2023-10-07T08:31:20Z</time>
      </trkpt>
      <trkpt lat="45.60119" lon="24.74593">
        <ele>2103.09</ele>
        <time>2023-10-07T08:31:24Z</time>
      </trkpt>
      <trkpt lat="45.60122" lon="24.74591">
        <ele>2104.26</ele>
        <time>2023-10-07T08:31:28Z</time>
      </trkpt>
      <trkpt lat="45.60123" lon="24.74588">
        <ele>2105.48</ele>
        <time>2023-10-07T08:31:33Z</time>
      </trkpt>
      <trkpt lat="45.60125" lon="24.74583">
        <ele>2107.57</ele>
        <time>2023-10-07T08:31:38Z</time>
      </trkpt>
      <trkpt lat="45.60126" lon="24.74581">
        <ele>2108.13</ele>
        <time>2023-10-07T08:31:42Z</time>
      </trkpt>
      <trkpt lat="45.60128" lon="24.74578">
        <ele>2109.03</ele>
        <time>2023-10-07T08:31:48Z</time>
      </trkpt>
      <trkpt lat="45.60131" lon="24.74571">
        <ele>2110.73</ele>
        <time>2023-10-07T08:31:56Z</time>
      </trkpt>
      <trkpt lat="45.60131" lon="24.74569">
        <ele>2111.08</ele>
        <time>2023-10-07T08:31:59Z</time>
      </trkpt>
      <trkpt lat="45.60133" lon="24.74563">
        <ele>2112.33</ele>
        <time>2023-10-07T08:32:06Z</time>
      </trkpt>
      <trkpt lat="45.60132" lon="24.74561">
        <ele>2112.57</ele>
        <time>2023-10-07T08:32:09Z</time>
      </trkpt>
      <trkpt lat="45.6013" lon="24.74558">
        <ele>2112.92</ele>
        <time>2023-10-07T08:32:14Z</time>
      </trkpt>
      <trkpt lat="45.60131" lon="24.74555">
        <ele>2113.55</ele>
        <time>2023-10-07T08:32:17Z</time>
      </trkpt>
      <trkpt lat="45.60131" lon="24.74554">
        <ele>2113.75</ele>
        <time>2023-10-07T08:32:18Z</time>
      </trkpt>
      <trkpt lat="45.60132" lon="24.74552">
        <ele>2114.24</ele>
        <time>2023-10-07T08:32:21Z</time>
      </trkpt>
      <trkpt lat="45.60134" lon="24.74545">
        <ele>2115.86</ele>
        <time>2023-10-07T08:32:31Z</time>
      </trkpt>
      <trkpt lat="45.60134" lon="24.74543">
        <ele>2116.28</ele>
        <time>2023-10-07T08:32:34Z</time>
      </trkpt>
      <trkpt lat="45.60133" lon="24.7454">
        <ele>2116.82</ele>
        <time>2023-10-07T08:32:39Z</time>
      </trkpt>
      <trkpt lat="45.60133" lon="24.7454">
        <ele>2116.82</ele>
        <time>2023-10-07T08:32:40Z</time>
      </trkpt>
      <trkpt lat="45.60133" lon="24.74537">
        <ele>2117.44</ele>
        <time>2023-10-07T08:32:45Z</time>
      </trkpt>
      <trkpt lat="45.60133" lon="24.74533">
        <ele>2118.28</ele>
        <time>2023-10-07T08:32:50Z</time>
      </trkpt>
      <trkpt lat="45.60134" lon="24.74529">
        <ele>2119.22</ele>
        <time>2023-10-07T08:32:56Z</time>
      </trkpt>
      <trkpt lat="45.60134" lon="24.74525">
        <ele>2120.19</ele>
        <time>2023-10-07T08:33:01Z</time>
      </trkpt>
      <trkpt lat="45.60135" lon="24.74524">
        <ele>2120.55</ele>
        <time>2023-10-07T08:33:02Z</time>
      </trkpt>
      <trkpt lat="45.60135" lon="24.74518">
        <ele>2122.09</ele>
        <time>2023-10-07T08:33:11Z</time>
      </trkpt>
      <trkpt lat="45.60134" lon="24.74515">
        <ele>2122.77</ele>
        <time>2023-10-07T08:33:15Z</time>
      </trkpt>
      <trkpt lat="45.60134" lon="24.7451">
        <ele>2124.06</ele>
        <time>2023-10-07T08:33:20Z</time>
      </trkpt>
      <trkpt lat="45.60134" lon="24.74508">
        <ele>2124.58</ele>
        <time>2023-10-07T08:33:22Z</time>
      </trkpt>
      <trkpt lat="45.60134" lon="24.74504">
        <ele>2125.61</ele>
        <time>2023-10-07T08:33:26Z</time>
      </trkpt>
      <trkpt lat="45.60134" lon="24.74502">
        <ele>2126.13</ele>
        <time>2023-10-07T08:33:28Z</time>
      </trkpt>
      <trkpt lat="45.60133" lon="24.74499">
        <ele>2126.84</ele>
        <time>2023-10-07T08:33:31Z</time>
      </trkpt>
      <trkpt lat="45.60133" lon="24.74499">
        <ele>2126.84</ele>
        <time>2023-10-07T08:33:32Z</time>
      </trkpt>
      <trkpt lat="45.60133" lon="24.74497">
        <ele>2127.37</ele>
        <time>2023-10-07T08:33:35Z</time>
      </trkpt>
      <trkpt lat="45.60131" lon="24.74497">
        <ele>2127.2</ele>
        <time>2023-10-07T08:33:39Z</time>
      </trkpt>
      <trkpt lat="45.6013" lon="24.74496">
        <ele>2127.37</ele>
        <time>2023-10-07T08:33:41Z</time>
      </trkpt>
      <trkpt lat="45.60129" lon="24.7449">
        <ele>2128.78</ele>
        <time>2023-10-07T08:33:47Z</time>
      </trkpt>
      <trkpt lat="45.60129" lon="24.74488">
        <ele>2129.28</ele>
        <time>2023-10-07T08:33:51Z</time>
      </trkpt>
      <trkpt lat="45.60129" lon="24.74487">
        <ele>2129.53</ele>
        <time>2023-10-07T08:33:52Z</time>
      </trkpt>
      <trkpt lat="45.60129" lon="24.74483">
        <ele>2130.53</ele>
        <time>2023-10-07T08:33:56Z</time>
      </trkpt>
      <trkpt lat="45.60128" lon="24.7448">
        <ele>2131.13</ele>
        <time>2023-10-07T08:34:00Z</time>
      </trkpt>
      <trkpt lat="45.6013" lon="24.74476">
        <ele>2132.44</ele>
        <time>2023-10-07T08:34:06Z</time>
      </trkpt>
      <trkpt lat="45.60131" lon="24.74475">
        <ele>2132.87</ele>
        <time>2023-10-07T08:34:08Z</time>
      </trkpt>
      <trkpt lat="45.60132" lon="24.74472">
        <ele>2133.79</ele>
        <time>2023-10-07T08:34:14Z</time>
      </trkpt>
      <trkpt lat="45.60132" lon="24.74471">
        <ele>2133.94</ele>
        <time>2023-10-07T08:34:15Z</time>
      </trkpt>
      <trkpt lat="45.60131" lon="24.74468">
        <ele>2134.19</ele>
        <time>2023-10-07T08:34:20Z</time>
      </trkpt>
      <trkpt lat="45.60132" lon="24.74467">
        <ele>2134.51</ele>
        <time>2023-10-07T08:34:23Z</time>
      </trkpt>
      <trkpt lat="45.60132" lon="24.74465">
        <ele>2134.8</ele>
        <time>2023-10-07T08:34:25Z</time>
      </trkpt>
      <trkpt lat="45.60133" lon="24.74465">
        <ele>2134.98</ele>
        <time>2023-10-07T08:34:26Z</time>
      </trkpt>
      <trkpt lat="45.60133" lon="24.74464">
        <ele>2135.12</ele>
        <time>2023-10-07T08:34:28Z</time>
      </trkpt>
      <trkpt lat="45.60134" lon="24.74464">
        <ele>2135.3</ele>
        <time>2023-10-07T08:34:29Z</time>
      </trkpt>
      <trkpt lat="45.60135" lon="24.74462">
        <ele>2135.77</ele>
        <time>2023-10-07T08:34:33Z</time>
      </trkpt>
      <trkpt lat="45.60136" lon="24.74459">
        <ele>2136.38</ele>
        <time>2023-10-07T08:34:38Z</time>
      </trkpt>
      <trkpt lat="45.60139" lon="24.74455">
        <ele>2137.51</ele>
        <time>2023-10-07T08:34:45Z</time>
      </trkpt>
      <trkpt lat="45.6014" lon="24.74451">
        <ele>2138.4</ele>
        <time>2023-10-07T08:34:50Z</time>
      </trkpt>
      <trkpt lat="45.6014" lon="24.74451">
        <ele>2138.4</ele>
        <time>2023-10-07T08:34:52Z</time>
      </trkpt>
      <trkpt lat="45.60139" lon="24.7445">
        <ele>2138.23</ele>
        <time>2023-10-07T08:34:57Z</time>
      </trkpt>
      <trkpt lat="45.60139" lon="24.74449">
        <ele>2138.38</ele>
        <time>2023-10-07T08:34:58Z</time>
      </trkpt>
      <trkpt lat="45.60137" lon="24.74447">
        <ele>2138.29</ele>
        <time>2023-10-07T08:35:04Z</time>
      </trkpt>
      <trkpt lat="45.60136" lon="24.74444">
        <ele>2138.46</ele>
        <time>2023-10-07T08:35:07Z</time>
      </trkpt>
      <trkpt lat="45.60136" lon="24.74444">
        <ele>2138.46</ele>
        <time>2023-10-07T08:35:08Z</time>
      </trkpt>
      <trkpt lat="45.60137" lon="24.74442">
        <ele>2138.53</ele>
        <time>2023-10-07T08:35:14Z</time>
      </trkpt>
      <trkpt lat="45.60137" lon="24.74441">
        <ele>2138.47</ele>
        <time>2023-10-07T08:35:15Z</time>
      </trkpt>
      <trkpt lat="45.60138" lon="24.74439">
        <ele>2138.49</ele>
        <time>2023-10-07T08:35:20Z</time>
      </trkpt>
      <trkpt lat="45.6014" lon="24.7444">
        <ele>2139.09</ele>
        <time>2023-10-07T08:35:24Z</time>
      </trkpt>
      <trkpt lat="45.6014" lon="24.74439">
        <ele>2139.03</ele>
        <time>2023-10-07T08:35:25Z</time>
      </trkpt>
      <trkpt lat="45.6014" lon="24.74438">
        <ele>2138.97</ele>
        <time>2023-10-07T08:35:27Z</time>
      </trkpt>
      <trkpt lat="45.60142" lon="24.74435">
        <ele>2139.63</ele>
        <time>2023-10-07T08:35:33Z</time>
      </trkpt>
      <trkpt lat="45.60142" lon="24.74434">
        <ele>2139.59</ele>
        <time>2023-10-07T08:35:35Z</time>
      </trkpt>
      <trkpt lat="45.60144" lon="24.7443">
        <ele>2140.38</ele>
        <time>2023-10-07T08:35:41Z</time>
      </trkpt>
      <trkpt lat="45.60145" lon="24.7443">
        <ele>2140.86</ele>
        <time>2023-10-07T08:35:43Z</time>
      </trkpt>
      <trkpt lat="45.60146" lon="24.74426">
        <ele>2141.34</ele>
        <time>2023-10-07T08:35:47Z</time>
      </trkpt>
      <trkpt lat="45.60146" lon="24.74423">
        <ele>2141.34</ele>
        <time>2023-10-07T08:35:51Z</time>
      </trkpt>
      <trkpt lat="45.60145" lon="24.74422">
        <ele>2140.79</ele>
        <time>2023-10-07T08:35:52Z</time>
      </trkpt>
      <trkpt lat="45.60145" lon="24.74417">
        <ele>2140.74</ele>
        <time>2023-10-07T08:35:59Z</time>
      </trkpt>
      <trkpt lat="45.60143" lon="24.74415">
        <ele>2139.88</ele>
        <time>2023-10-07T08:36:03Z</time>
      </trkpt>
      <trkpt lat="45.60143" lon="24.74413">
        <ele>2140.31</ele>
        <time>2023-10-07T08:36:06Z</time>
      </trkpt>
      <trkpt lat="45.60143" lon="24.74412">
        <ele>2140.52</ele>
        <time>2023-10-07T08:36:11Z</time>
      </trkpt>
      <trkpt lat="45.60143" lon="24.74411">
        <ele>2140.74</ele>
        <time>2023-10-07T08:36:12Z</time>
      </trkpt>
      <trkpt lat="45.60144" lon="24.74408">
        <ele>2142.0</ele>
        <time>2023-10-07T08:36:18Z</time>
      </trkpt>
      <trkpt lat="45.60143" lon="24.74408">
        <ele>2141.39</ele>
        <time>2023-10-07T08:36:19Z</time>
      </trkpt>
      <trkpt lat="45.60143" lon="24.74405">
        <ele>2142.04</ele>
        <time>2023-10-07T08:36:23Z</time>
      </trkpt>
      <trkpt lat="45.60142" lon="24.74401">
        <ele>2142.29</ele>
        <time>2023-10-07T08:36:29Z</time>
      </trkpt>
      <trkpt lat="45.60142" lon="24.744">
        <ele>2142.5</ele>
        <time>2023-10-07T08:36:30Z</time>
      </trkpt>
      <trkpt lat="45.60141" lon="24.74399">
        <ele>2142.11</ele>
        <time>2023-10-07T08:36:33Z</time>
      </trkpt>
      <trkpt lat="45.60141" lon="24.74397">
        <ele>2142.54</ele>
        <time>2023-10-07T08:36:35Z</time>
      </trkpt>
      <trkpt lat="45.60141" lon="24.74397">
        <ele>2142.54</ele>
        <time>2023-10-07T08:36:36Z</time>
      </trkpt>
      <trkpt lat="45.60137" lon="24.74395">
        <ele>2141.76</ele>
        <time>2023-10-07T08:36:43Z</time>
      </trkpt>
      <trkpt lat="45.60136" lon="24.74393">
        <ele>2142.23</ele>
        <time>2023-10-07T08:36:49Z</time>
      </trkpt>
      <trkpt lat="45.60134" lon="24.7439">
        <ele>2142.94</ele>
        <time>2023-10-07T08:36:54Z</time>
      </trkpt>
      <trkpt lat="45.60134" lon="24.74389">
        <ele>2143.15</ele>
        <time>2023-10-07T08:36:56Z</time>
      </trkpt>
      <trkpt lat="45.60133" lon="24.74386">
        <ele>2144.31</ele>
        <time>2023-10-07T08:37:03Z</time>
      </trkpt>
      <trkpt lat="45.60133" lon="24.74385">
        <ele>2144.68</ele>
        <time>2023-10-07T08:37:05Z</time>
      </trkpt>
      <trkpt lat="45.60133" lon="24.74384">
        <ele>2145.06</ele>
        <time>2023-10-07T08:37:07Z</time>
      </trkpt>
      <trkpt lat="45.60133" lon="24.74382">
        <ele>2145.82</ele>
        <time>2023-10-07T08:37:13Z</time>
      </trkpt>
      <trkpt lat="45.60133" lon="24.74381">
        <ele>2146.2</ele>
        <time>2023-10-07T08:37:15Z</time>
      </trkpt>
      <trkpt lat="45.60133" lon="24.74381">
        <ele>2146.2</ele>
        <time>2023-10-07T08:37:18Z</time>
      </trkpt>
      <trkpt lat="45.60133" lon="24.74381">
        <ele>2146.2</ele>
        <time>2023-10-07T08:37:36Z</time>
      </trkpt>
      <trkpt lat="45.60133" lon="24.7438">
        <ele>2146.58</ele>
        <time>2023-10-07T08:37:40Z</time>
      </trkpt>
      <trkpt lat="45.60134" lon="24.74379">
        <ele>2147.01</ele>
        <time>2023-10-07T08:37:42Z</time>
      </trkpt>
      <trkpt lat="45.60137" lon="24.74376">
        <ele>2148.42</ele>
        <time>2023-10-07T08:37:48Z</time>
      </trkpt>
      <trkpt lat="45.6014" lon="24.74371">
        <ele>2151.23</ele>
        <time>2023-10-07T08:37:57Z</time>
      </trkpt>
      <trkpt lat="45.60143" lon="24.7437">
        <ele>2152.97</ele>
        <time>2023-10-07T08:38:02Z</time>
      </trkpt>
      <trkpt lat="45.60145" lon="24.7437">
        <ele>2153.85</ele>
        <time>2023-10-07T08:38:05Z</time>
      </trkpt>
      <trkpt lat="45.60145" lon="24.7437">
        <ele>2153.85</ele>
        <time>2023-10-07T08:38:06Z</time>
      </trkpt>
      <trkpt lat="45.60148" lon="24.74369">
        <ele>2155.52</ele>
        <time>2023-10-07T08:38:11Z</time>
      </trkpt>
      <trkpt lat="45.60148" lon="24.74368">
        <ele>2155.87</ele>
        <time>2023-10-07T08:38:14Z</time>
      </trkpt>
      <trkpt lat="45.6015" lon="24.74363">
        <ele>2158.37</ele>
        <time>2023-10-07T08:38:20Z</time>
      </trkpt>
      <trkpt lat="45.60154" lon="24.74356">
        <ele>2160.69</ele>
        <time>2023-10-07T08:38:30Z</time>
      </trkpt>
      <trkpt lat="45.60157" lon="24.74348">
        <ele>2162.01</ele>
        <time>2023-10-07T08:38:34Z</time>
      </trkpt>
      <trkpt lat="45.60157" lon="24.74346">
        <ele>2162.09</ele>
        <time>2023-10-07T08:38:35Z</time>
      </trkpt>
      <trkpt lat="45.60158" lon="24.74344">
        <ele>2162.46</ele>
        <time>2023-10-07T08:38:36Z</time>
      </trkpt>
      <trkpt lat="45.6016" lon="24.7434">
        <ele>2163.15</ele>
        <time>2023-10-07T08:38:39Z</time>
      </trkpt>
      <trkpt lat="45.6016" lon="24.74338">
        <ele>2163.2</ele>
        <time>2023-10-07T08:38:41Z</time>
      </trkpt>
      <trkpt lat="45.60161" lon="24.74337">
        <ele>2163.49</ele>
        <time>2023-10-07T08:38:42Z</time>
      </trkpt>
      <trkpt lat="45.60161" lon="24.74336">
        <ele>2163.51</ele>
        <time>2023-10-07T08:38:46Z</time>
      </trkpt>
      <trkpt lat="45.60164" lon="24.74334">
        <ele>2164.32</ele>
        <time>2023-10-07T08:38:50Z</time>
      </trkpt>
      <trkpt lat="45.60166" lon="24.74327">
        <ele>2164.83</ele>
        <time>2023-10-07T08:38:56Z</time>
      </trkpt>
      <trkpt lat="45.60166" lon="24.74327">
        <ele>2164.83</ele>
        <time>2023-10-07T08:38:57Z</time>
      </trkpt>
      <trkpt lat="45.60169" lon="24.74325">
        <ele>2165.59</ele>
        <time>2023-10-07T08:39:03Z</time>
      </trkpt>
      <trkpt lat="45.60168" lon="24.74324">
        <ele>2165.34</ele>
        <time>2023-10-07T08:39:04Z</time>
      </trkpt>
      <trkpt lat="45.60171" lon="24.74322">
        <ele>2166.09</ele>
        <time>2023-10-07T08:39:09Z</time>
      </trkpt>
      <trkpt lat="45.6017" lon="24.74321">
        <ele>2165.84</ele>
        <time>2023-10-07T08:39:10Z</time>
      </trkpt>
      <trkpt lat="45.60172" lon="24.74318">
        <ele>2166.34</ele>
        <time>2023-10-07T08:39:13Z</time>
      </trkpt>
      <trkpt lat="45.60172" lon="24.74313">
        <ele>2166.34</ele>
        <time>2023-10-07T08:39:18Z</time>
      </trkpt>
      <trkpt lat="45.60171" lon="24.74306">
        <ele>2166.09</ele>
        <time>2023-10-07T08:39:25Z</time>
      </trkpt>
      <trkpt lat="45.6017" lon="24.74303">
        <ele>2166.05</ele>
        <time>2023-10-07T08:39:28Z</time>
      </trkpt>
      <trkpt lat="45.60171" lon="24.74294">
        <ele>2167.05</ele>
        <time>2023-10-07T08:39:37Z</time>
      </trkpt>
      <trkpt lat="45.60172" lon="24.74288">
        <ele>2167.85</ele>
        <time>2023-10-07T08:39:42Z</time>
      </trkpt>
      <trkpt lat="45.60173" lon="24.74286">
        <ele>2168.33</ele>
        <time>2023-10-07T08:39:45Z</time>
      </trkpt>
      <trkpt lat="45.60173" lon="24.74285">
        <ele>2168.41</ele>
        <time>2023-10-07T08:39:47Z</time>
      </trkpt>
      <trkpt lat="45.60175" lon="24.7428">
        <ele>2169.49</ele>
        <time>2023-10-07T08:39:53Z</time>
      </trkpt>
      <trkpt lat="45.60177" lon="24.74273">
        <ele>2171.25</ele>
        <time>2023-10-07T08:39:57Z</time>
      </trkpt>
      <trkpt lat="45.60178" lon="24.74273">
        <ele>2171.56</ele>
        <time>2023-10-07T08:40:00Z</time>
      </trkpt>
      <trkpt lat="45.60182" lon="24.74264">
        <ele>2174.4</ele>
        <time>2023-10-07T08:40:08Z</time>
      </trkpt>
      <trkpt lat="45.60183" lon="24.74262">
        <ele>2175.03</ele>
        <time>2023-10-07T08:40:10Z</time>
      </trkpt>
      <trkpt lat="45.60184" lon="24.74263">
        <ele>2175.14</ele>
        <time>2023-10-07T08:40:13Z</time>
      </trkpt>
      <trkpt lat="45.60185" lon="24.74261">
        <ele>2175.77</ele>
        <time>2023-10-07T08:40:16Z</time>
      </trkpt>
      <trkpt lat="45.60186" lon="24.74259">
        <ele>2176.38</ele>
        <time>2023-10-07T08:40:21Z</time>
      </trkpt>
      <trkpt lat="45.60186" lon="24.74259">
        <ele>2176.38</ele>
        <time>2023-10-07T08:40:22Z</time>
      </trkpt>
      <trkpt lat="45.60183" lon="24.74253">
        <ele>2176.6</ele>
        <time>2023-10-07T08:40:30Z</time>
      </trkpt>
      <trkpt lat="45.60183" lon="24.74254">
        <ele>2176.42</ele>
        <time>2023-10-07T08:40:32Z</time>
      </trkpt>
      <trkpt lat="45.60184" lon="24.74253">
        <ele>2176.85</ele>
        <time>2023-10-07T08:40:34Z</time>
      </trkpt>
      <trkpt lat="45.60184" lon="24.74252">
        <ele>2177.03</ele>
        <time>2023-10-07T08:40:36Z</time>
      </trkpt>
      <trkpt lat="45.60184" lon="24.7425">
        <ele>2177.37</ele>
        <time>2023-10-07T08:40:39Z</time>
      </trkpt>
      <trkpt lat="45.60184" lon="24.74248">
        <ele>2177.74</ele>
        <time>2023-10-07T08:40:41Z</time>
      </trkpt>
      <trkpt lat="45.60183" lon="24.74246">
        <ele>2177.83</ele>
        <time>2023-10-07T08:40:43Z</time>
      </trkpt>
      <trkpt lat="45.60184" lon="24.74243">
        <ele>2178.66</ele>
        <time>2023-10-07T08:40:46Z</time>
      </trkpt>
      <trkpt lat="45.60184" lon="24.74241">
        <ele>2179.03</ele>
        <time>2023-10-07T08:40:51Z</time>
      </trkpt>
      <trkpt lat="45.60183" lon="24.74239">
        <ele>2179.07</ele>
        <time>2023-10-07T08:40:55Z</time>
      </trkpt>
      <trkpt lat="45.60182" lon="24.74236">
        <ele>2179.26</ele>
        <time>2023-10-07T08:40:59Z</time>
      </trkpt>
      <trkpt lat="45.60182" lon="24.74234">
        <ele>2179.61</ele>
        <time>2023-10-07T08:41:05Z</time>
      </trkpt>
      <trkpt lat="45.60182" lon="24.74234">
        <ele>2179.61</ele>
        <time>2023-10-07T08:41:11Z</time>
      </trkpt>
      <trkpt lat="45.60182" lon="24.74233">
        <ele>2179.78</ele>
        <time>2023-10-07T08:41:40Z</time>
      </trkpt>
      <trkpt lat="45.60182" lon="24.74233">
        <ele>2179.78</ele>
        <time>2023-10-07T08:41:43Z</time>
      </trkpt>
      <trkpt lat="45.60183" lon="24.74232">
        <ele>2180.32</ele>
        <time>2023-10-07T08:41:47Z</time>
      </trkpt>
      <trkpt lat="45.60183" lon="24.74232">
        <ele>2180.32</ele>
        <time>2023-10-07T08:41:49Z</time>
      </trkpt>
      <trkpt lat="45.60183" lon="24.74232">
        <ele>2180.32</ele>
        <time>2023-10-07T08:41:51Z</time>
      </trkpt>
      <trkpt lat="45.60183" lon="24.74232">
        <ele>2180.32</ele>
        <time>2023-10-07T08:41:54Z</time>
      </trkpt>
      <trkpt lat="45.60184" lon="24.74232">
        <ele>2180.69</ele>
        <time>2023-10-07T08:42:11Z</time>
      </trkpt>
      <trkpt lat="45.60184" lon="24.74232">
        <ele>2180.69</ele>
        <time>2023-10-07T08:42:15Z</time>
      </trkpt>
      <trkpt lat="45.60184" lon="24.74233">
        <ele>2180.5</ele>
        <time>2023-10-07T08:42:26Z</time>
      </trkpt>
      <trkpt lat="45.60184" lon="24.74233">
        <ele>2180.5</ele>
        <time>2023-10-07T08:42:30Z</time>
      </trkpt>
      <trkpt lat="45.60184" lon="24.74233">
        <ele>2180.5</ele>
        <time>2023-10-07T08:42:32Z</time>
      </trkpt>
      <trkpt lat="45.60184" lon="24.74234">
        <ele>2180.32</ele>
        <time>2023-10-07T08:42:34Z</time>
      </trkpt>
      <trkpt lat="45.60183" lon="24.74234">
        <ele>2179.96</ele>
        <time>2023-10-07T08:42:36Z</time>
      </trkpt>
      <trkpt lat="45.60183" lon="24.74234">
        <ele>2179.96</ele>
        <time>2023-10-07T08:42:37Z</time>
      </trkpt>
      <trkpt lat="45.60183" lon="24.74235">
        <ele>2179.78</ele>
        <time>2023-10-07T08:42:39Z</time>
      </trkpt>
      <trkpt lat="45.60183" lon="24.74236">
        <ele>2179.61</ele>
        <time>2023-10-07T08:42:49Z</time>
      </trkpt>
      <trkpt lat="45.60183" lon="24.74237">
        <ele>2179.43</ele>
        <time>2023-10-07T08:42:54Z</time>
      </trkpt>
      <trkpt lat="45.60183" lon="24.74237">
        <ele>2179.43</ele>
        <time>2023-10-07T08:43:01Z</time>
      </trkpt>
      <trkpt lat="45.60184" lon="24.74236">
        <ele>2179.95</ele>
        <time>2023-10-07T08:43:18Z</time>
      </trkpt>
      <trkpt lat="45.60184" lon="24.74236">
        <ele>2179.95</ele>
        <time>2023-10-07T08:43:24Z</time>
      </trkpt>
      <trkpt lat="45.60184" lon="24.74236">
        <ele>2179.95</ele>
        <time>2023-10-07T08:43:26Z</time>
      </trkpt>
      <trkpt lat="45.60185" lon="24.74235">
        <ele>2180.48</ele>
        <time>2023-10-07T08:43:28Z</time>
      </trkpt>
      <trkpt lat="45.60188" lon="24.74232">
        <ele>2182.16</ele>
        <time>2023-10-07T08:43:32Z</time>
      </trkpt>
      <trkpt lat="45.60188" lon="24.74231">
        <ele>2182.37</ele>
        <time>2023-10-07T08:43:35Z</time>
      </trkpt>
      <trkpt lat="45.6019" lon="24.7423">
        <ele>2183.34</ele>
        <time>2023-10-07T08:43:39Z</time>
      </trkpt>
      <trkpt lat="45.60193" lon="24.74229">
        <ele>2184.73</ele>
        <time>2023-10-07T08:43:45Z</time>
      </trkpt>
      <trkpt lat="45.60196" lon="24.74229">
        <ele>2186.03</ele>
        <time>2023-10-07T08:43:48Z</time>
      </trkpt>
      <trkpt lat="45.60198" lon="24.74229">
        <ele>2186.99</ele>
        <time>2023-10-07T08:43:50Z</time>
      </trkpt>
      <trkpt lat="45.60202" lon="24.74229">
        <ele>2188.89</ele>
        <time>2023-10-07T08:43:55Z</time>
      </trkpt>
      <trkpt lat="45.60201" lon="24.74227">
        <ele>2188.9</ele>
        <time>2023-10-07T08:43:57Z</time>
      </trkpt>
      <trkpt lat="45.60202" lon="24.74224">
        <ele>2190.11</ele>
        <time>2023-10-07T08:44:01Z</time>
      </trkpt>
      <trkpt lat="45.60203" lon="24.74225">
        <ele>2190.33</ele>
        <time>2023-10-07T08:44:03Z</time>
      </trkpt>
      <trkpt lat="45.60205" lon="24.74228">
        <ele>2190.56</ele>
        <time>2023-10-07T08:44:07Z</time>
      </trkpt>
      <trkpt lat="45.60208" lon="24.74229">
        <ele>2191.76</ele>
        <time>2023-10-07T08:44:12Z</time>
      </trkpt>
      <trkpt lat="45.60209" lon="24.74226">
        <ele>2192.93</ele>
        <time>2023-10-07T08:44:17Z</time>
      </trkpt>
      <trkpt lat="45.60208" lon="24.74224">
        <ele>2192.93</ele>
        <time>2023-10-07T08:44:28Z</time>
      </trkpt>
      <trkpt lat="45.60209" lon="24.74222">
        <ele>2193.87</ele>
        <time>2023-10-07T08:44:36Z</time>
      </trkpt>
      <trkpt lat="45.60212" lon="24.74218">
        <ele>2196.28</ele>
        <time>2023-10-07T08:44:39Z</time>
      </trkpt>
      <trkpt lat="45.60214" lon="24.74215">
        <ele>2197.97</ele>
        <time>2023-10-07T08:44:40Z</time>
      </trkpt>
      <trkpt lat="45.60219" lon="24.7421">
        <ele>2201.57</ele>
        <time>2023-10-07T08:44:44Z</time>
      </trkpt>
      <trkpt lat="45.6022" lon="24.7421">
        <ele>2202.04</ele>
        <time>2023-10-07T08:44:46Z</time>
      </trkpt>
      <trkpt lat="45.60222" lon="24.74211">
        <ele>2202.72</ele>
        <time>2023-10-07T08:44:48Z</time>
      </trkpt>
      <trkpt lat="45.60222" lon="24.74211">
        <ele>2202.72</ele>
        <time>2023-10-07T08:44:50Z</time>
      </trkpt>
      <trkpt lat="45.60224" lon="24.74209">
        <ele>2204.45</ele>
        <time>2023-10-07T08:44:54Z</time>
      </trkpt>
      <trkpt lat="45.60226" lon="24.74208">
        <ele>2205.97</ele>
        <time>2023-10-07T08:44:59Z</time>
      </trkpt>
      <trkpt lat="45.60227" lon="24.74206">
        <ele>2207.11</ele>
        <time>2023-10-07T08:45:01Z</time>
      </trkpt>
      <trkpt lat="45.60231" lon="24.74207">
        <ele>2209.38</ele>
        <time>2023-10-07T08:45:06Z</time>
      </trkpt>
      <trkpt lat="45.60232" lon="24.74207">
        <ele>2210.01</ele>
        <time>2023-10-07T08:45:07Z</time>
      </trkpt>
      <trkpt lat="45.60233" lon="24.74207">
        <ele>2210.64</ele>
        <time>2023-10-07T08:45:13Z</time>
      </trkpt>
      <trkpt lat="45.60233" lon="24.74206">
        <ele>2210.91</ele>
        <time>2023-10-07T08:45:14Z</time>
      </trkpt>
      <trkpt lat="45.60235" lon="24.74206">
        <ele>2212.18</ele>
        <time>2023-10-07T08:45:18Z</time>
      </trkpt>
      <trkpt lat="45.60236" lon="24.74206">
        <ele>2212.81</ele>
        <time>2023-10-07T08:45:19Z</time>
      </trkpt>
      <trkpt lat="45.60236" lon="24.74208">
        <ele>2212.27</ele>
        <time>2023-10-07T08:45:25Z</time>
      </trkpt>
      <trkpt lat="45.60236" lon="24.74205">
        <ele>2213.08</ele>
        <time>2023-10-07T08:45:28Z</time>
      </trkpt>
      <trkpt lat="45.60236" lon="24.74204">
        <ele>2213.35</ele>
        <time>2023-10-07T08:45:29Z</time>
      </trkpt>
      <trkpt lat="45.60241" lon="24.74204">
        <ele>2216.53</ele>
        <time>2023-10-07T08:45:35Z</time>
      </trkpt>
      <trkpt lat="45.60241" lon="24.74205">
        <ele>2216.25</ele>
        <time>2023-10-07T08:45:36Z</time>
      </trkpt>
      <trkpt lat="45.60242" lon="24.74207">
        <ele>2216.33</ele>
        <time>2023-10-07T08:45:41Z</time>
      </trkpt>
      <trkpt lat="45.60243" lon="24.74205">
        <ele>2217.52</ele>
        <time>2023-10-07T08:45:48Z</time>
      </trkpt>
      <trkpt lat="45.60243" lon="24.74204">
        <ele>2217.8</ele>
        <time>2023-10-07T08:45:50Z</time>
      </trkpt>
      <trkpt lat="45.60243" lon="24.74202">
        <ele>2218.36</ele>
        <time>2023-10-07T08:45:55Z</time>
      </trkpt>
      <trkpt lat="45.60243" lon="24.74201">
        <ele>2218.64</ele>
        <time>2023-10-07T08:45:59Z</time>
      </trkpt>
      <trkpt lat="45.60245" lon="24.74198">
        <ele>2220.76</ele>
        <time>2023-10-07T08:46:05Z</time>
      </trkpt>
      <trkpt lat="45.60245" lon="24.74197">
        <ele>2221.04</ele>
        <time>2023-10-07T08:46:08Z</time>
      </trkpt>
      <trkpt lat="45.60244" lon="24.74196">
        <ele>2220.68</ele>
        <time>2023-10-07T08:46:12Z</time>
      </trkpt>
      <trkpt lat="45.60243" lon="24.74195">
        <ele>2220.31</ele>
        <time>2023-10-07T08:46:16Z</time>
      </trkpt>
      <trkpt lat="45.60242" lon="24.74193">
        <ele>2220.14</ele>
        <time>2023-10-07T08:46:19Z</time>
      </trkpt>
      <trkpt lat="45.60243" lon="24.74192">
        <ele>2220.99</ele>
        <time>2023-10-07T08:46:23Z</time>
      </trkpt>
      <trkpt lat="45.60242" lon="24.74191">
        <ele>2220.6</ele>
        <time>2023-10-07T08:46:25Z</time>
      </trkpt>
      <trkpt lat="45.60243" lon="24.74189">
        <ele>2221.64</ele>
        <time>2023-10-07T08:46:27Z</time>
      </trkpt>
      <trkpt lat="45.6024" lon="24.7419">
        <ele>2219.62</ele>
        <time>2023-10-07T08:46:32Z</time>
      </trkpt>
      <trkpt lat="45.60239" lon="24.74189">
        <ele>2219.28</ele>
        <time>2023-10-07T08:46:33Z</time>
      </trkpt>
      <trkpt lat="45.60239" lon="24.74187">
        <ele>2219.79</ele>
        <time>2023-10-07T08:46:36Z</time>
      </trkpt>
      <trkpt lat="45.60238" lon="24.74181">
        <ele>2220.83</ele>
        <time>2023-10-07T08:46:41Z</time>
      </trkpt>
      <trkpt lat="45.60238" lon="24.74181">
        <ele>2220.83</ele>
        <time>2023-10-07T08:46:43Z</time>
      </trkpt>
      <trkpt lat="45.60238" lon="24.74178">
        <ele>2221.64</ele>
        <time>2023-10-07T08:46:47Z</time>
      </trkpt>
      <trkpt lat="45.60239" lon="24.74177">
        <ele>2222.37</ele>
        <time>2023-10-07T08:46:50Z</time>
      </trkpt>
      <trkpt lat="45.60242" lon="24.74177">
        <ele>2223.77</ele>
        <time>2023-10-07T08:46:56Z</time>
      </trkpt>
      <trkpt lat="45.60242" lon="24.74174">
        <ele>2224.46</ele>
        <time>2023-10-07T08:47:00Z</time>
      </trkpt>
      <trkpt lat="45.60243" lon="24.74172">
        <ele>2225.32</ele>
        <time>2023-10-07T08:47:04Z</time>
      </trkpt>
      <trkpt lat="45.60243" lon="24.74172">
        <ele>2225.32</ele>
        <time>2023-10-07T08:47:07Z</time>
      </trkpt>
      <trkpt lat="45.60242" lon="24.74169">
        <ele>2225.59</ele>
        <time>2023-10-07T08:47:11Z</time>
      </trkpt>
      <trkpt lat="45.60244" lon="24.74165">
        <ele>2226.97</ele>
        <time>2023-10-07T08:47:14Z</time>
      </trkpt>
      <trkpt lat="45.60246" lon="24.74163">
        <ele>2227.88</ele>
        <time>2023-10-07T08:47:17Z</time>
      </trkpt>
      <trkpt lat="45.60246" lon="24.74164">
        <ele>2227.79</ele>
        <time>2023-10-07T08:47:18Z</time>
      </trkpt>
      <trkpt lat="45.60249" lon="24.74165">
        <ele>2228.81</ele>
        <time>2023-10-07T08:47:22Z</time>
      </trkpt>
      <trkpt lat="45.60251" lon="24.74165">
        <ele>2229.48</ele>
        <time>2023-10-07T08:47:26Z</time>
      </trkpt>
      <trkpt lat="45.60253" lon="24.74167">
        <ele>2229.81</ele>
        <time>2023-10-07T08:47:30Z</time>
      </trkpt>
      <trkpt lat="45.60255" lon="24.74166">
        <ele>2230.53</ele>
        <time>2023-10-07T08:47:35Z</time>
      </trkpt>
      <trkpt lat="45.60256" lon="24.74165">
        <ele>2230.97</ele>
        <time>2023-10-07T08:47:36Z</time>
      </trkpt>
      <trkpt lat="45.60258" lon="24.74167">
        <ele>2231.24</ele>
        <time>2023-10-07T08:47:39Z</time>
      </trkpt>
      <trkpt lat="45.60259" lon="24.7417">
        <ele>2230.96</ele>
        <time>2023-10-07T08:47:43Z</time>
      </trkpt>
      <trkpt lat="45.6026" lon="24.74177">
        <ele>2229.86</ele>
        <time>2023-10-07T08:47:51Z</time>
      </trkpt>
      <trkpt lat="45.60259" lon="24.74178">
        <ele>2229.43</ele>
        <time>2023-10-07T08:47:53Z</time>
      </trkpt>
      <trkpt lat="45.6026" lon="24.74181">
        <ele>2229.07</ele>
        <time>2023-10-07T08:47:55Z</time>
      </trkpt>
      <trkpt lat="45.60261" lon="24.74182">
        <ele>2229.09</ele>
        <time>2023-10-07T08:47:56Z</time>
      </trkpt>
      <trkpt lat="45.60262" lon="24.74183">
        <ele>2229.09</ele>
        <time>2023-10-07T08:47:57Z</time>
      </trkpt>
      <trkpt lat="45.60262" lon="24.74181">
        <ele>2229.5</ele>
        <time>2023-10-07T08:48:02Z</time>
      </trkpt>
      <trkpt lat="45.60262" lon="24.74181">
        <ele>2229.5</ele>
        <time>2023-10-07T08:48:03Z</time>
      </trkpt>
      <trkpt lat="45.60265" lon="24.74179">
        <ele>2230.58</ele>
        <time>2023-10-07T08:48:06Z</time>
      </trkpt>
      <trkpt lat="45.60266" lon="24.74181">
        <ele>2230.36</ele>
        <time>2023-10-07T08:48:12Z</time>
      </trkpt>
      <trkpt lat="45.60267" lon="24.74181">
        <ele>2230.57</ele>
        <time>2023-10-07T08:48:13Z</time>
      </trkpt>
      <trkpt lat="45.60269" lon="24.74184">
        <ele>2230.27</ele>
        <time>2023-10-07T08:48:19Z</time>
      </trkpt>
      <trkpt lat="45.6027" lon="24.74186">
        <ele>2229.97</ele>
        <time>2023-10-07T08:48:22Z</time>
      </trkpt>
      <trkpt lat="45.60273" lon="24.74185">
        <ele>2230.8</ele>
        <time>2023-10-07T08:48:25Z</time>
      </trkpt>
      <trkpt lat="45.60272" lon="24.74186">
        <ele>2230.35</ele>
        <time>2023-10-07T08:48:29Z</time>
      </trkpt>
      <trkpt lat="45.60273" lon="24.74186">
        <ele>2230.53</ele>
        <time>2023-10-07T08:48:30Z</time>
      </trkpt>
      <trkpt lat="45.60272" lon="24.74186">
        <ele>2230.35</ele>
        <time>2023-10-07T08:48:31Z</time>
      </trkpt>
      <trkpt lat="45.60273" lon="24.74186">
        <ele>2230.53</ele>
        <time>2023-10-07T08:48:32Z</time>
      </trkpt>
      <trkpt lat="45.60274" lon="24.74185">
        <ele>2230.99</ele>
        <time>2023-10-07T08:48:34Z</time>
      </trkpt>
      <trkpt lat="45.60274" lon="24.74185">
        <ele>2230.99</ele>
        <time>2023-10-07T08:48:35Z</time>
      </trkpt>
      <trkpt lat="45.60275" lon="24.74187">
        <ele>2230.64</ele>
        <time>2023-10-07T08:48:40Z</time>
      </trkpt>
      <trkpt lat="45.60275" lon="24.74187">
        <ele>2230.64</ele>
        <time>2023-10-07T08:48:42Z</time>
      </trkpt>
      <trkpt lat="45.60277" lon="24.74188">
        <ele>2230.72</ele>
        <time>2023-10-07T08:48:48Z</time>
      </trkpt>
      <trkpt lat="45.6028" lon="24.74188">
        <ele>2231.53</ele>
        <time>2023-10-07T08:48:53Z</time>
      </trkpt>
      <trkpt lat="45.6028" lon="24.74188">
        <ele>2231.53</ele>
        <time>2023-10-07T08:48:54Z</time>
      </trkpt>
      <trkpt lat="45.6028" lon="24.74188">
        <ele>2231.53</ele>
        <time>2023-10-07T08:48:55Z</time>
      </trkpt>
      <trkpt lat="45.6028" lon="24.74187">
        <ele>2231.83</ele>
        <time>2023-10-07T08:48:59Z</time>
      </trkpt>
      <trkpt lat="45.6028" lon="24.74185">
        <ele>2232.41</ele>
        <time>2023-10-07T08:49:03Z</time>
      </trkpt>
      <trkpt lat="45.60279" lon="24.74184">
        <ele>2232.39</ele>
        <time>2023-10-07T08:49:04Z</time>
      </trkpt>
      <trkpt lat="45.60282" lon="24.74182">
        <ele>2233.94</ele>
        <time>2023-10-07T08:49:11Z</time>
      </trkpt>
      <trkpt lat="45.60284" lon="24.74182">
        <ele>2234.58</ele>
        <time>2023-10-07T08:49:16Z</time>
      </trkpt>
      <trkpt lat="45.60285" lon="24.74182">
        <ele>2234.9</ele>
        <time>2023-10-07T08:49:17Z</time>
      </trkpt>
      <trkpt lat="45.60287" lon="24.74184">
        <ele>2234.91</ele>
        <time>2023-10-07T08:49:22Z</time>
      </trkpt>
      <trkpt lat="45.60288" lon="24.74183">
        <ele>2235.54</ele>
        <time>2023-10-07T08:49:25Z</time>
      </trkpt>
      <trkpt lat="45.60288" lon="24.74181">
        <ele>2236.17</ele>
        <time>2023-10-07T08:49:27Z</time>
      </trkpt>
      <trkpt lat="45.60288" lon="24.74178">
        <ele>2237.12</ele>
        <time>2023-10-07T08:49:32Z</time>
      </trkpt>
      <trkpt lat="45.60288" lon="24.74176">
        <ele>2237.74</ele>
        <time>2023-10-07T08:49:34Z</time>
      </trkpt>
      <trkpt lat="45.60287" lon="24.74173">
        <ele>2238.34</ele>
        <time>2023-10-07T08:49:38Z</time>
      </trkpt>
      <trkpt lat="45.60286" lon="24.74169">
        <ele>2239.24</ele>
        <time>2023-10-07T08:49:45Z</time>
      </trkpt>
      <trkpt lat="45.60289" lon="24.74168">
        <ele>2240.62</ele>
        <time>2023-10-07T08:49:51Z</time>
      </trkpt>
      <trkpt lat="45.60289" lon="24.74168">
        <ele>2240.62</ele>
        <time>2023-10-07T08:49:52Z</time>
      </trkpt>
      <trkpt lat="45.60294" lon="24.74169">
        <ele>2242.07</ele>
        <time>2023-10-07T08:49:58Z</time>
      </trkpt>
      <trkpt lat="45.60294" lon="24.74169">
        <ele>2242.07</ele>
        <time>2023-10-07T08:50:00Z</time>
      </trkpt>
      <trkpt lat="45.60298" lon="24.7417">
        <ele>2243.15</ele>
        <time>2023-10-07T08:50:06Z</time>
      </trkpt>
      <trkpt lat="45.603" lon="24.74171">
        <ele>2243.5</ele>
        <time>2023-10-07T08:50:09Z</time>
      </trkpt>
      <trkpt lat="45.60302" lon="24.74172">
        <ele>2243.85</ele>
        <time>2023-10-07T08:50:12Z</time>
      </trkpt>
      <trkpt lat="45.60307" lon="24.74172">
        <ele>2245.98</ele>
        <time>2023-10-07T08:50:17Z</time>
      </trkpt>
      <trkpt lat="45.60307" lon="24.74173">
        <ele>2245.6</ele>
        <time>2023-10-07T08:50:18Z</time>
      </trkpt>
      <trkpt lat="45.60309" lon="24.74176">
        <ele>2245.62</ele>
        <time>2023-10-07T08:50:22Z</time>
      </trkpt>
      <trkpt lat="45.6031" lon="24.74178">
        <ele>2245.37</ele>
        <time>2023-10-07T08:50:28Z</time>
      </trkpt>
      <trkpt lat="45.60314" lon="24.7418">
        <ele>2246.66</ele>
        <time>2023-10-07T08:50:35Z</time>
      </trkpt>
      <trkpt lat="45.60316" lon="24.74181">
        <ele>2247.24</ele>
        <time>2023-10-07T08:50:38Z</time>
      </trkpt>
      <trkpt lat="45.60317" lon="24.74182">
        <ele>2247.26</ele>
        <time>2023-10-07T08:50:39Z</time>
      </trkpt>
      <trkpt lat="45.60321" lon="24.74181">
        <ele>2249.82</ele>
        <time>2023-10-07T08:50:45Z</time>
      </trkpt>
      <trkpt lat="45.60322" lon="24.74182">
        <ele>2249.79</ele>
        <time>2023-10-07T08:50:47Z</time>
      </trkpt>
      <trkpt lat="45.60323" lon="24.74182">
        <ele>2250.29</ele>
        <time>2023-10-07T08:50:50Z</time>
      </trkpt>
      <trkpt lat="45.60324" lon="24.74181">
        <ele>2251.37</ele>
        <time>2023-10-07T08:50:56Z</time>
      </trkpt>
      <trkpt lat="45.60325" lon="24.74179">
        <ele>2253.06</ele>
        <time>2023-10-07T08:51:01Z</time>
      </trkpt>
      <trkpt lat="45.60326" lon="24.74178">
        <ele>2254.2</ele>
        <time>2023-10-07T08:51:03Z</time>
      </trkpt>
      <trkpt lat="45.60328" lon="24.74178">
        <ele>2255.31</ele>
        <time>2023-10-07T08:51:06Z</time>
      </trkpt>
      <trkpt lat="45.6033" lon="24.74179">
        <ele>2255.76</ele>
        <time>2023-10-07T08:51:09Z</time>
      </trkpt>
      <trkpt lat="45.60333" lon="24.7418">
        <ele>2256.7</ele>
        <time>2023-10-07T08:51:13Z</time>
      </trkpt>
      <trkpt lat="45.60334" lon="24.74178">
        <ele>2258.75</ele>
        <time>2023-10-07T08:51:18Z</time>
      </trkpt>
      <trkpt lat="45.60334" lon="24.74178">
        <ele>2258.75</ele>
        <time>2023-10-07T08:51:19Z</time>
      </trkpt>
      <trkpt lat="45.60333" lon="24.74176">
        <ele>2259.42</ele>
        <time>2023-10-07T08:51:24Z</time>
      </trkpt>
      <trkpt lat="45.60333" lon="24.74175">
        <ele>2260.1</ele>
        <time>2023-10-07T08:51:26Z</time>
      </trkpt>
      <trkpt lat="45.60334" lon="24.74174">
        <ele>2261.44</ele>
        <time>2023-10-07T08:51:28Z</time>
      </trkpt>
      <trkpt lat="45.60337" lon="24.74174">
        <ele>2263.51</ele>
        <time>2023-10-07T08:51:34Z</time>
      </trkpt>
      <trkpt lat="45.60337" lon="24.74173">
        <ele>2264.14</ele>
        <time>2023-10-07T08:51:39Z</time>
      </trkpt>
      <trkpt lat="45.60337" lon="24.74173">
        <ele>2264.14</ele>
        <time>2023-10-07T08:51:42Z</time>
      </trkpt>
      <trkpt lat="45.60337" lon="24.74171">
        <ele>2265.4</ele>
        <time>2023-10-07T08:52:01Z</time>
      </trkpt>
      <trkpt lat="45.60339" lon="24.7417">
        <ele>2267.28</ele>
        <time>2023-10-07T08:52:08Z</time>
      </trkpt>
      <trkpt lat="45.60336" lon="24.74162">
        <ele>2269.14</ele>
        <time>2023-10-07T08:52:13Z</time>
      </trkpt>
      <trkpt lat="45.60335" lon="24.74154">
        <ele>2271.23</ele>
        <time>2023-10-07T08:52:19Z</time>
      </trkpt>
      <trkpt lat="45.60335" lon="24.74151">
        <ele>2272.24</ele>
        <time>2023-10-07T08:52:22Z</time>
      </trkpt>
      <trkpt lat="45.60336" lon="24.74145">
        <ele>2275.01</ele>
        <time>2023-10-07T08:52:29Z</time>
      </trkpt>
      <trkpt lat="45.60336" lon="24.74144">
        <ele>2275.35</ele>
        <time>2023-10-07T08:52:31Z</time>
      </trkpt>
      <trkpt lat="45.60336" lon="24.74141">
        <ele>2276.38</ele>
        <time>2023-10-07T08:52:34Z</time>
      </trkpt>
      <trkpt lat="45.60336" lon="24.74137">
        <ele>2277.67</ele>
        <time>2023-10-07T08:52:40Z</time>
      </trkpt>
      <trkpt lat="45.60336" lon="24.74136">
        <ele>2277.96</ele>
        <time>2023-10-07T08:52:41Z</time>
      </trkpt>
      <trkpt lat="45.60336" lon="24.74133">
        <ele>2278.84</ele>
        <time>2023-10-07T08:52:45Z</time>
      </trkpt>
      <trkpt lat="45.60336" lon="24.74128">
        <ele>2280.3</ele>
        <time>2023-10-07T08:52:51Z</time>
      </trkpt>
      <trkpt lat="45.60337" lon="24.74122">
        <ele>2282.65</ele>
        <time>2023-10-07T08:53:00Z</time>
      </trkpt>
      <trkpt lat="45.60339" lon="24.74119">
        <ele>2284.62</ele>
        <time>2023-10-07T08:53:06Z</time>
      </trkpt>
      <trkpt lat="45.6034" lon="24.74118">
        <ele>2285.42</ele>
        <time>2023-10-07T08:53:07Z</time>
      </trkpt>
      <trkpt lat="45.60341" lon="24.74118">
        <ele>2285.97</ele>
        <time>2023-10-07T08:53:12Z</time>
      </trkpt>
      <trkpt lat="45.60342" lon="24.74118">
        <ele>2286.52</ele>
        <time>2023-10-07T08:53:14Z</time>
      </trkpt>
      <trkpt lat="45.60344" lon="24.74119">
        <ele>2287.42</ele>
        <time>2023-10-07T08:53:23Z</time>
      </trkpt>
      <trkpt lat="45.60344" lon="24.74119">
        <ele>2287.42</ele>
        <time>2023-10-07T08:53:24Z</time>
      </trkpt>
      <trkpt lat="45.60346" lon="24.74119">
        <ele>2288.54</ele>
        <time>2023-10-07T08:53:31Z</time>
      </trkpt>
      <trkpt lat="45.60347" lon="24.74119">
        <ele>2289.1</ele>
        <time>2023-10-07T08:53:33Z</time>
      </trkpt>
      <trkpt lat="45.60347" lon="24.7412">
        <ele>2288.93</ele>
        <time>2023-10-07T08:53:38Z</time>
      </trkpt>
      <trkpt lat="45.60347" lon="24.7412">
        <ele>2288.93</ele>
        <time>2023-10-07T08:53:51Z</time>
      </trkpt>
      <trkpt lat="45.60348" lon="24.74121">
        <ele>2289.35</ele>
        <time>2023-10-07T08:53:55Z</time>
      </trkpt>
      <trkpt lat="45.60349" lon="24.74123">
        <ele>2289.65</ele>
        <time>2023-10-07T08:54:00Z</time>
      </trkpt>
      <trkpt lat="45.6035" lon="24.74123">
        <ele>2290.26</ele>
        <time>2023-10-07T08:54:01Z</time>
      </trkpt>
      <trkpt lat="45.60353" lon="24.74123">
        <ele>2292.08</ele>
        <time>2023-10-07T08:54:07Z</time>
      </trkpt>
      <trkpt lat="45.60362" lon="24.74124">
        <ele>2297.27</ele>
        <time>2023-10-07T08:54:14Z</time>
      </trkpt>
      <trkpt lat="45.60363" lon="24.74125">
        <ele>2297.58</ele>
        <time>2023-10-07T08:54:16Z</time>
      </trkpt>
      <trkpt lat="45.60367" lon="24.74128">
        <ele>2298.78</ele>
        <time>2023-10-07T08:54:23Z</time>
      </trkpt>
      <trkpt lat="45.60369" lon="24.74128">
        <ele>2299.38</ele>
        <time>2023-10-07T08:54:26Z</time>
      </trkpt>
      <trkpt lat="45.60369" lon="24.74128">
        <ele>2299.38</ele>
        <time>2023-10-07T08:54:27Z</time>
      </trkpt>
      <trkpt lat="45.60371" lon="24.74128">
        <ele>2299.99</ele>
        <time>2023-10-07T08:54:32Z</time>
      </trkpt>
      <trkpt lat="45.60372" lon="24.74129">
        <ele>2300.28</ele>
        <time>2023-10-07T08:54:37Z</time>
      </trkpt>
      <trkpt lat="45.60373" lon="24.74129">
        <ele>2300.58</ele>
        <time>2023-10-07T08:54:42Z</time>
      </trkpt>
      <trkpt lat="45.60376" lon="24.74127">
        <ele>2301.52</ele>
        <time>2023-10-07T08:54:46Z</time>
      </trkpt>
      <trkpt lat="45.60377" lon="24.74128">
        <ele>2301.8</ele>
        <time>2023-10-07T08:54:50Z</time>
      </trkpt>
      <trkpt lat="45.60377" lon="24.7413">
        <ele>2301.76</ele>
        <time>2023-10-07T08:54:53Z</time>
      </trkpt>
      <trkpt lat="45.60379" lon="24.7413">
        <ele>2302.36</ele>
        <time>2023-10-07T08:54:57Z</time>
      </trkpt>
      <trkpt lat="45.6038" lon="24.74131">
        <ele>2302.63</ele>
        <time>2023-10-07T08:54:59Z</time>
      </trkpt>
      <trkpt lat="45.60381" lon="24.7413">
        <ele>2302.96</ele>
        <time>2023-10-07T08:55:02Z</time>
      </trkpt>
      <trkpt lat="45.60381" lon="24.7413">
        <ele>2302.96</ele>
        <time>2023-10-07T08:55:03Z</time>
      </trkpt>
      <trkpt lat="45.60384" lon="24.74131">
        <ele>2303.83</ele>
        <time>2023-10-07T08:55:09Z</time>
      </trkpt>
      <trkpt lat="45.60384" lon="24.74131">
        <ele>2303.83</ele>
        <time>2023-10-07T08:55:11Z</time>
      </trkpt>
      <trkpt lat="45.60385" lon="24.7413">
        <ele>2304.16</ele>
        <time>2023-10-07T08:55:31Z</time>
      </trkpt>
      <trkpt lat="45.60387" lon="24.74131">
        <ele>2304.72</ele>
        <time>2023-10-07T08:55:41Z</time>
      </trkpt>
      <trkpt lat="45.60391" lon="24.74132">
        <ele>2305.61</ele>
        <time>2023-10-07T08:55:45Z</time>
      </trkpt>
      <trkpt lat="45.60395" lon="24.74133">
        <ele>2306.27</ele>
        <time>2023-10-07T08:55:49Z</time>
      </trkpt>
      <trkpt lat="45.60399" lon="24.74134">
        <ele>2306.93</ele>
        <time>2023-10-07T08:55:53Z</time>
      </trkpt>
      <trkpt lat="45.60401" lon="24.74134">
        <ele>2307.28</ele>
        <time>2023-10-07T08:55:59Z</time>
      </trkpt>
      <trkpt lat="45.60402" lon="24.74134">
        <ele>2307.45</ele>
        <time>2023-10-07T08:56:10Z</time>
      </trkpt>
      <trkpt lat="45.60404" lon="24.74135">
        <ele>2307.78</ele>
        <time>2023-10-07T08:56:26Z</time>
      </trkpt>
      <trkpt lat="45.60406" lon="24.74136">
        <ele>2308.12</ele>
        <time>2023-10-07T08:56:36Z</time>
      </trkpt>
      <trkpt lat="45.60406" lon="24.74136">
        <ele>2308.12</ele>
        <time>2023-10-07T08:56:40Z</time>
      </trkpt>
      <trkpt lat="45.60406" lon="24.74136">
        <ele>2308.12</ele>
        <time>2023-10-07T08:56:48Z</time>
      </trkpt>
      <trkpt lat="45.60408" lon="24.74136">
        <ele>2308.47</ele>
        <time>2023-10-07T08:56:53Z</time>
      </trkpt>
      <trkpt lat="45.60409" lon="24.74136">
        <ele>2308.65</ele>
        <time>2023-10-07T08:56:55Z</time>
      </trkpt>
      <trkpt lat="45.6041" lon="24.74136">
        <ele>2308.82</ele>
        <time>2023-10-07T08:56:58Z</time>
      </trkpt>
      <trkpt lat="45.60412" lon="24.74135">
        <ele>2309.18</ele>
        <time>2023-10-07T08:57:01Z</time>
      </trkpt>
      <trkpt lat="45.60415" lon="24.74134">
        <ele>2309.71</ele>
        <time>2023-10-07T08:57:07Z</time>
      </trkpt>
      <trkpt lat="45.60416" lon="24.74132">
        <ele>2309.89</ele>
        <time>2023-10-07T08:57:11Z</time>
      </trkpt>
      <trkpt lat="45.60416" lon="24.74132">
        <ele>2309.89</ele>
        <time>2023-10-07T08:57:12Z</time>
      </trkpt>
      <trkpt lat="45.60417" lon="24.74132">
        <ele>2309.94</ele>
        <time>2023-10-07T08:57:17Z</time>
      </trkpt>
      <trkpt lat="45.60417" lon="24.74131">
        <ele>2309.94</ele>
        <time>2023-10-07T08:57:23Z</time>
      </trkpt>
      <trkpt lat="45.60417" lon="24.74131">
        <ele>2309.94</ele>
        <time>2023-10-07T08:57:27Z</time>
      </trkpt>
      <trkpt lat="45.60417" lon="24.74131">
        <ele>2309.94</ele>
        <time>2023-10-07T08:57:29Z</time>
      </trkpt>
      <trkpt lat="45.60417" lon="24.74131">
        <ele>2309.94</ele>
        <time>2023-10-07T08:57:32Z</time>
      </trkpt>
      <trkpt lat="45.60417" lon="24.74131">
        <ele>2309.94</ele>
        <time>2023-10-07T08:57:36Z</time>
      </trkpt>
      <trkpt lat="45.60417" lon="24.74131">
        <ele>2309.94</ele>
        <time>2023-10-07T08:57:46Z</time>
      </trkpt>
      <trkpt lat="45.60417" lon="24.74131">
        <ele>2309.94</ele>
        <time>2023-10-07T08:57:51Z</time>
      </trkpt>
      <trkpt lat="45.60417" lon="24.74131">
        <ele>2309.94</ele>
        <time>2023-10-07T08:57:54Z</time>
      </trkpt>
      <trkpt lat="45.60417" lon="24.74131">
        <ele>2309.94</ele>
        <time>2023-10-07T08:57:56Z</time>
      </trkpt>
      <trkpt lat="45.60417" lon="24.74131">
        <ele>2309.94</ele>
        <time>2023-10-07T08:58:01Z</time>
      </trkpt>
      <trkpt lat="45.60417" lon="24.74131">
        <ele>2309.94</ele>
        <time>2023-10-07T08:58:02Z</time>
      </trkpt>
      <trkpt lat="45.60417" lon="24.74132">
        <ele>2309.94</ele>
        <time>2023-10-07T08:58:03Z</time>
      </trkpt>
      <trkpt lat="45.60417" lon="24.74132">
        <ele>2309.94</ele>
        <time>2023-10-07T08:58:09Z</time>
      </trkpt>
      <trkpt lat="45.60417" lon="24.74132">
        <ele>2309.94</ele>
        <time>2023-10-07T08:58:16Z</time>
      </trkpt>
      <trkpt lat="45.60417" lon="24.74132">
        <ele>2309.94</ele>
        <time>2023-10-07T08:58:17Z</time>
      </trkpt>
      <trkpt lat="45.60417" lon="24.74132">
        <ele>2309.94</ele>
        <time>2023-10-07T08:58:22Z</time>
      </trkpt>
      <trkpt lat="45.60417" lon="24.74132">
        <ele>2309.94</ele>
        <time>2023-10-07T08:58:23Z</time>
      </trkpt>
      <trkpt lat="45.60417" lon="24.74132">
        <ele>2309.94</ele>
        <time>2023-10-07T08:58:28Z</time>
      </trkpt>
      <trkpt lat="45.60417" lon="24.74132">
        <ele>2309.94</ele>
        <time>2023-10-07T08:58:29Z</time>
      </trkpt>
      <trkpt lat="45.60417" lon="24.74132">
        <ele>2309.94</ele>
        <time>2023-10-07T08:58:30Z</time>
      </trkpt>
      <trkpt lat="45.60417" lon="24.74132">
        <ele>2309.94</ele>
        <time>2023-10-07T08:58:42Z</time>
      </trkpt>
      <trkpt lat="45.60417" lon="24.74132">
        <ele>2309.94</ele>
        <time>2023-10-07T08:58:46Z</time>
      </trkpt>
      <trkpt lat="45.60417" lon="24.74132">
        <ele>2309.94</ele>
        <time>2023-10-07T08:58:50Z</time>
      </trkpt>
      <trkpt lat="45.60417" lon="24.74132">
        <ele>2309.94</ele>
        <time>2023-10-07T08:58:51Z</time>
      </trkpt>
      <trkpt lat="45.60417" lon="24.74132">
        <ele>2309.94</ele>
        <time>2023-10-07T08:58:58Z</time>
      </trkpt>
      <trkpt lat="45.60417" lon="24.74132">
        <ele>2309.94</ele>
        <time>2023-10-07T08:59:06Z</time>
      </trkpt>
      <trkpt lat="45.60417" lon="24.74132">
        <ele>2309.94</ele>
        <time>2023-10-07T08:59:12Z</time>
      </trkpt>
      <trkpt lat="45.60417" lon="24.74132">
        <ele>2309.94</ele>
        <time>2023-10-07T08:59:17Z</time>
      </trkpt>
      <trkpt lat="45.60417" lon="24.74133">
        <ele>2309.94</ele>
        <time>2023-10-07T08:59:33Z</time>
      </trkpt>
      <trkpt lat="45.60417" lon="24.74133">
        <ele>2309.94</ele>
        <time>2023-10-07T08:59:42Z</time>
      </trkpt>
      <trkpt lat="45.60417" lon="24.74133">
        <ele>2309.94</ele>
        <time>2023-10-07T08:59:45Z</time>
      </trkpt>
      <trkpt lat="45.60417" lon="24.74133">
        <ele>2309.94</ele>
        <time>2023-10-07T08:59:51Z</time>
      </trkpt>
      <trkpt lat="45.60417" lon="24.74133">
        <ele>2309.94</ele>
        <time>2023-10-07T09:00:01Z</time>
      </trkpt>
      <trkpt lat="45.60417" lon="24.74133">
        <ele>2309.94</ele>
        <time>2023-10-07T09:00:10Z</time>
      </trkpt>
      <trkpt lat="45.60417" lon="24.74133">
        <ele>2309.94</ele>
        <time>2023-10-07T09:00:44Z</time>
      </trkpt>
      <trkpt lat="45.60417" lon="24.74133">
        <ele>2309.94</ele>
        <time>2023-10-07T09:00:47Z</time>
      </trkpt>
      <trkpt lat="45.60417" lon="24.74133">
        <ele>2309.94</ele>
        <time>2023-10-07T09:00:58Z</time>
      </trkpt>
      <trkpt lat="45.60417" lon="24.74133">
        <ele>2309.94</ele>
        <time>2023-10-07T09:01:07Z</time>
      </trkpt>
      <trkpt lat="45.60417" lon="24.74133">
        <ele>2309.94</ele>
        <time>2023-10-07T09:01:10Z</time>
      </trkpt>
      <trkpt lat="45.60417" lon="24.74133">
        <ele>2309.94</ele>
        <time>2023-10-07T09:01:32Z</time>
      </trkpt>
      <trkpt lat="45.60417" lon="24.74133">
        <ele>2309.94</ele>
        <time>2023-10-07T09:01:39Z</time>
      </trkpt>
      <trkpt lat="45.60417" lon="24.74133">
        <ele>2309.94</ele>
        <time>2023-10-07T09:01:47Z</time>
      </trkpt>
      <trkpt lat="45.60417" lon="24.74133">
        <ele>2309.94</ele>
        <time>2023-10-07T09:01:53Z</time>
      </trkpt>
      <trkpt lat="45.60417" lon="24.74133">
        <ele>2309.94</ele>
        <time>2023-10-07T09:02:01Z</time>
      </trkpt>
      <trkpt lat="45.60417" lon="24.74133">
        <ele>2309.94</ele>
        <time>2023-10-07T09:02:04Z</time>
      </trkpt>
      <trkpt lat="45.60417" lon="24.74133">
        <ele>2309.94</ele>
        <time>2023-10-07T09:02:28Z</time>
      </trkpt>
      <trkpt lat="45.60417" lon="24.74133">
        <ele>2309.94</ele>
        <time>2023-10-07T09:02:37Z</time>
      </trkpt>
      <trkpt lat="45.60417" lon="24.74133">
        <ele>2309.94</ele>
        <time>2023-10-07T09:02:40Z</time>
      </trkpt>
      <trkpt lat="45.60417" lon="24.74133">
        <ele>2309.94</ele>
        <time>2023-10-07T09:02:44Z</time>
      </trkpt>
      <trkpt lat="45.60417" lon="24.74133">
        <ele>2309.94</ele>
        <time>2023-10-07T09:03:10Z</time>
      </trkpt>
      <trkpt lat="45.60416" lon="24.74133">
        <ele>2309.89</ele>
        <time>2023-10-07T09:03:30Z</time>
      </trkpt>
      <trkpt lat="45.60416" lon="24.74133">
        <ele>2309.89</ele>
        <time>2023-10-07T09:03:34Z</time>
      </trkpt>
      <trkpt lat="45.60416" lon="24.74133">
        <ele>2309.89</ele>
        <time>2023-10-07T09:03:52Z</time>
      </trkpt>
      <trkpt lat="45.60414" lon="24.74132">
        <ele>2309.54</ele>
        <time>2023-10-07T09:03:54Z</time>
      </trkpt>
      <trkpt lat="45.60411" lon="24.7413">
        <ele>2309.05</ele>
        <time>2023-10-07T09:03:57Z</time>
      </trkpt>
      <trkpt lat="45.60404" lon="24.74129">
        <ele>2307.88</ele>
        <time>2023-10-07T09:04:05Z</time>
      </trkpt>
      <trkpt lat="45.60403" lon="24.74127">
        <ele>2307.75</ele>
        <time>2023-10-07T09:04:12Z</time>
      </trkpt>
      <trkpt lat="45.60403" lon="24.74127">
        <ele>2307.75</ele>
        <time>2023-10-07T09:04:18Z</time>
      </trkpt>
      <trkpt lat="45.60403" lon="24.74127">
        <ele>2307.75</ele>
        <time>2023-10-07T09:04:35Z</time>
      </trkpt>
      <trkpt lat="45.60403" lon="24.74127">
        <ele>2307.75</ele>
        <time>2023-10-07T09:04:39Z</time>
      </trkpt>
      <trkpt lat="45.60403" lon="24.74127">
        <ele>2307.75</ele>
        <time>2023-10-07T09:04:46Z</time>
      </trkpt>
      <trkpt lat="45.60398" lon="24.74122">
        <ele>2307.05</ele>
        <time>2023-10-07T09:05:01Z</time>
      </trkpt>
      <trkpt lat="45.60396" lon="24.74113">
        <ele>2306.97</ele>
        <time>2023-10-07T09:05:18Z</time>
      </trkpt>
      <trkpt lat="45.60396" lon="24.74109">
        <ele>2306.85</ele>
        <time>2023-10-07T09:05:39Z</time>
      </trkpt>
      <trkpt lat="45.60396" lon="24.74106">
        <ele>2306.6</ele>
        <time>2023-10-07T09:05:45Z</time>
      </trkpt>
      <trkpt lat="45.60396" lon="24.74105">
        <ele>2306.52</ele>
        <time>2023-10-07T09:05:46Z</time>
      </trkpt>
      <trkpt lat="45.60396" lon="24.74105">
        <ele>2306.52</ele>
        <time>2023-10-07T09:05:48Z</time>
      </trkpt>
      <trkpt lat="45.60397" lon="24.74103">
        <ele>2306.45</ele>
        <time>2023-10-07T09:05:52Z</time>
      </trkpt>
      <trkpt lat="45.60397" lon="24.74101">
        <ele>2306.27</ele>
        <time>2023-10-07T09:05:56Z</time>
      </trkpt>
      <trkpt lat="45.60398" lon="24.74098">
        <ele>2306.07</ele>
        <time>2023-10-07T09:06:02Z</time>
      </trkpt>
      <trkpt lat="45.60399" lon="24.7409">
        <ele>2305.31</ele>
        <time>2023-10-07T09:06:23Z</time>
      </trkpt>
      <trkpt lat="45.60403" lon="24.74084">
        <ele>2304.58</ele>
        <time>2023-10-07T09:06:34Z</time>
      </trkpt>
      <trkpt lat="45.60403" lon="24.74083">
        <ele>2304.53</ele>
        <time>2023-10-07T09:06:36Z</time>
      </trkpt>
      <trkpt lat="45.60403" lon="24.74081">
        <ele>2304.75</ele>
        <time>2023-10-07T09:06:39Z</time>
      </trkpt>
      <trkpt lat="45.60404" lon="24.74078">
        <ele>2305.1</ele>
        <time>2023-10-07T09:06:44Z</time>
      </trkpt>
      <trkpt lat="45.60405" lon="24.74074">
        <ele>2305.64</ele>
        <time>2023-10-07T09:06:51Z</time>
      </trkpt>
      <trkpt lat="45.60406" lon="24.74073">
        <ele>2305.85</ele>
        <time>2023-10-07T09:06:55Z</time>
      </trkpt>
      <trkpt lat="45.60408" lon="24.74068">
        <ele>2306.8</ele>
        <time>2023-10-07T09:07:07Z</time>
      </trkpt>
      <trkpt lat="45.60409" lon="24.74064">
        <ele>2307.61</ele>
        <time>2023-10-07T09:07:17Z</time>
      </trkpt>
      <trkpt lat="45.60409" lon="24.74064">
        <ele>2307.61</ele>
        <time>2023-10-07T09:07:23Z</time>
      </trkpt>
      <trkpt lat="45.60409" lon="24.74063">
        <ele>2307.78</ele>
        <time>2023-10-07T09:07:27Z</time>
      </trkpt>
      <trkpt lat="45.60412" lon="24.74053">
        <ele>2311.02</ele>
        <time>2023-10-07T09:07:33Z</time>
      </trkpt>
      <trkpt lat="45.60412" lon="24.74049">
        <ele>2312.89</ele>
        <time>2023-10-07T09:07:35Z</time>
      </trkpt>
      <trkpt lat="45.60411" lon="24.74043">
        <ele>2315.45</ele>
        <time>2023-10-07T09:07:41Z</time>
      </trkpt>
      <trkpt lat="45.60411" lon="24.74039">
        <ele>2317.32</ele>
        <time>2023-10-07T09:07:45Z</time>
      </trkpt>
      <trkpt lat="45.60409" lon="24.74034">
        <ele>2319.16</ele>
        <time>2023-10-07T09:07:53Z</time>
      </trkpt>
      <trkpt lat="45.60408" lon="24.74033">
        <ele>2319.37</ele>
        <time>2023-10-07T09:07:55Z</time>
      </trkpt>
      <trkpt lat="45.60407" lon="24.74029">
        <ele>2320.99</ele>
        <time>2023-10-07T09:08:00Z</time>
      </trkpt>
      <trkpt lat="45.60407" lon="24.74028">
        <ele>2321.46</ele>
        <time>2023-10-07T09:08:02Z</time>
      </trkpt>
      <trkpt lat="45.60406" lon="24.74027">
        <ele>2321.59</ele>
        <time>2023-10-07T09:08:05Z</time>
      </trkpt>
      <trkpt lat="45.60406" lon="24.74025">
        <ele>2322.3</ele>
        <time>2023-10-07T09:08:07Z</time>
      </trkpt>
      <trkpt lat="45.60404" lon="24.74023">
        <ele>2322.58</ele>
        <time>2023-10-07T09:08:12Z</time>
      </trkpt>
      <trkpt lat="45.60404" lon="24.74022">
        <ele>2322.95</ele>
        <time>2023-10-07T09:08:13Z</time>
      </trkpt>
      <trkpt lat="45.60404" lon="24.7402">
        <ele>2323.69</ele>
        <time>2023-10-07T09:08:16Z</time>
      </trkpt>
      <trkpt lat="45.60404" lon="24.74018">
        <ele>2324.43</ele>
        <time>2023-10-07T09:08:19Z</time>
      </trkpt>
      <trkpt lat="45.60406" lon="24.74015">
        <ele>2325.88</ele>
        <time>2023-10-07T09:08:27Z</time>
      </trkpt>
      <trkpt lat="45.60403" lon="24.74013">
        <ele>2326.12</ele>
        <time>2023-10-07T09:08:35Z</time>
      </trkpt>
      <trkpt lat="45.60403" lon="24.74012">
        <ele>2326.5</ele>
        <time>2023-10-07T09:08:37Z</time>
      </trkpt>
      <trkpt lat="45.60401" lon="24.74011">
        <ele>2326.59</ele>
        <time>2023-10-07T09:08:42Z</time>
      </trkpt>
      <trkpt lat="45.60401" lon="24.74011">
        <ele>2326.59</ele>
        <time>2023-10-07T09:08:43Z</time>
      </trkpt>
      <trkpt lat="45.604" lon="24.7401">
        <ele>2326.84</ele>
        <time>2023-10-07T09:08:48Z</time>
      </trkpt>
      <trkpt lat="45.60398" lon="24.7401">
        <ele>2326.57</ele>
        <time>2023-10-07T09:08:55Z</time>
      </trkpt>
      <trkpt lat="45.60397" lon="24.74009">
        <ele>2326.85</ele>
        <time>2023-10-07T09:08:57Z</time>
      </trkpt>
      <trkpt lat="45.60397" lon="24.74008">
        <ele>2327.26</ele>
        <time>2023-10-07T09:09:00Z</time>
      </trkpt>
      <trkpt lat="45.60396" lon="24.74007">
        <ele>2327.56</ele>
        <time>2023-10-07T09:09:03Z</time>
      </trkpt>
      <trkpt lat="45.60396" lon="24.74007">
        <ele>2327.56</ele>
        <time>2023-10-07T09:09:05Z</time>
      </trkpt>
      <trkpt lat="45.60393" lon="24.74003">
        <ele>2328.97</ele>
        <time>2023-10-07T09:09:14Z</time>
      </trkpt>
      <trkpt lat="45.60393" lon="24.74002">
        <ele>2329.41</ele>
        <time>2023-10-07T09:09:15Z</time>
      </trkpt>
      <trkpt lat="45.60394" lon="24.74001">
        <ele>2329.93</ele>
        <time>2023-10-07T09:09:17Z</time>
      </trkpt>
      <trkpt lat="45.60395" lon="24.74">
        <ele>2330.44</ele>
        <time>2023-10-07T09:09:21Z</time>
      </trkpt>
      <trkpt lat="45.60397" lon="24.73999">
        <ele>2331.05</ele>
        <time>2023-10-07T09:09:27Z</time>
      </trkpt>
      <trkpt lat="45.60398" lon="24.73998">
        <ele>2331.57</ele>
        <time>2023-10-07T09:09:33Z</time>
      </trkpt>
      <trkpt lat="45.60398" lon="24.73998">
        <ele>2331.57</ele>
        <time>2023-10-07T09:09:42Z</time>
      </trkpt>
      <trkpt lat="45.60398" lon="24.73998">
        <ele>2331.57</ele>
        <time>2023-10-07T09:09:46Z</time>
      </trkpt>
      <trkpt lat="45.60397" lon="24.73996">
        <ele>2332.43</ele>
        <time>2023-10-07T09:09:55Z</time>
      </trkpt>
      <trkpt lat="45.60397" lon="24.73996">
        <ele>2332.43</ele>
        <time>2023-10-07T09:10:00Z</time>
      </trkpt>
      <trkpt lat="45.60397" lon="24.73996">
        <ele>2332.43</ele>
        <time>2023-10-07T09:10:01Z</time>
      </trkpt>
      <trkpt lat="45.60396" lon="24.73993">
        <ele>2333.78</ele>
        <time>2023-10-07T09:10:10Z</time>
      </trkpt>
      <trkpt lat="45.60396" lon="24.73993">
        <ele>2333.78</ele>
        <time>2023-10-07T09:10:16Z</time>
      </trkpt>
      <trkpt lat="45.60396" lon="24.73993">
        <ele>2333.78</ele>
        <time>2023-10-07T09:10:19Z</time>
      </trkpt>
      <trkpt lat="45.60396" lon="24.73993">
        <ele>2333.78</ele>
        <time>2023-10-07T09:10:23Z</time>
      </trkpt>
      <trkpt lat="45.60397" lon="24.73992">
        <ele>2334.28</ele>
        <time>2023-10-07T09:10:29Z</time>
      </trkpt>
      <trkpt lat="45.60398" lon="24.73991">
        <ele>2334.77</ele>
        <time>2023-10-07T09:10:36Z</time>
      </trkpt>
      <trkpt lat="45.60398" lon="24.7399">
        <ele>2335.22</ele>
        <time>2023-10-07T09:10:38Z</time>
      </trkpt>
      <trkpt lat="45.60398" lon="24.7399">
        <ele>2335.22</ele>
        <time>2023-10-07T09:10:39Z</time>
      </trkpt>
      <trkpt lat="45.604" lon="24.73984">
        <ele>2337.94</ele>
        <time>2023-10-07T09:10:56Z</time>
      </trkpt>
      <trkpt lat="45.604" lon="24.73983">
        <ele>2338.39</ele>
        <time>2023-10-07T09:11:09Z</time>
      </trkpt>
      <trkpt lat="45.60401" lon="24.73979">
        <ele>2340.14</ele>
        <time>2023-10-07T09:11:28Z</time>
      </trkpt>
      <trkpt lat="45.60401" lon="24.73979">
        <ele>2340.14</ele>
        <time>2023-10-07T09:11:29Z</time>
      </trkpt>
      <trkpt lat="45.60401" lon="24.73978">
        <ele>2340.58</ele>
        <time>2023-10-07T09:11:34Z</time>
      </trkpt>
      <trkpt lat="45.60401" lon="24.73978">
        <ele>2340.58</ele>
        <time>2023-10-07T09:11:38Z</time>
      </trkpt>
      <trkpt lat="45.60402" lon="24.73976">
        <ele>2341.41</ele>
        <time>2023-10-07T09:11:46Z</time>
      </trkpt>
      <trkpt lat="45.60402" lon="24.73976">
        <ele>2341.41</ele>
        <time>2023-10-07T09:11:49Z</time>
      </trkpt>
      <trkpt lat="45.60402" lon="24.73976">
        <ele>2341.41</ele>
        <time>2023-10-07T09:11:53Z</time>
      </trkpt>
      <trkpt lat="45.60402" lon="24.73976">
        <ele>2341.41</ele>
        <time>2023-10-07T09:11:57Z</time>
      </trkpt>
      <trkpt lat="45.60403" lon="24.73976">
        <ele>2341.36</ele>
        <time>2023-10-07T09:11:58Z</time>
      </trkpt>
      <trkpt lat="45.60403" lon="24.73973">
        <ele>2342.65</ele>
        <time>2023-10-07T09:12:06Z</time>
      </trkpt>
      <trkpt lat="45.60403" lon="24.73973">
        <ele>2342.65</ele>
        <time>2023-10-07T09:12:07Z</time>
      </trkpt>
      <trkpt lat="45.60403" lon="24.73971">
        <ele>2343.55</ele>
        <time>2023-10-07T09:12:13Z</time>
      </trkpt>
      <trkpt lat="45.60403" lon="24.7397">
        <ele>2344.02</ele>
        <time>2023-10-07T09:12:15Z</time>
      </trkpt>
      <trkpt lat="45.60403" lon="24.73968">
        <ele>2344.95</ele>
        <time>2023-10-07T09:12:17Z</time>
      </trkpt>
      <trkpt lat="45.60403" lon="24.73967">
        <ele>2345.42</ele>
        <time>2023-10-07T09:12:22Z</time>
      </trkpt>
      <trkpt lat="45.60404" lon="24.73967">
        <ele>2345.29</ele>
        <time>2023-10-07T09:12:46Z</time>
      </trkpt>
      <trkpt lat="45.60404" lon="24.73967">
        <ele>2345.29</ele>
        <time>2023-10-07T09:12:55Z</time>
      </trkpt>
      <trkpt lat="45.60403" lon="24.73968">
        <ele>2344.95</ele>
        <time>2023-10-07T09:13:04Z</time>
      </trkpt>
      <trkpt lat="45.60403" lon="24.73968">
        <ele>2344.95</ele>
        <time>2023-10-07T09:13:14Z</time>
      </trkpt>
      <trkpt lat="45.60403" lon="24.73968">
        <ele>2344.95</ele>
        <time>2023-10-07T09:13:18Z</time>
      </trkpt>
      <trkpt lat="45.60403" lon="24.73968">
        <ele>2344.95</ele>
        <time>2023-10-07T09:13:27Z</time>
      </trkpt>
      <trkpt lat="45.60402" lon="24.73968">
        <ele>2345.07</ele>
        <time>2023-10-07T09:13:30Z</time>
      </trkpt>
      <trkpt lat="45.604" lon="24.73965">
        <ele>2346.79</ele>
        <time>2023-10-07T09:14:06Z</time>
      </trkpt>
      <trkpt lat="45.60401" lon="24.73964">
        <ele>2347.13</ele>
        <time>2023-10-07T09:14:20Z</time>
      </trkpt>
    </trkseg>
    <trkseg>
      <trkpt lat="45.60401" lon="24.73963">
        <ele>2347.61</ele>
        <time>2023-10-07T09:14:31Z</time>
      </trkpt>
      <trkpt lat="45.60401" lon="24.73963">
        <ele>2347.61</ele>
        <time>2023-10-07T09:14:34Z</time>
      </trkpt>
      <trkpt lat="45.60401" lon="24.73963">
        <ele>2347.61</ele>
        <time>2023-10-07T09:14:36Z</time>
      </trkpt>
      <trkpt lat="45.60401" lon="24.73963">
        <ele>2347.61</ele>
        <time>2023-10-07T09:14:37Z</time>
      </trkpt>
      <trkpt lat="45.60403" lon="24.73962">
        <ele>2347.74</ele>
        <time>2023-10-07T09:15:00Z</time>
      </trkpt>
      <trkpt lat="45.60403" lon="24.73962">
        <ele>2347.74</ele>
        <time>2023-10-07T09:15:01Z</time>
      </trkpt>
      <trkpt lat="45.60403" lon="24.73962">
        <ele>2347.74</ele>
        <time>2023-10-07T09:15:11Z</time>
      </trkpt>
      <trkpt lat="45.60403" lon="24.73962">
        <ele>2347.74</ele>
        <time>2023-10-07T09:15:17Z</time>
      </trkpt>
      <trkpt lat="45.60403" lon="24.73962">
        <ele>2347.74</ele>
        <time>2023-10-07T09:15:21Z</time>
      </trkpt>
      <trkpt lat="45.60403" lon="24.73962">
        <ele>2347.74</ele>
        <time>2023-10-07T09:15:45Z</time>
      </trkpt>
      <trkpt lat="45.60403" lon="24.73962">
        <ele>2347.74</ele>
        <time>2023-10-07T09:15:51Z</time>
      </trkpt>
      <trkpt lat="45.60403" lon="24.73962">
        <ele>2347.74</ele>
        <time>2023-10-07T09:15:59Z</time>
      </trkpt>
      <trkpt lat="45.60403" lon="24.73962">
        <ele>2347.74</ele>
        <time>2023-10-07T09:16:14Z</time>
      </trkpt>
      <trkpt lat="45.60403" lon="24.73962">
        <ele>2347.74</ele>
        <time>2023-10-07T09:16:16Z</time>
      </trkpt>
      <trkpt lat="45.60403" lon="24.73962">
        <ele>2347.74</ele>
        <time>2023-10-07T09:16:20Z</time>
      </trkpt>
      <trkpt lat="45.60403" lon="24.73962">
        <ele>2347.74</ele>
        <time>2023-10-07T09:16:39Z</time>
      </trkpt>
      <trkpt lat="45.60403" lon="24.73962">
        <ele>2347.74</ele>
        <time>2023-10-07T09:16:45Z</time>
      </trkpt>
      <trkpt lat="45.60403" lon="24.73962">
        <ele>2347.74</ele>
        <time>2023-10-07T09:16:49Z</time>
      </trkpt>
      <trkpt lat="45.60403" lon="24.73962">
        <ele>2347.74</ele>
        <time>2023-10-07T09:16:58Z</time>
      </trkpt>
      <trkpt lat="45.60403" lon="24.73962">
        <ele>2347.74</ele>
        <time>2023-10-07T09:17:01Z</time>
      </trkpt>
      <trkpt lat="45.60403" lon="24.73962">
        <ele>2347.74</ele>
        <time>2023-10-07T09:17:03Z</time>
      </trkpt>
      <trkpt lat="45.60402" lon="24.73962">
        <ele>2347.92</ele>
        <time>2023-10-07T09:17:11Z</time>
      </trkpt>
      <trkpt lat="45.60402" lon="24.73962">
        <ele>2347.92</ele>
        <time>2023-10-07T09:17:13Z</time>
      </trkpt>
      <trkpt lat="45.60402" lon="24.73962">
        <ele>2347.92</ele>
        <time>2023-10-07T09:17:19Z</time>
      </trkpt>
      <trkpt lat="45.60402" lon="24.73961">
        <ele>2348.4</ele>
        <time>2023-10-07T09:17:25Z</time>
      </trkpt>
      <trkpt lat="45.60402" lon="24.73961">
        <ele>2348.4</ele>
        <time>2023-10-07T09:17:39Z</time>
      </trkpt>
      <trkpt lat="45.60402" lon="24.73961">
        <ele>2348.4</ele>
        <time>2023-10-07T09:17:50Z</time>
      </trkpt>
      <trkpt lat="45.60402" lon="24.7396">
        <ele>2348.87</ele>
        <time>2023-10-07T09:18:01Z</time>
      </trkpt>
      <trkpt lat="45.60402" lon="24.7396">
        <ele>2348.87</ele>
        <time>2023-10-07T09:18:15Z</time>
      </trkpt>
      <trkpt lat="45.60402" lon="24.7396">
        <ele>2348.87</ele>
        <time>2023-10-07T09:18:19Z</time>
      </trkpt>
      <trkpt lat="45.60402" lon="24.7396">
        <ele>2348.87</ele>
        <time>2023-10-07T09:18:31Z</time>
      </trkpt>
      <trkpt lat="45.60402" lon="24.73959">
        <ele>2349.35</ele>
        <time>2023-10-07T09:18:34Z</time>
      </trkpt>
      <trkpt lat="45.60401" lon="24.73959">
        <ele>2349.56</ele>
        <time>2023-10-07T09:18:38Z</time>
      </trkpt>
      <trkpt lat="45.60401" lon="24.73959">
        <ele>2349.56</ele>
        <time>2023-10-07T09:18:40Z</time>
      </trkpt>
      <trkpt lat="45.60401" lon="24.73958">
        <ele>2350.05</ele>
        <time>2023-10-07T09:19:03Z</time>
      </trkpt>
      <trkpt lat="45.60401" lon="24.73958">
        <ele>2350.05</ele>
        <time>2023-10-07T09:19:04Z</time>
      </trkpt>
      <trkpt lat="45.60401" lon="24.73958">
        <ele>2350.05</ele>
        <time>2023-10-07T09:19:29Z</time>
      </trkpt>
      <trkpt lat="45.60401" lon="24.73957">
        <ele>2350.53</ele>
        <time>2023-10-07T09:19:37Z</time>
      </trkpt>
      <trkpt lat="45.604" lon="24.73957">
        <ele>2350.76</ele>
        <time>2023-10-07T09:19:43Z</time>
      </trkpt>
      <trkpt lat="45.604" lon="24.73957">
        <ele>2350.76</ele>
        <time>2023-10-07T09:19:44Z</time>
      </trkpt>
      <trkpt lat="45.604" lon="24.73956">
        <ele>2351.26</ele>
        <time>2023-10-07T09:20:18Z</time>
      </trkpt>
      <trkpt lat="45.604" lon="24.73956">
        <ele>2351.26</ele>
        <time>2023-10-07T09:20:28Z</time>
      </trkpt>
      <trkpt lat="45.604" lon="24.73956">
        <ele>2351.26</ele>
        <time>2023-10-07T09:20:38Z</time>
      </trkpt>
      <trkpt lat="45.60399" lon="24.73955">
        <ele>2352.01</ele>
        <time>2023-10-07T09:21:12Z</time>
      </trkpt>
      <trkpt lat="45.60399" lon="24.73955">
        <ele>2352.01</ele>
        <time>2023-10-07T09:21:17Z</time>
      </trkpt>
      <trkpt lat="45.60399" lon="24.73954">
        <ele>2352.51</ele>
        <time>2023-10-07T09:21:32Z</time>
      </trkpt>
      <trkpt lat="45.60399" lon="24.73954">
        <ele>2352.51</ele>
        <time>2023-10-07T09:21:39Z</time>
      </trkpt>
      <trkpt lat="45.60398" lon="24.73954">
        <ele>2352.77</ele>
        <time>2023-10-07T09:21:52Z</time>
      </trkpt>
      <trkpt lat="45.60398" lon="24.73954">
        <ele>2352.77</ele>
        <time>2023-10-07T09:21:54Z</time>
      </trkpt>
      <trkpt lat="45.60398" lon="24.73954">
        <ele>2352.77</ele>
        <time>2023-10-07T09:21:57Z</time>
      </trkpt>
      <trkpt lat="45.60398" lon="24.73953">
        <ele>2353.29</ele>
        <time>2023-10-07T09:22:12Z</time>
      </trkpt>
      <trkpt lat="45.60398" lon="24.73953">
        <ele>2353.29</ele>
        <time>2023-10-07T09:22:16Z</time>
      </trkpt>
      <trkpt lat="45.60398" lon="24.73953">
        <ele>2353.29</ele>
        <time>2023-10-07T09:22:24Z</time>
      </trkpt>
      <trkpt lat="45.60398" lon="24.73953">
        <ele>2353.29</ele>
        <time>2023-10-07T09:22:27Z</time>
      </trkpt>
      <trkpt lat="45.60398" lon="24.73953">
        <ele>2353.29</ele>
        <time>2023-10-07T09:22:31Z</time>
      </trkpt>
      <trkpt lat="45.60398" lon="24.73953">
        <ele>2353.29</ele>
        <time>2023-10-07T09:22:41Z</time>
      </trkpt>
      <trkpt lat="45.60398" lon="24.73953">
        <ele>2353.29</ele>
        <time>2023-10-07T09:22:53Z</time>
      </trkpt>
      <trkpt lat="45.60397" lon="24.73952">
        <ele>2354.09</ele>
        <time>2023-10-07T09:23:09Z</time>
      </trkpt>
      <trkpt lat="45.60397" lon="24.73952">
        <ele>2354.09</ele>
        <time>2023-10-07T09:23:18Z</time>
      </trkpt>
      <trkpt lat="45.60397" lon="24.73952">
        <ele>2354.09</ele>
        <time>2023-10-07T09:23:19Z</time>
      </trkpt>
      <trkpt lat="45.60397" lon="24.73952">
        <ele>2354.09</ele>
        <time>2023-10-07T09:23:33Z</time>
      </trkpt>
      <trkpt lat="45.60397" lon="24.73951">
        <ele>2354.62</ele>
        <time>2023-10-07T09:23:39Z</time>
      </trkpt>
      <trkpt lat="45.60397" lon="24.73951">
        <ele>2354.62</ele>
        <time>2023-10-07T09:23:42Z</time>
      </trkpt>
      <trkpt lat="45.60397" lon="24.73951">
        <ele>2354.62</ele>
        <time>2023-10-07T09:23:50Z</time>
      </trkpt>
      <trkpt lat="45.60397" lon="24.73951">
        <ele>2354.62</ele>
        <time>2023-10-07T09:23:55Z</time>
      </trkpt>
      <trkpt lat="45.60397" lon="24.73951">
        <ele>2354.62</ele>
        <time>2023-10-07T09:24:01Z</time>
      </trkpt>
      <trkpt lat="45.60397" lon="24.73951">
        <ele>2354.62</ele>
        <time>2023-10-07T09:24:03Z</time>
      </trkpt>
      <trkpt lat="45.60397" lon="24.73951">
        <ele>2354.62</ele>
        <time>2023-10-07T09:24:04Z</time>
      </trkpt>
      <trkpt lat="45.60397" lon="24.73951">
        <ele>2354.62</ele>
        <time>2023-10-07T09:24:06Z</time>
      </trkpt>
      <trkpt lat="45.60397" lon="24.7395">
        <ele>2355.15</ele>
        <time>2023-10-07T09:24:17Z</time>
      </trkpt>
      <trkpt lat="45.60397" lon="24.7395">
        <ele>2355.15</ele>
        <time>2023-10-07T09:24:23Z</time>
      </trkpt>
      <trkpt lat="45.60396" lon="24.7395">
        <ele>2355.45</ele>
        <time>2023-10-07T09:24:31Z</time>
      </trkpt>
      <trkpt lat="45.60396" lon="24.7395">
        <ele>2355.45</ele>
        <time>2023-10-07T09:24:35Z</time>
      </trkpt>
      <trkpt lat="45.60396" lon="24.73949">
        <ele>2355.99</ele>
        <time>2023-10-07T09:24:54Z</time>
      </trkpt>
      <trkpt lat="45.60396" lon="24.73949">
        <ele>2355.99</ele>
        <time>2023-10-07T09:24:58Z</time>
      </trkpt>
      <trkpt lat="45.60396" lon="24.73948">
        <ele>2356.53</ele>
        <time>2023-10-07T09:25:05Z</time>
      </trkpt>
      <trkpt lat="45.60396" lon="24.73948">
        <ele>2356.53</ele>
        <time>2023-10-07T09:25:09Z</time>
      </trkpt>
      <trkpt lat="45.60396" lon="24.73948">
        <ele>2356.53</ele>
        <time>2023-10-07T09:25:15Z</time>
      </trkpt>
      <trkpt lat="45.60396" lon="24.73948">
        <ele>2356.53</ele>
        <time>2023-10-07T09:25:17Z</time>
      </trkpt>
      <trkpt lat="45.60396" lon="24.73948">
        <ele>2356.53</ele>
        <time>2023-10-07T09:25:19Z</time>
      </trkpt>
      <trkpt lat="45.60396" lon="24.73948">
        <ele>2356.53</ele>
        <time>2023-10-07T09:25:23Z</time>
      </trkpt>
      <trkpt lat="45.60396" lon="24.73948">
        <ele>2356.53</ele>
        <time>2023-10-07T09:25:24Z</time>
      </trkpt>
      <trkpt lat="45.60396" lon="24.73947">
        <ele>2357.06</ele>
        <time>2023-10-07T09:25:34Z</time>
      </trkpt>
      <trkpt lat="45.60395" lon="24.73946">
        <ele>2357.95</ele>
        <time>2023-10-07T09:25:50Z</time>
      </trkpt>
      <trkpt lat="45.60395" lon="24.73946">
        <ele>2357.95</ele>
        <time>2023-10-07T09:25:51Z</time>
      </trkpt>
      <trkpt lat="45.60395" lon="24.73946">
        <ele>2357.95</ele>
        <time>2023-10-07T09:25:57Z</time>
      </trkpt>
      <trkpt lat="45.60395" lon="24.73946">
        <ele>2357.95</ele>
        <time>2023-10-07T09:26:05Z</time>
      </trkpt>
      <trkpt lat="45.60395" lon="24.73945">
        <ele>2358.5</ele>
        <time>2023-10-07T09:26:19Z</time>
      </trkpt>
      <trkpt lat="45.60395" lon="24.73945">
        <ele>2358.5</ele>
        <time>2023-10-07T09:26:20Z</time>
      </trkpt>
      <trkpt lat="45.60395" lon="24.73945">
        <ele>2358.5</ele>
        <time>2023-10-07T09:26:26Z</time>
      </trkpt>
      <trkpt lat="45.60395" lon="24.73945">
        <ele>2358.5</ele>
        <time>2023-10-07T09:26:27Z</time>
      </trkpt>
      <trkpt lat="45.60395" lon="24.73944">
        <ele>2359.03</ele>
        <time>2023-10-07T09:26:43Z</time>
      </trkpt>
      <trkpt lat="45.60395" lon="24.73943">
        <ele>2359.56</ele>
        <time>2023-10-07T09:26:48Z</time>
      </trkpt>
      <trkpt lat="45.60394" lon="24.73943">
        <ele>2359.92</ele>
        <time>2023-10-07T09:26:59Z</time>
      </trkpt>
      <trkpt lat="45.60394" lon="24.73942">
        <ele>2360.44</ele>
        <time>2023-10-07T09:27:03Z</time>
      </trkpt>
      <trkpt lat="45.60394" lon="24.73942">
        <ele>2360.44</ele>
        <time>2023-10-07T09:27:12Z</time>
      </trkpt>
      <trkpt lat="45.60394" lon="24.73941">
        <ele>2360.96</ele>
        <time>2023-10-07T09:27:22Z</time>
      </trkpt>
      <trkpt lat="45.60394" lon="24.73941">
        <ele>2360.96</ele>
        <time>2023-10-07T09:27:27Z</time>
      </trkpt>
      <trkpt lat="45.60394" lon="24.73941">
        <ele>2360.96</ele>
        <time>2023-10-07T09:27:31Z</time>
      </trkpt>
      <trkpt lat="45.60394" lon="24.7394">
        <ele>2361.49</ele>
        <time>2023-10-07T09:27:33Z</time>
      </trkpt>
      <trkpt lat="45.60394" lon="24.73939">
        <ele>2362.01</ele>
        <time>2023-10-07T09:27:47Z</time>
      </trkpt>
      <trkpt lat="45.60393" lon="24.73938">
        <ele>2362.87</ele>
        <time>2023-10-07T09:28:02Z</time>
      </trkpt>
      <trkpt lat="45.60393" lon="24.73938">
        <ele>2362.87</ele>
        <time>2023-10-07T09:28:06Z</time>
      </trkpt>
      <trkpt lat="45.60393" lon="24.73938">
        <ele>2362.87</ele>
        <time>2023-10-07T09:28:09Z</time>
      </trkpt>
      <trkpt lat="45.60393" lon="24.73938">
        <ele>2362.87</ele>
        <time>2023-10-07T09:28:13Z</time>
      </trkpt>
      <trkpt lat="45.60393" lon="24.73937">
        <ele>2363.39</ele>
        <time>2023-10-07T09:28:26Z</time>
      </trkpt>
      <trkpt lat="45.60392" lon="24.73935">
        <ele>2364.75</ele>
        <time>2023-10-07T09:28:43Z</time>
      </trkpt>
      <trkpt lat="45.60392" lon="24.73935">
        <ele>2364.75</ele>
        <time>2023-10-07T09:28:53Z</time>
      </trkpt>
      <trkpt lat="45.60392" lon="24.73934">
        <ele>2365.27</ele>
        <time>2023-10-07T09:28:55Z</time>
      </trkpt>
      <trkpt lat="45.60392" lon="24.73934">
        <ele>2365.27</ele>
        <time>2023-10-07T09:29:02Z</time>
      </trkpt>
      <trkpt lat="45.60392" lon="24.73934">
        <ele>2365.27</ele>
        <time>2023-10-07T09:29:04Z</time>
      </trkpt>
      <trkpt lat="45.60392" lon="24.73933">
        <ele>2365.79</ele>
        <time>2023-10-07T09:29:07Z</time>
      </trkpt>
      <trkpt lat="45.60391" lon="24.73933">
        <ele>2366.1</ele>
        <time>2023-10-07T09:29:17Z</time>
      </trkpt>
      <trkpt lat="45.60391" lon="24.73932">
        <ele>2366.61</ele>
        <time>2023-10-07T09:29:22Z</time>
      </trkpt>
      <trkpt lat="45.60391" lon="24.73932">
        <ele>2366.61</ele>
        <time>2023-10-07T09:29:24Z</time>
      </trkpt>
      <trkpt lat="45.60391" lon="24.73931">
        <ele>2367.13</ele>
        <time>2023-10-07T09:29:33Z</time>
      </trkpt>
      <trkpt lat="45.60391" lon="24.73931">
        <ele>2367.13</ele>
        <time>2023-10-07T09:29:38Z</time>
      </trkpt>
      <trkpt lat="45.60391" lon="24.7393">
        <ele>2367.64</ele>
        <time>2023-10-07T09:29:53Z</time>
      </trkpt>
      <trkpt lat="45.6039" lon="24.73928">
        <ele>2368.96</ele>
        <time>2023-10-07T09:30:11Z</time>
      </trkpt>
      <trkpt lat="45.6039" lon="24.73928">
        <ele>2368.96</ele>
        <time>2023-10-07T09:30:16Z</time>
      </trkpt>
      <trkpt lat="45.6039" lon="24.73928">
        <ele>2368.96</ele>
        <time>2023-10-07T09:30:19Z</time>
      </trkpt>
      <trkpt lat="45.6039" lon="24.73927">
        <ele>2369.47</ele>
        <time>2023-10-07T09:30:24Z</time>
      </trkpt>
      <trkpt lat="45.6039" lon="24.73927">
        <ele>2369.47</ele>
        <time>2023-10-07T09:30:31Z</time>
      </trkpt>
      <trkpt lat="45.6039" lon="24.73926">
        <ele>2369.98</ele>
        <time>2023-10-07T09:30:36Z</time>
      </trkpt>
      <trkpt lat="45.60389" lon="24.73926">
        <ele>2370.26</ele>
        <time>2023-10-07T09:30:39Z</time>
      </trkpt>
      <trkpt lat="45.60389" lon="24.73926">
        <ele>2370.26</ele>
        <time>2023-10-07T09:30:43Z</time>
      </trkpt>
      <trkpt lat="45.60389" lon="24.73925">
        <ele>2370.77</ele>
        <time>2023-10-07T09:30:53Z</time>
      </trkpt>
      <trkpt lat="45.60389" lon="24.73925">
        <ele>2370.77</ele>
        <time>2023-10-07T09:30:57Z</time>
      </trkpt>
      <trkpt lat="45.60389" lon="24.73923">
        <ele>2371.78</ele>
        <time>2023-10-07T09:31:11Z</time>
      </trkpt>
      <trkpt lat="45.60389" lon="24.73923">
        <ele>2371.78</ele>
        <time>2023-10-07T09:31:14Z</time>
      </trkpt>
      <trkpt lat="45.60388" lon="24.73922">
        <ele>2372.25</ele>
        <time>2023-10-07T09:31:22Z</time>
      </trkpt>
      <trkpt lat="45.60388" lon="24.73922">
        <ele>2372.25</ele>
        <time>2023-10-07T09:31:29Z</time>
      </trkpt>
      <trkpt lat="45.60388" lon="24.73921">
        <ele>2372.76</ele>
        <time>2023-10-07T09:31:34Z</time>
      </trkpt>
      <trkpt lat="45.60388" lon="24.73921">
        <ele>2372.76</ele>
        <time>2023-10-07T09:31:42Z</time>
      </trkpt>
      <trkpt lat="45.60388" lon="24.7392">
        <ele>2373.26</ele>
        <time>2023-10-07T09:31:47Z</time>
      </trkpt>
      <trkpt lat="45.60387" lon="24.7392">
        <ele>2373.19</ele>
        <time>2023-10-07T09:31:54Z</time>
      </trkpt>
      <trkpt lat="45.60387" lon="24.73919">
        <ele>2373.69</ele>
        <time>2023-10-07T09:32:04Z</time>
      </trkpt>
      <trkpt lat="45.60387" lon="24.73918">
        <ele>2374.2</ele>
        <time>2023-10-07T09:32:08Z</time>
      </trkpt>
      <trkpt lat="45.60387" lon="24.73918">
        <ele>2374.2</ele>
        <time>2023-10-07T09:32:16Z</time>
      </trkpt>
      <trkpt lat="45.60387" lon="24.73917">
        <ele>2374.7</ele>
        <time>2023-10-07T09:32:24Z</time>
      </trkpt>
      <trkpt lat="45.60386" lon="24.73916">
        <ele>2375.19</ele>
        <time>2023-10-07T09:32:29Z</time>
      </trkpt>
      <trkpt lat="45.60386" lon="24.73915">
        <ele>2375.79</ele>
        <time>2023-10-07T09:32:41Z</time>
      </trkpt>
      <trkpt lat="45.60386" lon="24.73915">
        <ele>2375.79</ele>
        <time>2023-10-07T09:32:45Z</time>
      </trkpt>
      <trkpt lat="45.60386" lon="24.73914">
        <ele>2376.39</ele>
        <time>2023-10-07T09:32:59Z</time>
      </trkpt>
      <trkpt lat="45.60385" lon="24.73913">
        <ele>2376.94</ele>
        <time>2023-10-07T09:33:05Z</time>
      </trkpt>
      <trkpt lat="45.60385" lon="24.73912">
        <ele>2377.55</ele>
        <time>2023-10-07T09:33:21Z</time>
      </trkpt>
      <trkpt lat="45.60385" lon="24.73911">
        <ele>2378.16</ele>
        <time>2023-10-07T09:33:30Z</time>
      </trkpt>
      <trkpt lat="45.60384" lon="24.73911">
        <ele>2378.13</ele>
        <time>2023-10-07T09:33:35Z</time>
      </trkpt>
      <trkpt lat="45.60384" lon="24.73911">
        <ele>2378.13</ele>
        <time>2023-10-07T09:33:37Z</time>
      </trkpt>
      <trkpt lat="45.60384" lon="24.7391">
        <ele>2378.74</ele>
        <time>2023-10-07T09:33:40Z</time>
      </trkpt>
      <trkpt lat="45.60384" lon="24.7391">
        <ele>2378.74</ele>
        <time>2023-10-07T09:33:47Z</time>
      </trkpt>
      <trkpt lat="45.60384" lon="24.73909">
        <ele>2379.36</ele>
        <time>2023-10-07T09:33:50Z</time>
      </trkpt>
      <trkpt lat="45.60384" lon="24.73909">
        <ele>2379.36</ele>
        <time>2023-10-07T09:33:59Z</time>
      </trkpt>
      <trkpt lat="45.60384" lon="24.73908">
        <ele>2379.97</ele>
        <time>2023-10-07T09:34:02Z</time>
      </trkpt>
      <trkpt lat="45.60384" lon="24.73908">
        <ele>2379.97</ele>
        <time>2023-10-07T09:34:03Z</time>
      </trkpt>
      <trkpt lat="45.60383" lon="24.73908">
        <ele>2379.96</ele>
        <time>2023-10-07T09:34:12Z</time>
      </trkpt>
      <trkpt lat="45.60383" lon="24.73908">
        <ele>2379.96</ele>
        <time>2023-10-07T09:34:14Z</time>
      </trkpt>
      <trkpt lat="45.60383" lon="24.73907">
        <ele>2380.59</ele>
        <time>2023-10-07T09:34:19Z</time>
      </trkpt>
      <trkpt lat="45.60383" lon="24.73906">
        <ele>2381.21</ele>
        <time>2023-10-07T09:34:29Z</time>
      </trkpt>
      <trkpt lat="45.60383" lon="24.73906">
        <ele>2381.21</ele>
        <time>2023-10-07T09:34:32Z</time>
      </trkpt>
      <trkpt lat="45.60382" lon="24.73905">
        <ele>2381.85</ele>
        <time>2023-10-07T09:34:50Z</time>
      </trkpt>
      <trkpt lat="45.60382" lon="24.73905">
        <ele>2381.85</ele>
        <time>2023-10-07T09:34:52Z</time>
      </trkpt>
      <trkpt lat="45.60382" lon="24.73904">
        <ele>2382.48</ele>
        <time>2023-10-07T09:35:05Z</time>
      </trkpt>
      <trkpt lat="45.60382" lon="24.73903">
        <ele>2383.11</ele>
        <time>2023-10-07T09:35:12Z</time>
      </trkpt>
      <trkpt lat="45.60381" lon="24.73902">
        <ele>2383.78</ele>
        <time>2023-10-07T09:35:19Z</time>
      </trkpt>
      <trkpt lat="45.60381" lon="24.73902">
        <ele>2383.78</ele>
        <time>2023-10-07T09:35:31Z</time>
      </trkpt>
      <trkpt lat="45.60381" lon="24.73901">
        <ele>2384.42</ele>
        <time>2023-10-07T09:35:37Z</time>
      </trkpt>
      <trkpt lat="45.60381" lon="24.73901">
        <ele>2384.42</ele>
        <time>2023-10-07T09:35:40Z</time>
      </trkpt>
      <trkpt lat="45.60381" lon="24.73901">
        <ele>2384.42</ele>
        <time>2023-10-07T09:35:42Z</time>
      </trkpt>
      <trkpt lat="45.60381" lon="24.739">
        <ele>2385.05</ele>
        <time>2023-10-07T09:35:47Z</time>
      </trkpt>
      <trkpt lat="45.60381" lon="24.739">
        <ele>2385.05</ele>
        <time>2023-10-07T09:35:56Z</time>
      </trkpt>
      <trkpt lat="45.6038" lon="24.73899">
        <ele>2385.76</ele>
        <time>2023-10-07T09:36:04Z</time>
      </trkpt>
      <trkpt lat="45.6038" lon="24.73898">
        <ele>2386.4</ele>
        <time>2023-10-07T09:36:14Z</time>
      </trkpt>
      <trkpt lat="45.6038" lon="24.73898">
        <ele>2386.4</ele>
        <time>2023-10-07T09:36:18Z</time>
      </trkpt>
      <trkpt lat="45.6038" lon="24.73898">
        <ele>2386.4</ele>
        <time>2023-10-07T09:36:23Z</time>
      </trkpt>
      <trkpt lat="45.6038" lon="24.73897">
        <ele>2387.05</ele>
        <time>2023-10-07T09:36:32Z</time>
      </trkpt>
      <trkpt lat="45.6038" lon="24.73896">
        <ele>2387.69</ele>
        <time>2023-10-07T09:36:41Z</time>
      </trkpt>
      <trkpt lat="45.60379" lon="24.73895">
        <ele>2388.43</ele>
        <time>2023-10-07T09:36:53Z</time>
      </trkpt>
      <trkpt lat="45.60379" lon="24.73895">
        <ele>2388.43</ele>
        <time>2023-10-07T09:37:01Z</time>
      </trkpt>
      <trkpt lat="45.60379" lon="24.73894">
        <ele>2389.09</ele>
        <time>2023-10-07T09:37:07Z</time>
      </trkpt>
      <trkpt lat="45.60379" lon="24.73894">
        <ele>2389.09</ele>
        <time>2023-10-07T09:37:15Z</time>
      </trkpt>
      <trkpt lat="45.60379" lon="24.73893">
        <ele>2389.74</ele>
        <time>2023-10-07T09:37:17Z</time>
      </trkpt>
      <trkpt lat="45.60379" lon="24.73893">
        <ele>2389.74</ele>
        <time>2023-10-07T09:37:23Z</time>
      </trkpt>
      <trkpt lat="45.60379" lon="24.73892">
        <ele>2390.39</ele>
        <time>2023-10-07T09:37:29Z</time>
      </trkpt>
      <trkpt lat="45.60379" lon="24.73892">
        <ele>2390.39</ele>
        <time>2023-10-07T09:37:31Z</time>
      </trkpt>
      <trkpt lat="45.60378" lon="24.73892">
        <ele>2390.51</ele>
        <time>2023-10-07T09:37:35Z</time>
      </trkpt>
      <trkpt lat="45.60378" lon="24.73891">
        <ele>2391.17</ele>
        <time>2023-10-07T09:37:42Z</time>
      </trkpt>
      <trkpt lat="45.60378" lon="24.7389">
        <ele>2391.83</ele>
        <time>2023-10-07T09:37:55Z</time>
      </trkpt>
      <trkpt lat="45.60378" lon="24.7389">
        <ele>2391.83</ele>
        <time>2023-10-07T09:37:58Z</time>
      </trkpt>
      <trkpt lat="45.60378" lon="24.73889">
        <ele>2392.49</ele>
        <time>2023-10-07T09:38:04Z</time>
      </trkpt>
      <trkpt lat="45.60377" lon="24.73889">
        <ele>2392.64</ele>
        <time>2023-10-07T09:38:10Z</time>
      </trkpt>
      <trkpt lat="45.60377" lon="24.73888">
        <ele>2393.42</ele>
        <time>2023-10-07T09:38:15Z</time>
      </trkpt>
      <trkpt lat="45.60377" lon="24.73888">
        <ele>2393.42</ele>
        <time>2023-10-07T09:38:19Z</time>
      </trkpt>
      <trkpt lat="45.60377" lon="24.73887">
        <ele>2394.21</ele>
        <time>2023-10-07T09:38:24Z</time>
      </trkpt>
      <trkpt lat="45.60377" lon="24.73887">
        <ele>2394.21</ele>
        <time>2023-10-07T09:38:27Z</time>
      </trkpt>
      <trkpt lat="45.60377" lon="24.73887">
        <ele>2394.21</ele>
        <time>2023-10-07T09:38:31Z</time>
      </trkpt>
      <trkpt lat="45.60376" lon="24.73886">
        <ele>2395.22</ele>
        <time>2023-10-07T09:38:40Z</time>
      </trkpt>
      <trkpt lat="45.60376" lon="24.73886">
        <ele>2395.22</ele>
        <time>2023-10-07T09:38:42Z</time>
      </trkpt>
      <trkpt lat="45.60376" lon="24.73885">
        <ele>2396.04</ele>
        <time>2023-10-07T09:38:48Z</time>
      </trkpt>
      <trkpt lat="45.60376" lon="24.73885">
        <ele>2396.04</ele>
        <time>2023-10-07T09:38:49Z</time>
      </trkpt>
      <trkpt lat="45.60376" lon="24.73884">
        <ele>2396.86</ele>
        <time>2023-10-07T09:39:00Z</time>
      </trkpt>
      <trkpt lat="45.60375" lon="24.73884">
        <ele>2397.14</ele>
        <time>2023-10-07T09:39:03Z</time>
      </trkpt>
      <trkpt lat="45.60375" lon="24.73883">
        <ele>2397.98</ele>
        <time>2023-10-07T09:39:10Z</time>
      </trkpt>
      <trkpt lat="45.60375" lon="24.73883">
        <ele>2397.98</ele>
        <time>2023-10-07T09:39:14Z</time>
      </trkpt>
      <trkpt lat="45.60374" lon="24.73881">
        <ele>2400.03</ele>
        <time>2023-10-07T09:39:32Z</time>
      </trkpt>
      <trkpt lat="45.60374" lon="24.73881">
        <ele>2400.03</ele>
        <time>2023-10-07T09:39:33Z</time>
      </trkpt>
      <trkpt lat="45.60374" lon="24.7388">
        <ele>2400.91</ele>
        <time>2023-10-07T09:39:36Z</time>
      </trkpt>
      <trkpt lat="45.60374" lon="24.7388">
        <ele>2400.91</ele>
        <time>2023-10-07T09:39:37Z</time>
      </trkpt>
      <trkpt lat="45.60374" lon="24.73879">
        <ele>2401.78</ele>
        <time>2023-10-07T09:39:46Z</time>
      </trkpt>
      <trkpt lat="45.60374" lon="24.73879">
        <ele>2401.78</ele>
        <time>2023-10-07T09:39:49Z</time>
      </trkpt>
      <trkpt lat="45.60351" lon="24.73817">
        <ele>2434.97</ele>
        <time>2023-10-07T09:39:59Z</time>
      </trkpt>
      <trkpt lat="45.60343" lon="24.73797">
        <ele>2441.08</ele>
        <time>2023-10-07T09:40:00Z</time>
      </trkpt>
      <trkpt lat="45.60328" lon="24.73756">
        <ele>2452.02</ele>
        <time>2023-10-07T09:40:02Z</time>
      </trkpt>
      <trkpt lat="45.60312" lon="24.73715">
        <ele>2463.7</ele>
        <time>2023-10-07T09:40:04Z</time>
      </trkpt>
      <trkpt lat="45.60297" lon="24.73674">
        <ele>2484.13</ele>
        <time>2023-10-07T09:40:06Z</time>
      </trkpt>
      <trkpt lat="45.60297" lon="24.73673">
        <ele>2484.5</ele>
        <time>2023-10-07T09:40:08Z</time>
      </trkpt>
      <trkpt lat="45.60298" lon="24.73672">
        <ele>2484.66</ele>
        <time>2023-10-07T09:40:10Z</time>
      </trkpt>
      <trkpt lat="45.60298" lon="24.73671">
        <ele>2485.03</ele>
        <time>2023-10-07T09:40:13Z</time>
      </trkpt>
      <trkpt lat="45.60298" lon="24.7367">
        <ele>2485.4</ele>
        <time>2023-10-07T09:40:14Z</time>
      </trkpt>
      <trkpt lat="45.60298" lon="24.7367">
        <ele>2485.4</ele>
        <time>2023-10-07T09:40:17Z</time>
      </trkpt>
      <trkpt lat="45.60298" lon="24.73669">
        <ele>2485.77</ele>
        <time>2023-10-07T09:40:20Z</time>
      </trkpt>
      <trkpt lat="45.60297" lon="24.73668">
        <ele>2486.35</ele>
        <time>2023-10-07T09:40:22Z</time>
      </trkpt>
      <trkpt lat="45.60297" lon="24.73668">
        <ele>2486.35</ele>
        <time>2023-10-07T09:40:23Z</time>
      </trkpt>
      <trkpt lat="45.60298" lon="24.73667">
        <ele>2486.51</ele>
        <time>2023-10-07T09:40:29Z</time>
      </trkpt>
      <trkpt lat="45.60299" lon="24.73666">
        <ele>2486.64</ele>
        <time>2023-10-07T09:40:31Z</time>
      </trkpt>
      <trkpt lat="45.60299" lon="24.73665">
        <ele>2486.97</ele>
        <time>2023-10-07T09:40:32Z</time>
      </trkpt>
      <trkpt lat="45.60299" lon="24.73665">
        <ele>2486.97</ele>
        <time>2023-10-07T09:40:35Z</time>
      </trkpt>
      <trkpt lat="45.603" lon="24.73663">
        <ele>2487.44</ele>
        <time>2023-10-07T09:40:40Z</time>
      </trkpt>
      <trkpt lat="45.60299" lon="24.73663">
        <ele>2487.64</ele>
        <time>2023-10-07T09:40:42Z</time>
      </trkpt>
      <trkpt lat="45.60298" lon="24.73662">
        <ele>2488.17</ele>
        <time>2023-10-07T09:40:51Z</time>
      </trkpt>
      <trkpt lat="45.60298" lon="24.73662">
        <ele>2488.17</ele>
        <time>2023-10-07T09:41:06Z</time>
      </trkpt>
      <trkpt lat="45.60297" lon="24.73662">
        <ele>2488.37</ele>
        <time>2023-10-07T09:41:10Z</time>
      </trkpt>
      <trkpt lat="45.60295" lon="24.73661">
        <ele>2489.09</ele>
        <time>2023-10-07T09:41:15Z</time>
      </trkpt>
      <trkpt lat="45.60294" lon="24.73661">
        <ele>2489.28</ele>
        <time>2023-10-07T09:41:18Z</time>
      </trkpt>
      <trkpt lat="45.60293" lon="24.73658">
        <ele>2490.41</ele>
        <time>2023-10-07T09:41:24Z</time>
      </trkpt>
      <trkpt lat="45.60293" lon="24.73658">
        <ele>2490.41</ele>
        <time>2023-10-07T09:41:29Z</time>
      </trkpt>
      <trkpt lat="45.60293" lon="24.73657">
        <ele>2490.72</ele>
        <time>2023-10-07T09:41:34Z</time>
      </trkpt>
      <trkpt lat="45.60295" lon="24.73657">
        <ele>2490.36</ele>
        <time>2023-10-07T09:41:41Z</time>
      </trkpt>
      <trkpt lat="45.60295" lon="24.73655">
        <ele>2491.0</ele>
        <time>2023-10-07T09:41:47Z</time>
      </trkpt>
      <trkpt lat="45.60295" lon="24.73655">
        <ele>2491.0</ele>
        <time>2023-10-07T09:41:51Z</time>
      </trkpt>
      <trkpt lat="45.60295" lon="24.73654">
        <ele>2491.32</ele>
        <time>2023-10-07T09:41:55Z</time>
      </trkpt>
      <trkpt lat="45.60296" lon="24.7365">
        <ele>2492.44</ele>
        <time>2023-10-07T09:42:02Z</time>
      </trkpt>
      <trkpt lat="45.60298" lon="24.73647">
        <ele>2493.13</ele>
        <time>2023-10-07T09:42:15Z</time>
      </trkpt>
      <trkpt lat="45.60298" lon="24.73647">
        <ele>2493.13</ele>
        <time>2023-10-07T09:42:23Z</time>
      </trkpt>
      <trkpt lat="45.60297" lon="24.73645">
        <ele>2493.93</ele>
        <time>2023-10-07T09:42:32Z</time>
      </trkpt>
      <trkpt lat="45.60297" lon="24.73645">
        <ele>2493.93</ele>
        <time>2023-10-07T09:42:36Z</time>
      </trkpt>
      <trkpt lat="45.60297" lon="24.73644">
        <ele>2494.25</ele>
        <time>2023-10-07T09:42:39Z</time>
      </trkpt>
      <trkpt lat="45.60296" lon="24.73643">
        <ele>2494.7</ele>
        <time>2023-10-07T09:42:41Z</time>
      </trkpt>
      <trkpt lat="45.60295" lon="24.73642">
        <ele>2495.15</ele>
        <time>2023-10-07T09:42:54Z</time>
      </trkpt>
      <trkpt lat="45.60294" lon="24.7364">
        <ele>2495.9</ele>
        <time>2023-10-07T09:42:59Z</time>
      </trkpt>
      <trkpt lat="45.60294" lon="24.73639">
        <ele>2496.21</ele>
        <time>2023-10-07T09:43:03Z</time>
      </trkpt>
      <trkpt lat="45.60294" lon="24.73639">
        <ele>2496.21</ele>
        <time>2023-10-07T09:43:04Z</time>
      </trkpt>
      <trkpt lat="45.60294" lon="24.73638">
        <ele>2496.06</ele>
        <time>2023-10-07T09:43:13Z</time>
      </trkpt>
      <trkpt lat="45.60293" lon="24.73637">
        <ele>2495.95</ele>
        <time>2023-10-07T09:43:21Z</time>
      </trkpt>
      <trkpt lat="45.60293" lon="24.73634">
        <ele>2495.3</ele>
        <time>2023-10-07T09:43:31Z</time>
      </trkpt>
      <trkpt lat="45.60293" lon="24.73632">
        <ele>2494.87</ele>
        <time>2023-10-07T09:43:35Z</time>
      </trkpt>
      <trkpt lat="45.60292" lon="24.7363">
        <ele>2494.54</ele>
        <time>2023-10-07T09:43:42Z</time>
      </trkpt>
      <trkpt lat="45.60293" lon="24.73629">
        <ele>2494.22</ele>
        <time>2023-10-07T09:43:48Z</time>
      </trkpt>
      <trkpt lat="45.60293" lon="24.73627">
        <ele>2493.79</ele>
        <time>2023-10-07T09:43:59Z</time>
      </trkpt>
      <trkpt lat="45.60293" lon="24.73626">
        <ele>2493.57</ele>
        <time>2023-10-07T09:44:04Z</time>
      </trkpt>
      <trkpt lat="45.60293" lon="24.73626">
        <ele>2493.57</ele>
        <time>2023-10-07T09:44:14Z</time>
      </trkpt>
      <trkpt lat="45.60293" lon="24.73625">
        <ele>2493.36</ele>
        <time>2023-10-07T09:44:16Z</time>
      </trkpt>
      <trkpt lat="45.60292" lon="24.73625">
        <ele>2493.46</ele>
        <time>2023-10-07T09:44:39Z</time>
      </trkpt>
      <trkpt lat="45.60292" lon="24.73625">
        <ele>2493.46</ele>
        <time>2023-10-07T09:44:45Z</time>
      </trkpt>
      <trkpt lat="45.60292" lon="24.73625">
        <ele>2493.46</ele>
        <time>2023-10-07T09:44:46Z</time>
      </trkpt>
      <trkpt lat="45.60292" lon="24.73625">
        <ele>2493.46</ele>
        <time>2023-10-07T09:44:52Z</time>
      </trkpt>
      <trkpt lat="45.60292" lon="24.73625">
        <ele>2493.46</ele>
        <time>2023-10-07T09:44:59Z</time>
      </trkpt>
      <trkpt lat="45.60292" lon="24.73625">
        <ele>2493.46</ele>
        <time>2023-10-07T09:45:04Z</time>
      </trkpt>
      <trkpt lat="45.60293" lon="24.73625">
        <ele>2493.36</ele>
        <time>2023-10-07T09:45:25Z</time>
      </trkpt>
      <trkpt lat="45.60293" lon="24.73625">
        <ele>2493.36</ele>
        <time>2023-10-07T09:45:32Z</time>
      </trkpt>
      <trkpt lat="45.60293" lon="24.73625">
        <ele>2493.36</ele>
        <time>2023-10-07T09:45:34Z</time>
      </trkpt>
      <trkpt lat="45.60293" lon="24.73625">
        <ele>2493.36</ele>
        <time>2023-10-07T09:45:35Z</time>
      </trkpt>
      <trkpt lat="45.60292" lon="24.73625">
        <ele>2493.46</ele>
        <time>2023-10-07T09:45:38Z</time>
      </trkpt>
      <trkpt lat="45.60292" lon="24.73624">
        <ele>2493.25</ele>
        <time>2023-10-07T09:45:44Z</time>
      </trkpt>
      <trkpt lat="45.60292" lon="24.73624">
        <ele>2493.25</ele>
        <time>2023-10-07T09:45:59Z</time>
      </trkpt>
      <trkpt lat="45.60292" lon="24.73624">
        <ele>2493.25</ele>
        <time>2023-10-07T09:46:01Z</time>
      </trkpt>
      <trkpt lat="45.60292" lon="24.73624">
        <ele>2493.25</ele>
        <time>2023-10-07T09:46:06Z</time>
      </trkpt>
      <trkpt lat="45.60292" lon="24.73624">
        <ele>2493.25</ele>
        <time>2023-10-07T09:46:10Z</time>
      </trkpt>
      <trkpt lat="45.60292" lon="24.73624">
        <ele>2493.25</ele>
        <time>2023-10-07T09:46:12Z</time>
      </trkpt>
      <trkpt lat="45.60292" lon="24.73624">
        <ele>2493.25</ele>
        <time>2023-10-07T09:46:18Z</time>
      </trkpt>
      <trkpt lat="45.60292" lon="24.73624">
        <ele>2493.25</ele>
        <time>2023-10-07T09:46:21Z</time>
      </trkpt>
      <trkpt lat="45.60292" lon="24.73623">
        <ele>2493.03</ele>
        <time>2023-10-07T09:46:28Z</time>
      </trkpt>
      <trkpt lat="45.60292" lon="24.73623">
        <ele>2493.03</ele>
        <time>2023-10-07T09:46:35Z</time>
      </trkpt>
      <trkpt lat="45.60292" lon="24.73623">
        <ele>2493.03</ele>
        <time>2023-10-07T09:46:39Z</time>
      </trkpt>
      <trkpt lat="45.60292" lon="24.73623">
        <ele>2493.03</ele>
        <time>2023-10-07T09:46:41Z</time>
      </trkpt>
      <trkpt lat="45.60292" lon="24.73623">
        <ele>2493.03</ele>
        <time>2023-10-07T09:46:45Z</time>
      </trkpt>
      <trkpt lat="45.60292" lon="24.73623">
        <ele>2493.03</ele>
        <time>2023-10-07T09:46:51Z</time>
      </trkpt>
      <trkpt lat="45.60292" lon="24.73623">
        <ele>2493.03</ele>
        <time>2023-10-07T09:47:04Z</time>
      </trkpt>
      <trkpt lat="45.60292" lon="24.73622">
        <ele>2492.82</ele>
        <time>2023-10-07T09:47:13Z</time>
      </trkpt>
      <trkpt lat="45.60292" lon="24.73622">
        <ele>2492.82</ele>
        <time>2023-10-07T09:47:18Z</time>
      </trkpt>
      <trkpt lat="45.60292" lon="24.73622">
        <ele>2492.82</ele>
        <time>2023-10-07T09:47:19Z</time>
      </trkpt>
      <trkpt lat="45.60292" lon="24.73622">
        <ele>2492.82</ele>
        <time>2023-10-07T09:47:23Z</time>
      </trkpt>
      <trkpt lat="45.60292" lon="24.73622">
        <ele>2492.82</ele>
        <time>2023-10-07T09:47:29Z</time>
      </trkpt>
      <trkpt lat="45.60292" lon="24.73622">
        <ele>2492.82</ele>
        <time>2023-10-07T09:47:31Z</time>
      </trkpt>
      <trkpt lat="45.60292" lon="24.73622">
        <ele>2492.82</ele>
        <time>2023-10-07T09:47:42Z</time>
      </trkpt>
      <trkpt lat="45.60292" lon="24.73622">
        <ele>2492.82</ele>
        <time>2023-10-07T09:47:45Z</time>
      </trkpt>
      <trkpt lat="45.60292" lon="24.73622">
        <ele>2492.82</ele>
        <time>2023-10-07T09:47:46Z</time>
      </trkpt>
      <trkpt lat="45.60292" lon="24.73622">
        <ele>2492.82</ele>
        <time>2023-10-07T09:47:50Z</time>
      </trkpt>
      <trkpt lat="45.60292" lon="24.73622">
        <ele>2492.82</ele>
        <time>2023-10-07T09:47:51Z</time>
      </trkpt>
      <trkpt lat="45.60292" lon="24.73622">
        <ele>2492.82</ele>
        <time>2023-10-07T09:47:55Z</time>
      </trkpt>
      <trkpt lat="45.60292" lon="24.73622">
        <ele>2492.82</ele>
        <time>2023-10-07T09:47:57Z</time>
      </trkpt>
      <trkpt lat="45.60292" lon="24.73622">
        <ele>2492.82</ele>
        <time>2023-10-07T09:48:00Z</time>
      </trkpt>
      <trkpt lat="45.60292" lon="24.73622">
        <ele>2492.82</ele>
        <time>2023-10-07T09:48:03Z</time>
      </trkpt>
      <trkpt lat="45.60292" lon="24.73622">
        <ele>2492.82</ele>
        <time>2023-10-07T09:48:04Z</time>
      </trkpt>
      <trkpt lat="45.60292" lon="24.73622">
        <ele>2492.82</ele>
        <time>2023-10-07T09:48:05Z</time>
      </trkpt>
      <trkpt lat="45.60292" lon="24.73622">
        <ele>2492.82</ele>
        <time>2023-10-07T09:48:10Z</time>
      </trkpt>
      <trkpt lat="45.60292" lon="24.73621">
        <ele>2492.6</ele>
        <time>2023-10-07T09:48:16Z</time>
      </trkpt>
      <trkpt lat="45.60292" lon="24.73621">
        <ele>2492.6</ele>
        <time>2023-10-07T09:48:17Z</time>
      </trkpt>
      <trkpt lat="45.60292" lon="24.73621">
        <ele>2492.6</ele>
        <time>2023-10-07T09:48:18Z</time>
      </trkpt>
      <trkpt lat="45.60292" lon="24.73621">
        <ele>2492.6</ele>
        <time>2023-10-07T09:48:21Z</time>
      </trkpt>
      <trkpt lat="45.60292" lon="24.73621">
        <ele>2492.6</ele>
        <time>2023-10-07T09:48:28Z</time>
      </trkpt>
      <trkpt lat="45.60292" lon="24.73621">
        <ele>2492.6</ele>
        <time>2023-10-07T09:48:32Z</time>
      </trkpt>
      <trkpt lat="45.60292" lon="24.73621">
        <ele>2492.6</ele>
        <time>2023-10-07T09:48:44Z</time>
      </trkpt>
      <trkpt lat="45.60292" lon="24.73621">
        <ele>2492.6</ele>
        <time>2023-10-07T09:48:46Z</time>
      </trkpt>
      <trkpt lat="45.60292" lon="24.73621">
        <ele>2492.6</ele>
        <time>2023-10-07T09:48:47Z</time>
      </trkpt>
      <trkpt lat="45.60292" lon="24.73621">
        <ele>2492.6</ele>
        <time>2023-10-07T09:48:51Z</time>
      </trkpt>
      <trkpt lat="45.60292" lon="24.73621">
        <ele>2492.6</ele>
        <time>2023-10-07T09:48:53Z</time>
      </trkpt>
      <trkpt lat="45.60292" lon="24.73621">
        <ele>2492.6</ele>
        <time>2023-10-07T09:48:57Z</time>
      </trkpt>
      <trkpt lat="45.60292" lon="24.73621">
        <ele>2492.6</ele>
        <time>2023-10-07T09:48:58Z</time>
      </trkpt>
      <trkpt lat="45.60292" lon="24.73621">
        <ele>2492.6</ele>
        <time>2023-10-07T09:49:02Z</time>
      </trkpt>
      <trkpt lat="45.60292" lon="24.73621">
        <ele>2492.6</ele>
        <time>2023-10-07T09:49:07Z</time>
      </trkpt>
      <trkpt lat="45.60292" lon="24.73621">
        <ele>2492.6</ele>
        <time>2023-10-07T09:49:11Z</time>
      </trkpt>
      <trkpt lat="45.60292" lon="24.73621">
        <ele>2492.6</ele>
        <time>2023-10-07T09:49:13Z</time>
      </trkpt>
      <trkpt lat="45.60292" lon="24.73621">
        <ele>2492.6</ele>
        <time>2023-10-07T09:49:16Z</time>
      </trkpt>
      <trkpt lat="45.60292" lon="24.7362">
        <ele>2492.38</ele>
        <time>2023-10-07T09:49:28Z</time>
      </trkpt>
      <trkpt lat="45.60292" lon="24.7362">
        <ele>2492.38</ele>
        <time>2023-10-07T09:49:32Z</time>
      </trkpt>
      <trkpt lat="45.60292" lon="24.7362">
        <ele>2492.38</ele>
        <time>2023-10-07T09:49:33Z</time>
      </trkpt>
      <trkpt lat="45.60292" lon="24.7362">
        <ele>2492.38</ele>
        <time>2023-10-07T09:49:35Z</time>
      </trkpt>
      <trkpt lat="45.60292" lon="24.7362">
        <ele>2492.38</ele>
        <time>2023-10-07T09:49:41Z</time>
      </trkpt>
      <trkpt lat="45.60292" lon="24.7362">
        <ele>2492.38</ele>
        <time>2023-10-07T09:49:42Z</time>
      </trkpt>
      <trkpt lat="45.60292" lon="24.7362">
        <ele>2492.38</ele>
        <time>2023-10-07T09:49:43Z</time>
      </trkpt>
      <trkpt lat="45.60292" lon="24.7362">
        <ele>2492.38</ele>
        <time>2023-10-07T09:49:45Z</time>
      </trkpt>
      <trkpt lat="45.60291" lon="24.7362">
        <ele>2492.49</ele>
        <time>2023-10-07T09:49:59Z</time>
      </trkpt>
      <trkpt lat="45.60291" lon="24.7362">
        <ele>2492.49</ele>
        <time>2023-10-07T09:50:03Z</time>
      </trkpt>
      <trkpt lat="45.60291" lon="24.7362">
        <ele>2492.49</ele>
        <time>2023-10-07T09:50:43Z</time>
      </trkpt>
      <trkpt lat="45.60291" lon="24.7362">
        <ele>2492.49</ele>
        <time>2023-10-07T09:50:48Z</time>
      </trkpt>
      <trkpt lat="45.60291" lon="24.73619">
        <ele>2492.28</ele>
        <time>2023-10-07T09:51:09Z</time>
      </trkpt>
      <trkpt lat="45.60291" lon="24.73619">
        <ele>2492.28</ele>
        <time>2023-10-07T09:51:13Z</time>
      </trkpt>
      <trkpt lat="45.60291" lon="24.73619">
        <ele>2492.28</ele>
        <time>2023-10-07T09:51:19Z</time>
      </trkpt>
      <trkpt lat="45.60291" lon="24.73619">
        <ele>2492.28</ele>
        <time>2023-10-07T09:51:36Z</time>
      </trkpt>
      <trkpt lat="45.60291" lon="24.73619">
        <ele>2492.28</ele>
        <time>2023-10-07T09:51:38Z</time>
      </trkpt>
      <trkpt lat="45.60291" lon="24.73619">
        <ele>2492.28</ele>
        <time>2023-10-07T09:51:47Z</time>
      </trkpt>
      <trkpt lat="45.60291" lon="24.73619">
        <ele>2492.28</ele>
        <time>2023-10-07T09:51:50Z</time>
      </trkpt>
      <trkpt lat="45.60291" lon="24.73619">
        <ele>2492.28</ele>
        <time>2023-10-07T09:52:02Z</time>
      </trkpt>
      <trkpt lat="45.60291" lon="24.73619">
        <ele>2492.28</ele>
        <time>2023-10-07T09:52:12Z</time>
      </trkpt>
      <trkpt lat="45.60291" lon="24.73619">
        <ele>2492.28</ele>
        <time>2023-10-07T09:52:15Z</time>
      </trkpt>
      <trkpt lat="45.60291" lon="24.73619">
        <ele>2492.28</ele>
        <time>2023-10-07T09:52:20Z</time>
      </trkpt>
      <trkpt lat="45.6029" lon="24.73619">
        <ele>2492.38</ele>
        <time>2023-10-07T09:52:30Z</time>
      </trkpt>
      <trkpt lat="45.6029" lon="24.73619">
        <ele>2492.38</ele>
        <time>2023-10-07T09:52:38Z</time>
      </trkpt>
      <trkpt lat="45.6029" lon="24.73618">
        <ele>2492.17</ele>
        <time>2023-10-07T09:52:57Z</time>
      </trkpt>
      <trkpt lat="45.6029" lon="24.73618">
        <ele>2492.17</ele>
        <time>2023-10-07T09:53:00Z</time>
      </trkpt>
      <trkpt lat="45.6029" lon="24.73618">
        <ele>2492.17</ele>
        <time>2023-10-07T09:53:06Z</time>
      </trkpt>
      <trkpt lat="45.6029" lon="24.73618">
        <ele>2492.17</ele>
        <time>2023-10-07T09:53:18Z</time>
      </trkpt>
      <trkpt lat="45.6029" lon="24.73618">
        <ele>2492.17</ele>
        <time>2023-10-07T09:53:26Z</time>
      </trkpt>
      <trkpt lat="45.60289" lon="24.73618">
        <ele>2492.28</ele>
        <time>2023-10-07T09:53:28Z</time>
      </trkpt>
      <trkpt lat="45.60289" lon="24.73618">
        <ele>2492.28</ele>
        <time>2023-10-07T09:53:38Z</time>
      </trkpt>
      <trkpt lat="45.60289" lon="24.73618">
        <ele>2492.28</ele>
        <time>2023-10-07T09:53:53Z</time>
      </trkpt>
      <trkpt lat="45.60289" lon="24.73618">
        <ele>2492.28</ele>
        <time>2023-10-07T09:53:54Z</time>
      </trkpt>
      <trkpt lat="45.60289" lon="24.73618">
        <ele>2492.28</ele>
        <time>2023-10-07T09:53:56Z</time>
      </trkpt>
      <trkpt lat="45.60289" lon="24.73618">
        <ele>2492.28</ele>
        <time>2023-10-07T09:54:03Z</time>
      </trkpt>
      <trkpt lat="45.60289" lon="24.73618">
        <ele>2492.28</ele>
        <time>2023-10-07T09:54:05Z</time>
      </trkpt>
      <trkpt lat="45.60288" lon="24.73618">
        <ele>2492.38</ele>
        <time>2023-10-07T09:54:11Z</time>
      </trkpt>
      <trkpt lat="45.60288" lon="24.73618">
        <ele>2492.38</ele>
        <time>2023-10-07T09:54:14Z</time>
      </trkpt>
      <trkpt lat="45.60287" lon="24.73617">
        <ele>2492.28</ele>
        <time>2023-10-07T09:54:42Z</time>
      </trkpt>
      <trkpt lat="45.60287" lon="24.73617">
        <ele>2492.28</ele>
        <time>2023-10-07T09:54:51Z</time>
      </trkpt>
      <trkpt lat="45.60287" lon="24.73617">
        <ele>2492.28</ele>
        <time>2023-10-07T09:55:00Z</time>
      </trkpt>
      <trkpt lat="45.60286" lon="24.73617">
        <ele>2492.38</ele>
        <time>2023-10-07T09:55:13Z</time>
      </trkpt>
      <trkpt lat="45.60285" lon="24.73617">
        <ele>2492.49</ele>
        <time>2023-10-07T09:55:28Z</time>
      </trkpt>
      <trkpt lat="45.60285" lon="24.73617">
        <ele>2492.49</ele>
        <time>2023-10-07T09:55:38Z</time>
      </trkpt>
      <trkpt lat="45.60285" lon="24.73617">
        <ele>2492.49</ele>
        <time>2023-10-07T09:55:39Z</time>
      </trkpt>
      <trkpt lat="45.60263" lon="24.73612">
        <ele>2490.05</ele>
        <time>2023-10-07T09:56:05Z</time>
      </trkpt>
      <trkpt lat="45.60241" lon="24.73608">
        <ele>2486.2</ele>
        <time>2023-10-07T09:56:08Z</time>
      </trkpt>
      <trkpt lat="45.6022" lon="24.73603">
        <ele>2483.23</ele>
        <time>2023-10-07T09:56:11Z</time>
      </trkpt>
      <trkpt lat="45.60211" lon="24.736">
        <ele>2482.36</ele>
        <time>2023-10-07T09:56:14Z</time>
      </trkpt>
      <trkpt lat="45.60209" lon="24.73598">
        <ele>2481.75</ele>
        <time>2023-10-07T09:56:17Z</time>
      </trkpt>
      <trkpt lat="45.60208" lon="24.73598">
        <ele>2481.71</ele>
        <time>2023-10-07T09:56:18Z</time>
      </trkpt>
      <trkpt lat="45.60205" lon="24.73595">
        <ele>2480.7</ele>
        <time>2023-10-07T09:56:24Z</time>
      </trkpt>
      <trkpt lat="45.60205" lon="24.73595">
        <ele>2480.7</ele>
        <time>2023-10-07T09:56:25Z</time>
      </trkpt>
      <trkpt lat="45.60203" lon="24.73595">
        <ele>2480.61</ele>
        <time>2023-10-07T09:56:28Z</time>
      </trkpt>
      <trkpt lat="45.60202" lon="24.73595">
        <ele>2480.56</ele>
        <time>2023-10-07T09:56:29Z</time>
      </trkpt>
      <trkpt lat="45.60202" lon="24.73595">
        <ele>2480.56</ele>
        <time>2023-10-07T09:56:30Z</time>
      </trkpt>
      <trkpt lat="45.602" lon="24.73594">
        <ele>2480.13</ele>
        <time>2023-10-07T09:56:36Z</time>
      </trkpt>
      <trkpt lat="45.602" lon="24.73594">
        <ele>2480.13</ele>
        <time>2023-10-07T09:56:39Z</time>
      </trkpt>
      <trkpt lat="45.602" lon="24.73594">
        <ele>2480.13</ele>
        <time>2023-10-07T09:56:45Z</time>
      </trkpt>
      <trkpt lat="45.602" lon="24.73594">
        <ele>2480.13</ele>
        <time>2023-10-07T09:57:02Z</time>
      </trkpt>
      <trkpt lat="45.602" lon="24.73594">
        <ele>2480.13</ele>
        <time>2023-10-07T09:57:05Z</time>
      </trkpt>
      <trkpt lat="45.60199" lon="24.73594">
        <ele>2480.08</ele>
        <time>2023-10-07T09:57:40Z</time>
      </trkpt>
      <trkpt lat="45.60199" lon="24.73594">
        <ele>2480.08</ele>
        <time>2023-10-07T09:57:42Z</time>
      </trkpt>
      <trkpt lat="45.60194" lon="24.73594">
        <ele>2479.9</ele>
        <time>2023-10-07T09:58:06Z</time>
      </trkpt>
      <trkpt lat="45.60194" lon="24.73593">
        <ele>2479.55</ele>
        <time>2023-10-07T09:58:12Z</time>
      </trkpt>
      <trkpt lat="45.60194" lon="24.73592">
        <ele>2479.19</ele>
        <time>2023-10-07T09:58:17Z</time>
      </trkpt>
      <trkpt lat="45.60194" lon="24.73591">
        <ele>2478.84</ele>
        <time>2023-10-07T09:58:25Z</time>
      </trkpt>
      <trkpt lat="45.60194" lon="24.73591">
        <ele>2478.84</ele>
        <time>2023-10-07T09:58:49Z</time>
      </trkpt>
      <trkpt lat="45.60194" lon="24.73591">
        <ele>2478.84</ele>
        <time>2023-10-07T09:58:56Z</time>
      </trkpt>
      <trkpt lat="45.60194" lon="24.73591">
        <ele>2478.84</ele>
        <time>2023-10-07T09:59:07Z</time>
      </trkpt>
      <trkpt lat="45.60193" lon="24.73588">
        <ele>2477.97</ele>
        <time>2023-10-07T09:59:39Z</time>
      </trkpt>
      <trkpt lat="45.60193" lon="24.73588">
        <ele>2477.97</ele>
        <time>2023-10-07T09:59:45Z</time>
      </trkpt>
      <trkpt lat="45.60192" lon="24.73588">
        <ele>2478.18</ele>
        <time>2023-10-07T09:59:53Z</time>
      </trkpt>
      <trkpt lat="45.60192" lon="24.73588">
        <ele>2478.18</ele>
        <time>2023-10-07T09:59:57Z</time>
      </trkpt>
      <trkpt lat="45.60192" lon="24.73588">
        <ele>2478.18</ele>
        <time>2023-10-07T10:00:19Z</time>
      </trkpt>
      <trkpt lat="45.60192" lon="24.73588">
        <ele>2478.18</ele>
        <time>2023-10-07T10:00:22Z</time>
      </trkpt>
      <trkpt lat="45.60192" lon="24.73588">
        <ele>2478.18</ele>
        <time>2023-10-07T10:00:25Z</time>
      </trkpt>
      <trkpt lat="45.60192" lon="24.73588">
        <ele>2478.18</ele>
        <time>2023-10-07T10:00:27Z</time>
      </trkpt>
      <trkpt lat="45.60191" lon="24.73588">
        <ele>2478.38</ele>
        <time>2023-10-07T10:00:56Z</time>
      </trkpt>
      <trkpt lat="45.60191" lon="24.73588">
        <ele>2478.38</ele>
        <time>2023-10-07T10:01:06Z</time>
      </trkpt>
      <trkpt lat="45.60191" lon="24.73588">
        <ele>2478.38</ele>
        <time>2023-10-07T10:01:11Z</time>
      </trkpt>
      <trkpt lat="45.60191" lon="24.73588">
        <ele>2478.38</ele>
        <time>2023-10-07T10:01:16Z</time>
      </trkpt>
      <trkpt lat="45.60191" lon="24.73588">
        <ele>2478.38</ele>
        <time>2023-10-07T10:01:22Z</time>
      </trkpt>
      <trkpt lat="45.60191" lon="24.73588">
        <ele>2478.38</ele>
        <time>2023-10-07T10:01:29Z</time>
      </trkpt>
      <trkpt lat="45.60191" lon="24.73588">
        <ele>2478.38</ele>
        <time>2023-10-07T10:01:34Z</time>
      </trkpt>
      <trkpt lat="45.6019" lon="24.73588">
        <ele>2478.58</ele>
        <time>2023-10-07T10:01:55Z</time>
      </trkpt>
      <trkpt lat="45.6019" lon="24.73588">
        <ele>2478.58</ele>
        <time>2023-10-07T10:02:08Z</time>
      </trkpt>
      <trkpt lat="45.6019" lon="24.73588">
        <ele>2478.58</ele>
        <time>2023-10-07T10:02:27Z</time>
      </trkpt>
      <trkpt lat="45.6019" lon="24.73588">
        <ele>2478.58</ele>
        <time>2023-10-07T10:02:28Z</time>
      </trkpt>
      <trkpt lat="45.6019" lon="24.73588">
        <ele>2478.58</ele>
        <time>2023-10-07T10:02:31Z</time>
      </trkpt>
      <trkpt lat="45.6019" lon="24.73588">
        <ele>2478.58</ele>
        <time>2023-10-07T10:02:35Z</time>
      </trkpt>
      <trkpt lat="45.6019" lon="24.73587">
        <ele>2478.27</ele>
        <time>2023-10-07T10:02:48Z</time>
      </trkpt>
      <trkpt lat="45.6019" lon="24.73587">
        <ele>2478.27</ele>
        <time>2023-10-07T10:02:50Z</time>
      </trkpt>
      <trkpt lat="45.60189" lon="24.73587">
        <ele>2478.49</ele>
        <time>2023-10-07T10:02:59Z</time>
      </trkpt>
      <trkpt lat="45.60189" lon="24.73587">
        <ele>2478.49</ele>
        <time>2023-10-07T10:03:04Z</time>
      </trkpt>
      <trkpt lat="45.60189" lon="24.73587">
        <ele>2478.49</ele>
        <time>2023-10-07T10:03:13Z</time>
      </trkpt>
      <trkpt lat="45.60189" lon="24.73587">
        <ele>2478.49</ele>
        <time>2023-10-07T10:03:19Z</time>
      </trkpt>
      <trkpt lat="45.60189" lon="24.73587">
        <ele>2478.49</ele>
        <time>2023-10-07T10:03:22Z</time>
      </trkpt>
      <trkpt lat="45.60189" lon="24.73587">
        <ele>2478.49</ele>
        <time>2023-10-07T10:03:23Z</time>
      </trkpt>
      <trkpt lat="45.60189" lon="24.73587">
        <ele>2478.49</ele>
        <time>2023-10-07T10:03:47Z</time>
      </trkpt>
      <trkpt lat="45.60189" lon="24.73587">
        <ele>2478.49</ele>
        <time>2023-10-07T10:03:59Z</time>
      </trkpt>
      <trkpt lat="45.60189" lon="24.73587">
        <ele>2478.49</ele>
        <time>2023-10-07T10:04:03Z</time>
      </trkpt>
      <trkpt lat="45.60188" lon="24.73587">
        <ele>2478.7</ele>
        <time>2023-10-07T10:04:17Z</time>
      </trkpt>
      <trkpt lat="45.60188" lon="24.73587">
        <ele>2478.7</ele>
        <time>2023-10-07T10:04:24Z</time>
      </trkpt>
      <trkpt lat="45.60188" lon="24.73587">
        <ele>2478.7</ele>
        <time>2023-10-07T10:04:36Z</time>
      </trkpt>
      <trkpt lat="45.60188" lon="24.73587">
        <ele>2478.7</ele>
        <time>2023-10-07T10:04:46Z</time>
      </trkpt>
      <trkpt lat="45.60188" lon="24.73587">
        <ele>2478.7</ele>
        <time>2023-10-07T10:04:56Z</time>
      </trkpt>
      <trkpt lat="45.60187" lon="24.73587">
        <ele>2478.91</ele>
        <time>2023-10-07T10:05:01Z</time>
      </trkpt>
      <trkpt lat="45.60187" lon="24.73587">
        <ele>2478.91</ele>
        <time>2023-10-07T10:05:10Z</time>
      </trkpt>
      <trkpt lat="45.60187" lon="24.73587">
        <ele>2478.91</ele>
        <time>2023-10-07T10:05:20Z</time>
      </trkpt>
      <trkpt lat="45.60187" lon="24.73587">
        <ele>2478.91</ele>
        <time>2023-10-07T10:05:24Z</time>
      </trkpt>
      <trkpt lat="45.60187" lon="24.73587">
        <ele>2478.91</ele>
        <time>2023-10-07T10:05:29Z</time>
      </trkpt>
      <trkpt lat="45.60187" lon="24.73587">
        <ele>2478.91</ele>
        <time>2023-10-07T10:05:32Z</time>
      </trkpt>
      <trkpt lat="45.60187" lon="24.73587">
        <ele>2478.91</ele>
        <time>2023-10-07T10:05:35Z</time>
      </trkpt>
      <trkpt lat="45.60186" lon="24.73587">
        <ele>2479.13</ele>
        <time>2023-10-07T10:05:44Z</time>
      </trkpt>
      <trkpt lat="45.60186" lon="24.73587">
        <ele>2479.13</ele>
        <time>2023-10-07T10:05:50Z</time>
      </trkpt>
      <trkpt lat="45.60186" lon="24.73587">
        <ele>2479.13</ele>
        <time>2023-10-07T10:05:55Z</time>
      </trkpt>
      <trkpt lat="45.60186" lon="24.73587">
        <ele>2479.13</ele>
        <time>2023-10-07T10:06:04Z</time>
      </trkpt>
      <trkpt lat="45.60186" lon="24.73587">
        <ele>2479.13</ele>
        <time>2023-10-07T10:06:05Z</time>
      </trkpt>
      <trkpt lat="45.60186" lon="24.73587">
        <ele>2479.13</ele>
        <time>2023-10-07T10:06:20Z</time>
      </trkpt>
      <trkpt lat="45.60186" lon="24.73587">
        <ele>2479.13</ele>
        <time>2023-10-07T10:06:23Z</time>
      </trkpt>
      <trkpt lat="45.60185" lon="24.73587">
        <ele>2479.34</ele>
        <time>2023-10-07T10:06:27Z</time>
      </trkpt>
      <trkpt lat="45.60185" lon="24.73586">
        <ele>2479.08</ele>
        <time>2023-10-07T10:06:34Z</time>
      </trkpt>
      <trkpt lat="45.60185" lon="24.73586">
        <ele>2479.08</ele>
        <time>2023-10-07T10:06:39Z</time>
      </trkpt>
      <trkpt lat="45.60185" lon="24.73586">
        <ele>2479.08</ele>
        <time>2023-10-07T10:06:40Z</time>
      </trkpt>
      <trkpt lat="45.60185" lon="24.73586">
        <ele>2479.08</ele>
        <time>2023-10-07T10:06:43Z</time>
      </trkpt>
      <trkpt lat="45.60185" lon="24.73586">
        <ele>2479.08</ele>
        <time>2023-10-07T10:06:46Z</time>
      </trkpt>
      <trkpt lat="45.60185" lon="24.73586">
        <ele>2479.08</ele>
        <time>2023-10-07T10:06:51Z</time>
      </trkpt>
      <trkpt lat="45.60185" lon="24.73586">
        <ele>2479.08</ele>
        <time>2023-10-07T10:06:54Z</time>
      </trkpt>
      <trkpt lat="45.60184" lon="24.73586">
        <ele>2479.3</ele>
        <time>2023-10-07T10:06:57Z</time>
      </trkpt>
      <trkpt lat="45.60184" lon="24.73586">
        <ele>2479.3</ele>
        <time>2023-10-07T10:07:11Z</time>
      </trkpt>
      <trkpt lat="45.60184" lon="24.73586">
        <ele>2479.3</ele>
        <time>2023-10-07T10:07:16Z</time>
      </trkpt>
      <trkpt lat="45.60183" lon="24.73586">
        <ele>2479.53</ele>
        <time>2023-10-07T10:07:36Z</time>
      </trkpt>
      <trkpt lat="45.60183" lon="24.73586">
        <ele>2479.53</ele>
        <time>2023-10-07T10:07:37Z</time>
      </trkpt>
      <trkpt lat="45.60183" lon="24.73586">
        <ele>2479.53</ele>
        <time>2023-10-07T10:07:44Z</time>
      </trkpt>
      <trkpt lat="45.60183" lon="24.73585">
        <ele>2479.29</ele>
        <time>2023-10-07T10:07:55Z</time>
      </trkpt>
      <trkpt lat="45.60182" lon="24.73585">
        <ele>2479.52</ele>
        <time>2023-10-07T10:08:13Z</time>
      </trkpt>
      <trkpt lat="45.60182" lon="24.73585">
        <ele>2479.52</ele>
        <time>2023-10-07T10:08:19Z</time>
      </trkpt>
      <trkpt lat="45.60181" lon="24.73585">
        <ele>2479.76</ele>
        <time>2023-10-07T10:08:31Z</time>
      </trkpt>
      <trkpt lat="45.60181" lon="24.73584">
        <ele>2479.54</ele>
        <time>2023-10-07T10:08:40Z</time>
      </trkpt>
      <trkpt lat="45.60181" lon="24.73584">
        <ele>2479.54</ele>
        <time>2023-10-07T10:08:45Z</time>
      </trkpt>
      <trkpt lat="45.60181" lon="24.73584">
        <ele>2479.54</ele>
        <time>2023-10-07T10:08:46Z</time>
      </trkpt>
      <trkpt lat="45.60181" lon="24.73584">
        <ele>2479.54</ele>
        <time>2023-10-07T10:08:47Z</time>
      </trkpt>
      <trkpt lat="45.60181" lon="24.73584">
        <ele>2479.54</ele>
        <time>2023-10-07T10:08:53Z</time>
      </trkpt>
      <trkpt lat="45.60181" lon="24.73584">
        <ele>2479.54</ele>
        <time>2023-10-07T10:08:54Z</time>
      </trkpt>
      <trkpt lat="45.6018" lon="24.73584">
        <ele>2479.78</ele>
        <time>2023-10-07T10:09:12Z</time>
      </trkpt>
      <trkpt lat="45.6018" lon="24.73584">
        <ele>2479.78</ele>
        <time>2023-10-07T10:09:18Z</time>
      </trkpt>
      <trkpt lat="45.60179" lon="24.73583">
        <ele>2479.75</ele>
        <time>2023-10-07T10:09:40Z</time>
      </trkpt>
      <trkpt lat="45.60179" lon="24.73583">
        <ele>2479.75</ele>
        <time>2023-10-07T10:09:46Z</time>
      </trkpt>
      <trkpt lat="45.60178" lon="24.73583">
        <ele>2480.0</ele>
        <time>2023-10-07T10:09:55Z</time>
      </trkpt>
      <trkpt lat="45.60178" lon="24.73583">
        <ele>2480.0</ele>
        <time>2023-10-07T10:10:00Z</time>
      </trkpt>
      <trkpt lat="45.60178" lon="24.73582">
        <ele>2479.56</ele>
        <time>2023-10-07T10:10:03Z</time>
      </trkpt>
      <trkpt lat="45.60152" lon="24.73572">
        <ele>2473.98</ele>
        <time>2023-10-07T10:10:09Z</time>
      </trkpt>
      <trkpt lat="45.60147" lon="24.7357">
        <ele>2471.52</ele>
        <time>2023-10-07T10:10:10Z</time>
      </trkpt>
      <trkpt lat="45.6013" lon="24.73563">
        <ele>2463.61</ele>
        <time>2023-10-07T10:10:13Z</time>
      </trkpt>
      <trkpt lat="45.60124" lon="24.73561">
        <ele>2461.6</ele>
        <time>2023-10-07T10:10:17Z</time>
      </trkpt>
      <trkpt lat="45.60124" lon="24.73561">
        <ele>2461.6</ele>
        <time>2023-10-07T10:10:18Z</time>
      </trkpt>
      <trkpt lat="45.60123" lon="24.73561">
        <ele>2461.48</ele>
        <time>2023-10-07T10:10:22Z</time>
      </trkpt>
      <trkpt lat="45.60122" lon="24.7356">
        <ele>2460.76</ele>
        <time>2023-10-07T10:10:25Z</time>
      </trkpt>
      <trkpt lat="45.60121" lon="24.7356">
        <ele>2460.64</ele>
        <time>2023-10-07T10:10:39Z</time>
      </trkpt>
      <trkpt lat="45.60121" lon="24.7356">
        <ele>2460.64</ele>
        <time>2023-10-07T10:10:41Z</time>
      </trkpt>
      <trkpt lat="45.60121" lon="24.7356">
        <ele>2460.64</ele>
        <time>2023-10-07T10:10:44Z</time>
      </trkpt>
      <trkpt lat="45.60117" lon="24.7356">
        <ele>2460.14</ele>
        <time>2023-10-07T10:10:50Z</time>
      </trkpt>
      <trkpt lat="45.60115" lon="24.7356">
        <ele>2459.89</ele>
        <time>2023-10-07T10:10:53Z</time>
      </trkpt>
      <trkpt lat="45.60112" lon="24.7356">
        <ele>2459.51</ele>
        <time>2023-10-07T10:10:58Z</time>
      </trkpt>
      <trkpt lat="45.6011" lon="24.7356">
        <ele>2459.85</ele>
        <time>2023-10-07T10:11:02Z</time>
      </trkpt>
      <trkpt lat="45.60106" lon="24.73561">
        <ele>2461.94</ele>
        <time>2023-10-07T10:11:05Z</time>
      </trkpt>
      <trkpt lat="45.60105" lon="24.73561">
        <ele>2462.33</ele>
        <time>2023-10-07T10:11:06Z</time>
      </trkpt>
      <trkpt lat="45.60101" lon="24.73564">
        <ele>2465.07</ele>
        <time>2023-10-07T10:11:11Z</time>
      </trkpt>
      <trkpt lat="45.60101" lon="24.73564">
        <ele>2465.07</ele>
        <time>2023-10-07T10:11:13Z</time>
      </trkpt>
      <trkpt lat="45.60099" lon="24.73563">
        <ele>2465.4</ele>
        <time>2023-10-07T10:11:18Z</time>
      </trkpt>
      <trkpt lat="45.60094" lon="24.73565">
        <ele>2467.8</ele>
        <time>2023-10-07T10:11:27Z</time>
      </trkpt>
      <trkpt lat="45.60094" lon="24.73565">
        <ele>2467.8</ele>
        <time>2023-10-07T10:11:28Z</time>
      </trkpt>
      <trkpt lat="45.60093" lon="24.73566">
        <ele>2468.42</ele>
        <time>2023-10-07T10:11:29Z</time>
      </trkpt>
      <trkpt lat="45.60093" lon="24.73567">
        <ele>2468.7</ele>
        <time>2023-10-07T10:11:33Z</time>
      </trkpt>
      <trkpt lat="45.60092" lon="24.73566">
        <ele>2468.74</ele>
        <time>2023-10-07T10:11:41Z</time>
      </trkpt>
      <trkpt lat="45.6009" lon="24.73566">
        <ele>2469.38</ele>
        <time>2023-10-07T10:12:01Z</time>
      </trkpt>
      <trkpt lat="45.60087" lon="24.73566">
        <ele>2470.33</ele>
        <time>2023-10-07T10:12:08Z</time>
      </trkpt>
      <trkpt lat="45.60085" lon="24.73565">
        <ele>2470.8</ele>
        <time>2023-10-07T10:12:21Z</time>
      </trkpt>
      <trkpt lat="45.60085" lon="24.73565">
        <ele>2470.8</ele>
        <time>2023-10-07T10:12:37Z</time>
      </trkpt>
      <trkpt lat="45.60084" lon="24.73565">
        <ele>2471.14</ele>
        <time>2023-10-07T10:12:41Z</time>
      </trkpt>
      <trkpt lat="45.60084" lon="24.73565">
        <ele>2471.14</ele>
        <time>2023-10-07T10:12:43Z</time>
      </trkpt>
      <trkpt lat="45.60084" lon="24.73565">
        <ele>2471.14</ele>
        <time>2023-10-07T10:12:44Z</time>
      </trkpt>
      <trkpt lat="45.60084" lon="24.73565">
        <ele>2471.14</ele>
        <time>2023-10-07T10:12:46Z</time>
      </trkpt>
      <trkpt lat="45.60084" lon="24.73565">
        <ele>2471.14</ele>
        <time>2023-10-07T10:12:49Z</time>
      </trkpt>
      <trkpt lat="45.60083" lon="24.73565">
        <ele>2471.33</ele>
        <time>2023-10-07T10:12:51Z</time>
      </trkpt>
      <trkpt lat="45.60078" lon="24.73572">
        <ele>2472.05</ele>
        <time>2023-10-07T10:12:59Z</time>
      </trkpt>
      <trkpt lat="45.60077" lon="24.73573">
        <ele>2472.17</ele>
        <time>2023-10-07T10:13:01Z</time>
      </trkpt>
      <trkpt lat="45.60077" lon="24.73574">
        <ele>2472.35</ele>
        <time>2023-10-07T10:13:03Z</time>
      </trkpt>
      <trkpt lat="45.60076" lon="24.73575">
        <ele>2472.48</ele>
        <time>2023-10-07T10:13:05Z</time>
      </trkpt>
      <trkpt lat="45.60076" lon="24.73575">
        <ele>2472.48</ele>
        <time>2023-10-07T10:13:11Z</time>
      </trkpt>
      <trkpt lat="45.60076" lon="24.73575">
        <ele>2472.48</ele>
        <time>2023-10-07T10:13:25Z</time>
      </trkpt>
      <trkpt lat="45.60077" lon="24.73575">
        <ele>2472.53</ele>
        <time>2023-10-07T10:13:32Z</time>
      </trkpt>
      <trkpt lat="45.60077" lon="24.73575">
        <ele>2472.53</ele>
        <time>2023-10-07T10:13:33Z</time>
      </trkpt>
      <trkpt lat="45.60077" lon="24.73575">
        <ele>2472.53</ele>
        <time>2023-10-07T10:13:36Z</time>
      </trkpt>
      <trkpt lat="45.60077" lon="24.73575">
        <ele>2472.53</ele>
        <time>2023-10-07T10:13:39Z</time>
      </trkpt>
      <trkpt lat="45.60077" lon="24.73576">
        <ele>2472.7</ele>
        <time>2023-10-07T10:13:42Z</time>
      </trkpt>
      <trkpt lat="45.60074" lon="24.73581">
        <ele>2473.55</ele>
        <time>2023-10-07T10:13:58Z</time>
      </trkpt>
      <trkpt lat="45.60069" lon="24.73583">
        <ele>2473.93</ele>
        <time>2023-10-07T10:14:11Z</time>
      </trkpt>
      <trkpt lat="45.60069" lon="24.73583">
        <ele>2473.93</ele>
        <time>2023-10-07T10:14:13Z</time>
      </trkpt>
      <trkpt lat="45.60068" lon="24.73584">
        <ele>2473.97</ele>
        <time>2023-10-07T10:14:23Z</time>
      </trkpt>
      <trkpt lat="45.60066" lon="24.73585">
        <ele>2473.92</ele>
        <time>2023-10-07T10:14:28Z</time>
      </trkpt>
      <trkpt lat="45.60064" lon="24.73585">
        <ele>2473.92</ele>
        <time>2023-10-07T10:14:36Z</time>
      </trkpt>
      <trkpt lat="45.60063" lon="24.73585">
        <ele>2473.92</ele>
        <time>2023-10-07T10:14:39Z</time>
      </trkpt>
      <trkpt lat="45.60062" lon="24.73585">
        <ele>2473.93</ele>
        <time>2023-10-07T10:14:43Z</time>
      </trkpt>
      <trkpt lat="45.60059" lon="24.73585">
        <ele>2473.93</ele>
        <time>2023-10-07T10:14:56Z</time>
      </trkpt>
      <trkpt lat="45.60054" lon="24.73584">
        <ele>2473.93</ele>
        <time>2023-10-07T10:15:10Z</time>
      </trkpt>
      <trkpt lat="45.60051" lon="24.73582">
        <ele>2473.45</ele>
        <time>2023-10-07T10:15:22Z</time>
      </trkpt>
      <trkpt lat="45.60049" lon="24.73582">
        <ele>2473.38</ele>
        <time>2023-10-07T10:15:25Z</time>
      </trkpt>
      <trkpt lat="45.60048" lon="24.73582">
        <ele>2473.34</ele>
        <time>2023-10-07T10:15:28Z</time>
      </trkpt>
      <trkpt lat="45.60042" lon="24.73584">
        <ele>2473.53</ele>
        <time>2023-10-07T10:15:40Z</time>
      </trkpt>
      <trkpt lat="45.60041" lon="24.73586">
        <ele>2473.58</ele>
        <time>2023-10-07T10:15:43Z</time>
      </trkpt>
      <trkpt lat="45.60036" lon="24.73589">
        <ele>2473.67</ele>
        <time>2023-10-07T10:15:51Z</time>
      </trkpt>
      <trkpt lat="45.60036" lon="24.73589">
        <ele>2473.67</ele>
        <time>2023-10-07T10:15:52Z</time>
      </trkpt>
      <trkpt lat="45.60034" lon="24.7359">
        <ele>2473.73</ele>
        <time>2023-10-07T10:15:58Z</time>
      </trkpt>
      <trkpt lat="45.60033" lon="24.7359">
        <ele>2473.73</ele>
        <time>2023-10-07T10:16:02Z</time>
      </trkpt>
      <trkpt lat="45.60032" lon="24.7359">
        <ele>2473.73</ele>
        <time>2023-10-07T10:16:04Z</time>
      </trkpt>
      <trkpt lat="45.60031" lon="24.73589">
        <ele>2473.63</ele>
        <time>2023-10-07T10:16:06Z</time>
      </trkpt>
      <trkpt lat="45.60027" lon="24.7359">
        <ele>2474.0</ele>
        <time>2023-10-07T10:16:12Z</time>
      </trkpt>
      <trkpt lat="45.60025" lon="24.73592">
        <ele>2474.94</ele>
        <time>2023-10-07T10:16:15Z</time>
      </trkpt>
      <trkpt lat="45.60024" lon="24.73593">
        <ele>2475.4</ele>
        <time>2023-10-07T10:16:18Z</time>
      </trkpt>
      <trkpt lat="45.60019" lon="24.73596">
        <ele>2477.53</ele>
        <time>2023-10-07T10:16:24Z</time>
      </trkpt>
      <trkpt lat="45.60015" lon="24.73598">
        <ele>2479.18</ele>
        <time>2023-10-07T10:16:32Z</time>
      </trkpt>
      <trkpt lat="45.60012" lon="24.73601">
        <ele>2480.59</ele>
        <time>2023-10-07T10:16:39Z</time>
      </trkpt>
      <trkpt lat="45.6001" lon="24.73601">
        <ele>2481.31</ele>
        <time>2023-10-07T10:16:43Z</time>
      </trkpt>
      <trkpt lat="45.60009" lon="24.73601">
        <ele>2481.67</ele>
        <time>2023-10-07T10:16:46Z</time>
      </trkpt>
      <trkpt lat="45.60009" lon="24.73601">
        <ele>2481.67</ele>
        <time>2023-10-07T10:16:47Z</time>
      </trkpt>
      <trkpt lat="45.60009" lon="24.73601">
        <ele>2481.67</ele>
        <time>2023-10-07T10:16:48Z</time>
      </trkpt>
      <trkpt lat="45.60007" lon="24.736">
        <ele>2482.28</ele>
        <time>2023-10-07T10:16:50Z</time>
      </trkpt>
      <trkpt lat="45.60006" lon="24.73599">
        <ele>2482.53</ele>
        <time>2023-10-07T10:16:54Z</time>
      </trkpt>
      <trkpt lat="45.60006" lon="24.73598">
        <ele>2482.42</ele>
        <time>2023-10-07T10:16:55Z</time>
      </trkpt>
      <trkpt lat="45.60006" lon="24.73599">
        <ele>2482.53</ele>
        <time>2023-10-07T10:16:58Z</time>
      </trkpt>
      <trkpt lat="45.60006" lon="24.73599">
        <ele>2482.53</ele>
        <time>2023-10-07T10:17:03Z</time>
      </trkpt>
      <trkpt lat="45.60006" lon="24.73599">
        <ele>2482.53</ele>
        <time>2023-10-07T10:17:15Z</time>
      </trkpt>
      <trkpt lat="45.60006" lon="24.73599">
        <ele>2482.53</ele>
        <time>2023-10-07T10:17:17Z</time>
      </trkpt>
      <trkpt lat="45.60006" lon="24.73599">
        <ele>2482.53</ele>
        <time>2023-10-07T10:17:19Z</time>
      </trkpt>
      <trkpt lat="45.60006" lon="24.73599">
        <ele>2482.53</ele>
        <time>2023-10-07T10:17:23Z</time>
      </trkpt>
      <trkpt lat="45.60006" lon="24.73599">
        <ele>2482.53</ele>
        <time>2023-10-07T10:17:34Z</time>
      </trkpt>
      <trkpt lat="45.60006" lon="24.73599">
        <ele>2482.53</ele>
        <time>2023-10-07T10:17:38Z</time>
      </trkpt>
      <trkpt lat="45.60006" lon="24.73599">
        <ele>2482.53</ele>
        <time>2023-10-07T10:18:19Z</time>
      </trkpt>
      <trkpt lat="45.60006" lon="24.73599">
        <ele>2482.53</ele>
        <time>2023-10-07T10:18:21Z</time>
      </trkpt>
      <trkpt lat="45.60007" lon="24.73599">
        <ele>2482.17</ele>
        <time>2023-10-07T10:18:27Z</time>
      </trkpt>
      <trkpt lat="45.60007" lon="24.736">
        <ele>2482.28</ele>
        <time>2023-10-07T10:18:32Z</time>
      </trkpt>
      <trkpt lat="45.60007" lon="24.736">
        <ele>2482.28</ele>
        <time>2023-10-07T10:18:46Z</time>
      </trkpt>
      <trkpt lat="45.60007" lon="24.736">
        <ele>2482.28</ele>
        <time>2023-10-07T10:18:47Z</time>
      </trkpt>
      <trkpt lat="45.60006" lon="24.736">
        <ele>2482.64</ele>
        <time>2023-10-07T10:19:01Z</time>
      </trkpt>
      <trkpt lat="45.60006" lon="24.736">
        <ele>2482.64</ele>
        <time>2023-10-07T10:19:09Z</time>
      </trkpt>
      <trkpt lat="45.60001" lon="24.736">
        <ele>2484.44</ele>
        <time>2023-10-07T10:19:21Z</time>
      </trkpt>
      <trkpt lat="45.6" lon="24.736">
        <ele>2484.8</ele>
        <time>2023-10-07T10:19:23Z</time>
      </trkpt>
      <trkpt lat="45.59995" lon="24.73604">
        <ele>2487.61</ele>
        <time>2023-10-07T10:19:36Z</time>
      </trkpt>
      <trkpt lat="45.59993" lon="24.73605">
        <ele>2488.76</ele>
        <time>2023-10-07T10:19:43Z</time>
      </trkpt>
      <trkpt lat="45.59988" lon="24.73608">
        <ele>2492.04</ele>
        <time>2023-10-07T10:20:08Z</time>
      </trkpt>
      <trkpt lat="45.59988" lon="24.73608">
        <ele>2492.04</ele>
        <time>2023-10-07T10:20:10Z</time>
      </trkpt>
      <trkpt lat="45.59988" lon="24.73608">
        <ele>2492.04</ele>
        <time>2023-10-07T10:20:13Z</time>
      </trkpt>
      <trkpt lat="45.59986" lon="24.73608">
        <ele>2493.11</ele>
        <time>2023-10-07T10:20:19Z</time>
      </trkpt>
      <trkpt lat="45.59979" lon="24.73609">
        <ele>2497.24</ele>
        <time>2023-10-07T10:20:23Z</time>
      </trkpt>
      <trkpt lat="45.59975" lon="24.73609">
        <ele>2499.42</ele>
        <time>2023-10-07T10:20:25Z</time>
      </trkpt>
      <trkpt lat="45.59965" lon="24.73609">
        <ele>2501.19</ele>
        <time>2023-10-07T10:20:34Z</time>
      </trkpt>
      <trkpt lat="45.59959" lon="24.73612">
        <ele>2502.14</ele>
        <time>2023-10-07T10:20:44Z</time>
      </trkpt>
      <trkpt lat="45.59959" lon="24.73611">
        <ele>2501.97</ele>
        <time>2023-10-07T10:20:47Z</time>
      </trkpt>
      <trkpt lat="45.59957" lon="24.73611">
        <ele>2501.97</ele>
        <time>2023-10-07T10:20:50Z</time>
      </trkpt>
      <trkpt lat="45.59957" lon="24.73611">
        <ele>2501.97</ele>
        <time>2023-10-07T10:20:51Z</time>
      </trkpt>
      <trkpt lat="45.59957" lon="24.73611">
        <ele>2501.97</ele>
        <time>2023-10-07T10:20:52Z</time>
      </trkpt>
      <trkpt lat="45.59957" lon="24.73611">
        <ele>2501.97</ele>
        <time>2023-10-07T10:21:01Z</time>
      </trkpt>
      <trkpt lat="45.59957" lon="24.73613">
        <ele>2502.31</ele>
        <time>2023-10-07T10:21:24Z</time>
      </trkpt>
      <trkpt lat="45.59957" lon="24.73613">
        <ele>2502.31</ele>
        <time>2023-10-07T10:21:27Z</time>
      </trkpt>
      <trkpt lat="45.59957" lon="24.73613">
        <ele>2502.31</ele>
        <time>2023-10-07T10:21:29Z</time>
      </trkpt>
      <trkpt lat="45.59956" lon="24.73614">
        <ele>2502.48</ele>
        <time>2023-10-07T10:21:34Z</time>
      </trkpt>
      <trkpt lat="45.59954" lon="24.73615">
        <ele>2502.65</ele>
        <time>2023-10-07T10:21:39Z</time>
      </trkpt>
      <trkpt lat="45.59954" lon="24.73616">
        <ele>2502.82</ele>
        <time>2023-10-07T10:21:43Z</time>
      </trkpt>
      <trkpt lat="45.59954" lon="24.73616">
        <ele>2502.82</ele>
        <time>2023-10-07T10:21:46Z</time>
      </trkpt>
      <trkpt lat="45.59954" lon="24.73616">
        <ele>2502.82</ele>
        <time>2023-10-07T10:21:50Z</time>
      </trkpt>
      <trkpt lat="45.59954" lon="24.73616">
        <ele>2502.82</ele>
        <time>2023-10-07T10:21:51Z</time>
      </trkpt>
      <trkpt lat="45.59954" lon="24.73616">
        <ele>2502.82</ele>
        <time>2023-10-07T10:21:58Z</time>
      </trkpt>
      <trkpt lat="45.59954" lon="24.73616">
        <ele>2502.82</ele>
        <time>2023-10-07T10:21:59Z</time>
      </trkpt>
      <trkpt lat="45.59955" lon="24.73616">
        <ele>2502.81</ele>
        <time>2023-10-07T10:22:04Z</time>
      </trkpt>
      <trkpt lat="45.59955" lon="24.73616">
        <ele>2502.81</ele>
        <time>2023-10-07T10:22:06Z</time>
      </trkpt>
      <trkpt lat="45.59956" lon="24.73616">
        <ele>2502.81</ele>
        <time>2023-10-07T10:22:11Z</time>
      </trkpt>
      <trkpt lat="45.59958" lon="24.73616">
        <ele>2502.79</ele>
        <time>2023-10-07T10:22:14Z</time>
      </trkpt>
      <trkpt lat="45.59959" lon="24.73616">
        <ele>2502.79</ele>
        <time>2023-10-07T10:22:22Z</time>
      </trkpt>
      <trkpt lat="45.5996" lon="24.73616">
        <ele>2502.78</ele>
        <time>2023-10-07T10:22:30Z</time>
      </trkpt>
      <trkpt lat="45.59959" lon="24.73616">
        <ele>2502.79</ele>
        <time>2023-10-07T10:23:09Z</time>
      </trkpt>
      <trkpt lat="45.59959" lon="24.73618">
        <ele>2503.11</ele>
        <time>2023-10-07T10:23:18Z</time>
      </trkpt>
      <trkpt lat="45.59959" lon="24.73618">
        <ele>2503.11</ele>
        <time>2023-10-07T10:23:22Z</time>
      </trkpt>
      <trkpt lat="45.59959" lon="24.73618">
        <ele>2503.11</ele>
        <time>2023-10-07T10:23:25Z</time>
      </trkpt>
      <trkpt lat="45.59959" lon="24.73618">
        <ele>2503.11</ele>
        <time>2023-10-07T10:23:27Z</time>
      </trkpt>
      <trkpt lat="45.59959" lon="24.73618">
        <ele>2503.11</ele>
        <time>2023-10-07T10:23:35Z</time>
      </trkpt>
      <trkpt lat="45.59959" lon="24.73618">
        <ele>2503.11</ele>
        <time>2023-10-07T10:23:39Z</time>
      </trkpt>
      <trkpt lat="45.59959" lon="24.73618">
        <ele>2503.11</ele>
        <time>2023-10-07T10:23:42Z</time>
      </trkpt>
      <trkpt lat="45.59959" lon="24.73618">
        <ele>2503.11</ele>
        <time>2023-10-07T10:23:51Z</time>
      </trkpt>
      <trkpt lat="45.59959" lon="24.73618">
        <ele>2503.11</ele>
        <time>2023-10-07T10:23:52Z</time>
      </trkpt>
      <trkpt lat="45.59959" lon="24.73618">
        <ele>2503.11</ele>
        <time>2023-10-07T10:23:58Z</time>
      </trkpt>
      <trkpt lat="45.59959" lon="24.73618">
        <ele>2503.11</ele>
        <time>2023-10-07T10:24:07Z</time>
      </trkpt>
      <trkpt lat="45.59959" lon="24.73618">
        <ele>2503.11</ele>
        <time>2023-10-07T10:24:16Z</time>
      </trkpt>
      <trkpt lat="45.59959" lon="24.73618">
        <ele>2503.11</ele>
        <time>2023-10-07T10:24:17Z</time>
      </trkpt>
      <trkpt lat="45.59959" lon="24.73618">
        <ele>2503.11</ele>
        <time>2023-10-07T10:24:20Z</time>
      </trkpt>
      <trkpt lat="45.59959" lon="24.73618">
        <ele>2503.11</ele>
        <time>2023-10-07T10:24:27Z</time>
      </trkpt>
      <trkpt lat="45.59959" lon="24.73618">
        <ele>2503.11</ele>
        <time>2023-10-07T10:24:36Z</time>
      </trkpt>
      <trkpt lat="45.59959" lon="24.73618">
        <ele>2503.11</ele>
        <time>2023-10-07T10:24:43Z</time>
      </trkpt>
      <trkpt lat="45.59959" lon="24.73618">
        <ele>2503.11</ele>
        <time>2023-10-07T10:24:45Z</time>
      </trkpt>
      <trkpt lat="45.59959" lon="24.73618">
        <ele>2503.11</ele>
        <time>2023-10-07T10:25:14Z</time>
      </trkpt>
      <trkpt lat="45.59958" lon="24.73618">
        <ele>2503.12</ele>
        <time>2023-10-07T10:25:28Z</time>
      </trkpt>
      <trkpt lat="45.59958" lon="24.73618">
        <ele>2503.12</ele>
        <time>2023-10-07T10:25:30Z</time>
      </trkpt>
      <trkpt lat="45.59958" lon="24.73618">
        <ele>2503.12</ele>
        <time>2023-10-07T10:25:40Z</time>
      </trkpt>
      <trkpt lat="45.59958" lon="24.73618">
        <ele>2503.12</ele>
        <time>2023-10-07T10:26:00Z</time>
      </trkpt>
      <trkpt lat="45.59958" lon="24.73618">
        <ele>2503.12</ele>
        <time>2023-10-07T10:26:02Z</time>
      </trkpt>
      <trkpt lat="45.59958" lon="24.73618">
        <ele>2503.12</ele>
        <time>2023-10-07T10:26:12Z</time>
      </trkpt>
      <trkpt lat="45.59958" lon="24.73618">
        <ele>2503.12</ele>
        <time>2023-10-07T10:26:16Z</time>
      </trkpt>
      <trkpt lat="45.59958" lon="24.73618">
        <ele>2503.12</ele>
        <time>2023-10-07T10:26:29Z</time>
      </trkpt>
      <trkpt lat="45.59958" lon="24.73618">
        <ele>2503.12</ele>
        <time>2023-10-07T10:26:30Z</time>
      </trkpt>
      <trkpt lat="45.59958" lon="24.73618">
        <ele>2503.12</ele>
        <time>2023-10-07T10:26:35Z</time>
      </trkpt>
      <trkpt lat="45.59958" lon="24.73618">
        <ele>2503.12</ele>
        <time>2023-10-07T10:26:41Z</time>
      </trkpt>
      <trkpt lat="45.59958" lon="24.73618">
        <ele>2503.12</ele>
        <time>2023-10-07T10:26:47Z</time>
      </trkpt>
      <trkpt lat="45.59958" lon="24.73618">
        <ele>2503.12</ele>
        <time>2023-10-07T10:27:06Z</time>
      </trkpt>
      <trkpt lat="45.59958" lon="24.73618">
        <ele>2503.12</ele>
        <time>2023-10-07T10:27:11Z</time>
      </trkpt>
      <trkpt lat="45.59958" lon="24.73618">
        <ele>2503.12</ele>
        <time>2023-10-07T10:27:24Z</time>
      </trkpt>
      <trkpt lat="45.59958" lon="24.73618">
        <ele>2503.12</ele>
        <time>2023-10-07T10:27:30Z</time>
      </trkpt>
      <trkpt lat="45.59958" lon="24.73618">
        <ele>2503.12</ele>
        <time>2023-10-07T10:27:40Z</time>
      </trkpt>
      <trkpt lat="45.59958" lon="24.73618">
        <ele>2503.12</ele>
        <time>2023-10-07T10:27:48Z</time>
      </trkpt>
      <trkpt lat="45.59958" lon="24.73618">
        <ele>2503.12</ele>
        <time>2023-10-07T10:27:57Z</time>
      </trkpt>
      <trkpt lat="45.59958" lon="24.73618">
        <ele>2503.12</ele>
        <time>2023-10-07T10:28:01Z</time>
      </trkpt>
      <trkpt lat="45.59958" lon="24.73618">
        <ele>2503.12</ele>
        <time>2023-10-07T10:28:04Z</time>
      </trkpt>
      <trkpt lat="45.59958" lon="24.73618">
        <ele>2503.12</ele>
        <time>2023-10-07T10:28:14Z</time>
      </trkpt>
      <trkpt lat="45.59957" lon="24.73618">
        <ele>2503.13</ele>
        <time>2023-10-07T10:28:18Z</time>
      </trkpt>
      <trkpt lat="45.59957" lon="24.73618">
        <ele>2503.13</ele>
        <time>2023-10-07T10:28:24Z</time>
      </trkpt>
      <trkpt lat="45.59957" lon="24.73618">
        <ele>2503.13</ele>
        <time>2023-10-07T10:28:32Z</time>
      </trkpt>
      <trkpt lat="45.59957" lon="24.73618">
        <ele>2503.13</ele>
        <time>2023-10-07T10:28:34Z</time>
      </trkpt>
      <trkpt lat="45.59957" lon="24.73617">
        <ele>2502.96</ele>
        <time>2023-10-07T10:28:38Z</time>
      </trkpt>
      <trkpt lat="45.59957" lon="24.73617">
        <ele>2502.96</ele>
        <time>2023-10-07T10:28:43Z</time>
      </trkpt>
      <trkpt lat="45.59957" lon="24.73617">
        <ele>2502.96</ele>
        <time>2023-10-07T10:28:52Z</time>
      </trkpt>
      <trkpt lat="45.59957" lon="24.73617">
        <ele>2502.96</ele>
        <time>2023-10-07T10:29:12Z</time>
      </trkpt>
      <trkpt lat="45.59957" lon="24.73617">
        <ele>2502.96</ele>
        <time>2023-10-07T10:29:22Z</time>
      </trkpt>
      <trkpt lat="45.59957" lon="24.73617">
        <ele>2502.96</ele>
        <time>2023-10-07T10:29:29Z</time>
      </trkpt>
      <trkpt lat="45.59957" lon="24.73617">
        <ele>2502.96</ele>
        <time>2023-10-07T10:29:41Z</time>
      </trkpt>
      <trkpt lat="45.59957" lon="24.73617">
        <ele>2502.96</ele>
        <time>2023-10-07T10:29:57Z</time>
      </trkpt>
      <trkpt lat="45.59957" lon="24.73617">
        <ele>2502.96</ele>
        <time>2023-10-07T10:30:13Z</time>
      </trkpt>
      <trkpt lat="45.59957" lon="24.73617">
        <ele>2502.96</ele>
        <time>2023-10-07T10:30:17Z</time>
      </trkpt>
      <trkpt lat="45.59957" lon="24.73617">
        <ele>2502.96</ele>
        <time>2023-10-07T10:30:28Z</time>
      </trkpt>
      <trkpt lat="45.59957" lon="24.73617">
        <ele>2502.96</ele>
        <time>2023-10-07T10:30:30Z</time>
      </trkpt>
      <trkpt lat="45.59957" lon="24.73617">
        <ele>2502.96</ele>
        <time>2023-10-07T10:31:20Z</time>
      </trkpt>
      <trkpt lat="45.59956" lon="24.73617">
        <ele>2502.97</ele>
        <time>2023-10-07T10:32:05Z</time>
      </trkpt>
      <trkpt lat="45.59956" lon="24.73617">
        <ele>2502.97</ele>
        <time>2023-10-07T10:32:52Z</time>
      </trkpt>
      <trkpt lat="45.59956" lon="24.73617">
        <ele>2502.97</ele>
        <time>2023-10-07T10:33:25Z</time>
      </trkpt>
      <trkpt lat="45.59956" lon="24.73617">
        <ele>2502.97</ele>
        <time>2023-10-07T10:33:27Z</time>
      </trkpt>
      <trkpt lat="45.59956" lon="24.73617">
        <ele>2502.97</ele>
        <time>2023-10-07T10:33:50Z</time>
      </trkpt>
      <trkpt lat="45.59956" lon="24.73617">
        <ele>2502.97</ele>
        <time>2023-10-07T10:34:05Z</time>
      </trkpt>
      <trkpt lat="45.59956" lon="24.73617">
        <ele>2502.97</ele>
        <time>2023-10-07T10:34:25Z</time>
      </trkpt>
      <trkpt lat="45.59956" lon="24.73617">
        <ele>2502.97</ele>
        <time>2023-10-07T10:34:33Z</time>
      </trkpt>
      <trkpt lat="45.59956" lon="24.73617">
        <ele>2502.97</ele>
        <time>2023-10-07T10:34:37Z</time>
      </trkpt>
      <trkpt lat="45.59956" lon="24.73617">
        <ele>2502.97</ele>
        <time>2023-10-07T10:34:46Z</time>
      </trkpt>
      <trkpt lat="45.59956" lon="24.73617">
        <ele>2502.97</ele>
        <time>2023-10-07T10:35:06Z</time>
      </trkpt>
      <trkpt lat="45.59956" lon="24.73617">
        <ele>2502.97</ele>
        <time>2023-10-07T10:35:15Z</time>
      </trkpt>
      <trkpt lat="45.59956" lon="24.73617">
        <ele>2502.97</ele>
        <time>2023-10-07T10:35:18Z</time>
      </trkpt>
      <trkpt lat="45.59956" lon="24.73617">
        <ele>2502.97</ele>
        <time>2023-10-07T10:35:24Z</time>
      </trkpt>
      <trkpt lat="45.59956" lon="24.73617">
        <ele>2502.97</ele>
        <time>2023-10-07T10:35:27Z</time>
      </trkpt>
      <trkpt lat="45.59955" lon="24.73617">
        <ele>2502.98</ele>
        <time>2023-10-07T10:35:41Z</time>
      </trkpt>
      <trkpt lat="45.59955" lon="24.73617">
        <ele>2502.98</ele>
        <time>2023-10-07T10:35:44Z</time>
      </trkpt>
      <trkpt lat="45.59955" lon="24.73617">
        <ele>2502.98</ele>
        <time>2023-10-07T10:35:47Z</time>
      </trkpt>
      <trkpt lat="45.59955" lon="24.73617">
        <ele>2502.98</ele>
        <time>2023-10-07T10:35:54Z</time>
      </trkpt>
      <trkpt lat="45.59955" lon="24.73617">
        <ele>2502.98</ele>
        <time>2023-10-07T10:36:07Z</time>
      </trkpt>
      <trkpt lat="45.59955" lon="24.73617">
        <ele>2502.98</ele>
        <time>2023-10-07T10:36:19Z</time>
      </trkpt>
      <trkpt lat="45.59955" lon="24.73617">
        <ele>2502.98</ele>
        <time>2023-10-07T10:36:43Z</time>
      </trkpt>
      <trkpt lat="45.59955" lon="24.73617">
        <ele>2502.98</ele>
        <time>2023-10-07T10:36:48Z</time>
      </trkpt>
      <trkpt lat="45.59955" lon="24.73617">
        <ele>2502.98</ele>
        <time>2023-10-07T10:36:50Z</time>
      </trkpt>
      <trkpt lat="45.59955" lon="24.73617">
        <ele>2502.98</ele>
        <time>2023-10-07T10:37:00Z</time>
      </trkpt>
      <trkpt lat="45.59955" lon="24.73617">
        <ele>2502.98</ele>
        <time>2023-10-07T10:37:20Z</time>
      </trkpt>
      <trkpt lat="45.59955" lon="24.73617">
        <ele>2502.98</ele>
        <time>2023-10-07T10:37:28Z</time>
      </trkpt>
      <trkpt lat="45.59955" lon="24.73617">
        <ele>2502.98</ele>
        <time>2023-10-07T10:37:32Z</time>
      </trkpt>
      <trkpt lat="45.59955" lon="24.73617">
        <ele>2502.98</ele>
        <time>2023-10-07T10:37:37Z</time>
      </trkpt>
      <trkpt lat="45.59955" lon="24.73617">
        <ele>2502.98</ele>
        <time>2023-10-07T10:37:47Z</time>
      </trkpt>
      <trkpt lat="45.59955" lon="24.73617">
        <ele>2502.98</ele>
        <time>2023-10-07T10:38:08Z</time>
      </trkpt>
      <trkpt lat="45.59955" lon="24.73617">
        <ele>2502.98</ele>
        <time>2023-10-07T10:38:11Z</time>
      </trkpt>
      <trkpt lat="45.59955" lon="24.73617">
        <ele>2502.98</ele>
        <time>2023-10-07T10:38:16Z</time>
      </trkpt>
      <trkpt lat="45.59955" lon="24.73617">
        <ele>2502.98</ele>
        <time>2023-10-07T10:38:30Z</time>
      </trkpt>
      <trkpt lat="45.59955" lon="24.73617">
        <ele>2502.98</ele>
        <time>2023-10-07T10:38:35Z</time>
      </trkpt>
      <trkpt lat="45.59955" lon="24.73617">
        <ele>2502.98</ele>
        <time>2023-10-07T10:38:45Z</time>
      </trkpt>
      <trkpt lat="45.59955" lon="24.73617">
        <ele>2502.98</ele>
        <time>2023-10-07T10:38:52Z</time>
      </trkpt>
      <trkpt lat="45.59955" lon="24.73617">
        <ele>2502.98</ele>
        <time>2023-10-07T10:38:57Z</time>
      </trkpt>
      <trkpt lat="45.59955" lon="24.73617">
        <ele>2502.98</ele>
        <time>2023-10-07T10:39:04Z</time>
      </trkpt>
      <trkpt lat="45.59955" lon="24.73617">
        <ele>2502.98</ele>
        <time>2023-10-07T10:39:06Z</time>
      </trkpt>
      <trkpt lat="45.59955" lon="24.73617">
        <ele>2502.98</ele>
        <time>2023-10-07T10:39:17Z</time>
      </trkpt>
      <trkpt lat="45.59955" lon="24.73617">
        <ele>2502.98</ele>
        <time>2023-10-07T10:39:27Z</time>
      </trkpt>
      <trkpt lat="45.59955" lon="24.73617">
        <ele>2502.98</ele>
        <time>2023-10-07T10:39:31Z</time>
      </trkpt>
      <trkpt lat="45.59955" lon="24.73617">
        <ele>2502.98</ele>
        <time>2023-10-07T10:39:57Z</time>
      </trkpt>
      <trkpt lat="45.59955" lon="24.73617">
        <ele>2502.98</ele>
        <time>2023-10-07T10:39:59Z</time>
      </trkpt>
      <trkpt lat="45.59955" lon="24.73617">
        <ele>2502.98</ele>
        <time>2023-10-07T10:40:01Z</time>
      </trkpt>
      <trkpt lat="45.59955" lon="24.73617">
        <ele>2502.98</ele>
        <time>2023-10-07T10:40:03Z</time>
      </trkpt>
      <trkpt lat="45.59955" lon="24.73617">
        <ele>2502.98</ele>
        <time>2023-10-07T10:40:11Z</time>
      </trkpt>
      <trkpt lat="45.59955" lon="24.73617">
        <ele>2502.98</ele>
        <time>2023-10-07T10:40:20Z</time>
      </trkpt>
      <trkpt lat="45.59955" lon="24.73617">
        <ele>2502.98</ele>
        <time>2023-10-07T10:40:24Z</time>
      </trkpt>
      <trkpt lat="45.59955" lon="24.73617">
        <ele>2502.98</ele>
        <time>2023-10-07T10:40:27Z</time>
      </trkpt>
      <trkpt lat="45.59955" lon="24.73617">
        <ele>2502.98</ele>
        <time>2023-10-07T10:40:48Z</time>
      </trkpt>
      <trkpt lat="45.59955" lon="24.73617">
        <ele>2502.98</ele>
        <time>2023-10-07T10:41:01Z</time>
      </trkpt>
      <trkpt lat="45.59955" lon="24.73617">
        <ele>2502.98</ele>
        <time>2023-10-07T10:41:09Z</time>
      </trkpt>
      <trkpt lat="45.59955" lon="24.73617">
        <ele>2502.98</ele>
        <time>2023-10-07T10:41:16Z</time>
      </trkpt>
      <trkpt lat="45.59955" lon="24.73617">
        <ele>2502.98</ele>
        <time>2023-10-07T10:41:29Z</time>
      </trkpt>
      <trkpt lat="45.59955" lon="24.73617">
        <ele>2502.98</ele>
        <time>2023-10-07T10:41:31Z</time>
      </trkpt>
      <trkpt lat="45.59955" lon="24.73617">
        <ele>2502.98</ele>
        <time>2023-10-07T10:41:41Z</time>
      </trkpt>
      <trkpt lat="45.59955" lon="24.73617">
        <ele>2502.98</ele>
        <time>2023-10-07T10:41:49Z</time>
      </trkpt>
      <trkpt lat="45.59955" lon="24.73617">
        <ele>2502.98</ele>
        <time>2023-10-07T10:41:51Z</time>
      </trkpt>
      <trkpt lat="45.59955" lon="24.73617">
        <ele>2502.98</ele>
        <time>2023-10-07T10:42:01Z</time>
      </trkpt>
      <trkpt lat="45.59955" lon="24.73617">
        <ele>2502.98</ele>
        <time>2023-10-07T10:42:09Z</time>
      </trkpt>
      <trkpt lat="45.59955" lon="24.73617">
        <ele>2502.98</ele>
        <time>2023-10-07T10:42:19Z</time>
      </trkpt>
      <trkpt lat="45.59954" lon="24.73617">
        <ele>2502.99</ele>
        <time>2023-10-07T10:42:37Z</time>
      </trkpt>
      <trkpt lat="45.59954" lon="24.73617">
        <ele>2502.99</ele>
        <time>2023-10-07T10:42:54Z</time>
      </trkpt>
      <trkpt lat="45.59954" lon="24.73617">
        <ele>2502.99</ele>
        <time>2023-10-07T10:43:00Z</time>
      </trkpt>
      <trkpt lat="45.59954" lon="24.73617">
        <ele>2502.99</ele>
        <time>2023-10-07T10:43:08Z</time>
      </trkpt>
      <trkpt lat="45.59954" lon="24.73617">
        <ele>2502.99</ele>
        <time>2023-10-07T10:43:15Z</time>
      </trkpt>
      <trkpt lat="45.59954" lon="24.73617">
        <ele>2502.99</ele>
        <time>2023-10-07T10:43:23Z</time>
      </trkpt>
      <trkpt lat="45.59954" lon="24.73617">
        <ele>2502.99</ele>
        <time>2023-10-07T10:43:27Z</time>
      </trkpt>
      <trkpt lat="45.59954" lon="24.73617">
        <ele>2502.99</ele>
        <time>2023-10-07T10:43:50Z</time>
      </trkpt>
      <trkpt lat="45.59954" lon="24.73617">
        <ele>2502.99</ele>
        <time>2023-10-07T10:43:59Z</time>
      </trkpt>
      <trkpt lat="45.59954" lon="24.73617">
        <ele>2502.99</ele>
        <time>2023-10-07T10:44:02Z</time>
      </trkpt>
      <trkpt lat="45.59954" lon="24.73618">
        <ele>2503.15</ele>
        <time>2023-10-07T10:44:30Z</time>
      </trkpt>
      <trkpt lat="45.59954" lon="24.73618">
        <ele>2503.15</ele>
        <time>2023-10-07T10:44:32Z</time>
      </trkpt>
      <trkpt lat="45.59954" lon="24.73618">
        <ele>2503.15</ele>
        <time>2023-10-07T10:44:51Z</time>
      </trkpt>
      <trkpt lat="45.59954" lon="24.73618">
        <ele>2503.15</ele>
        <time>2023-10-07T10:44:55Z</time>
      </trkpt>
      <trkpt lat="45.59954" lon="24.73618">
        <ele>2503.15</ele>
        <time>2023-10-07T10:44:59Z</time>
      </trkpt>
      <trkpt lat="45.59954" lon="24.73618">
        <ele>2503.15</ele>
        <time>2023-10-07T10:45:00Z</time>
      </trkpt>
      <trkpt lat="45.59954" lon="24.73618">
        <ele>2503.15</ele>
        <time>2023-10-07T10:45:06Z</time>
      </trkpt>
      <trkpt lat="45.59954" lon="24.73618">
        <ele>2503.15</ele>
        <time>2023-10-07T10:45:07Z</time>
      </trkpt>
      <trkpt lat="45.59954" lon="24.73618">
        <ele>2503.15</ele>
        <time>2023-10-07T10:45:17Z</time>
      </trkpt>
      <trkpt lat="45.59954" lon="24.73618">
        <ele>2503.15</ele>
        <time>2023-10-07T10:45:26Z</time>
      </trkpt>
      <trkpt lat="45.59954" lon="24.73618">
        <ele>2503.15</ele>
        <time>2023-10-07T10:45:45Z</time>
      </trkpt>
      <trkpt lat="45.59954" lon="24.73618">
        <ele>2503.15</ele>
        <time>2023-10-07T10:46:08Z</time>
      </trkpt>
      <trkpt lat="45.59954" lon="24.73618">
        <ele>2503.15</ele>
        <time>2023-10-07T10:46:31Z</time>
      </trkpt>
      <trkpt lat="45.59954" lon="24.73618">
        <ele>2503.15</ele>
        <time>2023-10-07T10:46:53Z</time>
      </trkpt>
      <trkpt lat="45.59954" lon="24.73618">
        <ele>2503.15</ele>
        <time>2023-10-07T10:46:59Z</time>
      </trkpt>
      <trkpt lat="45.59954" lon="24.73618">
        <ele>2503.15</ele>
        <time>2023-10-07T10:47:10Z</time>
      </trkpt>
      <trkpt lat="45.59954" lon="24.73618">
        <ele>2503.15</ele>
        <time>2023-10-07T10:47:19Z</time>
      </trkpt>
      <trkpt lat="45.59954" lon="24.73618">
        <ele>2503.15</ele>
        <time>2023-10-07T10:47:32Z</time>
      </trkpt>
      <trkpt lat="45.59954" lon="24.73618">
        <ele>2503.15</ele>
        <time>2023-10-07T10:47:37Z</time>
      </trkpt>
      <trkpt lat="45.59954" lon="24.73618">
        <ele>2503.15</ele>
        <time>2023-10-07T10:47:51Z</time>
      </trkpt>
      <trkpt lat="45.59954" lon="24.73618">
        <ele>2503.15</ele>
        <time>2023-10-07T10:48:03Z</time>
      </trkpt>
      <trkpt lat="45.59954" lon="24.73618">
        <ele>2503.15</ele>
        <time>2023-10-07T10:48:22Z</time>
      </trkpt>
      <trkpt lat="45.59954" lon="24.73618">
        <ele>2503.15</ele>
        <time>2023-10-07T10:48:24Z</time>
      </trkpt>
      <trkpt lat="45.59954" lon="24.73618">
        <ele>2503.15</ele>
        <time>2023-10-07T10:48:39Z</time>
      </trkpt>
      <trkpt lat="45.59954" lon="24.73618">
        <ele>2503.15</ele>
        <time>2023-10-07T10:48:41Z</time>
      </trkpt>
      <trkpt lat="45.59954" lon="24.73618">
        <ele>2503.15</ele>
        <time>2023-10-07T10:48:45Z</time>
      </trkpt>
      <trkpt lat="45.59954" lon="24.73618">
        <ele>2503.15</ele>
        <time>2023-10-07T10:48:58Z</time>
      </trkpt>
      <trkpt lat="45.59954" lon="24.73618">
        <ele>2503.15</ele>
        <time>2023-10-07T10:49:04Z</time>
      </trkpt>
      <trkpt lat="45.59954" lon="24.73618">
        <ele>2503.15</ele>
        <time>2023-10-07T10:49:06Z</time>
      </trkpt>
      <trkpt lat="45.59954" lon="24.73618">
        <ele>2503.15</ele>
        <time>2023-10-07T10:49:18Z</time>
      </trkpt>
      <trkpt lat="45.59954" lon="24.73618">
        <ele>2503.15</ele>
        <time>2023-10-07T10:49:24Z</time>
      </trkpt>
      <trkpt lat="45.59954" lon="24.73618">
        <ele>2503.15</ele>
        <time>2023-10-07T10:50:02Z</time>
      </trkpt>
      <trkpt lat="45.59954" lon="24.73618">
        <ele>2503.15</ele>
        <time>2023-10-07T10:50:12Z</time>
      </trkpt>
      <trkpt lat="45.59954" lon="24.73618">
        <ele>2503.15</ele>
        <time>2023-10-07T10:50:18Z</time>
      </trkpt>
      <trkpt lat="45.59954" lon="24.73618">
        <ele>2503.15</ele>
        <time>2023-10-07T10:50:32Z</time>
      </trkpt>
      <trkpt lat="45.59954" lon="24.73618">
        <ele>2503.15</ele>
        <time>2023-10-07T10:51:16Z</time>
      </trkpt>
      <trkpt lat="45.59954" lon="24.73618">
        <ele>2503.15</ele>
        <time>2023-10-07T10:51:55Z</time>
      </trkpt>
      <trkpt lat="45.59948" lon="24.73624">
        <ele>2504.26</ele>
        <time>2023-10-07T10:52:03Z</time>
      </trkpt>
      <trkpt lat="45.59942" lon="24.7363">
        <ele>2505.25</ele>
        <time>2023-10-07T10:52:06Z</time>
      </trkpt>
      <trkpt lat="45.59937" lon="24.73636">
        <ele>2505.6</ele>
        <time>2023-10-07T10:52:15Z</time>
      </trkpt>
      <trkpt lat="45.59936" lon="24.73637">
        <ele>2505.59</ele>
        <time>2023-10-07T10:52:18Z</time>
      </trkpt>
      <trkpt lat="45.59936" lon="24.73637">
        <ele>2505.59</ele>
        <time>2023-10-07T10:52:20Z</time>
      </trkpt>
      <trkpt lat="45.59935" lon="24.73637">
        <ele>2505.46</ele>
        <time>2023-10-07T10:52:23Z</time>
      </trkpt>
      <trkpt lat="45.59934" lon="24.73637">
        <ele>2505.33</ele>
        <time>2023-10-07T10:52:24Z</time>
      </trkpt>
      <trkpt lat="45.59933" lon="24.73639">
        <ele>2505.32</ele>
        <time>2023-10-07T10:52:33Z</time>
      </trkpt>
      <trkpt lat="45.59933" lon="24.73639">
        <ele>2505.32</ele>
        <time>2023-10-07T10:52:34Z</time>
      </trkpt>
      <trkpt lat="45.59933" lon="24.73639">
        <ele>2505.32</ele>
        <time>2023-10-07T10:52:35Z</time>
      </trkpt>
      <trkpt lat="45.59932" lon="24.73641">
        <ele>2504.57</ele>
        <time>2023-10-07T10:52:41Z</time>
      </trkpt>
      <trkpt lat="45.59931" lon="24.73641">
        <ele>2504.42</ele>
        <time>2023-10-07T10:52:59Z</time>
      </trkpt>
      <trkpt lat="45.59931" lon="24.73641">
        <ele>2504.42</ele>
        <time>2023-10-07T10:53:02Z</time>
      </trkpt>
      <trkpt lat="45.59928" lon="24.73645">
        <ele>2502.74</ele>
        <time>2023-10-07T10:53:10Z</time>
      </trkpt>
      <trkpt lat="45.59927" lon="24.73645">
        <ele>2502.59</ele>
        <time>2023-10-07T10:53:12Z</time>
      </trkpt>
      <trkpt lat="45.59926" lon="24.73647">
        <ele>2501.81</ele>
        <time>2023-10-07T10:53:21Z</time>
      </trkpt>
      <trkpt lat="45.59926" lon="24.73647">
        <ele>2501.81</ele>
        <time>2023-10-07T10:53:22Z</time>
      </trkpt>
      <trkpt lat="45.59926" lon="24.73647">
        <ele>2501.81</ele>
        <time>2023-10-07T10:53:23Z</time>
      </trkpt>
      <trkpt lat="45.59924" lon="24.73651">
        <ele>2500.25</ele>
        <time>2023-10-07T10:53:33Z</time>
      </trkpt>
      <trkpt lat="45.59922" lon="24.73651">
        <ele>2499.93</ele>
        <time>2023-10-07T10:53:35Z</time>
      </trkpt>
      <trkpt lat="45.59921" lon="24.73652">
        <ele>2499.45</ele>
        <time>2023-10-07T10:53:39Z</time>
      </trkpt>
      <trkpt lat="45.5992" lon="24.73653">
        <ele>2498.97</ele>
        <time>2023-10-07T10:53:43Z</time>
      </trkpt>
      <trkpt lat="45.5992" lon="24.73654">
        <ele>2498.65</ele>
        <time>2023-10-07T10:53:47Z</time>
      </trkpt>
      <trkpt lat="45.59914" lon="24.73658">
        <ele>2495.37</ele>
        <time>2023-10-07T10:54:04Z</time>
      </trkpt>
      <trkpt lat="45.59914" lon="24.73659">
        <ele>2494.99</ele>
        <time>2023-10-07T10:54:06Z</time>
      </trkpt>
      <trkpt lat="45.5991" lon="24.73663">
        <ele>2490.89</ele>
        <time>2023-10-07T10:54:15Z</time>
      </trkpt>
      <trkpt lat="45.5991" lon="24.73663">
        <ele>2490.89</ele>
        <time>2023-10-07T10:54:16Z</time>
      </trkpt>
      <trkpt lat="45.5991" lon="24.73663">
        <ele>2490.89</ele>
        <time>2023-10-07T10:54:18Z</time>
      </trkpt>
      <trkpt lat="45.5991" lon="24.73663">
        <ele>2490.89</ele>
        <time>2023-10-07T10:54:19Z</time>
      </trkpt>
      <trkpt lat="45.59909" lon="24.73664">
        <ele>2489.77</ele>
        <time>2023-10-07T10:54:21Z</time>
      </trkpt>
      <trkpt lat="45.59908" lon="24.73664">
        <ele>2489.1</ele>
        <time>2023-10-07T10:54:23Z</time>
      </trkpt>
      <trkpt lat="45.59905" lon="24.73666">
        <ele>2485.98</ele>
        <time>2023-10-07T10:54:30Z</time>
      </trkpt>
      <trkpt lat="45.59904" lon="24.73667">
        <ele>2484.68</ele>
        <time>2023-10-07T10:54:32Z</time>
      </trkpt>
      <trkpt lat="45.59904" lon="24.73667">
        <ele>2484.68</ele>
        <time>2023-10-07T10:54:35Z</time>
      </trkpt>
      <trkpt lat="45.599" lon="24.73668">
        <ele>2481.26</ele>
        <time>2023-10-07T10:54:45Z</time>
      </trkpt>
      <trkpt lat="45.599" lon="24.73668">
        <ele>2481.26</ele>
        <time>2023-10-07T10:54:46Z</time>
      </trkpt>
      <trkpt lat="45.59898" lon="24.73668">
        <ele>2479.86</ele>
        <time>2023-10-07T10:54:53Z</time>
      </trkpt>
      <trkpt lat="45.59898" lon="24.73667">
        <ele>2480.38</ele>
        <time>2023-10-07T10:54:54Z</time>
      </trkpt>
      <trkpt lat="45.59898" lon="24.73667">
        <ele>2480.38</ele>
        <time>2023-10-07T10:54:59Z</time>
      </trkpt>
      <trkpt lat="45.59897" lon="24.73667">
        <ele>2479.67</ele>
        <time>2023-10-07T10:55:00Z</time>
      </trkpt>
      <trkpt lat="45.59897" lon="24.73667">
        <ele>2479.67</ele>
        <time>2023-10-07T10:55:04Z</time>
      </trkpt>
      <trkpt lat="45.59897" lon="24.73667">
        <ele>2479.67</ele>
        <time>2023-10-07T10:55:09Z</time>
      </trkpt>
      <trkpt lat="45.59895" lon="24.73667">
        <ele>2478.24</ele>
        <time>2023-10-07T10:55:18Z</time>
      </trkpt>
      <trkpt lat="45.59894" lon="24.73667">
        <ele>2477.52</ele>
        <time>2023-10-07T10:55:23Z</time>
      </trkpt>
      <trkpt lat="45.59893" lon="24.73667">
        <ele>2476.81</ele>
        <time>2023-10-07T10:55:28Z</time>
      </trkpt>
      <trkpt lat="45.59891" lon="24.73669">
        <ele>2474.53</ele>
        <time>2023-10-07T10:55:38Z</time>
      </trkpt>
      <trkpt lat="45.59888" lon="24.73669">
        <ele>2472.8</ele>
        <time>2023-10-07T10:55:52Z</time>
      </trkpt>
      <trkpt lat="45.59888" lon="24.73669">
        <ele>2472.8</ele>
        <time>2023-10-07T10:55:56Z</time>
      </trkpt>
      <trkpt lat="45.59888" lon="24.73669">
        <ele>2472.8</ele>
        <time>2023-10-07T10:55:58Z</time>
      </trkpt>
      <trkpt lat="45.59888" lon="24.73669">
        <ele>2472.8</ele>
        <time>2023-10-07T10:56:01Z</time>
      </trkpt>
      <trkpt lat="45.59888" lon="24.73668">
        <ele>2473.19</ele>
        <time>2023-10-07T10:56:17Z</time>
      </trkpt>
      <trkpt lat="45.59888" lon="24.73668">
        <ele>2473.19</ele>
        <time>2023-10-07T10:56:19Z</time>
      </trkpt>
      <trkpt lat="45.59888" lon="24.73668">
        <ele>2473.19</ele>
        <time>2023-10-07T10:56:36Z</time>
      </trkpt>
      <trkpt lat="45.59888" lon="24.73668">
        <ele>2473.19</ele>
        <time>2023-10-07T10:56:39Z</time>
      </trkpt>
      <trkpt lat="45.59881" lon="24.73673">
        <ele>2469.26</ele>
        <time>2023-10-07T10:56:49Z</time>
      </trkpt>
      <trkpt lat="45.59876" lon="24.7368">
        <ele>2465.66</ele>
        <time>2023-10-07T10:56:57Z</time>
      </trkpt>
      <trkpt lat="45.59875" lon="24.7368">
        <ele>2465.42</ele>
        <time>2023-10-07T10:57:00Z</time>
      </trkpt>
      <trkpt lat="45.59872" lon="24.73681">
        <ele>2464.42</ele>
        <time>2023-10-07T10:57:05Z</time>
      </trkpt>
      <trkpt lat="45.59872" lon="24.73681">
        <ele>2464.42</ele>
        <time>2023-10-07T10:57:06Z</time>
      </trkpt>
      <trkpt lat="45.59871" lon="24.73683">
        <ele>2463.63</ele>
        <time>2023-10-07T10:57:13Z</time>
      </trkpt>
      <trkpt lat="45.59869" lon="24.73684">
        <ele>2462.93</ele>
        <time>2023-10-07T10:57:15Z</time>
      </trkpt>
      <trkpt lat="45.59866" lon="24.73687">
        <ele>2461.55</ele>
        <time>2023-10-07T10:57:21Z</time>
      </trkpt>
      <trkpt lat="45.59864" lon="24.73689">
        <ele>2460.69</ele>
        <time>2023-10-07T10:57:26Z</time>
      </trkpt>
      <trkpt lat="45.59862" lon="24.7369">
        <ele>2460.11</ele>
        <time>2023-10-07T10:57:29Z</time>
      </trkpt>
      <trkpt lat="45.59862" lon="24.7369">
        <ele>2460.11</ele>
        <time>2023-10-07T10:57:30Z</time>
      </trkpt>
      <trkpt lat="45.5986" lon="24.73692">
        <ele>2459.07</ele>
        <time>2023-10-07T10:57:33Z</time>
      </trkpt>
      <trkpt lat="45.59858" lon="24.73693">
        <ele>2458.05</ele>
        <time>2023-10-07T10:57:39Z</time>
      </trkpt>
      <trkpt lat="45.59855" lon="24.73694">
        <ele>2456.66</ele>
        <time>2023-10-07T10:57:45Z</time>
      </trkpt>
      <trkpt lat="45.59855" lon="24.73694">
        <ele>2456.66</ele>
        <time>2023-10-07T10:57:51Z</time>
      </trkpt>
      <trkpt lat="45.59854" lon="24.73695">
        <ele>2456.12</ele>
        <time>2023-10-07T10:57:54Z</time>
      </trkpt>
      <trkpt lat="45.59852" lon="24.73696">
        <ele>2455.24</ele>
        <time>2023-10-07T10:57:59Z</time>
      </trkpt>
      <trkpt lat="45.59852" lon="24.73697">
        <ele>2455.14</ele>
        <time>2023-10-07T10:58:01Z</time>
      </trkpt>
      <trkpt lat="45.59848" lon="24.73698">
        <ele>2453.54</ele>
        <time>2023-10-07T10:58:09Z</time>
      </trkpt>
      <trkpt lat="45.59847" lon="24.73699">
        <ele>2453.09</ele>
        <time>2023-10-07T10:58:12Z</time>
      </trkpt>
      <trkpt lat="45.59847" lon="24.73699">
        <ele>2453.09</ele>
        <time>2023-10-07T10:58:15Z</time>
      </trkpt>
      <trkpt lat="45.59846" lon="24.737">
        <ele>2452.65</ele>
        <time>2023-10-07T10:58:22Z</time>
      </trkpt>
      <trkpt lat="45.59844" lon="24.73701">
        <ele>2451.86</ele>
        <time>2023-10-07T10:58:27Z</time>
      </trkpt>
      <trkpt lat="45.59844" lon="24.73701">
        <ele>2451.86</ele>
        <time>2023-10-07T10:58:46Z</time>
      </trkpt>
      <trkpt lat="45.59844" lon="24.73701">
        <ele>2451.86</ele>
        <time>2023-10-07T10:58:51Z</time>
      </trkpt>
      <trkpt lat="45.59839" lon="24.73705">
        <ele>2449.93</ele>
        <time>2023-10-07T10:59:03Z</time>
      </trkpt>
      <trkpt lat="45.59835" lon="24.73707">
        <ele>2448.55</ele>
        <time>2023-10-07T10:59:12Z</time>
      </trkpt>
      <trkpt lat="45.59833" lon="24.73708">
        <ele>2447.87</ele>
        <time>2023-10-07T10:59:18Z</time>
      </trkpt>
      <trkpt lat="45.59832" lon="24.73709">
        <ele>2447.5</ele>
        <time>2023-10-07T10:59:19Z</time>
      </trkpt>
      <trkpt lat="45.59832" lon="24.73709">
        <ele>2447.5</ele>
        <time>2023-10-07T10:59:20Z</time>
      </trkpt>
      <trkpt lat="45.59831" lon="24.73709">
        <ele>2447.12</ele>
        <time>2023-10-07T10:59:22Z</time>
      </trkpt>
      <trkpt lat="45.5983" lon="24.7371">
        <ele>2446.75</ele>
        <time>2023-10-07T10:59:25Z</time>
      </trkpt>
      <trkpt lat="45.59828" lon="24.7371">
        <ele>2446.0</ele>
        <time>2023-10-07T10:59:28Z</time>
      </trkpt>
      <trkpt lat="45.59828" lon="24.7371">
        <ele>2446.0</ele>
        <time>2023-10-07T10:59:29Z</time>
      </trkpt>
      <trkpt lat="45.59827" lon="24.7371">
        <ele>2445.62</ele>
        <time>2023-10-07T10:59:30Z</time>
      </trkpt>
      <trkpt lat="45.59827" lon="24.7371">
        <ele>2445.62</ele>
        <time>2023-10-07T10:59:31Z</time>
      </trkpt>
      <trkpt lat="45.59826" lon="24.73711">
        <ele>2445.25</ele>
        <time>2023-10-07T10:59:34Z</time>
      </trkpt>
      <trkpt lat="45.59825" lon="24.73711">
        <ele>2444.88</ele>
        <time>2023-10-07T10:59:36Z</time>
      </trkpt>
      <trkpt lat="45.59822" lon="24.73715">
        <ele>2443.81</ele>
        <time>2023-10-07T10:59:44Z</time>
      </trkpt>
      <trkpt lat="45.59821" lon="24.73715">
        <ele>2443.44</ele>
        <time>2023-10-07T10:59:46Z</time>
      </trkpt>
      <trkpt lat="45.59818" lon="24.73717">
        <ele>2442.38</ele>
        <time>2023-10-07T10:59:53Z</time>
      </trkpt>
      <trkpt lat="45.59817" lon="24.73717">
        <ele>2442.01</ele>
        <time>2023-10-07T10:59:57Z</time>
      </trkpt>
      <trkpt lat="45.59817" lon="24.73717">
        <ele>2442.01</ele>
        <time>2023-10-07T10:59:58Z</time>
      </trkpt>
      <trkpt lat="45.59816" lon="24.73718">
        <ele>2441.67</ele>
        <time>2023-10-07T11:00:05Z</time>
      </trkpt>
      <trkpt lat="45.59815" lon="24.73718">
        <ele>2441.3</ele>
        <time>2023-10-07T11:00:12Z</time>
      </trkpt>
      <trkpt lat="45.59809" lon="24.7372">
        <ele>2439.17</ele>
        <time>2023-10-07T11:00:30Z</time>
      </trkpt>
      <trkpt lat="45.59809" lon="24.7372">
        <ele>2439.17</ele>
        <time>2023-10-07T11:00:35Z</time>
      </trkpt>
      <trkpt lat="45.59809" lon="24.7372">
        <ele>2439.17</ele>
        <time>2023-10-07T11:00:39Z</time>
      </trkpt>
      <trkpt lat="45.59809" lon="24.7372">
        <ele>2439.17</ele>
        <time>2023-10-07T11:00:40Z</time>
      </trkpt>
      <trkpt lat="45.59808" lon="24.73719">
        <ele>2438.77</ele>
        <time>2023-10-07T11:00:43Z</time>
      </trkpt>
      <trkpt lat="45.59807" lon="24.73716">
        <ele>2438.31</ele>
        <time>2023-10-07T11:00:54Z</time>
      </trkpt>
      <trkpt lat="45.59807" lon="24.73715">
        <ele>2438.27</ele>
        <time>2023-10-07T11:00:55Z</time>
      </trkpt>
      <trkpt lat="45.59806" lon="24.73715">
        <ele>2437.9</ele>
        <time>2023-10-07T11:00:59Z</time>
      </trkpt>
      <trkpt lat="45.59806" lon="24.73715">
        <ele>2437.9</ele>
        <time>2023-10-07T11:01:04Z</time>
      </trkpt>
      <trkpt lat="45.59806" lon="24.73715">
        <ele>2437.9</ele>
        <time>2023-10-07T11:01:06Z</time>
      </trkpt>
      <trkpt lat="45.59805" lon="24.73715">
        <ele>2437.5</ele>
        <time>2023-10-07T11:01:08Z</time>
      </trkpt>
      <trkpt lat="45.59805" lon="24.73715">
        <ele>2437.5</ele>
        <time>2023-10-07T11:01:10Z</time>
      </trkpt>
      <trkpt lat="45.59804" lon="24.73715">
        <ele>2437.07</ele>
        <time>2023-10-07T11:01:13Z</time>
      </trkpt>
      <trkpt lat="45.59804" lon="24.73715">
        <ele>2437.07</ele>
        <time>2023-10-07T11:01:14Z</time>
      </trkpt>
      <trkpt lat="45.59803" lon="24.73715">
        <ele>2436.64</ele>
        <time>2023-10-07T11:01:15Z</time>
      </trkpt>
      <trkpt lat="45.59803" lon="24.73715">
        <ele>2436.64</ele>
        <time>2023-10-07T11:01:17Z</time>
      </trkpt>
      <trkpt lat="45.59801" lon="24.73716">
        <ele>2435.79</ele>
        <time>2023-10-07T11:01:22Z</time>
      </trkpt>
      <trkpt lat="45.59799" lon="24.73716">
        <ele>2434.92</ele>
        <time>2023-10-07T11:01:27Z</time>
      </trkpt>
      <trkpt lat="45.59797" lon="24.73716">
        <ele>2434.05</ele>
        <time>2023-10-07T11:01:32Z</time>
      </trkpt>
      <trkpt lat="45.59796" lon="24.73717">
        <ele>2433.6</ele>
        <time>2023-10-07T11:01:33Z</time>
      </trkpt>
      <trkpt lat="45.59793" lon="24.73719">
        <ele>2432.22</ele>
        <time>2023-10-07T11:01:35Z</time>
      </trkpt>
      <trkpt lat="45.59792" lon="24.7372">
        <ele>2431.73</ele>
        <time>2023-10-07T11:01:36Z</time>
      </trkpt>
      <trkpt lat="45.59789" lon="24.73721">
        <ele>2430.31</ele>
        <time>2023-10-07T11:01:38Z</time>
      </trkpt>
      <trkpt lat="45.59785" lon="24.73725">
        <ele>2427.66</ele>
        <time>2023-10-07T11:01:41Z</time>
      </trkpt>
      <trkpt lat="45.59784" lon="24.73724">
        <ele>2427.44</ele>
        <time>2023-10-07T11:01:44Z</time>
      </trkpt>
      <trkpt lat="45.59783" lon="24.73722">
        <ele>2427.46</ele>
        <time>2023-10-07T11:01:47Z</time>
      </trkpt>
      <trkpt lat="45.59782" lon="24.73722">
        <ele>2427.0</ele>
        <time>2023-10-07T11:01:49Z</time>
      </trkpt>
      <trkpt lat="45.59782" lon="24.73721">
        <ele>2427.08</ele>
        <time>2023-10-07T11:01:55Z</time>
      </trkpt>
      <trkpt lat="45.59781" lon="24.7372">
        <ele>2426.71</ele>
        <time>2023-10-07T11:02:03Z</time>
      </trkpt>
      <trkpt lat="45.59781" lon="24.73719">
        <ele>2426.8</ele>
        <time>2023-10-07T11:02:04Z</time>
      </trkpt>
      <trkpt lat="45.5978" lon="24.73719">
        <ele>2426.35</ele>
        <time>2023-10-07T11:02:10Z</time>
      </trkpt>
      <trkpt lat="45.59779" lon="24.73719">
        <ele>2425.9</ele>
        <time>2023-10-07T11:02:11Z</time>
      </trkpt>
      <trkpt lat="45.59779" lon="24.73719">
        <ele>2425.9</ele>
        <time>2023-10-07T11:02:12Z</time>
      </trkpt>
      <trkpt lat="45.59778" lon="24.7372">
        <ele>2425.34</ele>
        <time>2023-10-07T11:02:15Z</time>
      </trkpt>
      <trkpt lat="45.59778" lon="24.7372">
        <ele>2425.34</ele>
        <time>2023-10-07T11:02:17Z</time>
      </trkpt>
      <trkpt lat="45.59777" lon="24.73722">
        <ele>2424.13</ele>
        <time>2023-10-07T11:02:41Z</time>
      </trkpt>
      <trkpt lat="45.59775" lon="24.73724">
        <ele>2421.26</ele>
        <time>2023-10-07T11:02:47Z</time>
      </trkpt>
      <trkpt lat="45.59775" lon="24.73724">
        <ele>2421.26</ele>
        <time>2023-10-07T11:02:52Z</time>
      </trkpt>
      <trkpt lat="45.59773" lon="24.73726">
        <ele>2418.39</ele>
        <time>2023-10-07T11:02:56Z</time>
      </trkpt>
      <trkpt lat="45.59773" lon="24.73726">
        <ele>2418.39</ele>
        <time>2023-10-07T11:02:57Z</time>
      </trkpt>
      <trkpt lat="45.59772" lon="24.73726">
        <ele>2417.26</ele>
        <time>2023-10-07T11:02:58Z</time>
      </trkpt>
      <trkpt lat="45.59771" lon="24.73727">
        <ele>2415.85</ele>
        <time>2023-10-07T11:03:01Z</time>
      </trkpt>
      <trkpt lat="45.59767" lon="24.73729">
        <ele>2410.86</ele>
        <time>2023-10-07T11:03:08Z</time>
      </trkpt>
      <trkpt lat="45.59765" lon="24.73731">
        <ele>2408.16</ele>
        <time>2023-10-07T11:03:13Z</time>
      </trkpt>
      <trkpt lat="45.59761" lon="24.73734">
        <ele>2403.14</ele>
        <time>2023-10-07T11:03:24Z</time>
      </trkpt>
      <trkpt lat="45.5976" lon="24.73735">
        <ele>2401.85</ele>
        <time>2023-10-07T11:03:27Z</time>
      </trkpt>
      <trkpt lat="45.59754" lon="24.73738">
        <ele>2394.93</ele>
        <time>2023-10-07T11:03:36Z</time>
      </trkpt>
      <trkpt lat="45.59752" lon="24.73738">
        <ele>2392.83</ele>
        <time>2023-10-07T11:03:38Z</time>
      </trkpt>
      <trkpt lat="45.59751" lon="24.73739">
        <ele>2391.63</ele>
        <time>2023-10-07T11:03:39Z</time>
      </trkpt>
      <trkpt lat="45.59746" lon="24.73742">
        <ele>2388.34</ele>
        <time>2023-10-07T11:03:43Z</time>
      </trkpt>
      <trkpt lat="45.59744" lon="24.73743">
        <ele>2387.31</ele>
        <time>2023-10-07T11:03:49Z</time>
      </trkpt>
      <trkpt lat="45.59743" lon="24.73744">
        <ele>2386.73</ele>
        <time>2023-10-07T11:03:50Z</time>
      </trkpt>
      <trkpt lat="45.59738" lon="24.73746">
        <ele>2384.27</ele>
        <time>2023-10-07T11:03:56Z</time>
      </trkpt>
      <trkpt lat="45.59738" lon="24.73746">
        <ele>2384.27</ele>
        <time>2023-10-07T11:03:57Z</time>
      </trkpt>
      <trkpt lat="45.59735" lon="24.73749">
        <ele>2382.63</ele>
        <time>2023-10-07T11:04:02Z</time>
      </trkpt>
      <trkpt lat="45.5973" lon="24.73753">
        <ele>2380.3</ele>
        <time>2023-10-07T11:04:09Z</time>
      </trkpt>
      <trkpt lat="45.59729" lon="24.73753">
        <ele>2379.91</ele>
        <time>2023-10-07T11:04:11Z</time>
      </trkpt>
      <trkpt lat="45.59727" lon="24.73754">
        <ele>2379.13</ele>
        <time>2023-10-07T11:04:13Z</time>
      </trkpt>
      <trkpt lat="45.59725" lon="24.73754">
        <ele>2378.36</ele>
        <time>2023-10-07T11:04:16Z</time>
      </trkpt>
      <trkpt lat="45.59725" lon="24.73754">
        <ele>2378.36</ele>
        <time>2023-10-07T11:04:17Z</time>
      </trkpt>
      <trkpt lat="45.59724" lon="24.73755">
        <ele>2378.02</ele>
        <time>2023-10-07T11:04:19Z</time>
      </trkpt>
      <trkpt lat="45.59723" lon="24.73756">
        <ele>2377.71</ele>
        <time>2023-10-07T11:04:20Z</time>
      </trkpt>
      <trkpt lat="45.59721" lon="24.73757">
        <ele>2377.58</ele>
        <time>2023-10-07T11:04:24Z</time>
      </trkpt>
      <trkpt lat="45.5972" lon="24.73758">
        <ele>2377.71</ele>
        <time>2023-10-07T11:04:26Z</time>
      </trkpt>
      <trkpt lat="45.59716" lon="24.73761">
        <ele>2378.15</ele>
        <time>2023-10-07T11:04:34Z</time>
      </trkpt>
      <trkpt lat="45.59716" lon="24.73761">
        <ele>2378.15</ele>
        <time>2023-10-07T11:04:37Z</time>
      </trkpt>
      <trkpt lat="45.59713" lon="24.73763">
        <ele>2378.44</ele>
        <time>2023-10-07T11:04:45Z</time>
      </trkpt>
      <trkpt lat="45.59712" lon="24.73764">
        <ele>2378.56</ele>
        <time>2023-10-07T11:04:47Z</time>
      </trkpt>
      <trkpt lat="45.59712" lon="24.73765">
        <ele>2378.62</ele>
        <time>2023-10-07T11:04:48Z</time>
      </trkpt>
      <trkpt lat="45.5971" lon="24.73766">
        <ele>2378.78</ele>
        <time>2023-10-07T11:04:50Z</time>
      </trkpt>
      <trkpt lat="45.5971" lon="24.73767">
        <ele>2378.83</ele>
        <time>2023-10-07T11:04:51Z</time>
      </trkpt>
      <trkpt lat="45.59708" lon="24.73769">
        <ele>2379.04</ele>
        <time>2023-10-07T11:04:54Z</time>
      </trkpt>
      <trkpt lat="45.59702" lon="24.73774">
        <ele>2379.56</ele>
        <time>2023-10-07T11:05:01Z</time>
      </trkpt>
      <trkpt lat="45.59697" lon="24.73778">
        <ele>2379.88</ele>
        <time>2023-10-07T11:05:07Z</time>
      </trkpt>
      <trkpt lat="45.59691" lon="24.73783">
        <ele>2380.24</ele>
        <time>2023-10-07T11:05:17Z</time>
      </trkpt>
      <trkpt lat="45.5969" lon="24.73785">
        <ele>2380.24</ele>
        <time>2023-10-07T11:05:21Z</time>
      </trkpt>
      <trkpt lat="45.59688" lon="24.73786">
        <ele>2380.67</ele>
        <time>2023-10-07T11:05:23Z</time>
      </trkpt>
      <trkpt lat="45.59687" lon="24.73788">
        <ele>2380.67</ele>
        <time>2023-10-07T11:05:30Z</time>
      </trkpt>
      <trkpt lat="45.59687" lon="24.73788">
        <ele>2380.67</ele>
        <time>2023-10-07T11:05:36Z</time>
      </trkpt>
      <trkpt lat="45.59683" lon="24.73794">
        <ele>2380.96</ele>
        <time>2023-10-07T11:05:50Z</time>
      </trkpt>
      <trkpt lat="45.59678" lon="24.73802">
        <ele>2381.25</ele>
        <time>2023-10-07T11:05:55Z</time>
      </trkpt>
      <trkpt lat="45.59676" lon="24.73804">
        <ele>2381.54</ele>
        <time>2023-10-07T11:05:57Z</time>
      </trkpt>
      <trkpt lat="45.59673" lon="24.73806">
        <ele>2382.14</ele>
        <time>2023-10-07T11:06:00Z</time>
      </trkpt>
      <trkpt lat="45.59667" lon="24.73811">
        <ele>2383.51</ele>
        <time>2023-10-07T11:06:08Z</time>
      </trkpt>
      <trkpt lat="45.59666" lon="24.73812">
        <ele>2383.82</ele>
        <time>2023-10-07T11:06:09Z</time>
      </trkpt>
      <trkpt lat="45.59663" lon="24.73817">
        <ele>2384.85</ele>
        <time>2023-10-07T11:06:14Z</time>
      </trkpt>
      <trkpt lat="45.59663" lon="24.73818">
        <ele>2384.79</ele>
        <time>2023-10-07T11:06:15Z</time>
      </trkpt>
      <trkpt lat="45.5966" lon="24.73821">
        <ele>2386.06</ele>
        <time>2023-10-07T11:06:18Z</time>
      </trkpt>
      <trkpt lat="45.59656" lon="24.73824">
        <ele>2387.92</ele>
        <time>2023-10-07T11:06:22Z</time>
      </trkpt>
      <trkpt lat="45.59654" lon="24.73826">
        <ele>2388.89</ele>
        <time>2023-10-07T11:06:26Z</time>
      </trkpt>
      <trkpt lat="45.59654" lon="24.73826">
        <ele>2388.89</ele>
        <time>2023-10-07T11:06:27Z</time>
      </trkpt>
      <trkpt lat="45.59654" lon="24.73826">
        <ele>2388.89</ele>
        <time>2023-10-07T11:06:28Z</time>
      </trkpt>
      <trkpt lat="45.59653" lon="24.73827">
        <ele>2389.39</ele>
        <time>2023-10-07T11:06:34Z</time>
      </trkpt>
      <trkpt lat="45.59652" lon="24.73828">
        <ele>2389.9</ele>
        <time>2023-10-07T11:06:36Z</time>
      </trkpt>
      <trkpt lat="45.59648" lon="24.73832">
        <ele>2392.05</ele>
        <time>2023-10-07T11:06:41Z</time>
      </trkpt>
      <trkpt lat="45.59647" lon="24.73833">
        <ele>2392.61</ele>
        <time>2023-10-07T11:06:43Z</time>
      </trkpt>
      <trkpt lat="45.59644" lon="24.73835">
        <ele>2394.35</ele>
        <time>2023-10-07T11:06:47Z</time>
      </trkpt>
      <trkpt lat="45.59644" lon="24.73835">
        <ele>2394.35</ele>
        <time>2023-10-07T11:06:48Z</time>
      </trkpt>
      <trkpt lat="45.59643" lon="24.73837">
        <ele>2395.06</ele>
        <time>2023-10-07T11:06:53Z</time>
      </trkpt>
      <trkpt lat="45.59643" lon="24.73837">
        <ele>2395.06</ele>
        <time>2023-10-07T11:06:54Z</time>
      </trkpt>
      <trkpt lat="45.59642" lon="24.73839">
        <ele>2395.79</ele>
        <time>2023-10-07T11:06:56Z</time>
      </trkpt>
      <trkpt lat="45.59639" lon="24.73844">
        <ele>2398.08</ele>
        <time>2023-10-07T11:07:02Z</time>
      </trkpt>
      <trkpt lat="45.59638" lon="24.73845">
        <ele>2398.27</ele>
        <time>2023-10-07T11:07:03Z</time>
      </trkpt>
      <trkpt lat="45.59637" lon="24.73846">
        <ele>2398.4</ele>
        <time>2023-10-07T11:07:05Z</time>
      </trkpt>
      <trkpt lat="45.59629" lon="24.73859">
        <ele>2400.1</ele>
        <time>2023-10-07T11:07:17Z</time>
      </trkpt>
      <trkpt lat="45.59629" lon="24.7386">
        <ele>2400.22</ele>
        <time>2023-10-07T11:07:18Z</time>
      </trkpt>
      <trkpt lat="45.59625" lon="24.73865">
        <ele>2400.5</ele>
        <time>2023-10-07T11:07:23Z</time>
      </trkpt>
      <trkpt lat="45.5962" lon="24.73871">
        <ele>2400.81</ele>
        <time>2023-10-07T11:07:29Z</time>
      </trkpt>
      <trkpt lat="45.59613" lon="24.73884">
        <ele>2401.64</ele>
        <time>2023-10-07T11:07:39Z</time>
      </trkpt>
      <trkpt lat="45.59612" lon="24.73886">
        <ele>2401.81</ele>
        <time>2023-10-07T11:07:41Z</time>
      </trkpt>
      <trkpt lat="45.59611" lon="24.73887">
        <ele>2401.94</ele>
        <time>2023-10-07T11:07:42Z</time>
      </trkpt>
      <trkpt lat="45.59604" lon="24.73897">
        <ele>2404.08</ele>
        <time>2023-10-07T11:07:52Z</time>
      </trkpt>
      <trkpt lat="45.59601" lon="24.73902">
        <ele>2405.11</ele>
        <time>2023-10-07T11:07:57Z</time>
      </trkpt>
      <trkpt lat="45.59598" lon="24.73906">
        <ele>2405.91</ele>
        <time>2023-10-07T11:08:01Z</time>
      </trkpt>
      <trkpt lat="45.59597" lon="24.73907">
        <ele>2406.12</ele>
        <time>2023-10-07T11:08:02Z</time>
      </trkpt>
      <trkpt lat="45.59596" lon="24.7391">
        <ele>2406.61</ele>
        <time>2023-10-07T11:08:04Z</time>
      </trkpt>
      <trkpt lat="45.59594" lon="24.73913">
        <ele>2407.12</ele>
        <time>2023-10-07T11:08:07Z</time>
      </trkpt>
      <trkpt lat="45.59592" lon="24.73917">
        <ele>2407.7</ele>
        <time>2023-10-07T11:08:10Z</time>
      </trkpt>
      <trkpt lat="45.59589" lon="24.73922">
        <ele>2408.17</ele>
        <time>2023-10-07T11:08:15Z</time>
      </trkpt>
      <trkpt lat="45.59588" lon="24.73924">
        <ele>2408.44</ele>
        <time>2023-10-07T11:08:17Z</time>
      </trkpt>
      <trkpt lat="45.59584" lon="24.73933">
        <ele>2410.19</ele>
        <time>2023-10-07T11:08:24Z</time>
      </trkpt>
      <trkpt lat="45.59582" lon="24.73935">
        <ele>2410.61</ele>
        <time>2023-10-07T11:08:26Z</time>
      </trkpt>
      <trkpt lat="45.59579" lon="24.73939">
        <ele>2411.09</ele>
        <time>2023-10-07T11:08:31Z</time>
      </trkpt>
      <trkpt lat="45.59578" lon="24.73941">
        <ele>2411.34</ele>
        <time>2023-10-07T11:08:35Z</time>
      </trkpt>
      <trkpt lat="45.59575" lon="24.73945">
        <ele>2411.76</ele>
        <time>2023-10-07T11:08:40Z</time>
      </trkpt>
      <trkpt lat="45.59574" lon="24.73947">
        <ele>2411.94</ele>
        <time>2023-10-07T11:08:42Z</time>
      </trkpt>
    </trkseg>
    <trkseg>
      <trkpt lat="45.59573" lon="24.73947">
        <ele>2411.9</ele>
        <time>2023-10-07T11:08:43Z</time>
      </trkpt>
      <trkpt lat="45.5957" lon="24.73952">
        <ele>2412.34</ele>
        <time>2023-10-07T11:08:48Z</time>
      </trkpt>
      <trkpt lat="45.59564" lon="24.73962">
        <ele>2413.2</ele>
        <time>2023-10-07T11:08:56Z</time>
      </trkpt>
      <trkpt lat="45.59564" lon="24.73964">
        <ele>2413.42</ele>
        <time>2023-10-07T11:08:57Z</time>
      </trkpt>
      <trkpt lat="45.59563" lon="24.73966">
        <ele>2413.6</ele>
        <time>2023-10-07T11:08:59Z</time>
      </trkpt>
      <trkpt lat="45.59561" lon="24.73969">
        <ele>2413.85</ele>
        <time>2023-10-07T11:09:01Z</time>
      </trkpt>
      <trkpt lat="45.59558" lon="24.73972">
        <ele>2414.06</ele>
        <time>2023-10-07T11:09:04Z</time>
      </trkpt>
      <trkpt lat="45.59558" lon="24.73973">
        <ele>2414.17</ele>
        <time>2023-10-07T11:09:05Z</time>
      </trkpt>
      <trkpt lat="45.59556" lon="24.73977">
        <ele>2414.67</ele>
        <time>2023-10-07T11:09:08Z</time>
      </trkpt>
      <trkpt lat="45.59554" lon="24.7398">
        <ele>2415.06</ele>
        <time>2023-10-07T11:09:11Z</time>
      </trkpt>
      <trkpt lat="45.59552" lon="24.73982">
        <ele>2415.28</ele>
        <time>2023-10-07T11:09:13Z</time>
      </trkpt>
      <trkpt lat="45.59548" lon="24.73987">
        <ele>2415.86</ele>
        <time>2023-10-07T11:09:18Z</time>
      </trkpt>
      <trkpt lat="45.59548" lon="24.73988">
        <ele>2416.0</ele>
        <time>2023-10-07T11:09:19Z</time>
      </trkpt>
      <trkpt lat="45.59544" lon="24.73993">
        <ele>2416.58</ele>
        <time>2023-10-07T11:09:24Z</time>
      </trkpt>
      <trkpt lat="45.59543" lon="24.73995">
        <ele>2416.83</ele>
        <time>2023-10-07T11:09:26Z</time>
      </trkpt>
      <trkpt lat="45.59542" lon="24.73996">
        <ele>2416.94</ele>
        <time>2023-10-07T11:09:27Z</time>
      </trkpt>
      <trkpt lat="45.59536" lon="24.74004">
        <ele>2417.43</ele>
        <time>2023-10-07T11:09:34Z</time>
      </trkpt>
      <trkpt lat="45.59534" lon="24.74008">
        <ele>2417.64</ele>
        <time>2023-10-07T11:09:38Z</time>
      </trkpt>
      <trkpt lat="45.59527" lon="24.74023">
        <ele>2419.55</ele>
        <time>2023-10-07T11:09:50Z</time>
      </trkpt>
      <trkpt lat="45.59526" lon="24.74026">
        <ele>2419.98</ele>
        <time>2023-10-07T11:09:53Z</time>
      </trkpt>
      <trkpt lat="45.59525" lon="24.74027">
        <ele>2420.2</ele>
        <time>2023-10-07T11:09:54Z</time>
      </trkpt>
      <trkpt lat="45.5952" lon="24.74038">
        <ele>2420.94</ele>
        <time>2023-10-07T11:10:03Z</time>
      </trkpt>
      <trkpt lat="45.59514" lon="24.74053">
        <ele>2421.94</ele>
        <time>2023-10-07T11:10:15Z</time>
      </trkpt>
      <trkpt lat="45.59513" lon="24.74055">
        <ele>2422.12</ele>
        <time>2023-10-07T11:10:18Z</time>
      </trkpt>
      <trkpt lat="45.59508" lon="24.74067">
        <ele>2422.67</ele>
        <time>2023-10-07T11:10:28Z</time>
      </trkpt>
      <trkpt lat="45.59501" lon="24.74082">
        <ele>2422.97</ele>
        <time>2023-10-07T11:10:39Z</time>
      </trkpt>
      <trkpt lat="45.59495" lon="24.74091">
        <ele>2421.57</ele>
        <time>2023-10-07T11:10:49Z</time>
      </trkpt>
      <trkpt lat="45.59494" lon="24.74095">
        <ele>2421.23</ele>
        <time>2023-10-07T11:10:53Z</time>
      </trkpt>
      <trkpt lat="45.59494" lon="24.74096">
        <ele>2421.19</ele>
        <time>2023-10-07T11:10:54Z</time>
      </trkpt>
      <trkpt lat="45.59492" lon="24.741">
        <ele>2420.76</ele>
        <time>2023-10-07T11:10:57Z</time>
      </trkpt>
      <trkpt lat="45.59492" lon="24.74101">
        <ele>2420.73</ele>
        <time>2023-10-07T11:10:58Z</time>
      </trkpt>
      <trkpt lat="45.59492" lon="24.74102">
        <ele>2420.7</ele>
        <time>2023-10-07T11:10:59Z</time>
      </trkpt>
      <trkpt lat="45.59491" lon="24.74104">
        <ele>2420.53</ele>
        <time>2023-10-07T11:11:00Z</time>
      </trkpt>
      <trkpt lat="45.59489" lon="24.74107">
        <ele>2420.27</ele>
        <time>2023-10-07T11:11:03Z</time>
      </trkpt>
      <trkpt lat="45.59488" lon="24.74109">
        <ele>2420.16</ele>
        <time>2023-10-07T11:11:04Z</time>
      </trkpt>
      <trkpt lat="45.59486" lon="24.74112">
        <ele>2419.99</ele>
        <time>2023-10-07T11:11:07Z</time>
      </trkpt>
      <trkpt lat="45.59483" lon="24.74115">
        <ele>2419.84</ele>
        <time>2023-10-07T11:11:11Z</time>
      </trkpt>
      <trkpt lat="45.59478" lon="24.74121">
        <ele>2419.83</ele>
        <time>2023-10-07T11:11:18Z</time>
      </trkpt>
      <trkpt lat="45.59477" lon="24.74122">
        <ele>2419.86</ele>
        <time>2023-10-07T11:11:20Z</time>
      </trkpt>
      <trkpt lat="45.59476" lon="24.74125">
        <ele>2420.0</ele>
        <time>2023-10-07T11:11:26Z</time>
      </trkpt>
      <trkpt lat="45.59475" lon="24.74126">
        <ele>2420.06</ele>
        <time>2023-10-07T11:11:31Z</time>
      </trkpt>
      <trkpt lat="45.59475" lon="24.74127">
        <ele>2420.12</ele>
        <time>2023-10-07T11:11:36Z</time>
      </trkpt>
      <trkpt lat="45.59474" lon="24.74129">
        <ele>2420.25</ele>
        <time>2023-10-07T11:11:40Z</time>
      </trkpt>
      <trkpt lat="45.59474" lon="24.74129">
        <ele>2420.25</ele>
        <time>2023-10-07T11:11:46Z</time>
      </trkpt>
      <trkpt lat="45.59473" lon="24.74129">
        <ele>2420.27</ele>
        <time>2023-10-07T11:12:00Z</time>
      </trkpt>
      <trkpt lat="45.59472" lon="24.74135">
        <ele>2420.74</ele>
        <time>2023-10-07T11:12:04Z</time>
      </trkpt>
      <trkpt lat="45.5947" lon="24.7414">
        <ele>2421.12</ele>
        <time>2023-10-07T11:12:06Z</time>
      </trkpt>
      <trkpt lat="45.59465" lon="24.74157">
        <ele>2419.99</ele>
        <time>2023-10-07T11:12:15Z</time>
      </trkpt>
      <trkpt lat="45.59464" lon="24.74158">
        <ele>2420.03</ele>
        <time>2023-10-07T11:12:17Z</time>
      </trkpt>
      <trkpt lat="45.59461" lon="24.74167">
        <ele>2419.58</ele>
        <time>2023-10-07T11:12:26Z</time>
      </trkpt>
      <trkpt lat="45.59456" lon="24.74175">
        <ele>2419.39</ele>
        <time>2023-10-07T11:12:36Z</time>
      </trkpt>
      <trkpt lat="45.59455" lon="24.74177">
        <ele>2419.27</ele>
        <time>2023-10-07T11:12:39Z</time>
      </trkpt>
      <trkpt lat="45.59455" lon="24.74178">
        <ele>2419.16</ele>
        <time>2023-10-07T11:12:43Z</time>
      </trkpt>
      <trkpt lat="45.59455" lon="24.74178">
        <ele>2419.16</ele>
        <time>2023-10-07T11:12:44Z</time>
      </trkpt>
      <trkpt lat="45.59455" lon="24.74178">
        <ele>2419.16</ele>
        <time>2023-10-07T11:12:45Z</time>
      </trkpt>
      <trkpt lat="45.59455" lon="24.74178">
        <ele>2419.16</ele>
        <time>2023-10-07T11:12:46Z</time>
      </trkpt>
      <trkpt lat="45.59454" lon="24.74178">
        <ele>2419.27</ele>
        <time>2023-10-07T11:12:48Z</time>
      </trkpt>
      <trkpt lat="45.59452" lon="24.7418">
        <ele>2419.25</ele>
        <time>2023-10-07T11:12:54Z</time>
      </trkpt>
      <trkpt lat="45.59452" lon="24.7418">
        <ele>2419.25</ele>
        <time>2023-10-07T11:12:55Z</time>
      </trkpt>
      <trkpt lat="45.59448" lon="24.74184">
        <ele>2419.15</ele>
        <time>2023-10-07T11:13:05Z</time>
      </trkpt>
      <trkpt lat="45.59446" lon="24.74188">
        <ele>2418.79</ele>
        <time>2023-10-07T11:13:09Z</time>
      </trkpt>
      <trkpt lat="45.59444" lon="24.74189">
        <ele>2418.65</ele>
        <time>2023-10-07T11:13:13Z</time>
      </trkpt>
      <trkpt lat="45.59443" lon="24.74191">
        <ele>2418.07</ele>
        <time>2023-10-07T11:13:15Z</time>
      </trkpt>
      <trkpt lat="45.59443" lon="24.74191">
        <ele>2418.07</ele>
        <time>2023-10-07T11:13:16Z</time>
      </trkpt>
      <trkpt lat="45.59442" lon="24.74191">
        <ele>2417.78</ele>
        <time>2023-10-07T11:13:17Z</time>
      </trkpt>
      <trkpt lat="45.59442" lon="24.74192">
        <ele>2417.64</ele>
        <time>2023-10-07T11:13:18Z</time>
      </trkpt>
      <trkpt lat="45.59439" lon="24.74196">
        <ele>2416.35</ele>
        <time>2023-10-07T11:13:24Z</time>
      </trkpt>
      <trkpt lat="45.59437" lon="24.74198">
        <ele>2415.66</ele>
        <time>2023-10-07T11:13:28Z</time>
      </trkpt>
      <trkpt lat="45.59434" lon="24.74198">
        <ele>2414.77</ele>
        <time>2023-10-07T11:13:32Z</time>
      </trkpt>
      <trkpt lat="45.59433" lon="24.74197">
        <ele>2414.54</ele>
        <time>2023-10-07T11:13:33Z</time>
      </trkpt>
      <trkpt lat="45.59431" lon="24.74196">
        <ele>2414.02</ele>
        <time>2023-10-07T11:13:36Z</time>
      </trkpt>
      <trkpt lat="45.5943" lon="24.74196">
        <ele>2413.73</ele>
        <time>2023-10-07T11:13:37Z</time>
      </trkpt>
      <trkpt lat="45.59429" lon="24.74196">
        <ele>2413.43</ele>
        <time>2023-10-07T11:13:39Z</time>
      </trkpt>
      <trkpt lat="45.59427" lon="24.74196">
        <ele>2412.85</ele>
        <time>2023-10-07T11:13:42Z</time>
      </trkpt>
      <trkpt lat="45.59426" lon="24.74198">
        <ele>2412.39</ele>
        <time>2023-10-07T11:13:46Z</time>
      </trkpt>
      <trkpt lat="45.59425" lon="24.742">
        <ele>2411.92</ele>
        <time>2023-10-07T11:13:48Z</time>
      </trkpt>
      <trkpt lat="45.59422" lon="24.74201">
        <ele>2410.92</ele>
        <time>2023-10-07T11:13:52Z</time>
      </trkpt>
      <trkpt lat="45.59419" lon="24.74202">
        <ele>2409.9</ele>
        <time>2023-10-07T11:13:56Z</time>
      </trkpt>
      <trkpt lat="45.59419" lon="24.74202">
        <ele>2409.9</ele>
        <time>2023-10-07T11:13:57Z</time>
      </trkpt>
      <trkpt lat="45.59417" lon="24.74202">
        <ele>2409.29</ele>
        <time>2023-10-07T11:14:00Z</time>
      </trkpt>
      <trkpt lat="45.59414" lon="24.74202">
        <ele>2406.69</ele>
        <time>2023-10-07T11:14:05Z</time>
      </trkpt>
      <trkpt lat="45.59411" lon="24.74204">
        <ele>2403.66</ele>
        <time>2023-10-07T11:14:12Z</time>
      </trkpt>
      <trkpt lat="45.59411" lon="24.74204">
        <ele>2403.66</ele>
        <time>2023-10-07T11:14:13Z</time>
      </trkpt>
      <trkpt lat="45.59409" lon="24.74205">
        <ele>2401.68</ele>
        <time>2023-10-07T11:14:17Z</time>
      </trkpt>
      <trkpt lat="45.59407" lon="24.74203">
        <ele>2400.03</ele>
        <time>2023-10-07T11:14:21Z</time>
      </trkpt>
      <trkpt lat="45.59404" lon="24.74206">
        <ele>2396.9</ele>
        <time>2023-10-07T11:14:29Z</time>
      </trkpt>
      <trkpt lat="45.59403" lon="24.74208">
        <ele>2395.74</ele>
        <time>2023-10-07T11:14:31Z</time>
      </trkpt>
      <trkpt lat="45.59402" lon="24.74208">
        <ele>2394.81</ele>
        <time>2023-10-07T11:14:32Z</time>
      </trkpt>
      <trkpt lat="45.59399" lon="24.74205">
        <ele>2392.32</ele>
        <time>2023-10-07T11:14:37Z</time>
      </trkpt>
      <trkpt lat="45.59398" lon="24.74205">
        <ele>2391.39</ele>
        <time>2023-10-07T11:14:38Z</time>
      </trkpt>
      <trkpt lat="45.59397" lon="24.74204">
        <ele>2390.56</ele>
        <time>2023-10-07T11:14:39Z</time>
      </trkpt>
      <trkpt lat="45.59396" lon="24.74204">
        <ele>2389.62</ele>
        <time>2023-10-07T11:14:42Z</time>
      </trkpt>
      <trkpt lat="45.59396" lon="24.74203">
        <ele>2389.73</ele>
        <time>2023-10-07T11:14:45Z</time>
      </trkpt>
      <trkpt lat="45.59395" lon="24.74204">
        <ele>2388.69</ele>
        <time>2023-10-07T11:14:47Z</time>
      </trkpt>
      <trkpt lat="45.59394" lon="24.74205">
        <ele>2387.64</ele>
        <time>2023-10-07T11:14:52Z</time>
      </trkpt>
      <trkpt lat="45.59393" lon="24.74206">
        <ele>2386.6</ele>
        <time>2023-10-07T11:14:53Z</time>
      </trkpt>
      <trkpt lat="45.59393" lon="24.74206">
        <ele>2386.6</ele>
        <time>2023-10-07T11:14:55Z</time>
      </trkpt>
      <trkpt lat="45.59391" lon="24.74207">
        <ele>2384.62</ele>
        <time>2023-10-07T11:14:57Z</time>
      </trkpt>
      <trkpt lat="45.5939" lon="24.74205">
        <ele>2383.9</ele>
        <time>2023-10-07T11:15:00Z</time>
      </trkpt>
      <trkpt lat="45.59385" lon="24.74206">
        <ele>2379.53</ele>
        <time>2023-10-07T11:15:08Z</time>
      </trkpt>
      <trkpt lat="45.5938" lon="24.74203">
        <ele>2375.72</ele>
        <time>2023-10-07T11:15:17Z</time>
      </trkpt>
      <trkpt lat="45.59376" lon="24.74204">
        <ele>2372.3</ele>
        <time>2023-10-07T11:15:24Z</time>
      </trkpt>
      <trkpt lat="45.59374" lon="24.74206">
        <ele>2370.42</ele>
        <time>2023-10-07T11:15:28Z</time>
      </trkpt>
      <trkpt lat="45.5937" lon="24.74208">
        <ele>2366.9</ele>
        <time>2023-10-07T11:15:34Z</time>
      </trkpt>
      <trkpt lat="45.59365" lon="24.74209">
        <ele>2362.65</ele>
        <time>2023-10-07T11:15:41Z</time>
      </trkpt>
      <trkpt lat="45.59364" lon="24.74209">
        <ele>2361.82</ele>
        <time>2023-10-07T11:15:42Z</time>
      </trkpt>
      <trkpt lat="45.59363" lon="24.74209">
        <ele>2360.99</ele>
        <time>2023-10-07T11:15:43Z</time>
      </trkpt>
      <trkpt lat="45.59358" lon="24.74209">
        <ele>2359.03</ele>
        <time>2023-10-07T11:15:50Z</time>
      </trkpt>
      <trkpt lat="45.59357" lon="24.7421">
        <ele>2358.79</ele>
        <time>2023-10-07T11:15:51Z</time>
      </trkpt>
      <trkpt lat="45.59356" lon="24.7421">
        <ele>2358.66</ele>
        <time>2023-10-07T11:15:53Z</time>
      </trkpt>
      <trkpt lat="45.59353" lon="24.74212">
        <ele>2358.04</ele>
        <time>2023-10-07T11:15:57Z</time>
      </trkpt>
      <trkpt lat="45.59353" lon="24.74212">
        <ele>2358.04</ele>
        <time>2023-10-07T11:15:58Z</time>
      </trkpt>
      <trkpt lat="45.59349" lon="24.74213">
        <ele>2357.4</ele>
        <time>2023-10-07T11:16:03Z</time>
      </trkpt>
      <trkpt lat="45.59345" lon="24.74214">
        <ele>2356.74</ele>
        <time>2023-10-07T11:16:10Z</time>
      </trkpt>
      <trkpt lat="45.59339" lon="24.74219">
        <ele>2355.26</ele>
        <time>2023-10-07T11:16:21Z</time>
      </trkpt>
      <trkpt lat="45.59338" lon="24.74219">
        <ele>2355.12</ele>
        <time>2023-10-07T11:16:23Z</time>
      </trkpt>
      <trkpt lat="45.59335" lon="24.74218">
        <ele>2354.84</ele>
        <time>2023-10-07T11:16:28Z</time>
      </trkpt>
      <trkpt lat="45.59334" lon="24.74219">
        <ele>2354.56</ele>
        <time>2023-10-07T11:16:31Z</time>
      </trkpt>
      <trkpt lat="45.59332" lon="24.7422">
        <ele>2353.94</ele>
        <time>2023-10-07T11:16:34Z</time>
      </trkpt>
      <trkpt lat="45.59331" lon="24.74222">
        <ele>2353.36</ele>
        <time>2023-10-07T11:16:37Z</time>
      </trkpt>
      <trkpt lat="45.5933" lon="24.74222">
        <ele>2353.07</ele>
        <time>2023-10-07T11:16:38Z</time>
      </trkpt>
      <trkpt lat="45.59328" lon="24.74222">
        <ele>2352.5</ele>
        <time>2023-10-07T11:16:42Z</time>
      </trkpt>
      <trkpt lat="45.59326" lon="24.74222">
        <ele>2351.92</ele>
        <time>2023-10-07T11:16:45Z</time>
      </trkpt>
      <trkpt lat="45.59326" lon="24.74222">
        <ele>2351.92</ele>
        <time>2023-10-07T11:16:46Z</time>
      </trkpt>
      <trkpt lat="45.59324" lon="24.74222">
        <ele>2351.35</ele>
        <time>2023-10-07T11:16:48Z</time>
      </trkpt>
      <trkpt lat="45.59321" lon="24.7422">
        <ele>2350.8</ele>
        <time>2023-10-07T11:16:55Z</time>
      </trkpt>
      <trkpt lat="45.59319" lon="24.7422">
        <ele>2350.23</ele>
        <time>2023-10-07T11:16:57Z</time>
      </trkpt>
      <trkpt lat="45.59318" lon="24.74218">
        <ele>2350.28</ele>
        <time>2023-10-07T11:17:02Z</time>
      </trkpt>
      <trkpt lat="45.59318" lon="24.74218">
        <ele>2350.28</ele>
        <time>2023-10-07T11:17:03Z</time>
      </trkpt>
      <trkpt lat="45.59317" lon="24.7422">
        <ele>2349.66</ele>
        <time>2023-10-07T11:17:06Z</time>
      </trkpt>
      <trkpt lat="45.59316" lon="24.7422">
        <ele>2349.38</ele>
        <time>2023-10-07T11:17:08Z</time>
      </trkpt>
      <trkpt lat="45.59316" lon="24.7422">
        <ele>2349.38</ele>
        <time>2023-10-07T11:17:15Z</time>
      </trkpt>
      <trkpt lat="45.59315" lon="24.7422">
        <ele>2349.09</ele>
        <time>2023-10-07T11:17:32Z</time>
      </trkpt>
      <trkpt lat="45.59313" lon="24.7422">
        <ele>2348.52</ele>
        <time>2023-10-07T11:17:37Z</time>
      </trkpt>
      <trkpt lat="45.59306" lon="24.74219">
        <ele>2346.71</ele>
        <time>2023-10-07T11:17:54Z</time>
      </trkpt>
      <trkpt lat="45.59304" lon="24.74219">
        <ele>2345.66</ele>
        <time>2023-10-07T11:18:00Z</time>
      </trkpt>
      <trkpt lat="45.59304" lon="24.74219">
        <ele>2345.66</ele>
        <time>2023-10-07T11:18:01Z</time>
      </trkpt>
      <trkpt lat="45.59304" lon="24.74219">
        <ele>2345.66</ele>
        <time>2023-10-07T11:18:03Z</time>
      </trkpt>
      <trkpt lat="45.59301" lon="24.74217">
        <ele>2344.22</ele>
        <time>2023-10-07T11:18:16Z</time>
      </trkpt>
      <trkpt lat="45.593" lon="24.74217">
        <ele>2343.63</ele>
        <time>2023-10-07T11:18:23Z</time>
      </trkpt>
      <trkpt lat="45.59299" lon="24.74218">
        <ele>2342.88</ele>
        <time>2023-10-07T11:18:36Z</time>
      </trkpt>
      <trkpt lat="45.59298" lon="24.74218">
        <ele>2342.28</ele>
        <time>2023-10-07T11:18:40Z</time>
      </trkpt>
      <trkpt lat="45.59293" lon="24.7422">
        <ele>2339.06</ele>
        <time>2023-10-07T11:18:52Z</time>
      </trkpt>
      <trkpt lat="45.5929" lon="24.74221">
        <ele>2337.19</ele>
        <time>2023-10-07T11:18:58Z</time>
      </trkpt>
      <trkpt lat="45.59289" lon="24.74221">
        <ele>2336.61</ele>
        <time>2023-10-07T11:19:06Z</time>
      </trkpt>
      <trkpt lat="45.59288" lon="24.74222">
        <ele>2335.91</ele>
        <time>2023-10-07T11:19:08Z</time>
      </trkpt>
      <trkpt lat="45.59285" lon="24.7422">
        <ele>2334.38</ele>
        <time>2023-10-07T11:19:12Z</time>
      </trkpt>
      <trkpt lat="45.59284" lon="24.7422">
        <ele>2333.8</ele>
        <time>2023-10-07T11:19:13Z</time>
      </trkpt>
      <trkpt lat="45.59281" lon="24.7422">
        <ele>2332.04</ele>
        <time>2023-10-07T11:19:17Z</time>
      </trkpt>
      <trkpt lat="45.5928" lon="24.74221">
        <ele>2331.38</ele>
        <time>2023-10-07T11:19:20Z</time>
      </trkpt>
      <trkpt lat="45.59279" lon="24.74222">
        <ele>2330.72</ele>
        <time>2023-10-07T11:19:23Z</time>
      </trkpt>
      <trkpt lat="45.59278" lon="24.74223">
        <ele>2330.04</ele>
        <time>2023-10-07T11:19:25Z</time>
      </trkpt>
      <trkpt lat="45.59277" lon="24.74225">
        <ele>2329.27</ele>
        <time>2023-10-07T11:19:30Z</time>
      </trkpt>
      <trkpt lat="45.59276" lon="24.74225">
        <ele>2328.71</ele>
        <time>2023-10-07T11:19:31Z</time>
      </trkpt>
      <trkpt lat="45.59275" lon="24.74225">
        <ele>2328.16</ele>
        <time>2023-10-07T11:19:34Z</time>
      </trkpt>
      <trkpt lat="45.59273" lon="24.74224">
        <ele>2327.18</ele>
        <time>2023-10-07T11:19:37Z</time>
      </trkpt>
      <trkpt lat="45.5927" lon="24.74219">
        <ele>2326.06</ele>
        <time>2023-10-07T11:19:45Z</time>
      </trkpt>
      <trkpt lat="45.5927" lon="24.7422">
        <ele>2325.98</ele>
        <time>2023-10-07T11:19:46Z</time>
      </trkpt>
      <trkpt lat="45.5927" lon="24.7422">
        <ele>2325.98</ele>
        <time>2023-10-07T11:19:47Z</time>
      </trkpt>
      <trkpt lat="45.59269" lon="24.74221">
        <ele>2325.36</ele>
        <time>2023-10-07T11:19:49Z</time>
      </trkpt>
      <trkpt lat="45.59269" lon="24.74222">
        <ele>2325.28</ele>
        <time>2023-10-07T11:19:50Z</time>
      </trkpt>
      <trkpt lat="45.59267" lon="24.74222">
        <ele>2324.2</ele>
        <time>2023-10-07T11:19:54Z</time>
      </trkpt>
      <trkpt lat="45.59267" lon="24.74222">
        <ele>2324.2</ele>
        <time>2023-10-07T11:19:55Z</time>
      </trkpt>
      <trkpt lat="45.59264" lon="24.7422">
        <ele>2322.76</ele>
        <time>2023-10-07T11:20:04Z</time>
      </trkpt>
      <trkpt lat="45.59264" lon="24.7422">
        <ele>2322.76</ele>
        <time>2023-10-07T11:20:06Z</time>
      </trkpt>
      <trkpt lat="45.59264" lon="24.7422">
        <ele>2322.76</ele>
        <time>2023-10-07T11:20:21Z</time>
      </trkpt>
      <trkpt lat="45.59264" lon="24.7422">
        <ele>2322.76</ele>
        <time>2023-10-07T11:20:23Z</time>
      </trkpt>
      <trkpt lat="45.59261" lon="24.74222">
        <ele>2320.96</ele>
        <time>2023-10-07T11:20:30Z</time>
      </trkpt>
      <trkpt lat="45.5926" lon="24.74223">
        <ele>2320.24</ele>
        <time>2023-10-07T11:20:31Z</time>
      </trkpt>
      <trkpt lat="45.59255" lon="24.74226">
        <ele>2316.85</ele>
        <time>2023-10-07T11:20:39Z</time>
      </trkpt>
      <trkpt lat="45.59255" lon="24.74228">
        <ele>2316.39</ele>
        <time>2023-10-07T11:20:41Z</time>
      </trkpt>
      <trkpt lat="45.59253" lon="24.74228">
        <ele>2315.25</ele>
        <time>2023-10-07T11:20:47Z</time>
      </trkpt>
      <trkpt lat="45.5925" lon="24.74227">
        <ele>2313.8</ele>
        <time>2023-10-07T11:20:52Z</time>
      </trkpt>
      <trkpt lat="45.59249" lon="24.74227">
        <ele>2313.41</ele>
        <time>2023-10-07T11:20:53Z</time>
      </trkpt>
      <trkpt lat="45.59248" lon="24.74228">
        <ele>2312.76</ele>
        <time>2023-10-07T11:20:55Z</time>
      </trkpt>
      <trkpt lat="45.59247" lon="24.74229">
        <ele>2312.11</ele>
        <time>2023-10-07T11:20:57Z</time>
      </trkpt>
      <trkpt lat="45.59246" lon="24.74229">
        <ele>2311.71</ele>
        <time>2023-10-07T11:20:58Z</time>
      </trkpt>
      <trkpt lat="45.59242" lon="24.74231">
        <ele>2309.54</ele>
        <time>2023-10-07T11:21:05Z</time>
      </trkpt>
      <trkpt lat="45.59239" lon="24.74232">
        <ele>2308.02</ele>
        <time>2023-10-07T11:21:10Z</time>
      </trkpt>
      <trkpt lat="45.59237" lon="24.74234">
        <ele>2306.56</ele>
        <time>2023-10-07T11:21:16Z</time>
      </trkpt>
      <trkpt lat="45.59236" lon="24.74234">
        <ele>2306.14</ele>
        <time>2023-10-07T11:21:20Z</time>
      </trkpt>
      <trkpt lat="45.59236" lon="24.74234">
        <ele>2306.14</ele>
        <time>2023-10-07T11:21:27Z</time>
      </trkpt>
      <trkpt lat="45.59233" lon="24.74235">
        <ele>2304.53</ele>
        <time>2023-10-07T11:21:42Z</time>
      </trkpt>
      <trkpt lat="45.59228" lon="24.74237">
        <ele>2301.67</ele>
        <time>2023-10-07T11:21:45Z</time>
      </trkpt>
      <trkpt lat="45.59223" lon="24.74239">
        <ele>2298.7</ele>
        <time>2023-10-07T11:21:48Z</time>
      </trkpt>
      <trkpt lat="45.59217" lon="24.74241">
        <ele>2295.51</ele>
        <time>2023-10-07T11:21:55Z</time>
      </trkpt>
      <trkpt lat="45.59214" lon="24.74242">
        <ele>2293.99</ele>
        <time>2023-10-07T11:21:59Z</time>
      </trkpt>
      <trkpt lat="45.59211" lon="24.74243">
        <ele>2292.53</ele>
        <time>2023-10-07T11:22:04Z</time>
      </trkpt>
      <trkpt lat="45.5921" lon="24.74243">
        <ele>2292.15</ele>
        <time>2023-10-07T11:22:06Z</time>
      </trkpt>
      <trkpt lat="45.59205" lon="24.74242">
        <ele>2290.52</ele>
        <time>2023-10-07T11:22:13Z</time>
      </trkpt>
      <trkpt lat="45.59204" lon="24.74243">
        <ele>2289.88</ele>
        <time>2023-10-07T11:22:15Z</time>
      </trkpt>
      <trkpt lat="45.59203" lon="24.74243">
        <ele>2289.5</ele>
        <time>2023-10-07T11:22:16Z</time>
      </trkpt>
      <trkpt lat="45.59201" lon="24.74244">
        <ele>2288.51</ele>
        <time>2023-10-07T11:22:21Z</time>
      </trkpt>
      <trkpt lat="45.59199" lon="24.74244">
        <ele>2287.77</ele>
        <time>2023-10-07T11:22:24Z</time>
      </trkpt>
      <trkpt lat="45.59194" lon="24.74243">
        <ele>2286.06</ele>
        <time>2023-10-07T11:22:31Z</time>
      </trkpt>
      <trkpt lat="45.59193" lon="24.74242">
        <ele>2285.78</ele>
        <time>2023-10-07T11:22:33Z</time>
      </trkpt>
      <trkpt lat="45.59192" lon="24.74243">
        <ele>2285.14</ele>
        <time>2023-10-07T11:22:34Z</time>
      </trkpt>
      <trkpt lat="45.59191" lon="24.74244">
        <ele>2284.49</ele>
        <time>2023-10-07T11:22:36Z</time>
      </trkpt>
      <trkpt lat="45.59185" lon="24.74246">
        <ele>2281.35</ele>
        <time>2023-10-07T11:22:43Z</time>
      </trkpt>
      <trkpt lat="45.59183" lon="24.74246">
        <ele>2280.42</ele>
        <time>2023-10-07T11:22:45Z</time>
      </trkpt>
      <trkpt lat="45.59179" lon="24.74247">
        <ele>2278.37</ele>
        <time>2023-10-07T11:22:49Z</time>
      </trkpt>
      <trkpt lat="45.59177" lon="24.74249">
        <ele>2277.04</ele>
        <time>2023-10-07T11:22:51Z</time>
      </trkpt>
      <trkpt lat="45.59175" lon="24.74249">
        <ele>2276.11</ele>
        <time>2023-10-07T11:22:53Z</time>
      </trkpt>
      <trkpt lat="45.59171" lon="24.7425">
        <ele>2274.03</ele>
        <time>2023-10-07T11:23:00Z</time>
      </trkpt>
      <trkpt lat="45.59168" lon="24.74251">
        <ele>2272.76</ele>
        <time>2023-10-07T11:23:03Z</time>
      </trkpt>
      <trkpt lat="45.59166" lon="24.74252">
        <ele>2272.29</ele>
        <time>2023-10-07T11:23:06Z</time>
      </trkpt>
      <trkpt lat="45.59165" lon="24.74253">
        <ele>2272.43</ele>
        <time>2023-10-07T11:23:08Z</time>
      </trkpt>
      <trkpt lat="45.5916" lon="24.74256">
        <ele>2272.86</ele>
        <time>2023-10-07T11:23:13Z</time>
      </trkpt>
      <trkpt lat="45.59159" lon="24.74256">
        <ele>2272.86</ele>
        <time>2023-10-07T11:23:14Z</time>
      </trkpt>
      <trkpt lat="45.59157" lon="24.74256">
        <ele>2272.86</ele>
        <time>2023-10-07T11:23:17Z</time>
      </trkpt>
      <trkpt lat="45.59155" lon="24.74257">
        <ele>2273.01</ele>
        <time>2023-10-07T11:23:19Z</time>
      </trkpt>
      <trkpt lat="45.59153" lon="24.74257">
        <ele>2273.01</ele>
        <time>2023-10-07T11:23:21Z</time>
      </trkpt>
      <trkpt lat="45.59149" lon="24.74258">
        <ele>2273.15</ele>
        <time>2023-10-07T11:23:26Z</time>
      </trkpt>
      <trkpt lat="45.59148" lon="24.74259">
        <ele>2273.3</ele>
        <time>2023-10-07T11:23:28Z</time>
      </trkpt>
      <trkpt lat="45.59146" lon="24.74258">
        <ele>2273.15</ele>
        <time>2023-10-07T11:23:31Z</time>
      </trkpt>
      <trkpt lat="45.59143" lon="24.74258">
        <ele>2273.15</ele>
        <time>2023-10-07T11:23:36Z</time>
      </trkpt>
      <trkpt lat="45.59142" lon="24.74258">
        <ele>2273.15</ele>
        <time>2023-10-07T11:23:38Z</time>
      </trkpt>
      <trkpt lat="45.59141" lon="24.74258">
        <ele>2273.15</ele>
        <time>2023-10-07T11:23:39Z</time>
      </trkpt>
      <trkpt lat="45.59136" lon="24.7426">
        <ele>2273.93</ele>
        <time>2023-10-07T11:23:45Z</time>
      </trkpt>
      <trkpt lat="45.59129" lon="24.74262">
        <ele>2275.46</ele>
        <time>2023-10-07T11:23:53Z</time>
      </trkpt>
      <trkpt lat="45.59129" lon="24.74262">
        <ele>2275.46</ele>
        <time>2023-10-07T11:23:55Z</time>
      </trkpt>
      <trkpt lat="45.59128" lon="24.74263">
        <ele>2275.81</ele>
        <time>2023-10-07T11:23:56Z</time>
      </trkpt>
      <trkpt lat="45.59121" lon="24.74264">
        <ele>2277.24</ele>
        <time>2023-10-07T11:24:02Z</time>
      </trkpt>
      <trkpt lat="45.59116" lon="24.74266">
        <ele>2278.55</ele>
        <time>2023-10-07T11:24:07Z</time>
      </trkpt>
      <trkpt lat="45.59115" lon="24.74266">
        <ele>2278.73</ele>
        <time>2023-10-07T11:24:08Z</time>
      </trkpt>
      <trkpt lat="45.59114" lon="24.74267">
        <ele>2279.13</ele>
        <time>2023-10-07T11:24:09Z</time>
      </trkpt>
      <trkpt lat="45.59113" lon="24.74267">
        <ele>2279.32</ele>
        <time>2023-10-07T11:24:10Z</time>
      </trkpt>
      <trkpt lat="45.59112" lon="24.74268">
        <ele>2279.72</ele>
        <time>2023-10-07T11:24:11Z</time>
      </trkpt>
      <trkpt lat="45.59109" lon="24.74268">
        <ele>2280.31</ele>
        <time>2023-10-07T11:24:13Z</time>
      </trkpt>
      <trkpt lat="45.59108" lon="24.74269">
        <ele>2280.75</ele>
        <time>2023-10-07T11:24:14Z</time>
      </trkpt>
      <trkpt lat="45.59106" lon="24.7427">
        <ele>2281.4</ele>
        <time>2023-10-07T11:24:16Z</time>
      </trkpt>
      <trkpt lat="45.59104" lon="24.74272">
        <ele>2282.33</ele>
        <time>2023-10-07T11:24:18Z</time>
      </trkpt>
      <trkpt lat="45.59101" lon="24.74273">
        <ele>2283.27</ele>
        <time>2023-10-07T11:24:21Z</time>
      </trkpt>
      <trkpt lat="45.59098" lon="24.74273">
        <ele>2283.95</ele>
        <time>2023-10-07T11:24:25Z</time>
      </trkpt>
      <trkpt lat="45.59096" lon="24.74273">
        <ele>2284.4</ele>
        <time>2023-10-07T11:24:28Z</time>
      </trkpt>
      <trkpt lat="45.59093" lon="24.74273">
        <ele>2285.08</ele>
        <time>2023-10-07T11:24:31Z</time>
      </trkpt>
      <trkpt lat="45.59091" lon="24.74273">
        <ele>2285.54</ele>
        <time>2023-10-07T11:24:34Z</time>
      </trkpt>
      <trkpt lat="45.59089" lon="24.74274">
        <ele>2286.32</ele>
        <time>2023-10-07T11:24:37Z</time>
      </trkpt>
      <trkpt lat="45.59088" lon="24.74274">
        <ele>2286.56</ele>
        <time>2023-10-07T11:24:39Z</time>
      </trkpt>
      <trkpt lat="45.59086" lon="24.74273">
        <ele>2286.67</ele>
        <time>2023-10-07T11:24:41Z</time>
      </trkpt>
      <trkpt lat="45.59084" lon="24.74272">
        <ele>2286.77</ele>
        <time>2023-10-07T11:24:45Z</time>
      </trkpt>
      <trkpt lat="45.59082" lon="24.74273">
        <ele>2287.61</ele>
        <time>2023-10-07T11:24:47Z</time>
      </trkpt>
      <trkpt lat="45.59082" lon="24.74273">
        <ele>2287.61</ele>
        <time>2023-10-07T11:24:48Z</time>
      </trkpt>
      <trkpt lat="45.59081" lon="24.74273">
        <ele>2287.85</ele>
        <time>2023-10-07T11:24:49Z</time>
      </trkpt>
      <trkpt lat="45.5908" lon="24.74278">
        <ele>2289.87</ele>
        <time>2023-10-07T11:24:56Z</time>
      </trkpt>
      <trkpt lat="45.5908" lon="24.74283">
        <ele>2290.57</ele>
        <time>2023-10-07T11:25:01Z</time>
      </trkpt>
      <trkpt lat="45.59079" lon="24.74285">
        <ele>2291.09</ele>
        <time>2023-10-07T11:25:04Z</time>
      </trkpt>
      <trkpt lat="45.59078" lon="24.74284">
        <ele>2291.2</ele>
        <time>2023-10-07T11:25:07Z</time>
      </trkpt>
      <trkpt lat="45.59077" lon="24.74283">
        <ele>2291.31</ele>
        <time>2023-10-07T11:25:08Z</time>
      </trkpt>
      <trkpt lat="45.59076" lon="24.74282">
        <ele>2291.42</ele>
        <time>2023-10-07T11:25:11Z</time>
      </trkpt>
      <trkpt lat="45.59075" lon="24.74284">
        <ele>2291.93</ele>
        <time>2023-10-07T11:25:14Z</time>
      </trkpt>
      <trkpt lat="45.59075" lon="24.74284">
        <ele>2291.93</ele>
        <time>2023-10-07T11:25:15Z</time>
      </trkpt>
      <trkpt lat="45.59076" lon="24.74287">
        <ele>2292.09</ele>
        <time>2023-10-07T11:25:18Z</time>
      </trkpt>
      <trkpt lat="45.59076" lon="24.74289">
        <ele>2292.36</ele>
        <time>2023-10-07T11:25:20Z</time>
      </trkpt>
      <trkpt lat="45.59075" lon="24.74292">
        <ele>2292.99</ele>
        <time>2023-10-07T11:25:23Z</time>
      </trkpt>
      <trkpt lat="45.5907" lon="24.7429">
        <ele>2293.91</ele>
        <time>2023-10-07T11:25:31Z</time>
      </trkpt>
      <trkpt lat="45.59069" lon="24.74289">
        <ele>2294.02</ele>
        <time>2023-10-07T11:25:33Z</time>
      </trkpt>
      <trkpt lat="45.59069" lon="24.74289">
        <ele>2294.02</ele>
        <time>2023-10-07T11:25:34Z</time>
      </trkpt>
      <trkpt lat="45.59065" lon="24.74286">
        <ele>2294.61</ele>
        <time>2023-10-07T11:25:40Z</time>
      </trkpt>
      <trkpt lat="45.59063" lon="24.74284">
        <ele>2294.86</ele>
        <time>2023-10-07T11:25:44Z</time>
      </trkpt>
      <trkpt lat="45.59059" lon="24.74283">
        <ele>2295.72</ele>
        <time>2023-10-07T11:25:48Z</time>
      </trkpt>
      <trkpt lat="45.59059" lon="24.74283">
        <ele>2295.72</ele>
        <time>2023-10-07T11:25:49Z</time>
      </trkpt>
      <trkpt lat="45.59057" lon="24.74282">
        <ele>2296.1</ele>
        <time>2023-10-07T11:25:51Z</time>
      </trkpt>
      <trkpt lat="45.59055" lon="24.74281">
        <ele>2296.47</ele>
        <time>2023-10-07T11:25:54Z</time>
      </trkpt>
      <trkpt lat="45.59054" lon="24.7428">
        <ele>2296.58</ele>
        <time>2023-10-07T11:25:56Z</time>
      </trkpt>
      <trkpt lat="45.5905" lon="24.74279">
        <ele>2297.34</ele>
        <time>2023-10-07T11:26:01Z</time>
      </trkpt>
      <trkpt lat="45.59044" lon="24.7428">
        <ele>2298.77</ele>
        <time>2023-10-07T11:26:08Z</time>
      </trkpt>
      <trkpt lat="45.59038" lon="24.74282">
        <ele>2300.34</ele>
        <time>2023-10-07T11:26:17Z</time>
      </trkpt>
      <trkpt lat="45.59036" lon="24.74283">
        <ele>2300.92</ele>
        <time>2023-10-07T11:26:20Z</time>
      </trkpt>
      <trkpt lat="45.59034" lon="24.74282">
        <ele>2301.23</ele>
        <time>2023-10-07T11:26:23Z</time>
      </trkpt>
      <trkpt lat="45.59032" lon="24.74282">
        <ele>2301.67</ele>
        <time>2023-10-07T11:26:26Z</time>
      </trkpt>
      <trkpt lat="45.59029" lon="24.74283">
        <ele>2302.48</ele>
        <time>2023-10-07T11:26:29Z</time>
      </trkpt>
      <trkpt lat="45.59026" lon="24.74286">
        <ele>2303.89</ele>
        <time>2023-10-07T11:26:37Z</time>
      </trkpt>
      <trkpt lat="45.59027" lon="24.74288">
        <ele>2303.78</ele>
        <time>2023-10-07T11:26:39Z</time>
      </trkpt>
      <trkpt lat="45.59028" lon="24.74291">
        <ele>2303.85</ele>
        <time>2023-10-07T11:26:43Z</time>
      </trkpt>
      <trkpt lat="45.59029" lon="24.74292">
        <ele>2303.76</ele>
        <time>2023-10-07T11:26:45Z</time>
      </trkpt>
      <trkpt lat="45.59029" lon="24.74295">
        <ele>2304.19</ele>
        <time>2023-10-07T11:26:47Z</time>
      </trkpt>
      <trkpt lat="45.59028" lon="24.74297">
        <ele>2304.71</ele>
        <time>2023-10-07T11:26:48Z</time>
      </trkpt>
      <trkpt lat="45.59025" lon="24.74299">
        <ele>2306.16</ele>
        <time>2023-10-07T11:26:53Z</time>
      </trkpt>
      <trkpt lat="45.59023" lon="24.74302">
        <ele>2307.38</ele>
        <time>2023-10-07T11:26:57Z</time>
      </trkpt>
      <trkpt lat="45.59021" lon="24.74305">
        <ele>2308.6</ele>
        <time>2023-10-07T11:27:02Z</time>
      </trkpt>
      <trkpt lat="45.59018" lon="24.74307">
        <ele>2309.68</ele>
        <time>2023-10-07T11:27:06Z</time>
      </trkpt>
      <trkpt lat="45.59016" lon="24.74308">
        <ele>2310.35</ele>
        <time>2023-10-07T11:27:10Z</time>
      </trkpt>
      <trkpt lat="45.59014" lon="24.74309">
        <ele>2311.02</ele>
        <time>2023-10-07T11:27:13Z</time>
      </trkpt>
      <trkpt lat="45.59012" lon="24.74307">
        <ele>2312.07</ele>
        <time>2023-10-07T11:27:16Z</time>
      </trkpt>
      <trkpt lat="45.59011" lon="24.74306">
        <ele>2312.59</ele>
        <time>2023-10-07T11:27:18Z</time>
      </trkpt>
      <trkpt lat="45.5901" lon="24.74306">
        <ele>2312.99</ele>
        <time>2023-10-07T11:27:20Z</time>
      </trkpt>
      <trkpt lat="45.59006" lon="24.74306">
        <ele>2314.57</ele>
        <time>2023-10-07T11:27:27Z</time>
      </trkpt>
      <trkpt lat="45.59003" lon="24.74303">
        <ele>2315.44</ele>
        <time>2023-10-07T11:27:32Z</time>
      </trkpt>
      <trkpt lat="45.59002" lon="24.74301">
        <ele>2315.55</ele>
        <time>2023-10-07T11:27:35Z</time>
      </trkpt>
      <trkpt lat="45.59002" lon="24.74301">
        <ele>2315.55</ele>
        <time>2023-10-07T11:27:36Z</time>
      </trkpt>
      <trkpt lat="45.59" lon="24.74303">
        <ele>2316.63</ele>
        <time>2023-10-07T11:27:42Z</time>
      </trkpt>
      <trkpt lat="45.58999" lon="24.74305">
        <ele>2317.13</ele>
        <time>2023-10-07T11:27:45Z</time>
      </trkpt>
      <trkpt lat="45.58997" lon="24.74308">
        <ele>2317.37</ele>
        <time>2023-10-07T11:27:53Z</time>
      </trkpt>
      <trkpt lat="45.58996" lon="24.74308">
        <ele>2317.59</ele>
        <time>2023-10-07T11:27:54Z</time>
      </trkpt>
      <trkpt lat="45.58994" lon="24.74302">
        <ele>2317.7</ele>
        <time>2023-10-07T11:28:02Z</time>
      </trkpt>
      <trkpt lat="45.58994" lon="24.743">
        <ele>2317.37</ele>
        <time>2023-10-07T11:28:04Z</time>
      </trkpt>
      <trkpt lat="45.58992" lon="24.74297">
        <ele>2317.23</ele>
        <time>2023-10-07T11:28:09Z</time>
      </trkpt>
      <trkpt lat="45.5899" lon="24.74296">
        <ele>2317.41</ele>
        <time>2023-10-07T11:28:12Z</time>
      </trkpt>
      <trkpt lat="45.58989" lon="24.74295">
        <ele>2317.4</ele>
        <time>2023-10-07T11:28:13Z</time>
      </trkpt>
      <trkpt lat="45.58985" lon="24.74295">
        <ele>2318.1</ele>
        <time>2023-10-07T11:28:17Z</time>
      </trkpt>
      <trkpt lat="45.58985" lon="24.74294">
        <ele>2317.9</ele>
        <time>2023-10-07T11:28:18Z</time>
      </trkpt>
      <trkpt lat="45.58981" lon="24.74293">
        <ele>2318.37</ele>
        <time>2023-10-07T11:28:23Z</time>
      </trkpt>
      <trkpt lat="45.5898" lon="24.74293">
        <ele>2318.54</ele>
        <time>2023-10-07T11:28:24Z</time>
      </trkpt>
      <trkpt lat="45.58974" lon="24.74292">
        <ele>2319.29</ele>
        <time>2023-10-07T11:28:32Z</time>
      </trkpt>
      <trkpt lat="45.58972" lon="24.74292">
        <ele>2319.64</ele>
        <time>2023-10-07T11:28:36Z</time>
      </trkpt>
      <trkpt lat="45.58967" lon="24.74293">
        <ele>2321.05</ele>
        <time>2023-10-07T11:28:43Z</time>
      </trkpt>
      <trkpt lat="45.58963" lon="24.74293">
        <ele>2321.98</ele>
        <time>2023-10-07T11:28:49Z</time>
      </trkpt>
      <trkpt lat="45.5896" lon="24.74293">
        <ele>2322.67</ele>
        <time>2023-10-07T11:28:53Z</time>
      </trkpt>
      <trkpt lat="45.58957" lon="24.74293">
        <ele>2323.37</ele>
        <time>2023-10-07T11:28:57Z</time>
      </trkpt>
      <trkpt lat="45.58955" lon="24.74293">
        <ele>2323.84</ele>
        <time>2023-10-07T11:29:00Z</time>
      </trkpt>
      <trkpt lat="45.58948" lon="24.74295">
        <ele>2325.9</ele>
        <time>2023-10-07T11:29:10Z</time>
      </trkpt>
      <trkpt lat="45.58947" lon="24.74295">
        <ele>2326.13</ele>
        <time>2023-10-07T11:29:12Z</time>
      </trkpt>
      <trkpt lat="45.58945" lon="24.74295">
        <ele>2326.59</ele>
        <time>2023-10-07T11:29:17Z</time>
      </trkpt>
      <trkpt lat="45.58945" lon="24.74295">
        <ele>2326.59</ele>
        <time>2023-10-07T11:29:18Z</time>
      </trkpt>
      <trkpt lat="45.58943" lon="24.74297">
        <ele>2327.25</ele>
        <time>2023-10-07T11:29:27Z</time>
      </trkpt>
      <trkpt lat="45.58941" lon="24.74301">
        <ele>2328.37</ele>
        <time>2023-10-07T11:29:34Z</time>
      </trkpt>
      <trkpt lat="45.58942" lon="24.74303">
        <ele>2328.74</ele>
        <time>2023-10-07T11:29:39Z</time>
      </trkpt>
      <trkpt lat="45.58943" lon="24.74306">
        <ele>2329.21</ele>
        <time>2023-10-07T11:29:43Z</time>
      </trkpt>
      <trkpt lat="45.58942" lon="24.74306">
        <ele>2329.36</ele>
        <time>2023-10-07T11:29:44Z</time>
      </trkpt>
      <trkpt lat="45.58941" lon="24.74308">
        <ele>2329.56</ele>
        <time>2023-10-07T11:29:48Z</time>
      </trkpt>
      <trkpt lat="45.5894" lon="24.74308">
        <ele>2329.72</ele>
        <time>2023-10-07T11:29:49Z</time>
      </trkpt>
      <trkpt lat="45.58939" lon="24.74309">
        <ele>2329.93</ele>
        <time>2023-10-07T11:29:52Z</time>
      </trkpt>
      <trkpt lat="45.58936" lon="24.7431">
        <ele>2330.51</ele>
        <time>2023-10-07T11:29:59Z</time>
      </trkpt>
      <trkpt lat="45.58935" lon="24.74311">
        <ele>2330.76</ele>
        <time>2023-10-07T11:30:02Z</time>
      </trkpt>
      <trkpt lat="45.58934" lon="24.74312">
        <ele>2331.03</ele>
        <time>2023-10-07T11:30:05Z</time>
      </trkpt>
      <trkpt lat="45.58933" lon="24.74312">
        <ele>2331.22</ele>
        <time>2023-10-07T11:30:06Z</time>
      </trkpt>
      <trkpt lat="45.58931" lon="24.74313">
        <ele>2331.71</ele>
        <time>2023-10-07T11:30:11Z</time>
      </trkpt>
      <trkpt lat="45.58929" lon="24.74312">
        <ele>2332.0</ele>
        <time>2023-10-07T11:30:15Z</time>
      </trkpt>
      <trkpt lat="45.58929" lon="24.74312">
        <ele>2332.0</ele>
        <time>2023-10-07T11:30:16Z</time>
      </trkpt>
      <trkpt lat="45.58924" lon="24.7431">
        <ele>2332.65</ele>
        <time>2023-10-07T11:30:25Z</time>
      </trkpt>
      <trkpt lat="45.58923" lon="24.7431">
        <ele>2332.83</ele>
        <time>2023-10-07T11:30:27Z</time>
      </trkpt>
      <trkpt lat="45.58922" lon="24.74311">
        <ele>2333.18</ele>
        <time>2023-10-07T11:30:30Z</time>
      </trkpt>
      <trkpt lat="45.58919" lon="24.74311">
        <ele>2333.74</ele>
        <time>2023-10-07T11:30:34Z</time>
      </trkpt>
      <trkpt lat="45.58918" lon="24.74311">
        <ele>2333.93</ele>
        <time>2023-10-07T11:30:36Z</time>
      </trkpt>
      <trkpt lat="45.58912" lon="24.74314">
        <ele>2336.64</ele>
        <time>2023-10-07T11:30:46Z</time>
      </trkpt>
      <trkpt lat="45.58913" lon="24.74318">
        <ele>2337.23</ele>
        <time>2023-10-07T11:30:54Z</time>
      </trkpt>
      <trkpt lat="45.58914" lon="24.7432">
        <ele>2337.28</ele>
        <time>2023-10-07T11:30:56Z</time>
      </trkpt>
      <trkpt lat="45.58916" lon="24.74324">
        <ele>2337.3</ele>
        <time>2023-10-07T11:31:01Z</time>
      </trkpt>
      <trkpt lat="45.58916" lon="24.74325">
        <ele>2337.52</ele>
        <time>2023-10-07T11:31:03Z</time>
      </trkpt>
      <trkpt lat="45.58916" lon="24.74329">
        <ele>2338.4</ele>
        <time>2023-10-07T11:31:09Z</time>
      </trkpt>
      <trkpt lat="45.58914" lon="24.7433">
        <ele>2339.65</ele>
        <time>2023-10-07T11:31:12Z</time>
      </trkpt>
      <trkpt lat="45.58914" lon="24.7433">
        <ele>2339.65</ele>
        <time>2023-10-07T11:31:13Z</time>
      </trkpt>
      <trkpt lat="45.58912" lon="24.74331">
        <ele>2340.93</ele>
        <time>2023-10-07T11:31:15Z</time>
      </trkpt>
      <trkpt lat="45.58911" lon="24.7433">
        <ele>2341.19</ele>
        <time>2023-10-07T11:31:17Z</time>
      </trkpt>
      <trkpt lat="45.5891" lon="24.7433">
        <ele>2341.71</ele>
        <time>2023-10-07T11:31:19Z</time>
      </trkpt>
      <trkpt lat="45.58906" lon="24.74329">
        <ele>2343.46</ele>
        <time>2023-10-07T11:31:24Z</time>
      </trkpt>
      <trkpt lat="45.58905" lon="24.74328">
        <ele>2343.66</ele>
        <time>2023-10-07T11:31:26Z</time>
      </trkpt>
      <trkpt lat="45.58899" lon="24.74325">
        <ele>2345.6</ele>
        <time>2023-10-07T11:31:33Z</time>
      </trkpt>
      <trkpt lat="45.58897" lon="24.74324">
        <ele>2346.18</ele>
        <time>2023-10-07T11:31:36Z</time>
      </trkpt>
      <trkpt lat="45.58896" lon="24.74323">
        <ele>2346.27</ele>
        <time>2023-10-07T11:31:38Z</time>
      </trkpt>
      <trkpt lat="45.58892" lon="24.74324">
        <ele>2348.51</ele>
        <time>2023-10-07T11:31:48Z</time>
      </trkpt>
      <trkpt lat="45.5889" lon="24.74324">
        <ele>2349.45</ele>
        <time>2023-10-07T11:31:51Z</time>
      </trkpt>
      <trkpt lat="45.58889" lon="24.74323">
        <ele>2349.48</ele>
        <time>2023-10-07T11:31:54Z</time>
      </trkpt>
      <trkpt lat="45.58887" lon="24.74323">
        <ele>2350.93</ele>
        <time>2023-10-07T11:31:58Z</time>
      </trkpt>
      <trkpt lat="45.58886" lon="24.74323">
        <ele>2351.67</ele>
        <time>2023-10-07T11:32:00Z</time>
      </trkpt>
      <trkpt lat="45.58886" lon="24.74324">
        <ele>2352.08</ele>
        <time>2023-10-07T11:32:03Z</time>
      </trkpt>
      <trkpt lat="45.58886" lon="24.74326">
        <ele>2352.92</ele>
        <time>2023-10-07T11:32:06Z</time>
      </trkpt>
      <trkpt lat="45.58886" lon="24.74329">
        <ele>2354.17</ele>
        <time>2023-10-07T11:32:13Z</time>
      </trkpt>
      <trkpt lat="45.58886" lon="24.74332">
        <ele>2355.42</ele>
        <time>2023-10-07T11:32:18Z</time>
      </trkpt>
      <trkpt lat="45.58885" lon="24.74332">
        <ele>2356.11</ele>
        <time>2023-10-07T11:32:24Z</time>
      </trkpt>
      <trkpt lat="45.58884" lon="24.74332">
        <ele>2356.8</ele>
        <time>2023-10-07T11:32:25Z</time>
      </trkpt>
      <trkpt lat="45.58882" lon="24.74332">
        <ele>2358.18</ele>
        <time>2023-10-07T11:32:30Z</time>
      </trkpt>
      <trkpt lat="45.58881" lon="24.74333">
        <ele>2359.27</ele>
        <time>2023-10-07T11:32:32Z</time>
      </trkpt>
      <trkpt lat="45.5888" lon="24.74332">
        <ele>2359.57</ele>
        <time>2023-10-07T11:32:34Z</time>
      </trkpt>
      <trkpt lat="45.58875" lon="24.74332">
        <ele>2363.02</ele>
        <time>2023-10-07T11:32:43Z</time>
      </trkpt>
      <trkpt lat="45.58875" lon="24.74332">
        <ele>2363.02</ele>
        <time>2023-10-07T11:32:44Z</time>
      </trkpt>
      <trkpt lat="45.58874" lon="24.74332">
        <ele>2363.71</ele>
        <time>2023-10-07T11:32:45Z</time>
      </trkpt>
      <trkpt lat="45.58874" lon="24.74333">
        <ele>2364.07</ele>
        <time>2023-10-07T11:32:49Z</time>
      </trkpt>
      <trkpt lat="45.58874" lon="24.74335">
        <ele>2364.54</ele>
        <time>2023-10-07T11:32:53Z</time>
      </trkpt>
      <trkpt lat="45.58874" lon="24.74338">
        <ele>2365.17</ele>
        <time>2023-10-07T11:32:58Z</time>
      </trkpt>
      <trkpt lat="45.58874" lon="24.7434">
        <ele>2365.59</ele>
        <time>2023-10-07T11:33:02Z</time>
      </trkpt>
    </trkseg>
    <trkseg>
      <trkpt lat="45.58874" lon="24.74341">
        <ele>2365.8</ele>
        <time>2023-10-07T11:33:03Z</time>
      </trkpt>
      <trkpt lat="45.58872" lon="24.74342">
        <ele>2367.29</ele>
        <time>2023-10-07T11:33:06Z</time>
      </trkpt>
      <trkpt lat="45.5887" lon="24.74341">
        <ele>2368.38</ele>
        <time>2023-10-07T11:33:09Z</time>
      </trkpt>
      <trkpt lat="45.5887" lon="24.74341">
        <ele>2368.38</ele>
        <time>2023-10-07T11:33:10Z</time>
      </trkpt>
      <trkpt lat="45.58868" lon="24.7434">
        <ele>2369.49</ele>
        <time>2023-10-07T11:33:15Z</time>
      </trkpt>
      <trkpt lat="45.58867" lon="24.74339">
        <ele>2369.96</ele>
        <time>2023-10-07T11:33:16Z</time>
      </trkpt>
      <trkpt lat="45.58865" lon="24.74337">
        <ele>2370.94</ele>
        <time>2023-10-07T11:33:22Z</time>
      </trkpt>
      <trkpt lat="45.58865" lon="24.74336">
        <ele>2370.78</ele>
        <time>2023-10-07T11:33:26Z</time>
      </trkpt>
      <trkpt lat="45.58865" lon="24.74336">
        <ele>2370.78</ele>
        <time>2023-10-07T11:33:28Z</time>
      </trkpt>
      <trkpt lat="45.58865" lon="24.74336">
        <ele>2370.78</ele>
        <time>2023-10-07T11:33:42Z</time>
      </trkpt>
      <trkpt lat="45.58863" lon="24.74337">
        <ele>2372.27</ele>
        <time>2023-10-07T11:33:59Z</time>
      </trkpt>
      <trkpt lat="45.58863" lon="24.74337">
        <ele>2372.27</ele>
        <time>2023-10-07T11:34:01Z</time>
      </trkpt>
      <trkpt lat="45.58863" lon="24.74338">
        <ele>2372.43</ele>
        <time>2023-10-07T11:34:04Z</time>
      </trkpt>
      <trkpt lat="45.58863" lon="24.74339">
        <ele>2372.58</ele>
        <time>2023-10-07T11:34:09Z</time>
      </trkpt>
      <trkpt lat="45.58862" lon="24.74339">
        <ele>2373.23</ele>
        <time>2023-10-07T11:34:11Z</time>
      </trkpt>
      <trkpt lat="45.58856" lon="24.74334">
        <ele>2374.74</ele>
        <time>2023-10-07T11:34:22Z</time>
      </trkpt>
      <trkpt lat="45.58852" lon="24.74332">
        <ele>2375.58</ele>
        <time>2023-10-07T11:34:29Z</time>
      </trkpt>
      <trkpt lat="45.58852" lon="24.74334">
        <ele>2376.03</ele>
        <time>2023-10-07T11:34:34Z</time>
      </trkpt>
      <trkpt lat="45.58854" lon="24.74336">
        <ele>2375.64</ele>
        <time>2023-10-07T11:34:38Z</time>
      </trkpt>
      <trkpt lat="45.58854" lon="24.74338">
        <ele>2375.89</ele>
        <time>2023-10-07T11:34:42Z</time>
      </trkpt>
      <trkpt lat="45.58854" lon="24.74338">
        <ele>2375.89</ele>
        <time>2023-10-07T11:34:43Z</time>
      </trkpt>
      <trkpt lat="45.58854" lon="24.74338">
        <ele>2375.89</ele>
        <time>2023-10-07T11:35:04Z</time>
      </trkpt>
      <trkpt lat="45.58854" lon="24.74338">
        <ele>2375.89</ele>
        <time>2023-10-07T11:35:05Z</time>
      </trkpt>
      <trkpt lat="45.58854" lon="24.74341">
        <ele>2376.27</ele>
        <time>2023-10-07T11:35:09Z</time>
      </trkpt>
      <trkpt lat="45.58854" lon="24.74341">
        <ele>2376.27</ele>
        <time>2023-10-07T11:35:10Z</time>
      </trkpt>
      <trkpt lat="45.58853" lon="24.74342">
        <ele>2376.69</ele>
        <time>2023-10-07T11:35:14Z</time>
      </trkpt>
      <trkpt lat="45.58852" lon="24.74345">
        <ele>2377.36</ele>
        <time>2023-10-07T11:35:18Z</time>
      </trkpt>
      <trkpt lat="45.58852" lon="24.74346">
        <ele>2377.48</ele>
        <time>2023-10-07T11:35:21Z</time>
      </trkpt>
      <trkpt lat="45.58849" lon="24.74346">
        <ele>2378.35</ele>
        <time>2023-10-07T11:35:27Z</time>
      </trkpt>
      <trkpt lat="45.58848" lon="24.74347">
        <ele>2378.75</ele>
        <time>2023-10-07T11:35:31Z</time>
      </trkpt>
      <trkpt lat="45.58841" lon="24.74343">
        <ele>2380.4</ele>
        <time>2023-10-07T11:35:45Z</time>
      </trkpt>
      <trkpt lat="45.58838" lon="24.74341">
        <ele>2381.13</ele>
        <time>2023-10-07T11:35:48Z</time>
      </trkpt>
      <trkpt lat="45.58831" lon="24.7434">
        <ele>2383.05</ele>
        <time>2023-10-07T11:35:54Z</time>
      </trkpt>
      <trkpt lat="45.58825" lon="24.74345">
        <ele>2384.61</ele>
        <time>2023-10-07T11:36:02Z</time>
      </trkpt>
      <trkpt lat="45.58822" lon="24.74349">
        <ele>2385.24</ele>
        <time>2023-10-07T11:36:07Z</time>
      </trkpt>
      <trkpt lat="45.58817" lon="24.74352">
        <ele>2386.07</ele>
        <time>2023-10-07T11:36:13Z</time>
      </trkpt>
      <trkpt lat="45.58816" lon="24.74352">
        <ele>2386.24</ele>
        <time>2023-10-07T11:36:14Z</time>
      </trkpt>
      <trkpt lat="45.58811" lon="24.74354">
        <ele>2386.93</ele>
        <time>2023-10-07T11:36:20Z</time>
      </trkpt>
      <trkpt lat="45.5881" lon="24.74354">
        <ele>2387.08</ele>
        <time>2023-10-07T11:36:21Z</time>
      </trkpt>
      <trkpt lat="45.58807" lon="24.74355">
        <ele>2387.45</ele>
        <time>2023-10-07T11:36:25Z</time>
      </trkpt>
      <trkpt lat="45.58801" lon="24.74356">
        <ele>2389.28</ele>
        <time>2023-10-07T11:36:31Z</time>
      </trkpt>
      <trkpt lat="45.58797" lon="24.74357">
        <ele>2390.66</ele>
        <time>2023-10-07T11:36:36Z</time>
      </trkpt>
      <trkpt lat="45.58794" lon="24.74358">
        <ele>2391.64</ele>
        <time>2023-10-07T11:36:41Z</time>
      </trkpt>
      <trkpt lat="45.58792" lon="24.74359">
        <ele>2392.22</ele>
        <time>2023-10-07T11:36:44Z</time>
      </trkpt>
      <trkpt lat="45.58791" lon="24.74362">
        <ele>2392.04</ele>
        <time>2023-10-07T11:36:48Z</time>
      </trkpt>
      <trkpt lat="45.5879" lon="24.74365">
        <ele>2391.73</ele>
        <time>2023-10-07T11:36:52Z</time>
      </trkpt>
      <trkpt lat="45.5879" lon="24.74367">
        <ele>2391.28</ele>
        <time>2023-10-07T11:36:55Z</time>
      </trkpt>
      <trkpt lat="45.58789" lon="24.74371">
        <ele>2390.69</ele>
        <time>2023-10-07T11:37:00Z</time>
      </trkpt>
      <trkpt lat="45.58787" lon="24.74373">
        <ele>2390.82</ele>
        <time>2023-10-07T11:37:05Z</time>
      </trkpt>
      <trkpt lat="45.58786" lon="24.74373">
        <ele>2391.12</ele>
        <time>2023-10-07T11:37:07Z</time>
      </trkpt>
      <trkpt lat="45.58785" lon="24.74369">
        <ele>2392.42</ele>
        <time>2023-10-07T11:37:12Z</time>
      </trkpt>
      <trkpt lat="45.58787" lon="24.74367">
        <ele>2392.27</ele>
        <time>2023-10-07T11:37:14Z</time>
      </trkpt>
      <trkpt lat="45.58793" lon="24.74364">
        <ele>2390.92</ele>
        <time>2023-10-07T11:37:21Z</time>
      </trkpt>
      <trkpt lat="45.58794" lon="24.74363">
        <ele>2390.77</ele>
        <time>2023-10-07T11:37:23Z</time>
      </trkpt>
      <trkpt lat="45.58795" lon="24.74362">
        <ele>2390.62</ele>
        <time>2023-10-07T11:37:26Z</time>
      </trkpt>
      <trkpt lat="45.58796" lon="24.7436">
        <ele>2390.6</ele>
        <time>2023-10-07T11:37:30Z</time>
      </trkpt>
      <trkpt lat="45.58798" lon="24.74359">
        <ele>2390.01</ele>
        <time>2023-10-07T11:37:39Z</time>
      </trkpt>
      <trkpt lat="45.58798" lon="24.74359">
        <ele>2390.01</ele>
        <time>2023-10-07T11:37:41Z</time>
      </trkpt>
      <trkpt lat="45.58798" lon="24.74361">
        <ele>2389.74</ele>
        <time>2023-10-07T11:37:46Z</time>
      </trkpt>
      <trkpt lat="45.58798" lon="24.74361">
        <ele>2389.74</ele>
        <time>2023-10-07T11:37:50Z</time>
      </trkpt>
      <trkpt lat="45.58798" lon="24.7436">
        <ele>2389.87</ele>
        <time>2023-10-07T11:38:28Z</time>
      </trkpt>
      <trkpt lat="45.58798" lon="24.7436">
        <ele>2389.87</ele>
        <time>2023-10-07T11:38:52Z</time>
      </trkpt>
      <trkpt lat="45.58798" lon="24.7436">
        <ele>2389.87</ele>
        <time>2023-10-07T11:38:59Z</time>
      </trkpt>
      <trkpt lat="45.58798" lon="24.74363">
        <ele>2389.37</ele>
        <time>2023-10-07T11:39:18Z</time>
      </trkpt>
      <trkpt lat="45.58798" lon="24.74363">
        <ele>2389.37</ele>
        <time>2023-10-07T11:39:36Z</time>
      </trkpt>
      <trkpt lat="45.58798" lon="24.74363">
        <ele>2389.37</ele>
        <time>2023-10-07T11:39:37Z</time>
      </trkpt>
      <trkpt lat="45.58798" lon="24.74363">
        <ele>2389.37</ele>
        <time>2023-10-07T11:39:43Z</time>
      </trkpt>
      <trkpt lat="45.58798" lon="24.74363">
        <ele>2389.37</ele>
        <time>2023-10-07T11:40:10Z</time>
      </trkpt>
      <trkpt lat="45.58798" lon="24.74364">
        <ele>2389.19</ele>
        <time>2023-10-07T11:40:16Z</time>
      </trkpt>
      <trkpt lat="45.58798" lon="24.74364">
        <ele>2389.19</ele>
        <time>2023-10-07T11:40:22Z</time>
      </trkpt>
      <trkpt lat="45.58797" lon="24.74364">
        <ele>2389.54</ele>
        <time>2023-10-07T11:40:33Z</time>
      </trkpt>
      <trkpt lat="45.58797" lon="24.74364">
        <ele>2389.54</ele>
        <time>2023-10-07T11:40:43Z</time>
      </trkpt>
      <trkpt lat="45.58798" lon="24.74365">
        <ele>2389.01</ele>
        <time>2023-10-07T11:40:52Z</time>
      </trkpt>
      <trkpt lat="45.58799" lon="24.74365">
        <ele>2388.67</ele>
        <time>2023-10-07T11:41:07Z</time>
      </trkpt>
      <trkpt lat="45.58799" lon="24.74365">
        <ele>2388.67</ele>
        <time>2023-10-07T11:41:13Z</time>
      </trkpt>
      <trkpt lat="45.58799" lon="24.74365">
        <ele>2388.67</ele>
        <time>2023-10-07T11:41:16Z</time>
      </trkpt>
      <trkpt lat="45.58799" lon="24.74365">
        <ele>2388.67</ele>
        <time>2023-10-07T11:41:34Z</time>
      </trkpt>
      <trkpt lat="45.58799" lon="24.74365">
        <ele>2388.67</ele>
        <time>2023-10-07T11:41:35Z</time>
      </trkpt>
      <trkpt lat="45.58799" lon="24.74364">
        <ele>2388.85</ele>
        <time>2023-10-07T11:41:59Z</time>
      </trkpt>
      <trkpt lat="45.58799" lon="24.74364">
        <ele>2388.85</ele>
        <time>2023-10-07T11:42:11Z</time>
      </trkpt>
      <trkpt lat="45.58799" lon="24.74364">
        <ele>2388.85</ele>
        <time>2023-10-07T11:42:23Z</time>
      </trkpt>
      <trkpt lat="45.58799" lon="24.74364">
        <ele>2388.85</ele>
        <time>2023-10-07T11:42:30Z</time>
      </trkpt>
      <trkpt lat="45.58799" lon="24.74364">
        <ele>2388.85</ele>
        <time>2023-10-07T11:42:31Z</time>
      </trkpt>
      <trkpt lat="45.58799" lon="24.74364">
        <ele>2388.85</ele>
        <time>2023-10-07T11:42:32Z</time>
      </trkpt>
      <trkpt lat="45.58798" lon="24.74364">
        <ele>2389.19</ele>
        <time>2023-10-07T11:42:45Z</time>
      </trkpt>
      <trkpt lat="45.58792" lon="24.7436">
        <ele>2392.06</ele>
        <time>2023-10-07T11:42:49Z</time>
      </trkpt>
      <trkpt lat="45.58783" lon="24.74354">
        <ele>2396.51</ele>
        <time>2023-10-07T11:42:56Z</time>
      </trkpt>
      <trkpt lat="45.5878" lon="24.7435">
        <ele>2398.5</ele>
        <time>2023-10-07T11:43:00Z</time>
      </trkpt>
      <trkpt lat="45.58777" lon="24.74347">
        <ele>2400.38</ele>
        <time>2023-10-07T11:43:04Z</time>
      </trkpt>
      <trkpt lat="45.58773" lon="24.74342">
        <ele>2403.19</ele>
        <time>2023-10-07T11:43:09Z</time>
      </trkpt>
      <trkpt lat="45.58771" lon="24.7434">
        <ele>2404.49</ele>
        <time>2023-10-07T11:43:11Z</time>
      </trkpt>
      <trkpt lat="45.5877" lon="24.74339">
        <ele>2405.14</ele>
        <time>2023-10-07T11:43:13Z</time>
      </trkpt>
      <trkpt lat="45.58768" lon="24.74337">
        <ele>2406.43</ele>
        <time>2023-10-07T11:43:15Z</time>
      </trkpt>
      <trkpt lat="45.58766" lon="24.74334">
        <ele>2407.94</ele>
        <time>2023-10-07T11:43:18Z</time>
      </trkpt>
      <trkpt lat="45.58765" lon="24.74331">
        <ele>2408.22</ele>
        <time>2023-10-07T11:43:20Z</time>
      </trkpt>
      <trkpt lat="45.58763" lon="24.74328">
        <ele>2408.73</ele>
        <time>2023-10-07T11:43:22Z</time>
      </trkpt>
      <trkpt lat="45.58758" lon="24.74322">
        <ele>2410.38</ele>
        <time>2023-10-07T11:43:28Z</time>
      </trkpt>
      <trkpt lat="45.58757" lon="24.74321">
        <ele>2410.75</ele>
        <time>2023-10-07T11:43:29Z</time>
      </trkpt>
      <trkpt lat="45.58755" lon="24.74319">
        <ele>2411.53</ele>
        <time>2023-10-07T11:43:31Z</time>
      </trkpt>
      <trkpt lat="45.58751" lon="24.74314">
        <ele>2413.1</ele>
        <time>2023-10-07T11:43:37Z</time>
      </trkpt>
      <trkpt lat="45.58749" lon="24.74311">
        <ele>2413.42</ele>
        <time>2023-10-07T11:43:40Z</time>
      </trkpt>
      <trkpt lat="45.58746" lon="24.74303">
        <ele>2412.25</ele>
        <time>2023-10-07T11:43:46Z</time>
      </trkpt>
      <trkpt lat="45.58746" lon="24.74302">
        <ele>2411.84</ele>
        <time>2023-10-07T11:43:47Z</time>
      </trkpt>
      <trkpt lat="45.58746" lon="24.743">
        <ele>2411.03</ele>
        <time>2023-10-07T11:43:48Z</time>
      </trkpt>
      <trkpt lat="45.58746" lon="24.74299">
        <ele>2410.63</ele>
        <time>2023-10-07T11:43:52Z</time>
      </trkpt>
      <trkpt lat="45.58746" lon="24.74299">
        <ele>2410.63</ele>
        <time>2023-10-07T11:43:53Z</time>
      </trkpt>
      <trkpt lat="45.58744" lon="24.74298">
        <ele>2410.46</ele>
        <time>2023-10-07T11:43:59Z</time>
      </trkpt>
      <trkpt lat="45.5874" lon="24.74295">
        <ele>2409.84</ele>
        <time>2023-10-07T11:44:06Z</time>
      </trkpt>
      <trkpt lat="45.58739" lon="24.74294">
        <ele>2409.62</ele>
        <time>2023-10-07T11:44:08Z</time>
      </trkpt>
      <trkpt lat="45.58737" lon="24.74292">
        <ele>2409.22</ele>
        <time>2023-10-07T11:44:13Z</time>
      </trkpt>
      <trkpt lat="45.58733" lon="24.74289">
        <ele>2408.9</ele>
        <time>2023-10-07T11:44:18Z</time>
      </trkpt>
      <trkpt lat="45.58731" lon="24.74288">
        <ele>2408.95</ele>
        <time>2023-10-07T11:44:21Z</time>
      </trkpt>
      <trkpt lat="45.58721" lon="24.74284">
        <ele>2409.17</ele>
        <time>2023-10-07T11:44:31Z</time>
      </trkpt>
      <trkpt lat="45.58719" lon="24.74283">
        <ele>2408.28</ele>
        <time>2023-10-07T11:44:34Z</time>
      </trkpt>
      <trkpt lat="45.58714" lon="24.74279">
        <ele>2405.87</ele>
        <time>2023-10-07T11:44:41Z</time>
      </trkpt>
      <trkpt lat="45.58713" lon="24.74278">
        <ele>2405.39</ele>
        <time>2023-10-07T11:44:42Z</time>
      </trkpt>
      <trkpt lat="45.58711" lon="24.74276">
        <ele>2403.9</ele>
        <time>2023-10-07T11:44:45Z</time>
      </trkpt>
      <trkpt lat="45.58711" lon="24.74275">
        <ele>2403.41</ele>
        <time>2023-10-07T11:44:47Z</time>
      </trkpt>
      <trkpt lat="45.5871" lon="24.74274">
        <ele>2402.69</ele>
        <time>2023-10-07T11:44:49Z</time>
      </trkpt>
      <trkpt lat="45.58705" lon="24.74269">
        <ele>2399.51</ele>
        <time>2023-10-07T11:44:57Z</time>
      </trkpt>
      <trkpt lat="45.58699" lon="24.74266">
        <ele>2397.58</ele>
        <time>2023-10-07T11:45:03Z</time>
      </trkpt>
      <trkpt lat="45.58696" lon="24.74265">
        <ele>2396.94</ele>
        <time>2023-10-07T11:45:06Z</time>
      </trkpt>
      <trkpt lat="45.58688" lon="24.74261">
        <ele>2395.08</ele>
        <time>2023-10-07T11:45:15Z</time>
      </trkpt>
      <trkpt lat="45.58682" lon="24.74259">
        <ele>2394.09</ele>
        <time>2023-10-07T11:45:21Z</time>
      </trkpt>
      <trkpt lat="45.5868" lon="24.74259">
        <ele>2393.91</ele>
        <time>2023-10-07T11:45:23Z</time>
      </trkpt>
      <trkpt lat="45.58676" lon="24.74259">
        <ele>2393.53</ele>
        <time>2023-10-07T11:45:27Z</time>
      </trkpt>
      <trkpt lat="45.58671" lon="24.74259">
        <ele>2393.06</ele>
        <time>2023-10-07T11:45:33Z</time>
      </trkpt>
      <trkpt lat="45.58668" lon="24.74259">
        <ele>2392.77</ele>
        <time>2023-10-07T11:45:36Z</time>
      </trkpt>
      <trkpt lat="45.58661" lon="24.74258">
        <ele>2390.74</ele>
        <time>2023-10-07T11:45:45Z</time>
      </trkpt>
      <trkpt lat="45.58658" lon="24.74257">
        <ele>2389.62</ele>
        <time>2023-10-07T11:45:48Z</time>
      </trkpt>
      <trkpt lat="45.58654" lon="24.74253">
        <ele>2387.54</ele>
        <time>2023-10-07T11:45:54Z</time>
      </trkpt>
      <trkpt lat="45.58652" lon="24.74252">
        <ele>2386.6</ele>
        <time>2023-10-07T11:45:57Z</time>
      </trkpt>
      <trkpt lat="45.58645" lon="24.74244">
        <ele>2382.47</ele>
        <time>2023-10-07T11:46:09Z</time>
      </trkpt>
      <trkpt lat="45.58634" lon="24.74238">
        <ele>2378.68</ele>
        <time>2023-10-07T11:46:22Z</time>
      </trkpt>
      <trkpt lat="45.58621" lon="24.74235">
        <ele>2374.37</ele>
        <time>2023-10-07T11:46:35Z</time>
      </trkpt>
      <trkpt lat="45.58618" lon="24.74236">
        <ele>2373.59</ele>
        <time>2023-10-07T11:46:38Z</time>
      </trkpt>
      <trkpt lat="45.58615" lon="24.74236">
        <ele>2372.67</ele>
        <time>2023-10-07T11:46:41Z</time>
      </trkpt>
      <trkpt lat="45.58614" lon="24.74236">
        <ele>2372.37</ele>
        <time>2023-10-07T11:46:42Z</time>
      </trkpt>
      <trkpt lat="45.58611" lon="24.74235">
        <ele>2371.26</ele>
        <time>2023-10-07T11:46:45Z</time>
      </trkpt>
      <trkpt lat="45.58609" lon="24.74234">
        <ele>2370.33</ele>
        <time>2023-10-07T11:46:47Z</time>
      </trkpt>
      <trkpt lat="45.58597" lon="24.74233">
        <ele>2365.66</ele>
        <time>2023-10-07T11:46:58Z</time>
      </trkpt>
      <trkpt lat="45.58596" lon="24.74233">
        <ele>2365.29</ele>
        <time>2023-10-07T11:46:59Z</time>
      </trkpt>
      <trkpt lat="45.5859" lon="24.74233">
        <ele>2363.05</ele>
        <time>2023-10-07T11:47:05Z</time>
      </trkpt>
      <trkpt lat="45.58582" lon="24.74233">
        <ele>2360.45</ele>
        <time>2023-10-07T11:47:12Z</time>
      </trkpt>
      <trkpt lat="45.5858" lon="24.74233">
        <ele>2360.29</ele>
        <time>2023-10-07T11:47:14Z</time>
      </trkpt>
      <trkpt lat="45.58575" lon="24.74232">
        <ele>2359.72</ele>
        <time>2023-10-07T11:47:18Z</time>
      </trkpt>
      <trkpt lat="45.58572" lon="24.74232">
        <ele>2359.47</ele>
        <time>2023-10-07T11:47:21Z</time>
      </trkpt>
      <trkpt lat="45.58567" lon="24.74231">
        <ele>2358.87</ele>
        <time>2023-10-07T11:47:26Z</time>
      </trkpt>
      <trkpt lat="45.58557" lon="24.74229">
        <ele>2357.59</ele>
        <time>2023-10-07T11:47:38Z</time>
      </trkpt>
      <trkpt lat="45.58556" lon="24.7423">
        <ele>2357.72</ele>
        <time>2023-10-07T11:47:40Z</time>
      </trkpt>
      <trkpt lat="45.58549" lon="24.7423">
        <ele>2358.93</ele>
        <time>2023-10-07T11:47:47Z</time>
      </trkpt>
      <trkpt lat="45.58547" lon="24.7423">
        <ele>2359.31</ele>
        <time>2023-10-07T11:47:49Z</time>
      </trkpt>
      <trkpt lat="45.58546" lon="24.7423">
        <ele>2359.5</ele>
        <time>2023-10-07T11:47:50Z</time>
      </trkpt>
      <trkpt lat="45.58543" lon="24.74229">
        <ele>2359.83</ele>
        <time>2023-10-07T11:47:57Z</time>
      </trkpt>
      <trkpt lat="45.58543" lon="24.74229">
        <ele>2359.83</ele>
        <time>2023-10-07T11:47:58Z</time>
      </trkpt>
      <trkpt lat="45.58542" lon="24.7423">
        <ele>2360.26</ele>
        <time>2023-10-07T11:48:03Z</time>
      </trkpt>
      <trkpt lat="45.58538" lon="24.74229">
        <ele>2360.78</ele>
        <time>2023-10-07T11:48:07Z</time>
      </trkpt>
      <trkpt lat="45.58531" lon="24.74227">
        <ele>2361.6</ele>
        <time>2023-10-07T11:48:14Z</time>
      </trkpt>
      <trkpt lat="45.58531" lon="24.74227">
        <ele>2361.6</ele>
        <time>2023-10-07T11:48:15Z</time>
      </trkpt>
      <trkpt lat="45.58522" lon="24.74226">
        <ele>2363.32</ele>
        <time>2023-10-07T11:48:23Z</time>
      </trkpt>
      <trkpt lat="45.58512" lon="24.74229">
        <ele>2366.27</ele>
        <time>2023-10-07T11:48:33Z</time>
      </trkpt>
      <trkpt lat="45.58508" lon="24.74229">
        <ele>2367.17</ele>
        <time>2023-10-07T11:48:38Z</time>
      </trkpt>
      <trkpt lat="45.58505" lon="24.74229">
        <ele>2367.85</ele>
        <time>2023-10-07T11:48:41Z</time>
      </trkpt>
      <trkpt lat="45.58498" lon="24.74229">
        <ele>2370.2</ele>
        <time>2023-10-07T11:48:48Z</time>
      </trkpt>
      <trkpt lat="45.58496" lon="24.74229">
        <ele>2371.43</ele>
        <time>2023-10-07T11:48:50Z</time>
      </trkpt>
      <trkpt lat="45.58494" lon="24.7423">
        <ele>2372.77</ele>
        <time>2023-10-07T11:48:52Z</time>
      </trkpt>
      <trkpt lat="45.58489" lon="24.74231">
        <ele>2375.89</ele>
        <time>2023-10-07T11:48:56Z</time>
      </trkpt>
      <trkpt lat="45.58487" lon="24.74232">
        <ele>2377.17</ele>
        <time>2023-10-07T11:48:58Z</time>
      </trkpt>
      <trkpt lat="45.58485" lon="24.74233">
        <ele>2378.43</ele>
        <time>2023-10-07T11:49:01Z</time>
      </trkpt>
      <trkpt lat="45.58483" lon="24.74233">
        <ele>2379.62</ele>
        <time>2023-10-07T11:49:03Z</time>
      </trkpt>
      <trkpt lat="45.58476" lon="24.74234">
        <ele>2383.78</ele>
        <time>2023-10-07T11:49:11Z</time>
      </trkpt>
      <trkpt lat="45.58467" lon="24.74235">
        <ele>2387.1</ele>
        <time>2023-10-07T11:49:20Z</time>
      </trkpt>
      <trkpt lat="45.58465" lon="24.74236">
        <ele>2387.44</ele>
        <time>2023-10-07T11:49:23Z</time>
      </trkpt>
      <trkpt lat="45.58465" lon="24.74236">
        <ele>2387.44</ele>
        <time>2023-10-07T11:49:27Z</time>
      </trkpt>
      <trkpt lat="45.58464" lon="24.74236">
        <ele>2387.64</ele>
        <time>2023-10-07T11:49:30Z</time>
      </trkpt>
      <trkpt lat="45.58463" lon="24.74236">
        <ele>2387.84</ele>
        <time>2023-10-07T11:49:32Z</time>
      </trkpt>
      <trkpt lat="45.58463" lon="24.74236">
        <ele>2387.84</ele>
        <time>2023-10-07T11:49:33Z</time>
      </trkpt>
      <trkpt lat="45.58463" lon="24.74236">
        <ele>2387.84</ele>
        <time>2023-10-07T11:49:35Z</time>
      </trkpt>
      <trkpt lat="45.5846" lon="24.7424">
        <ele>2387.87</ele>
        <time>2023-10-07T11:49:42Z</time>
      </trkpt>
      <trkpt lat="45.58459" lon="24.74241">
        <ele>2387.86</ele>
        <time>2023-10-07T11:49:44Z</time>
      </trkpt>
      <trkpt lat="45.58457" lon="24.74243">
        <ele>2387.79</ele>
        <time>2023-10-07T11:49:48Z</time>
      </trkpt>
      <trkpt lat="45.58455" lon="24.74245">
        <ele>2387.62</ele>
        <time>2023-10-07T11:49:51Z</time>
      </trkpt>
      <trkpt lat="45.58453" lon="24.74246">
        <ele>2387.59</ele>
        <time>2023-10-07T11:49:54Z</time>
      </trkpt>
      <trkpt lat="45.58452" lon="24.74246">
        <ele>2387.67</ele>
        <time>2023-10-07T11:49:57Z</time>
      </trkpt>
      <trkpt lat="45.5845" lon="24.74247">
        <ele>2387.58</ele>
        <time>2023-10-07T11:50:01Z</time>
      </trkpt>
      <trkpt lat="45.58448" lon="24.74248">
        <ele>2387.44</ele>
        <time>2023-10-07T11:50:06Z</time>
      </trkpt>
      <trkpt lat="45.58448" lon="24.74249">
        <ele>2387.15</ele>
        <time>2023-10-07T11:50:09Z</time>
      </trkpt>
      <trkpt lat="45.58445" lon="24.74253">
        <ele>2386.33</ele>
        <time>2023-10-07T11:50:17Z</time>
      </trkpt>
      <trkpt lat="45.58445" lon="24.74253">
        <ele>2386.33</ele>
        <time>2023-10-07T11:50:18Z</time>
      </trkpt>
      <trkpt lat="45.58444" lon="24.74253">
        <ele>2386.47</ele>
        <time>2023-10-07T11:50:20Z</time>
      </trkpt>
      <trkpt lat="45.58442" lon="24.74253">
        <ele>2387.0</ele>
        <time>2023-10-07T11:50:24Z</time>
      </trkpt>
      <trkpt lat="45.5844" lon="24.74253">
        <ele>2387.53</ele>
        <time>2023-10-07T11:50:26Z</time>
      </trkpt>
      <trkpt lat="45.58439" lon="24.74255">
        <ele>2387.15</ele>
        <time>2023-10-07T11:50:30Z</time>
      </trkpt>
      <trkpt lat="45.58438" lon="24.74255">
        <ele>2387.38</ele>
        <time>2023-10-07T11:50:31Z</time>
      </trkpt>
      <trkpt lat="45.58438" lon="24.74258">
        <ele>2386.36</ele>
        <time>2023-10-07T11:50:34Z</time>
      </trkpt>
      <trkpt lat="45.58435" lon="24.7426">
        <ele>2386.06</ele>
        <time>2023-10-07T11:50:38Z</time>
      </trkpt>
      <trkpt lat="45.58434" lon="24.74261">
        <ele>2385.77</ele>
        <time>2023-10-07T11:50:40Z</time>
      </trkpt>
      <trkpt lat="45.58432" lon="24.74262">
        <ele>2385.54</ele>
        <time>2023-10-07T11:50:44Z</time>
      </trkpt>
      <trkpt lat="45.58429" lon="24.74262">
        <ele>2385.81</ele>
        <time>2023-10-07T11:50:49Z</time>
      </trkpt>
      <trkpt lat="45.58428" lon="24.74262">
        <ele>2385.9</ele>
        <time>2023-10-07T11:50:50Z</time>
      </trkpt>
      <trkpt lat="45.58423" lon="24.74262">
        <ele>2386.35</ele>
        <time>2023-10-07T11:50:56Z</time>
      </trkpt>
      <trkpt lat="45.5842" lon="24.74261">
        <ele>2387.32</ele>
        <time>2023-10-07T11:51:00Z</time>
      </trkpt>
      <trkpt lat="45.58418" lon="24.7426">
        <ele>2388.27</ele>
        <time>2023-10-07T11:51:03Z</time>
      </trkpt>
      <trkpt lat="45.58414" lon="24.74261">
        <ele>2386.58</ele>
        <time>2023-10-07T11:51:09Z</time>
      </trkpt>
      <trkpt lat="45.58413" lon="24.74261">
        <ele>2386.17</ele>
        <time>2023-10-07T11:51:10Z</time>
      </trkpt>
      <trkpt lat="45.58413" lon="24.74261">
        <ele>2386.17</ele>
        <time>2023-10-07T11:51:11Z</time>
      </trkpt>
      <trkpt lat="45.5841" lon="24.74262">
        <ele>2384.3</ele>
        <time>2023-10-07T11:51:14Z</time>
      </trkpt>
      <trkpt lat="45.5841" lon="24.74262">
        <ele>2384.3</ele>
        <time>2023-10-07T11:51:15Z</time>
      </trkpt>
      <trkpt lat="45.58409" lon="24.74262">
        <ele>2383.91</ele>
        <time>2023-10-07T11:51:17Z</time>
      </trkpt>
      <trkpt lat="45.58408" lon="24.74262">
        <ele>2383.51</ele>
        <time>2023-10-07T11:51:18Z</time>
      </trkpt>
      <trkpt lat="45.58407" lon="24.74263">
        <ele>2382.54</ele>
        <time>2023-10-07T11:51:19Z</time>
      </trkpt>
      <trkpt lat="45.58405" lon="24.74267">
        <ele>2379.61</ele>
        <time>2023-10-07T11:51:26Z</time>
      </trkpt>
      <trkpt lat="45.58404" lon="24.7427">
        <ele>2377.72</ele>
        <time>2023-10-07T11:51:29Z</time>
      </trkpt>
      <trkpt lat="45.58404" lon="24.74271">
        <ele>2377.2</ele>
        <time>2023-10-07T11:51:30Z</time>
      </trkpt>
      <trkpt lat="45.58403" lon="24.74272">
        <ele>2376.46</ele>
        <time>2023-10-07T11:51:32Z</time>
      </trkpt>
      <trkpt lat="45.58402" lon="24.74273">
        <ele>2375.76</ele>
        <time>2023-10-07T11:51:34Z</time>
      </trkpt>
      <trkpt lat="45.58401" lon="24.74277">
        <ele>2373.67</ele>
        <time>2023-10-07T11:51:38Z</time>
      </trkpt>
      <trkpt lat="45.58401" lon="24.74281">
        <ele>2372.1</ele>
        <time>2023-10-07T11:51:42Z</time>
      </trkpt>
      <trkpt lat="45.584" lon="24.74286">
        <ele>2370.06</ele>
        <time>2023-10-07T11:51:46Z</time>
      </trkpt>
      <trkpt lat="45.58398" lon="24.74289">
        <ele>2368.53</ele>
        <time>2023-10-07T11:51:50Z</time>
      </trkpt>
      <trkpt lat="45.58397" lon="24.74289">
        <ele>2368.33</ele>
        <time>2023-10-07T11:51:51Z</time>
      </trkpt>
      <trkpt lat="45.58394" lon="24.7429">
        <ele>2367.32</ele>
        <time>2023-10-07T11:51:54Z</time>
      </trkpt>
      <trkpt lat="45.58391" lon="24.74292">
        <ele>2365.81</ele>
        <time>2023-10-07T11:51:59Z</time>
      </trkpt>
      <trkpt lat="45.58391" lon="24.74293">
        <ele>2365.35</ele>
        <time>2023-10-07T11:52:00Z</time>
      </trkpt>
      <trkpt lat="45.58389" lon="24.74295">
        <ele>2363.97</ele>
        <time>2023-10-07T11:52:03Z</time>
      </trkpt>
      <trkpt lat="45.58389" lon="24.743">
        <ele>2361.63</ele>
        <time>2023-10-07T11:52:08Z</time>
      </trkpt>
      <trkpt lat="45.58389" lon="24.74301">
        <ele>2361.16</ele>
        <time>2023-10-07T11:52:09Z</time>
      </trkpt>
      <trkpt lat="45.58389" lon="24.74305">
        <ele>2359.3</ele>
        <time>2023-10-07T11:52:12Z</time>
      </trkpt>
      <trkpt lat="45.58387" lon="24.7431">
        <ele>2358.26</ele>
        <time>2023-10-07T11:52:17Z</time>
      </trkpt>
      <trkpt lat="45.58387" lon="24.74311">
        <ele>2358.17</ele>
        <time>2023-10-07T11:52:18Z</time>
      </trkpt>
      <trkpt lat="45.58385" lon="24.74314">
        <ele>2357.39</ele>
        <time>2023-10-07T11:52:22Z</time>
      </trkpt>
      <trkpt lat="45.58383" lon="24.74318">
        <ele>2356.38</ele>
        <time>2023-10-07T11:52:26Z</time>
      </trkpt>
      <trkpt lat="45.58383" lon="24.74322">
        <ele>2355.88</ele>
        <time>2023-10-07T11:52:30Z</time>
      </trkpt>
      <trkpt lat="45.58383" lon="24.74322">
        <ele>2355.88</ele>
        <time>2023-10-07T11:52:31Z</time>
      </trkpt>
      <trkpt lat="45.58381" lon="24.74326">
        <ele>2354.64</ele>
        <time>2023-10-07T11:52:36Z</time>
      </trkpt>
      <trkpt lat="45.5838" lon="24.74329">
        <ele>2353.82</ele>
        <time>2023-10-07T11:52:39Z</time>
      </trkpt>
      <trkpt lat="45.5838" lon="24.74331">
        <ele>2353.52</ele>
        <time>2023-10-07T11:52:41Z</time>
      </trkpt>
      <trkpt lat="45.58379" lon="24.74337">
        <ele>2351.56</ele>
        <time>2023-10-07T11:52:46Z</time>
      </trkpt>
      <trkpt lat="45.58379" lon="24.7434">
        <ele>2350.6</ele>
        <time>2023-10-07T11:52:49Z</time>
      </trkpt>
      <trkpt lat="45.58378" lon="24.74341">
        <ele>2349.91</ele>
        <time>2023-10-07T11:52:50Z</time>
      </trkpt>
      <trkpt lat="45.58377" lon="24.74343">
        <ele>2348.93</ele>
        <time>2023-10-07T11:52:52Z</time>
      </trkpt>
      <trkpt lat="45.58377" lon="24.74344">
        <ele>2348.63</ele>
        <time>2023-10-07T11:52:53Z</time>
      </trkpt>
      <trkpt lat="45.58376" lon="24.74345">
        <ele>2347.98</ele>
        <time>2023-10-07T11:52:56Z</time>
      </trkpt>
      <trkpt lat="45.58374" lon="24.74349">
        <ele>2346.18</ele>
        <time>2023-10-07T11:53:00Z</time>
      </trkpt>
      <trkpt lat="45.58371" lon="24.74352">
        <ele>2344.48</ele>
        <time>2023-10-07T11:53:04Z</time>
      </trkpt>
      <trkpt lat="45.58371" lon="24.74353">
        <ele>2344.22</ele>
        <time>2023-10-07T11:53:05Z</time>
      </trkpt>
      <trkpt lat="45.58369" lon="24.74355">
        <ele>2343.18</ele>
        <time>2023-10-07T11:53:07Z</time>
      </trkpt>
      <trkpt lat="45.58367" lon="24.74357">
        <ele>2342.2</ele>
        <time>2023-10-07T11:53:10Z</time>
      </trkpt>
      <trkpt lat="45.58367" lon="24.74359">
        <ele>2341.75</ele>
        <time>2023-10-07T11:53:13Z</time>
      </trkpt>
      <trkpt lat="45.58368" lon="24.7436">
        <ele>2341.75</ele>
        <time>2023-10-07T11:53:14Z</time>
      </trkpt>
      <trkpt lat="45.58369" lon="24.74366">
        <ele>2340.67</ele>
        <time>2023-10-07T11:53:20Z</time>
      </trkpt>
      <trkpt lat="45.58368" lon="24.74367">
        <ele>2340.27</ele>
        <time>2023-10-07T11:53:22Z</time>
      </trkpt>
      <trkpt lat="45.58366" lon="24.74371">
        <ele>2339.09</ele>
        <time>2023-10-07T11:53:27Z</time>
      </trkpt>
      <trkpt lat="45.58366" lon="24.74372">
        <ele>2338.89</ele>
        <time>2023-10-07T11:53:28Z</time>
      </trkpt>
      <trkpt lat="45.58362" lon="24.74377">
        <ele>2337.28</ele>
        <time>2023-10-07T11:53:33Z</time>
      </trkpt>
      <trkpt lat="45.58361" lon="24.7438">
        <ele>2336.57</ele>
        <time>2023-10-07T11:53:36Z</time>
      </trkpt>
      <trkpt lat="45.58359" lon="24.74386">
        <ele>2334.96</ele>
        <time>2023-10-07T11:53:41Z</time>
      </trkpt>
      <trkpt lat="45.58357" lon="24.74392">
        <ele>2333.57</ele>
        <time>2023-10-07T11:53:45Z</time>
      </trkpt>
      <trkpt lat="45.58356" lon="24.74396">
        <ele>2332.83</ele>
        <time>2023-10-07T11:53:48Z</time>
      </trkpt>
      <trkpt lat="45.58353" lon="24.744">
        <ele>2331.71</ele>
        <time>2023-10-07T11:53:53Z</time>
      </trkpt>
      <trkpt lat="45.58352" lon="24.74402">
        <ele>2331.28</ele>
        <time>2023-10-07T11:53:55Z</time>
      </trkpt>
      <trkpt lat="45.58347" lon="24.74407">
        <ele>2329.83</ele>
        <time>2023-10-07T11:54:01Z</time>
      </trkpt>
      <trkpt lat="45.58346" lon="24.7441">
        <ele>2329.39</ele>
        <time>2023-10-07T11:54:05Z</time>
      </trkpt>
      <trkpt lat="45.58342" lon="24.74415">
        <ele>2328.36</ele>
        <time>2023-10-07T11:54:11Z</time>
      </trkpt>
      <trkpt lat="45.58339" lon="24.74416">
        <ele>2327.85</ele>
        <time>2023-10-07T11:54:14Z</time>
      </trkpt>
      <trkpt lat="45.58338" lon="24.74423">
        <ele>2326.91</ele>
        <time>2023-10-07T11:54:21Z</time>
      </trkpt>
      <trkpt lat="45.58337" lon="24.74427">
        <ele>2326.31</ele>
        <time>2023-10-07T11:54:24Z</time>
      </trkpt>
      <trkpt lat="45.58337" lon="24.74428">
        <ele>2326.2</ele>
        <time>2023-10-07T11:54:25Z</time>
      </trkpt>
      <trkpt lat="45.58337" lon="24.74431">
        <ele>2325.84</ele>
        <time>2023-10-07T11:54:28Z</time>
      </trkpt>
      <trkpt lat="45.58336" lon="24.74433">
        <ele>2325.51</ele>
        <time>2023-10-07T11:54:30Z</time>
      </trkpt>
      <trkpt lat="45.58336" lon="24.74434">
        <ele>2325.39</ele>
        <time>2023-10-07T11:54:31Z</time>
      </trkpt>
      <trkpt lat="45.58335" lon="24.74437">
        <ele>2324.96</ele>
        <time>2023-10-07T11:54:34Z</time>
      </trkpt>
      <trkpt lat="45.58335" lon="24.74438">
        <ele>2324.84</ele>
        <time>2023-10-07T11:54:35Z</time>
      </trkpt>
      <trkpt lat="45.58335" lon="24.74439">
        <ele>2324.73</ele>
        <time>2023-10-07T11:54:36Z</time>
      </trkpt>
      <trkpt lat="45.58335" lon="24.74444">
        <ele>2324.17</ele>
        <time>2023-10-07T11:54:40Z</time>
      </trkpt>
      <trkpt lat="45.58334" lon="24.74448">
        <ele>2323.41</ele>
        <time>2023-10-07T11:54:44Z</time>
      </trkpt>
      <trkpt lat="45.58333" lon="24.7445">
        <ele>2322.98</ele>
        <time>2023-10-07T11:54:46Z</time>
      </trkpt>
      <trkpt lat="45.58333" lon="24.7445">
        <ele>2322.98</ele>
        <time>2023-10-07T11:54:48Z</time>
      </trkpt>
      <trkpt lat="45.58333" lon="24.74451">
        <ele>2322.8</ele>
        <time>2023-10-07T11:54:49Z</time>
      </trkpt>
      <trkpt lat="45.58333" lon="24.74451">
        <ele>2322.8</ele>
        <time>2023-10-07T11:54:50Z</time>
      </trkpt>
      <trkpt lat="45.58332" lon="24.74451">
        <ele>2322.72</ele>
        <time>2023-10-07T11:54:51Z</time>
      </trkpt>
      <trkpt lat="45.5833" lon="24.74455">
        <ele>2321.86</ele>
        <time>2023-10-07T11:54:57Z</time>
      </trkpt>
      <trkpt lat="45.58329" lon="24.74457">
        <ele>2321.43</ele>
        <time>2023-10-07T11:54:59Z</time>
      </trkpt>
      <trkpt lat="45.58328" lon="24.74458">
        <ele>2321.18</ele>
        <time>2023-10-07T11:55:01Z</time>
      </trkpt>
      <trkpt lat="45.58326" lon="24.74461">
        <ele>2320.49</ele>
        <time>2023-10-07T11:55:06Z</time>
      </trkpt>
      <trkpt lat="45.58326" lon="24.74464">
        <ele>2319.95</ele>
        <time>2023-10-07T11:55:08Z</time>
      </trkpt>
      <trkpt lat="45.58326" lon="24.74465">
        <ele>2319.77</ele>
        <time>2023-10-07T11:55:10Z</time>
      </trkpt>
      <trkpt lat="45.58324" lon="24.74468">
        <ele>2319.09</ele>
        <time>2023-10-07T11:55:14Z</time>
      </trkpt>
      <trkpt lat="45.58323" lon="24.7447">
        <ele>2318.66</ele>
        <time>2023-10-07T11:55:17Z</time>
      </trkpt>
      <trkpt lat="45.58321" lon="24.74471">
        <ele>2318.33</ele>
        <time>2023-10-07T11:55:21Z</time>
      </trkpt>
      <trkpt lat="45.5832" lon="24.74473">
        <ele>2317.9</ele>
        <time>2023-10-07T11:55:24Z</time>
      </trkpt>
      <trkpt lat="45.58318" lon="24.74476">
        <ele>2317.22</ele>
        <time>2023-10-07T11:55:27Z</time>
      </trkpt>
      <trkpt lat="45.58318" lon="24.74477">
        <ele>2317.04</ele>
        <time>2023-10-07T11:55:28Z</time>
      </trkpt>
      <trkpt lat="45.58317" lon="24.7448">
        <ele>2316.42</ele>
        <time>2023-10-07T11:55:31Z</time>
      </trkpt>
      <trkpt lat="45.58316" lon="24.74486">
        <ele>2315.27</ele>
        <time>2023-10-07T11:55:35Z</time>
      </trkpt>
      <trkpt lat="45.58316" lon="24.74488">
        <ele>2314.91</ele>
        <time>2023-10-07T11:55:36Z</time>
      </trkpt>
      <trkpt lat="45.58314" lon="24.74495">
        <ele>2313.51</ele>
        <time>2023-10-07T11:55:41Z</time>
      </trkpt>
      <trkpt lat="45.58312" lon="24.745">
        <ele>2312.46</ele>
        <time>2023-10-07T11:55:46Z</time>
      </trkpt>
      <trkpt lat="45.58311" lon="24.745">
        <ele>2312.39</ele>
        <time>2023-10-07T11:55:47Z</time>
      </trkpt>
      <trkpt lat="45.58312" lon="24.745">
        <ele>2312.46</ele>
        <time>2023-10-07T11:55:55Z</time>
      </trkpt>
      <trkpt lat="45.58312" lon="24.745">
        <ele>2312.46</ele>
        <time>2023-10-07T11:56:02Z</time>
      </trkpt>
      <trkpt lat="45.58312" lon="24.74501">
        <ele>2312.25</ele>
        <time>2023-10-07T11:56:03Z</time>
      </trkpt>
      <trkpt lat="45.58309" lon="24.74506">
        <ele>2310.95</ele>
        <time>2023-10-07T11:56:07Z</time>
      </trkpt>
      <trkpt lat="45.58309" lon="24.74507">
        <ele>2310.74</ele>
        <time>2023-10-07T11:56:08Z</time>
      </trkpt>
      <trkpt lat="45.58308" lon="24.74511">
        <ele>2309.8</ele>
        <time>2023-10-07T11:56:11Z</time>
      </trkpt>
      <trkpt lat="45.58307" lon="24.74514">
        <ele>2309.08</ele>
        <time>2023-10-07T11:56:14Z</time>
      </trkpt>
      <trkpt lat="45.58307" lon="24.74515">
        <ele>2308.86</ele>
        <time>2023-10-07T11:56:15Z</time>
      </trkpt>
      <trkpt lat="45.58307" lon="24.74515">
        <ele>2308.86</ele>
        <time>2023-10-07T11:56:16Z</time>
      </trkpt>
      <trkpt lat="45.58305" lon="24.74517">
        <ele>2308.09</ele>
        <time>2023-10-07T11:56:20Z</time>
      </trkpt>
      <trkpt lat="45.58304" lon="24.7452">
        <ele>2307.03</ele>
        <time>2023-10-07T11:56:23Z</time>
      </trkpt>
      <trkpt lat="45.58304" lon="24.74521">
        <ele>2306.82</ele>
        <time>2023-10-07T11:56:24Z</time>
      </trkpt>
      <trkpt lat="45.58303" lon="24.74525">
        <ele>2305.57</ele>
        <time>2023-10-07T11:56:29Z</time>
      </trkpt>
      <trkpt lat="45.58303" lon="24.74526">
        <ele>2305.36</ele>
        <time>2023-10-07T11:56:31Z</time>
      </trkpt>
      <trkpt lat="45.58303" lon="24.74529">
        <ele>2304.69</ele>
        <time>2023-10-07T11:56:34Z</time>
      </trkpt>
      <trkpt lat="45.58302" lon="24.7453">
        <ele>2304.05</ele>
        <time>2023-10-07T11:56:36Z</time>
      </trkpt>
      <trkpt lat="45.58301" lon="24.74536">
        <ele>2302.22</ele>
        <time>2023-10-07T11:56:41Z</time>
      </trkpt>
      <trkpt lat="45.583" lon="24.74537">
        <ele>2301.61</ele>
        <time>2023-10-07T11:56:43Z</time>
      </trkpt>
      <trkpt lat="45.58298" lon="24.74539">
        <ele>2300.4</ele>
        <time>2023-10-07T11:56:49Z</time>
      </trkpt>
      <trkpt lat="45.58295" lon="24.74538">
        <ele>2299.52</ele>
        <time>2023-10-07T11:56:53Z</time>
      </trkpt>
      <trkpt lat="45.58292" lon="24.74539">
        <ele>2298.2</ele>
        <time>2023-10-07T11:56:57Z</time>
      </trkpt>
      <trkpt lat="45.5829" lon="24.7454">
        <ele>2297.25</ele>
        <time>2023-10-07T11:57:00Z</time>
      </trkpt>
      <trkpt lat="45.58289" lon="24.7454">
        <ele>2296.89</ele>
        <time>2023-10-07T11:57:01Z</time>
      </trkpt>
      <trkpt lat="45.58288" lon="24.7454">
        <ele>2296.52</ele>
        <time>2023-10-07T11:57:03Z</time>
      </trkpt>
      <trkpt lat="45.58286" lon="24.7454">
        <ele>2295.8</ele>
        <time>2023-10-07T11:57:06Z</time>
      </trkpt>
      <trkpt lat="45.58285" lon="24.74541">
        <ele>2295.23</ele>
        <time>2023-10-07T11:57:09Z</time>
      </trkpt>
      <trkpt lat="45.58285" lon="24.74541">
        <ele>2295.23</ele>
        <time>2023-10-07T11:57:11Z</time>
      </trkpt>
      <trkpt lat="45.58284" lon="24.7454">
        <ele>2295.07</ele>
        <time>2023-10-07T11:57:12Z</time>
      </trkpt>
      <trkpt lat="45.58284" lon="24.74541">
        <ele>2294.87</ele>
        <time>2023-10-07T11:57:15Z</time>
      </trkpt>
      <trkpt lat="45.58284" lon="24.74544">
        <ele>2294.28</ele>
        <time>2023-10-07T11:57:19Z</time>
      </trkpt>
      <trkpt lat="45.58283" lon="24.74545">
        <ele>2293.73</ele>
        <time>2023-10-07T11:57:21Z</time>
      </trkpt>
      <trkpt lat="45.5828" lon="24.74544">
        <ele>2292.87</ele>
        <time>2023-10-07T11:57:24Z</time>
      </trkpt>
      <trkpt lat="45.5828" lon="24.74543">
        <ele>2293.05</ele>
        <time>2023-10-07T11:57:25Z</time>
      </trkpt>
      <trkpt lat="45.58276" lon="24.74539">
        <ele>2292.24</ele>
        <time>2023-10-07T11:57:32Z</time>
      </trkpt>
      <trkpt lat="45.58274" lon="24.74538">
        <ele>2291.58</ele>
        <time>2023-10-07T11:57:34Z</time>
      </trkpt>
      <trkpt lat="45.58272" lon="24.74538">
        <ele>2290.74</ele>
        <time>2023-10-07T11:57:37Z</time>
      </trkpt>
      <trkpt lat="45.58271" lon="24.74538">
        <ele>2290.32</ele>
        <time>2023-10-07T11:57:38Z</time>
      </trkpt>
      <trkpt lat="45.58269" lon="24.74537">
        <ele>2289.65</ele>
        <time>2023-10-07T11:57:41Z</time>
      </trkpt>
      <trkpt lat="45.58267" lon="24.74536">
        <ele>2288.98</ele>
        <time>2023-10-07T11:57:43Z</time>
      </trkpt>
      <trkpt lat="45.58265" lon="24.74535">
        <ele>2288.3</ele>
        <time>2023-10-07T11:57:45Z</time>
      </trkpt>
      <trkpt lat="45.5826" lon="24.74536">
        <ele>2286.03</ele>
        <time>2023-10-07T11:57:50Z</time>
      </trkpt>
      <trkpt lat="45.58257" lon="24.74536">
        <ele>2284.77</ele>
        <time>2023-10-07T11:57:52Z</time>
      </trkpt>
      <trkpt lat="45.58254" lon="24.74536">
        <ele>2283.5</ele>
        <time>2023-10-07T11:57:59Z</time>
      </trkpt>
      <trkpt lat="45.5825" lon="24.74535">
        <ele>2281.96</ele>
        <time>2023-10-07T11:58:03Z</time>
      </trkpt>
      <trkpt lat="45.58249" lon="24.74535">
        <ele>2281.54</ele>
        <time>2023-10-07T11:58:05Z</time>
      </trkpt>
      <trkpt lat="45.58245" lon="24.74539">
        <ele>2279.3</ele>
        <time>2023-10-07T11:58:11Z</time>
      </trkpt>
      <trkpt lat="45.58244" lon="24.7454">
        <ele>2278.74</ele>
        <time>2023-10-07T11:58:12Z</time>
      </trkpt>
      <trkpt lat="45.58243" lon="24.74541">
        <ele>2278.19</ele>
        <time>2023-10-07T11:58:13Z</time>
      </trkpt>
      <trkpt lat="45.5824" lon="24.74541">
        <ele>2276.95</ele>
        <time>2023-10-07T11:58:17Z</time>
      </trkpt>
      <trkpt lat="45.58237" lon="24.74542">
        <ele>2275.58</ele>
        <time>2023-10-07T11:58:21Z</time>
      </trkpt>
      <trkpt lat="45.58236" lon="24.74542">
        <ele>2275.16</ele>
        <time>2023-10-07T11:58:23Z</time>
      </trkpt>
      <trkpt lat="45.58236" lon="24.74542">
        <ele>2275.16</ele>
        <time>2023-10-07T11:58:24Z</time>
      </trkpt>
      <trkpt lat="45.58233" lon="24.74543">
        <ele>2273.8</ele>
        <time>2023-10-07T11:58:29Z</time>
      </trkpt>
      <trkpt lat="45.58232" lon="24.74544">
        <ele>2273.27</ele>
        <time>2023-10-07T11:58:30Z</time>
      </trkpt>
      <trkpt lat="45.58231" lon="24.74543">
        <ele>2272.97</ele>
        <time>2023-10-07T11:58:33Z</time>
      </trkpt>
      <trkpt lat="45.58228" lon="24.74545">
        <ele>2271.51</ele>
        <time>2023-10-07T11:58:37Z</time>
      </trkpt>
      <trkpt lat="45.58227" lon="24.74546">
        <ele>2270.98</ele>
        <time>2023-10-07T11:58:38Z</time>
      </trkpt>
      <trkpt lat="45.58222" lon="24.74549">
        <ele>2268.63</ele>
        <time>2023-10-07T11:58:44Z</time>
      </trkpt>
      <trkpt lat="45.58221" lon="24.7455">
        <ele>2268.15</ele>
        <time>2023-10-07T11:58:46Z</time>
      </trkpt>
      <trkpt lat="45.58217" lon="24.74551">
        <ele>2266.58</ele>
        <time>2023-10-07T11:58:50Z</time>
      </trkpt>
      <trkpt lat="45.58213" lon="24.74552">
        <ele>2265.02</ele>
        <time>2023-10-07T11:58:54Z</time>
      </trkpt>
      <trkpt lat="45.58213" lon="24.74552">
        <ele>2265.02</ele>
        <time>2023-10-07T11:58:55Z</time>
      </trkpt>
      <trkpt lat="45.58207" lon="24.74556">
        <ele>2262.5</ele>
        <time>2023-10-07T11:59:01Z</time>
      </trkpt>
    </trkseg>
    <trkseg>
      <trkpt lat="45.58206" lon="24.74557">
        <ele>2262.11</ele>
        <time>2023-10-07T11:59:02Z</time>
      </trkpt>
      <trkpt lat="45.58206" lon="24.74558">
        <ele>2262.07</ele>
        <time>2023-10-07T11:59:03Z</time>
      </trkpt>
      <trkpt lat="45.58204" lon="24.74561">
        <ele>2261.24</ele>
        <time>2023-10-07T11:59:08Z</time>
      </trkpt>
      <trkpt lat="45.58203" lon="24.74562">
        <ele>2260.85</ele>
        <time>2023-10-07T11:59:10Z</time>
      </trkpt>
      <trkpt lat="45.58202" lon="24.74562">
        <ele>2260.49</ele>
        <time>2023-10-07T11:59:11Z</time>
      </trkpt>
      <trkpt lat="45.58198" lon="24.74565">
        <ele>2258.94</ele>
        <time>2023-10-07T11:59:15Z</time>
      </trkpt>
      <trkpt lat="45.58198" lon="24.74565">
        <ele>2258.94</ele>
        <time>2023-10-07T11:59:16Z</time>
      </trkpt>
      <trkpt lat="45.58195" lon="24.74566">
        <ele>2257.82</ele>
        <time>2023-10-07T11:59:19Z</time>
      </trkpt>
      <trkpt lat="45.58195" lon="24.74567">
        <ele>2257.79</ele>
        <time>2023-10-07T11:59:21Z</time>
      </trkpt>
      <trkpt lat="45.58193" lon="24.74568">
        <ele>2256.95</ele>
        <time>2023-10-07T11:59:23Z</time>
      </trkpt>
      <trkpt lat="45.58192" lon="24.7457">
        <ele>2256.47</ele>
        <time>2023-10-07T11:59:27Z</time>
      </trkpt>
      <trkpt lat="45.58192" lon="24.7457">
        <ele>2256.47</ele>
        <time>2023-10-07T11:59:30Z</time>
      </trkpt>
      <trkpt lat="45.58191" lon="24.7457">
        <ele>2256.06</ele>
        <time>2023-10-07T11:59:37Z</time>
      </trkpt>
      <trkpt lat="45.58191" lon="24.7457">
        <ele>2256.06</ele>
        <time>2023-10-07T11:59:38Z</time>
      </trkpt>
      <trkpt lat="45.58189" lon="24.74572">
        <ele>2255.17</ele>
        <time>2023-10-07T11:59:42Z</time>
      </trkpt>
      <trkpt lat="45.58184" lon="24.74574">
        <ele>2253.07</ele>
        <time>2023-10-07T11:59:49Z</time>
      </trkpt>
      <trkpt lat="45.58183" lon="24.74574">
        <ele>2252.67</ele>
        <time>2023-10-07T11:59:50Z</time>
      </trkpt>
      <trkpt lat="45.58182" lon="24.74576">
        <ele>2252.22</ele>
        <time>2023-10-07T11:59:53Z</time>
      </trkpt>
      <trkpt lat="45.58178" lon="24.74578">
        <ele>2250.57</ele>
        <time>2023-10-07T11:59:58Z</time>
      </trkpt>
      <trkpt lat="45.58178" lon="24.74578">
        <ele>2250.57</ele>
        <time>2023-10-07T11:59:59Z</time>
      </trkpt>
      <trkpt lat="45.58175" lon="24.74578">
        <ele>2249.36</ele>
        <time>2023-10-07T12:00:04Z</time>
      </trkpt>
      <trkpt lat="45.58172" lon="24.74583">
        <ele>2248.11</ele>
        <time>2023-10-07T12:00:10Z</time>
      </trkpt>
      <trkpt lat="45.58171" lon="24.74583">
        <ele>2247.72</ele>
        <time>2023-10-07T12:00:11Z</time>
      </trkpt>
      <trkpt lat="45.58169" lon="24.74585">
        <ele>2247.25</ele>
        <time>2023-10-07T12:00:15Z</time>
      </trkpt>
      <trkpt lat="45.58166" lon="24.74587">
        <ele>2246.58</ele>
        <time>2023-10-07T12:00:19Z</time>
      </trkpt>
      <trkpt lat="45.58166" lon="24.74588">
        <ele>2246.79</ele>
        <time>2023-10-07T12:00:22Z</time>
      </trkpt>
      <trkpt lat="45.58165" lon="24.74589">
        <ele>2246.66</ele>
        <time>2023-10-07T12:00:26Z</time>
      </trkpt>
      <trkpt lat="45.58162" lon="24.74594">
        <ele>2246.51</ele>
        <time>2023-10-07T12:00:31Z</time>
      </trkpt>
      <trkpt lat="45.58162" lon="24.74595">
        <ele>2246.68</ele>
        <time>2023-10-07T12:00:32Z</time>
      </trkpt>
      <trkpt lat="45.58161" lon="24.74596">
        <ele>2246.45</ele>
        <time>2023-10-07T12:00:33Z</time>
      </trkpt>
      <trkpt lat="45.58161" lon="24.74601">
        <ele>2247.28</ele>
        <time>2023-10-07T12:00:39Z</time>
      </trkpt>
      <trkpt lat="45.58162" lon="24.74602">
        <ele>2247.9</ele>
        <time>2023-10-07T12:00:40Z</time>
      </trkpt>
      <trkpt lat="45.58162" lon="24.74606">
        <ele>2248.59</ele>
        <time>2023-10-07T12:00:44Z</time>
      </trkpt>
      <trkpt lat="45.58162" lon="24.74611">
        <ele>2249.46</ele>
        <time>2023-10-07T12:00:49Z</time>
      </trkpt>
      <trkpt lat="45.58161" lon="24.74614">
        <ele>2248.42</ele>
        <time>2023-10-07T12:00:53Z</time>
      </trkpt>
      <trkpt lat="45.58159" lon="24.74615">
        <ele>2247.27</ele>
        <time>2023-10-07T12:00:56Z</time>
      </trkpt>
      <trkpt lat="45.58159" lon="24.74616">
        <ele>2247.11</ele>
        <time>2023-10-07T12:00:57Z</time>
      </trkpt>
      <trkpt lat="45.58156" lon="24.74617">
        <ele>2245.57</ele>
        <time>2023-10-07T12:01:02Z</time>
      </trkpt>
      <trkpt lat="45.58155" lon="24.74616">
        <ele>2245.21</ele>
        <time>2023-10-07T12:01:05Z</time>
      </trkpt>
      <trkpt lat="45.58153" lon="24.74613">
        <ele>2244.48</ele>
        <time>2023-10-07T12:01:09Z</time>
      </trkpt>
      <trkpt lat="45.58151" lon="24.74611">
        <ele>2243.53</ele>
        <time>2023-10-07T12:01:12Z</time>
      </trkpt>
      <trkpt lat="45.5815" lon="24.74611">
        <ele>2242.99</ele>
        <time>2023-10-07T12:01:14Z</time>
      </trkpt>
      <trkpt lat="45.58148" lon="24.74609">
        <ele>2241.82</ele>
        <time>2023-10-07T12:01:16Z</time>
      </trkpt>
      <trkpt lat="45.58147" lon="24.74606">
        <ele>2241.19</ele>
        <time>2023-10-07T12:01:19Z</time>
      </trkpt>
      <trkpt lat="45.58145" lon="24.74603">
        <ele>2240.14</ele>
        <time>2023-10-07T12:01:23Z</time>
      </trkpt>
      <trkpt lat="45.58143" lon="24.746">
        <ele>2239.21</ele>
        <time>2023-10-07T12:01:26Z</time>
      </trkpt>
      <trkpt lat="45.58141" lon="24.74597">
        <ele>2238.38</ele>
        <time>2023-10-07T12:01:29Z</time>
      </trkpt>
      <trkpt lat="45.5814" lon="24.74595">
        <ele>2238.02</ele>
        <time>2023-10-07T12:01:33Z</time>
      </trkpt>
      <trkpt lat="45.5814" lon="24.74595">
        <ele>2238.02</ele>
        <time>2023-10-07T12:01:34Z</time>
      </trkpt>
      <trkpt lat="45.58138" lon="24.74594">
        <ele>2237.2</ele>
        <time>2023-10-07T12:01:38Z</time>
      </trkpt>
      <trkpt lat="45.58137" lon="24.74593">
        <ele>2236.77</ele>
        <time>2023-10-07T12:01:41Z</time>
      </trkpt>
      <trkpt lat="45.58137" lon="24.74593">
        <ele>2236.77</ele>
        <time>2023-10-07T12:01:42Z</time>
      </trkpt>
      <trkpt lat="45.58138" lon="24.74593">
        <ele>2237.24</ele>
        <time>2023-10-07T12:01:52Z</time>
      </trkpt>
      <trkpt lat="45.58137" lon="24.74593">
        <ele>2236.77</ele>
        <time>2023-10-07T12:02:02Z</time>
      </trkpt>
      <trkpt lat="45.58137" lon="24.74592">
        <ele>2236.8</ele>
        <time>2023-10-07T12:02:05Z</time>
      </trkpt>
      <trkpt lat="45.58136" lon="24.74589">
        <ele>2236.4</ele>
        <time>2023-10-07T12:02:10Z</time>
      </trkpt>
      <trkpt lat="45.58133" lon="24.74586">
        <ele>2235.0</ele>
        <time>2023-10-07T12:02:18Z</time>
      </trkpt>
      <trkpt lat="45.5813" lon="24.74582">
        <ele>2233.45</ele>
        <time>2023-10-07T12:02:26Z</time>
      </trkpt>
      <trkpt lat="45.58127" lon="24.74576">
        <ele>2231.37</ele>
        <time>2023-10-07T12:02:36Z</time>
      </trkpt>
      <trkpt lat="45.58125" lon="24.74572">
        <ele>2229.78</ele>
        <time>2023-10-07T12:02:43Z</time>
      </trkpt>
      <trkpt lat="45.58124" lon="24.74572">
        <ele>2229.15</ele>
        <time>2023-10-07T12:02:46Z</time>
      </trkpt>
      <trkpt lat="45.5812" lon="24.74571">
        <ele>2226.51</ele>
        <time>2023-10-07T12:02:56Z</time>
      </trkpt>
      <trkpt lat="45.58114" lon="24.74567">
        <ele>2221.83</ele>
        <time>2023-10-07T12:03:16Z</time>
      </trkpt>
      <trkpt lat="45.58114" lon="24.74568">
        <ele>2222.05</ele>
        <time>2023-10-07T12:03:31Z</time>
      </trkpt>
      <trkpt lat="45.58114" lon="24.74568">
        <ele>2222.05</ele>
        <time>2023-10-07T12:03:36Z</time>
      </trkpt>
      <trkpt lat="45.58114" lon="24.74568">
        <ele>2222.05</ele>
        <time>2023-10-07T12:03:44Z</time>
      </trkpt>
      <trkpt lat="45.58108" lon="24.74566">
        <ele>2218.76</ele>
        <time>2023-10-07T12:04:00Z</time>
      </trkpt>
      <trkpt lat="45.58105" lon="24.74565">
        <ele>2217.69</ele>
        <time>2023-10-07T12:04:02Z</time>
      </trkpt>
      <trkpt lat="45.581" lon="24.74563">
        <ele>2215.86</ele>
        <time>2023-10-07T12:04:06Z</time>
      </trkpt>
      <trkpt lat="45.58098" lon="24.74563">
        <ele>2215.32</ele>
        <time>2023-10-07T12:04:10Z</time>
      </trkpt>
      <trkpt lat="45.5809" lon="24.74562">
        <ele>2212.95</ele>
        <time>2023-10-07T12:04:19Z</time>
      </trkpt>
      <trkpt lat="45.58089" lon="24.74562">
        <ele>2212.68</ele>
        <time>2023-10-07T12:04:20Z</time>
      </trkpt>
      <trkpt lat="45.58088" lon="24.74562">
        <ele>2212.41</ele>
        <time>2023-10-07T12:04:22Z</time>
      </trkpt>
      <trkpt lat="45.58085" lon="24.74563">
        <ele>2211.79</ele>
        <time>2023-10-07T12:04:26Z</time>
      </trkpt>
      <trkpt lat="45.58084" lon="24.74565">
        <ele>2211.88</ele>
        <time>2023-10-07T12:04:28Z</time>
      </trkpt>
      <trkpt lat="45.58082" lon="24.74566">
        <ele>2211.59</ele>
        <time>2023-10-07T12:04:29Z</time>
      </trkpt>
      <trkpt lat="45.5808" lon="24.74567">
        <ele>2211.34</ele>
        <time>2023-10-07T12:04:31Z</time>
      </trkpt>
      <trkpt lat="45.58079" lon="24.74568">
        <ele>2211.3</ele>
        <time>2023-10-07T12:04:32Z</time>
      </trkpt>
      <trkpt lat="45.58076" lon="24.74568">
        <ele>2210.66</ele>
        <time>2023-10-07T12:04:38Z</time>
      </trkpt>
      <trkpt lat="45.58076" lon="24.74568">
        <ele>2210.66</ele>
        <time>2023-10-07T12:04:39Z</time>
      </trkpt>
      <trkpt lat="45.58072" lon="24.74567">
        <ele>2209.61</ele>
        <time>2023-10-07T12:04:46Z</time>
      </trkpt>
      <trkpt lat="45.58071" lon="24.74567">
        <ele>2209.4</ele>
        <time>2023-10-07T12:04:47Z</time>
      </trkpt>
      <trkpt lat="45.58069" lon="24.74567">
        <ele>2208.96</ele>
        <time>2023-10-07T12:04:49Z</time>
      </trkpt>
      <trkpt lat="45.58063" lon="24.74567">
        <ele>2207.67</ele>
        <time>2023-10-07T12:04:56Z</time>
      </trkpt>
      <trkpt lat="45.5806" lon="24.74568">
        <ele>2207.2</ele>
        <time>2023-10-07T12:05:00Z</time>
      </trkpt>
      <trkpt lat="45.58058" lon="24.74568">
        <ele>2206.77</ele>
        <time>2023-10-07T12:05:07Z</time>
      </trkpt>
      <trkpt lat="45.58057" lon="24.74569">
        <ele>2206.73</ele>
        <time>2023-10-07T12:05:09Z</time>
      </trkpt>
      <trkpt lat="45.58052" lon="24.7457">
        <ele>2205.31</ele>
        <time>2023-10-07T12:05:17Z</time>
      </trkpt>
      <trkpt lat="45.58048" lon="24.74572">
        <ele>2204.19</ele>
        <time>2023-10-07T12:05:21Z</time>
      </trkpt>
      <trkpt lat="45.58045" lon="24.74573">
        <ele>2203.24</ele>
        <time>2023-10-07T12:05:24Z</time>
      </trkpt>
      <trkpt lat="45.58044" lon="24.74574">
        <ele>2203.02</ele>
        <time>2023-10-07T12:05:25Z</time>
      </trkpt>
      <trkpt lat="45.58038" lon="24.74577">
        <ele>2201.2</ele>
        <time>2023-10-07T12:05:32Z</time>
      </trkpt>
      <trkpt lat="45.58037" lon="24.74576">
        <ele>2200.68</ele>
        <time>2023-10-07T12:05:33Z</time>
      </trkpt>
      <trkpt lat="45.58033" lon="24.74577">
        <ele>2199.3</ele>
        <time>2023-10-07T12:05:40Z</time>
      </trkpt>
      <trkpt lat="45.5803" lon="24.74578">
        <ele>2198.27</ele>
        <time>2023-10-07T12:05:42Z</time>
      </trkpt>
      <trkpt lat="45.58024" lon="24.74579">
        <ele>2196.89</ele>
        <time>2023-10-07T12:05:48Z</time>
      </trkpt>
      <trkpt lat="45.58022" lon="24.7458">
        <ele>2196.65</ele>
        <time>2023-10-07T12:05:51Z</time>
      </trkpt>
      <trkpt lat="45.58016" lon="24.74584">
        <ele>2196.01</ele>
        <time>2023-10-07T12:05:58Z</time>
      </trkpt>
      <trkpt lat="45.58014" lon="24.74584">
        <ele>2195.65</ele>
        <time>2023-10-07T12:06:00Z</time>
      </trkpt>
      <trkpt lat="45.58009" lon="24.74586">
        <ele>2195.16</ele>
        <time>2023-10-07T12:06:05Z</time>
      </trkpt>
      <trkpt lat="45.58006" lon="24.74589">
        <ele>2195.26</ele>
        <time>2023-10-07T12:06:09Z</time>
      </trkpt>
      <trkpt lat="45.58001" lon="24.74592">
        <ele>2195.04</ele>
        <time>2023-10-07T12:06:15Z</time>
      </trkpt>
      <trkpt lat="45.58" lon="24.74594">
        <ele>2195.3</ele>
        <time>2023-10-07T12:06:16Z</time>
      </trkpt>
      <trkpt lat="45.58" lon="24.74594">
        <ele>2195.3</ele>
        <time>2023-10-07T12:06:17Z</time>
      </trkpt>
      <trkpt lat="45.57998" lon="24.74597">
        <ele>2195.74</ele>
        <time>2023-10-07T12:06:20Z</time>
      </trkpt>
      <trkpt lat="45.57994" lon="24.74598">
        <ele>2195.52</ele>
        <time>2023-10-07T12:06:24Z</time>
      </trkpt>
      <trkpt lat="45.57989" lon="24.74599">
        <ele>2195.2</ele>
        <time>2023-10-07T12:06:30Z</time>
      </trkpt>
      <trkpt lat="45.57984" lon="24.74599">
        <ele>2194.66</ele>
        <time>2023-10-07T12:06:36Z</time>
      </trkpt>
      <trkpt lat="45.57984" lon="24.74599">
        <ele>2194.66</ele>
        <time>2023-10-07T12:06:37Z</time>
      </trkpt>
      <trkpt lat="45.5798" lon="24.74599">
        <ele>2194.22</ele>
        <time>2023-10-07T12:06:45Z</time>
      </trkpt>
      <trkpt lat="45.5798" lon="24.74599">
        <ele>2194.22</ele>
        <time>2023-10-07T12:06:46Z</time>
      </trkpt>
      <trkpt lat="45.57977" lon="24.74599">
        <ele>2193.9</ele>
        <time>2023-10-07T12:06:54Z</time>
      </trkpt>
      <trkpt lat="45.57975" lon="24.74599">
        <ele>2193.68</ele>
        <time>2023-10-07T12:06:56Z</time>
      </trkpt>
      <trkpt lat="45.57968" lon="24.746">
        <ele>2192.51</ele>
        <time>2023-10-07T12:07:04Z</time>
      </trkpt>
      <trkpt lat="45.57963" lon="24.74599">
        <ele>2191.02</ele>
        <time>2023-10-07T12:07:11Z</time>
      </trkpt>
      <trkpt lat="45.57963" lon="24.74599">
        <ele>2191.02</ele>
        <time>2023-10-07T12:07:12Z</time>
      </trkpt>
      <trkpt lat="45.57961" lon="24.74599">
        <ele>2190.5</ele>
        <time>2023-10-07T12:07:15Z</time>
      </trkpt>
      <trkpt lat="45.57961" lon="24.74599">
        <ele>2190.5</ele>
        <time>2023-10-07T12:07:16Z</time>
      </trkpt>
      <trkpt lat="45.57961" lon="24.74599">
        <ele>2190.5</ele>
        <time>2023-10-07T12:07:20Z</time>
      </trkpt>
      <trkpt lat="45.57962" lon="24.74599">
        <ele>2190.76</ele>
        <time>2023-10-07T12:07:29Z</time>
      </trkpt>
      <trkpt lat="45.57962" lon="24.74599">
        <ele>2190.76</ele>
        <time>2023-10-07T12:07:35Z</time>
      </trkpt>
      <trkpt lat="45.57961" lon="24.74599">
        <ele>2190.5</ele>
        <time>2023-10-07T12:07:41Z</time>
      </trkpt>
      <trkpt lat="45.57961" lon="24.74599">
        <ele>2190.5</ele>
        <time>2023-10-07T12:07:49Z</time>
      </trkpt>
      <trkpt lat="45.5796" lon="24.74604">
        <ele>2191.17</ele>
        <time>2023-10-07T12:07:53Z</time>
      </trkpt>
      <trkpt lat="45.57955" lon="24.74616">
        <ele>2192.47</ele>
        <time>2023-10-07T12:08:00Z</time>
      </trkpt>
      <trkpt lat="45.57955" lon="24.74616">
        <ele>2192.47</ele>
        <time>2023-10-07T12:08:01Z</time>
      </trkpt>
      <trkpt lat="45.57955" lon="24.74618">
        <ele>2193.05</ele>
        <time>2023-10-07T12:08:03Z</time>
      </trkpt>
      <trkpt lat="45.57954" lon="24.74621">
        <ele>2193.7</ele>
        <time>2023-10-07T12:08:08Z</time>
      </trkpt>
      <trkpt lat="45.57953" lon="24.74621">
        <ele>2193.48</ele>
        <time>2023-10-07T12:08:10Z</time>
      </trkpt>
      <trkpt lat="45.57953" lon="24.74621">
        <ele>2193.48</ele>
        <time>2023-10-07T12:08:11Z</time>
      </trkpt>
      <trkpt lat="45.57954" lon="24.74621">
        <ele>2193.7</ele>
        <time>2023-10-07T12:08:15Z</time>
      </trkpt>
      <trkpt lat="45.57954" lon="24.74621">
        <ele>2193.7</ele>
        <time>2023-10-07T12:08:20Z</time>
      </trkpt>
      <trkpt lat="45.57954" lon="24.7462">
        <ele>2193.4</ele>
        <time>2023-10-07T12:08:37Z</time>
      </trkpt>
      <trkpt lat="45.57954" lon="24.7462">
        <ele>2193.4</ele>
        <time>2023-10-07T12:08:39Z</time>
      </trkpt>
      <trkpt lat="45.57954" lon="24.7462">
        <ele>2193.4</ele>
        <time>2023-10-07T12:08:41Z</time>
      </trkpt>
      <trkpt lat="45.57954" lon="24.7462">
        <ele>2193.4</ele>
        <time>2023-10-07T12:08:43Z</time>
      </trkpt>
      <trkpt lat="45.57954" lon="24.7462">
        <ele>2193.4</ele>
        <time>2023-10-07T12:08:45Z</time>
      </trkpt>
      <trkpt lat="45.57954" lon="24.7462">
        <ele>2193.4</ele>
        <time>2023-10-07T12:08:47Z</time>
      </trkpt>
      <trkpt lat="45.57954" lon="24.7462">
        <ele>2193.4</ele>
        <time>2023-10-07T12:08:48Z</time>
      </trkpt>
      <trkpt lat="45.57954" lon="24.7462">
        <ele>2193.4</ele>
        <time>2023-10-07T12:08:50Z</time>
      </trkpt>
      <trkpt lat="45.57954" lon="24.7462">
        <ele>2193.4</ele>
        <time>2023-10-07T12:08:53Z</time>
      </trkpt>
      <trkpt lat="45.57955" lon="24.7462">
        <ele>2193.63</ele>
        <time>2023-10-07T12:09:06Z</time>
      </trkpt>
      <trkpt lat="45.57955" lon="24.7462">
        <ele>2193.63</ele>
        <time>2023-10-07T12:09:09Z</time>
      </trkpt>
      <trkpt lat="45.57956" lon="24.74622">
        <ele>2194.43</ele>
        <time>2023-10-07T12:09:24Z</time>
      </trkpt>
      <trkpt lat="45.57956" lon="24.74622">
        <ele>2194.43</ele>
        <time>2023-10-07T12:09:30Z</time>
      </trkpt>
      <trkpt lat="45.57956" lon="24.74622">
        <ele>2194.43</ele>
        <time>2023-10-07T12:09:40Z</time>
      </trkpt>
      <trkpt lat="45.57956" lon="24.74625">
        <ele>2195.29</ele>
        <time>2023-10-07T12:09:48Z</time>
      </trkpt>
      <trkpt lat="45.57956" lon="24.7463">
        <ele>2196.71</ele>
        <time>2023-10-07T12:09:57Z</time>
      </trkpt>
      <trkpt lat="45.57956" lon="24.74633">
        <ele>2197.57</ele>
        <time>2023-10-07T12:10:01Z</time>
      </trkpt>
      <trkpt lat="45.57955" lon="24.74634">
        <ele>2197.71</ele>
        <time>2023-10-07T12:10:03Z</time>
      </trkpt>
      <trkpt lat="45.57955" lon="24.74636">
        <ele>2198.3</ele>
        <time>2023-10-07T12:10:05Z</time>
      </trkpt>
      <trkpt lat="45.57954" lon="24.74637">
        <ele>2198.47</ele>
        <time>2023-10-07T12:10:07Z</time>
      </trkpt>
      <trkpt lat="45.57954" lon="24.74639">
        <ele>2199.04</ele>
        <time>2023-10-07T12:10:09Z</time>
      </trkpt>
      <trkpt lat="45.57954" lon="24.7464">
        <ele>2199.15</ele>
        <time>2023-10-07T12:10:11Z</time>
      </trkpt>
      <trkpt lat="45.57952" lon="24.74644">
        <ele>2199.37</ele>
        <time>2023-10-07T12:10:17Z</time>
      </trkpt>
      <trkpt lat="45.57952" lon="24.74645">
        <ele>2199.48</ele>
        <time>2023-10-07T12:10:18Z</time>
      </trkpt>
      <trkpt lat="45.57949" lon="24.74652">
        <ele>2199.91</ele>
        <time>2023-10-07T12:10:25Z</time>
      </trkpt>
      <trkpt lat="45.57947" lon="24.74655">
        <ele>2200.02</ele>
        <time>2023-10-07T12:10:31Z</time>
      </trkpt>
      <trkpt lat="45.57946" lon="24.74658">
        <ele>2200.23</ele>
        <time>2023-10-07T12:10:38Z</time>
      </trkpt>
      <trkpt lat="45.57946" lon="24.74658">
        <ele>2200.23</ele>
        <time>2023-10-07T12:10:45Z</time>
      </trkpt>
      <trkpt lat="45.57944" lon="24.74659">
        <ele>2200.09</ele>
        <time>2023-10-07T12:11:08Z</time>
      </trkpt>
      <trkpt lat="45.57943" lon="24.74659">
        <ele>2199.9</ele>
        <time>2023-10-07T12:11:10Z</time>
      </trkpt>
      <trkpt lat="45.57942" lon="24.7466">
        <ele>2199.82</ele>
        <time>2023-10-07T12:11:32Z</time>
      </trkpt>
      <trkpt lat="45.5794" lon="24.74665">
        <ele>2200.01</ele>
        <time>2023-10-07T12:11:35Z</time>
      </trkpt>
      <trkpt lat="45.57936" lon="24.74669">
        <ele>2199.36</ele>
        <time>2023-10-07T12:11:38Z</time>
      </trkpt>
      <trkpt lat="45.57931" lon="24.74676">
        <ele>2198.23</ele>
        <time>2023-10-07T12:11:43Z</time>
      </trkpt>
      <trkpt lat="45.5793" lon="24.74677">
        <ele>2198.04</ele>
        <time>2023-10-07T12:11:45Z</time>
      </trkpt>
      <trkpt lat="45.57929" lon="24.74678">
        <ele>2197.86</ele>
        <time>2023-10-07T12:11:46Z</time>
      </trkpt>
      <trkpt lat="45.57923" lon="24.7468">
        <ele>2196.92</ele>
        <time>2023-10-07T12:11:53Z</time>
      </trkpt>
      <trkpt lat="45.5792" lon="24.74682">
        <ele>2196.47</ele>
        <time>2023-10-07T12:11:56Z</time>
      </trkpt>
      <trkpt lat="45.57915" lon="24.74686">
        <ele>2195.64</ele>
        <time>2023-10-07T12:12:01Z</time>
      </trkpt>
      <trkpt lat="45.5791" lon="24.74693">
        <ele>2194.56</ele>
        <time>2023-10-07T12:12:08Z</time>
      </trkpt>
      <trkpt lat="45.57908" lon="24.74696">
        <ele>2193.99</ele>
        <time>2023-10-07T12:12:12Z</time>
      </trkpt>
      <trkpt lat="45.57905" lon="24.74698">
        <ele>2193.2</ele>
        <time>2023-10-07T12:12:17Z</time>
      </trkpt>
      <trkpt lat="45.57903" lon="24.747">
        <ele>2192.64</ele>
        <time>2023-10-07T12:12:19Z</time>
      </trkpt>
      <trkpt lat="45.57899" lon="24.74705">
        <ele>2191.53</ele>
        <time>2023-10-07T12:12:26Z</time>
      </trkpt>
      <trkpt lat="45.57899" lon="24.74705">
        <ele>2191.53</ele>
        <time>2023-10-07T12:12:27Z</time>
      </trkpt>
      <trkpt lat="45.57896" lon="24.7471">
        <ele>2190.69</ele>
        <time>2023-10-07T12:12:32Z</time>
      </trkpt>
      <trkpt lat="45.57894" lon="24.74717">
        <ele>2189.99</ele>
        <time>2023-10-07T12:12:38Z</time>
      </trkpt>
      <trkpt lat="45.57892" lon="24.7473">
        <ele>2189.11</ele>
        <time>2023-10-07T12:12:49Z</time>
      </trkpt>
      <trkpt lat="45.57892" lon="24.74737">
        <ele>2188.8</ele>
        <time>2023-10-07T12:12:55Z</time>
      </trkpt>
      <trkpt lat="45.57892" lon="24.74739">
        <ele>2188.71</ele>
        <time>2023-10-07T12:12:56Z</time>
      </trkpt>
      <trkpt lat="45.57891" lon="24.74744">
        <ele>2188.4</ele>
        <time>2023-10-07T12:12:59Z</time>
      </trkpt>
      <trkpt lat="45.5789" lon="24.74747">
        <ele>2188.2</ele>
        <time>2023-10-07T12:13:02Z</time>
      </trkpt>
      <trkpt lat="45.57886" lon="24.74756">
        <ele>2188.17</ele>
        <time>2023-10-07T12:13:09Z</time>
      </trkpt>
      <trkpt lat="45.57884" lon="24.74768">
        <ele>2188.42</ele>
        <time>2023-10-07T12:13:18Z</time>
      </trkpt>
      <trkpt lat="45.57882" lon="24.74774">
        <ele>2188.44</ele>
        <time>2023-10-07T12:13:22Z</time>
      </trkpt>
      <trkpt lat="45.57883" lon="24.74782">
        <ele>2188.15</ele>
        <time>2023-10-07T12:13:28Z</time>
      </trkpt>
      <trkpt lat="45.57883" lon="24.74789">
        <ele>2187.45</ele>
        <time>2023-10-07T12:13:33Z</time>
      </trkpt>
      <trkpt lat="45.57881" lon="24.74803">
        <ele>2185.97</ele>
        <time>2023-10-07T12:13:42Z</time>
      </trkpt>
      <trkpt lat="45.57881" lon="24.74805">
        <ele>2185.77</ele>
        <time>2023-10-07T12:13:44Z</time>
      </trkpt>
      <trkpt lat="45.57882" lon="24.74806">
        <ele>2185.68</ele>
        <time>2023-10-07T12:13:45Z</time>
      </trkpt>
      <trkpt lat="45.57882" lon="24.74809">
        <ele>2185.19</ele>
        <time>2023-10-07T12:13:48Z</time>
      </trkpt>
      <trkpt lat="45.57881" lon="24.74814">
        <ele>2184.37</ele>
        <time>2023-10-07T12:13:53Z</time>
      </trkpt>
      <trkpt lat="45.57881" lon="24.74823">
        <ele>2182.93</ele>
        <time>2023-10-07T12:14:00Z</time>
      </trkpt>
      <trkpt lat="45.57881" lon="24.74827">
        <ele>2182.29</ele>
        <time>2023-10-07T12:14:04Z</time>
      </trkpt>
      <trkpt lat="45.57883" lon="24.74832">
        <ele>2181.43</ele>
        <time>2023-10-07T12:14:09Z</time>
      </trkpt>
      <trkpt lat="45.57882" lon="24.74837">
        <ele>2180.55</ele>
        <time>2023-10-07T12:14:13Z</time>
      </trkpt>
      <trkpt lat="45.57881" lon="24.74838">
        <ele>2180.42</ele>
        <time>2023-10-07T12:14:15Z</time>
      </trkpt>
      <trkpt lat="45.57881" lon="24.74842">
        <ele>2179.68</ele>
        <time>2023-10-07T12:14:19Z</time>
      </trkpt>
      <trkpt lat="45.57882" lon="24.74844">
        <ele>2179.23</ele>
        <time>2023-10-07T12:14:21Z</time>
      </trkpt>
      <trkpt lat="45.57883" lon="24.74845">
        <ele>2178.96</ele>
        <time>2023-10-07T12:14:23Z</time>
      </trkpt>
      <trkpt lat="45.57884" lon="24.74848">
        <ele>2178.29</ele>
        <time>2023-10-07T12:14:27Z</time>
      </trkpt>
      <trkpt lat="45.57884" lon="24.74852">
        <ele>2177.5</ele>
        <time>2023-10-07T12:14:31Z</time>
      </trkpt>
      <trkpt lat="45.57884" lon="24.74853">
        <ele>2177.3</ele>
        <time>2023-10-07T12:14:32Z</time>
      </trkpt>
      <trkpt lat="45.57884" lon="24.74854">
        <ele>2177.1</ele>
        <time>2023-10-07T12:14:35Z</time>
      </trkpt>
      <trkpt lat="45.57884" lon="24.74855">
        <ele>2176.91</ele>
        <time>2023-10-07T12:14:36Z</time>
      </trkpt>
      <trkpt lat="45.57882" lon="24.74858">
        <ele>2176.58</ele>
        <time>2023-10-07T12:14:40Z</time>
      </trkpt>
      <trkpt lat="45.57882" lon="24.74858">
        <ele>2176.58</ele>
        <time>2023-10-07T12:14:41Z</time>
      </trkpt>
      <trkpt lat="45.57879" lon="24.74862">
        <ele>2176.26</ele>
        <time>2023-10-07T12:14:47Z</time>
      </trkpt>
      <trkpt lat="45.57878" lon="24.74863">
        <ele>2176.22</ele>
        <time>2023-10-07T12:14:49Z</time>
      </trkpt>
      <trkpt lat="45.57876" lon="24.74865">
        <ele>2176.1</ele>
        <time>2023-10-07T12:14:54Z</time>
      </trkpt>
      <trkpt lat="45.57873" lon="24.74864">
        <ele>2176.69</ele>
        <time>2023-10-07T12:14:59Z</time>
      </trkpt>
      <trkpt lat="45.57872" lon="24.74864">
        <ele>2176.83</ele>
        <time>2023-10-07T12:15:00Z</time>
      </trkpt>
      <trkpt lat="45.57869" lon="24.74866">
        <ele>2176.78</ele>
        <time>2023-10-07T12:15:05Z</time>
      </trkpt>
      <trkpt lat="45.57866" lon="24.7487">
        <ele>2176.22</ele>
        <time>2023-10-07T12:15:10Z</time>
      </trkpt>
      <trkpt lat="45.57861" lon="24.74877">
        <ele>2174.98</ele>
        <time>2023-10-07T12:15:18Z</time>
      </trkpt>
      <trkpt lat="45.57861" lon="24.74878">
        <ele>2174.73</ele>
        <time>2023-10-07T12:15:19Z</time>
      </trkpt>
      <trkpt lat="45.57859" lon="24.74881">
        <ele>2173.7</ele>
        <time>2023-10-07T12:15:24Z</time>
      </trkpt>
      <trkpt lat="45.57858" lon="24.74881">
        <ele>2173.56</ele>
        <time>2023-10-07T12:15:25Z</time>
      </trkpt>
      <trkpt lat="45.57858" lon="24.74881">
        <ele>2173.56</ele>
        <time>2023-10-07T12:15:26Z</time>
      </trkpt>
      <trkpt lat="45.57854" lon="24.74881">
        <ele>2173.0</ele>
        <time>2023-10-07T12:15:32Z</time>
      </trkpt>
      <trkpt lat="45.57851" lon="24.7488">
        <ele>2172.8</ele>
        <time>2023-10-07T12:15:36Z</time>
      </trkpt>
      <trkpt lat="45.57849" lon="24.74879">
        <ele>2172.72</ele>
        <time>2023-10-07T12:15:39Z</time>
      </trkpt>
      <trkpt lat="45.57848" lon="24.74879">
        <ele>2172.57</ele>
        <time>2023-10-07T12:15:42Z</time>
      </trkpt>
      <trkpt lat="45.57848" lon="24.74879">
        <ele>2172.57</ele>
        <time>2023-10-07T12:15:43Z</time>
      </trkpt>
      <trkpt lat="45.57848" lon="24.7488">
        <ele>2172.37</ele>
        <time>2023-10-07T12:15:48Z</time>
      </trkpt>
      <trkpt lat="45.57846" lon="24.7488">
        <ele>2172.09</ele>
        <time>2023-10-07T12:15:51Z</time>
      </trkpt>
      <trkpt lat="45.57845" lon="24.74882">
        <ele>2171.56</ele>
        <time>2023-10-07T12:15:55Z</time>
      </trkpt>
      <trkpt lat="45.57845" lon="24.74885">
        <ele>2171.0</ele>
        <time>2023-10-07T12:15:59Z</time>
      </trkpt>
      <trkpt lat="45.57844" lon="24.74886">
        <ele>2170.69</ele>
        <time>2023-10-07T12:16:00Z</time>
      </trkpt>
      <trkpt lat="45.57842" lon="24.74891">
        <ele>2169.81</ele>
        <time>2023-10-07T12:16:05Z</time>
      </trkpt>
      <trkpt lat="45.57841" lon="24.74893">
        <ele>2169.6</ele>
        <time>2023-10-07T12:16:07Z</time>
      </trkpt>
      <trkpt lat="45.57838" lon="24.74902">
        <ele>2168.87</ele>
        <time>2023-10-07T12:16:14Z</time>
      </trkpt>
      <trkpt lat="45.57836" lon="24.74909">
        <ele>2168.42</ele>
        <time>2023-10-07T12:16:19Z</time>
      </trkpt>
      <trkpt lat="45.57834" lon="24.74914">
        <ele>2168.12</ele>
        <time>2023-10-07T12:16:25Z</time>
      </trkpt>
      <trkpt lat="45.57833" lon="24.74924">
        <ele>2167.7</ele>
        <time>2023-10-07T12:16:33Z</time>
      </trkpt>
      <trkpt lat="45.57834" lon="24.74935">
        <ele>2167.33</ele>
        <time>2023-10-07T12:16:41Z</time>
      </trkpt>
      <trkpt lat="45.57836" lon="24.74951">
        <ele>2166.69</ele>
        <time>2023-10-07T12:16:52Z</time>
      </trkpt>
      <trkpt lat="45.57838" lon="24.74961">
        <ele>2166.34</ele>
        <time>2023-10-07T12:17:00Z</time>
      </trkpt>
      <trkpt lat="45.57839" lon="24.74963">
        <ele>2166.26</ele>
        <time>2023-10-07T12:17:02Z</time>
      </trkpt>
      <trkpt lat="45.57839" lon="24.7497">
        <ele>2166.06</ele>
        <time>2023-10-07T12:17:06Z</time>
      </trkpt>
      <trkpt lat="45.5784" lon="24.74976">
        <ele>2166.07</ele>
        <time>2023-10-07T12:17:10Z</time>
      </trkpt>
      <trkpt lat="45.57841" lon="24.74985">
        <ele>2166.25</ele>
        <time>2023-10-07T12:17:16Z</time>
      </trkpt>
      <trkpt lat="45.57839" lon="24.74993">
        <ele>2166.31</ele>
        <time>2023-10-07T12:17:21Z</time>
      </trkpt>
      <trkpt lat="45.57839" lon="24.74999">
        <ele>2166.39</ele>
        <time>2023-10-07T12:17:25Z</time>
      </trkpt>
      <trkpt lat="45.57839" lon="24.75005">
        <ele>2166.91</ele>
        <time>2023-10-07T12:17:29Z</time>
      </trkpt>
      <trkpt lat="45.57839" lon="24.75009">
        <ele>2167.31</ele>
        <time>2023-10-07T12:17:32Z</time>
      </trkpt>
      <trkpt lat="45.57839" lon="24.75012">
        <ele>2167.62</ele>
        <time>2023-10-07T12:17:34Z</time>
      </trkpt>
      <trkpt lat="45.57839" lon="24.75026">
        <ele>2169.03</ele>
        <time>2023-10-07T12:17:43Z</time>
      </trkpt>
      <trkpt lat="45.57839" lon="24.75027">
        <ele>2169.13</ele>
        <time>2023-10-07T12:17:44Z</time>
      </trkpt>
      <trkpt lat="45.5784" lon="24.7503">
        <ele>2169.3</ele>
        <time>2023-10-07T12:17:46Z</time>
      </trkpt>
      <trkpt lat="45.5784" lon="24.75038">
        <ele>2169.52</ele>
        <time>2023-10-07T12:17:51Z</time>
      </trkpt>
      <trkpt lat="45.57843" lon="24.75047">
        <ele>2169.8</ele>
        <time>2023-10-07T12:17:57Z</time>
      </trkpt>
      <trkpt lat="45.57843" lon="24.75055">
        <ele>2169.99</ele>
        <time>2023-10-07T12:18:02Z</time>
      </trkpt>
      <trkpt lat="45.57843" lon="24.75059">
        <ele>2169.8</ele>
        <time>2023-10-07T12:18:05Z</time>
      </trkpt>
      <trkpt lat="45.57842" lon="24.75069">
        <ele>2169.18</ele>
        <time>2023-10-07T12:18:11Z</time>
      </trkpt>
      <trkpt lat="45.57841" lon="24.75081">
        <ele>2168.42</ele>
        <time>2023-10-07T12:18:19Z</time>
      </trkpt>
      <trkpt lat="45.5784" lon="24.75084">
        <ele>2168.22</ele>
        <time>2023-10-07T12:18:21Z</time>
      </trkpt>
      <trkpt lat="45.5784" lon="24.75096">
        <ele>2167.78</ele>
        <time>2023-10-07T12:18:28Z</time>
      </trkpt>
      <trkpt lat="45.57839" lon="24.75104">
        <ele>2167.46</ele>
        <time>2023-10-07T12:18:33Z</time>
      </trkpt>
      <trkpt lat="45.57834" lon="24.75123">
        <ele>2166.14</ele>
        <time>2023-10-07T12:18:46Z</time>
      </trkpt>
      <trkpt lat="45.57829" lon="24.75136">
        <ele>2165.26</ele>
        <time>2023-10-07T12:18:57Z</time>
      </trkpt>
      <trkpt lat="45.57829" lon="24.75137">
        <ele>2165.17</ele>
        <time>2023-10-07T12:18:58Z</time>
      </trkpt>
      <trkpt lat="45.57827" lon="24.7514">
        <ele>2164.83</ele>
        <time>2023-10-07T12:19:02Z</time>
      </trkpt>
      <trkpt lat="45.57826" lon="24.75142">
        <ele>2164.52</ele>
        <time>2023-10-07T12:19:04Z</time>
      </trkpt>
      <trkpt lat="45.57825" lon="24.75143">
        <ele>2164.36</ele>
        <time>2023-10-07T12:19:06Z</time>
      </trkpt>
      <trkpt lat="45.57822" lon="24.75147">
        <ele>2163.71</ele>
        <time>2023-10-07T12:19:11Z</time>
      </trkpt>
      <trkpt lat="45.5782" lon="24.75154">
        <ele>2162.56</ele>
        <time>2023-10-07T12:19:17Z</time>
      </trkpt>
      <trkpt lat="45.57819" lon="24.75159">
        <ele>2161.73</ele>
        <time>2023-10-07T12:19:21Z</time>
      </trkpt>
      <trkpt lat="45.57817" lon="24.75174">
        <ele>2159.42</ele>
        <time>2023-10-07T12:19:31Z</time>
      </trkpt>
      <trkpt lat="45.57816" lon="24.75178">
        <ele>2158.8</ele>
        <time>2023-10-07T12:19:37Z</time>
      </trkpt>
      <trkpt lat="45.57816" lon="24.75178">
        <ele>2158.8</ele>
        <time>2023-10-07T12:19:38Z</time>
      </trkpt>
      <trkpt lat="45.57816" lon="24.75181">
        <ele>2158.38</ele>
        <time>2023-10-07T12:19:40Z</time>
      </trkpt>
      <trkpt lat="45.57816" lon="24.75188">
        <ele>2157.4</ele>
        <time>2023-10-07T12:19:44Z</time>
      </trkpt>
      <trkpt lat="45.57811" lon="24.752">
        <ele>2155.38</ele>
        <time>2023-10-07T12:19:53Z</time>
      </trkpt>
      <trkpt lat="45.57808" lon="24.75209">
        <ele>2154.3</ele>
        <time>2023-10-07T12:20:02Z</time>
      </trkpt>
      <trkpt lat="45.57808" lon="24.7521">
        <ele>2154.23</ele>
        <time>2023-10-07T12:20:03Z</time>
      </trkpt>
      <trkpt lat="45.57807" lon="24.75213">
        <ele>2153.87</ele>
        <time>2023-10-07T12:20:06Z</time>
      </trkpt>
      <trkpt lat="45.57806" lon="24.75219">
        <ele>2153.3</ele>
        <time>2023-10-07T12:20:12Z</time>
      </trkpt>
      <trkpt lat="45.57805" lon="24.75221">
        <ele>2153.09</ele>
        <time>2023-10-07T12:20:14Z</time>
      </trkpt>
      <trkpt lat="45.57803" lon="24.75227">
        <ele>2152.31</ele>
        <time>2023-10-07T12:20:20Z</time>
      </trkpt>
      <trkpt lat="45.57802" lon="24.75228">
        <ele>2152.08</ele>
        <time>2023-10-07T12:20:22Z</time>
      </trkpt>
      <trkpt lat="45.57802" lon="24.75231">
        <ele>2151.61</ele>
        <time>2023-10-07T12:20:25Z</time>
      </trkpt>
      <trkpt lat="45.57801" lon="24.75234">
        <ele>2150.96</ele>
        <time>2023-10-07T12:20:29Z</time>
      </trkpt>
      <trkpt lat="45.57801" lon="24.75235">
        <ele>2150.79</ele>
        <time>2023-10-07T12:20:31Z</time>
      </trkpt>
      <trkpt lat="45.578" lon="24.75237">
        <ele>2150.23</ele>
        <time>2023-10-07T12:20:33Z</time>
      </trkpt>
      <trkpt lat="45.57799" lon="24.75241">
        <ele>2149.22</ele>
        <time>2023-10-07T12:20:37Z</time>
      </trkpt>
      <trkpt lat="45.57799" lon="24.75243">
        <ele>2148.81</ele>
        <time>2023-10-07T12:20:39Z</time>
      </trkpt>
      <trkpt lat="45.57799" lon="24.75244">
        <ele>2148.61</ele>
        <time>2023-10-07T12:20:40Z</time>
      </trkpt>
      <trkpt lat="45.57799" lon="24.75245">
        <ele>2148.41</ele>
        <time>2023-10-07T12:20:41Z</time>
      </trkpt>
      <trkpt lat="45.57799" lon="24.75246">
        <ele>2148.21</ele>
        <time>2023-10-07T12:20:42Z</time>
      </trkpt>
      <trkpt lat="45.57799" lon="24.75247">
        <ele>2148.01</ele>
        <time>2023-10-07T12:20:43Z</time>
      </trkpt>
      <trkpt lat="45.57798" lon="24.75251">
        <ele>2146.89</ele>
        <time>2023-10-07T12:20:47Z</time>
      </trkpt>
      <trkpt lat="45.57798" lon="24.75253">
        <ele>2146.65</ele>
        <time>2023-10-07T12:20:48Z</time>
      </trkpt>
      <trkpt lat="45.57798" lon="24.75254">
        <ele>2146.54</ele>
        <time>2023-10-07T12:20:49Z</time>
      </trkpt>
      <trkpt lat="45.57797" lon="24.75255">
        <ele>2146.09</ele>
        <time>2023-10-07T12:20:50Z</time>
      </trkpt>
      <trkpt lat="45.57797" lon="24.75258">
        <ele>2145.77</ele>
        <time>2023-10-07T12:20:52Z</time>
      </trkpt>
      <trkpt lat="45.57797" lon="24.75264">
        <ele>2145.14</ele>
        <time>2023-10-07T12:20:57Z</time>
      </trkpt>
      <trkpt lat="45.57797" lon="24.75268">
        <ele>2144.72</ele>
        <time>2023-10-07T12:21:00Z</time>
      </trkpt>
      <trkpt lat="45.57796" lon="24.7527">
        <ele>2144.37</ele>
        <time>2023-10-07T12:21:02Z</time>
      </trkpt>
      <trkpt lat="45.57796" lon="24.75273">
        <ele>2144.1</ele>
        <time>2023-10-07T12:21:08Z</time>
      </trkpt>
      <trkpt lat="45.57797" lon="24.75273">
        <ele>2144.19</ele>
        <time>2023-10-07T12:21:09Z</time>
      </trkpt>
      <trkpt lat="45.57797" lon="24.75274">
        <ele>2144.09</ele>
        <time>2023-10-07T12:21:15Z</time>
      </trkpt>
      <trkpt lat="45.57796" lon="24.75279">
        <ele>2143.8</ele>
        <time>2023-10-07T12:21:20Z</time>
      </trkpt>
      <trkpt lat="45.57796" lon="24.75283">
        <ele>2144.29</ele>
        <time>2023-10-07T12:21:23Z</time>
      </trkpt>
      <trkpt lat="45.57796" lon="24.75289">
        <ele>2145.02</ele>
        <time>2023-10-07T12:21:27Z</time>
      </trkpt>
      <trkpt lat="45.57796" lon="24.75294">
        <ele>2145.63</ele>
        <time>2023-10-07T12:21:31Z</time>
      </trkpt>
      <trkpt lat="45.57796" lon="24.75296">
        <ele>2145.87</ele>
        <time>2023-10-07T12:21:33Z</time>
      </trkpt>
      <trkpt lat="45.57796" lon="24.75301">
        <ele>2146.48</ele>
        <time>2023-10-07T12:21:37Z</time>
      </trkpt>
      <trkpt lat="45.57796" lon="24.75302">
        <ele>2146.6</ele>
        <time>2023-10-07T12:21:38Z</time>
      </trkpt>
      <trkpt lat="45.57799" lon="24.75307">
        <ele>2146.63</ele>
        <time>2023-10-07T12:21:43Z</time>
      </trkpt>
      <trkpt lat="45.57799" lon="24.75308">
        <ele>2146.58</ele>
        <time>2023-10-07T12:21:44Z</time>
      </trkpt>
      <trkpt lat="45.57801" lon="24.75314">
        <ele>2146.19</ele>
        <time>2023-10-07T12:21:52Z</time>
      </trkpt>
      <trkpt lat="45.57802" lon="24.75319">
        <ele>2146.01</ele>
        <time>2023-10-07T12:21:59Z</time>
      </trkpt>
    </trkseg>
    <trkseg>
      <trkpt lat="45.57801" lon="24.7532">
        <ele>2145.98</ele>
        <time>2023-10-07T12:22:01Z</time>
      </trkpt>
      <trkpt lat="45.57801" lon="24.75325">
        <ele>2145.8</ele>
        <time>2023-10-07T12:22:06Z</time>
      </trkpt>
      <trkpt lat="45.57801" lon="24.75329">
        <ele>2145.66</ele>
        <time>2023-10-07T12:22:10Z</time>
      </trkpt>
      <trkpt lat="45.57801" lon="24.75331">
        <ele>2145.59</ele>
        <time>2023-10-07T12:22:12Z</time>
      </trkpt>
      <trkpt lat="45.57803" lon="24.75334">
        <ele>2145.5</ele>
        <time>2023-10-07T12:22:15Z</time>
      </trkpt>
      <trkpt lat="45.57804" lon="24.7534">
        <ele>2143.51</ele>
        <time>2023-10-07T12:22:21Z</time>
      </trkpt>
      <trkpt lat="45.57805" lon="24.75341">
        <ele>2143.21</ele>
        <time>2023-10-07T12:22:22Z</time>
      </trkpt>
      <trkpt lat="45.57805" lon="24.75345">
        <ele>2141.79</ele>
        <time>2023-10-07T12:22:26Z</time>
      </trkpt>
      <trkpt lat="45.57805" lon="24.7535">
        <ele>2140.01</ele>
        <time>2023-10-07T12:22:31Z</time>
      </trkpt>
      <trkpt lat="45.57805" lon="24.75353">
        <ele>2138.94</ele>
        <time>2023-10-07T12:22:33Z</time>
      </trkpt>
      <trkpt lat="45.57804" lon="24.75358">
        <ele>2137.25</ele>
        <time>2023-10-07T12:22:36Z</time>
      </trkpt>
      <trkpt lat="45.57802" lon="24.7536">
        <ele>2136.75</ele>
        <time>2023-10-07T12:22:38Z</time>
      </trkpt>
      <trkpt lat="45.57801" lon="24.75364">
        <ele>2135.83</ele>
        <time>2023-10-07T12:22:42Z</time>
      </trkpt>
      <trkpt lat="45.57799" lon="24.75368">
        <ele>2135.21</ele>
        <time>2023-10-07T12:22:46Z</time>
      </trkpt>
      <trkpt lat="45.57801" lon="24.75379">
        <ele>2132.41</ele>
        <time>2023-10-07T12:22:55Z</time>
      </trkpt>
      <trkpt lat="45.57804" lon="24.75391">
        <ele>2129.03</ele>
        <time>2023-10-07T12:23:04Z</time>
      </trkpt>
      <trkpt lat="45.57809" lon="24.75398">
        <ele>2127.82</ele>
        <time>2023-10-07T12:23:13Z</time>
      </trkpt>
      <trkpt lat="45.57815" lon="24.7541">
        <ele>2126.3</ele>
        <time>2023-10-07T12:23:24Z</time>
      </trkpt>
      <trkpt lat="45.57815" lon="24.75411">
        <ele>2126.11</ele>
        <time>2023-10-07T12:23:25Z</time>
      </trkpt>
      <trkpt lat="45.57815" lon="24.75413">
        <ele>2125.72</ele>
        <time>2023-10-07T12:23:27Z</time>
      </trkpt>
      <trkpt lat="45.57814" lon="24.75415">
        <ele>2125.23</ele>
        <time>2023-10-07T12:23:29Z</time>
      </trkpt>
      <trkpt lat="45.57812" lon="24.75417">
        <ele>2124.66</ele>
        <time>2023-10-07T12:23:32Z</time>
      </trkpt>
      <trkpt lat="45.57812" lon="24.75418">
        <ele>2124.54</ele>
        <time>2023-10-07T12:23:33Z</time>
      </trkpt>
      <trkpt lat="45.57811" lon="24.75424">
        <ele>2123.74</ele>
        <time>2023-10-07T12:23:40Z</time>
      </trkpt>
      <trkpt lat="45.57811" lon="24.75424">
        <ele>2123.74</ele>
        <time>2023-10-07T12:23:41Z</time>
      </trkpt>
      <trkpt lat="45.5781" lon="24.75426">
        <ele>2123.42</ele>
        <time>2023-10-07T12:23:44Z</time>
      </trkpt>
      <trkpt lat="45.57809" lon="24.75428">
        <ele>2123.1</ele>
        <time>2023-10-07T12:23:48Z</time>
      </trkpt>
      <trkpt lat="45.57807" lon="24.75433">
        <ele>2122.36</ele>
        <time>2023-10-07T12:23:58Z</time>
      </trkpt>
      <trkpt lat="45.57806" lon="24.75437">
        <ele>2121.84</ele>
        <time>2023-10-07T12:24:06Z</time>
      </trkpt>
      <trkpt lat="45.57806" lon="24.75446">
        <ele>2120.86</ele>
        <time>2023-10-07T12:24:14Z</time>
      </trkpt>
      <trkpt lat="45.57806" lon="24.75448">
        <ele>2120.65</ele>
        <time>2023-10-07T12:24:15Z</time>
      </trkpt>
      <trkpt lat="45.57804" lon="24.75463">
        <ele>2119.67</ele>
        <time>2023-10-07T12:24:26Z</time>
      </trkpt>
      <trkpt lat="45.57802" lon="24.75472">
        <ele>2119.56</ele>
        <time>2023-10-07T12:24:33Z</time>
      </trkpt>
      <trkpt lat="45.57797" lon="24.75485">
        <ele>2123.04</ele>
        <time>2023-10-07T12:24:43Z</time>
      </trkpt>
      <trkpt lat="45.57798" lon="24.75498">
        <ele>2124.31</ele>
        <time>2023-10-07T12:24:51Z</time>
      </trkpt>
      <trkpt lat="45.578" lon="24.7551">
        <ele>2122.31</ele>
        <time>2023-10-07T12:25:00Z</time>
      </trkpt>
      <trkpt lat="45.57801" lon="24.75513">
        <ele>2121.6</ele>
        <time>2023-10-07T12:25:02Z</time>
      </trkpt>
      <trkpt lat="45.57801" lon="24.75523">
        <ele>2119.5</ele>
        <time>2023-10-07T12:25:09Z</time>
      </trkpt>
      <trkpt lat="45.578" lon="24.75532">
        <ele>2118.27</ele>
        <time>2023-10-07T12:25:16Z</time>
      </trkpt>
      <trkpt lat="45.578" lon="24.75535">
        <ele>2118.03</ele>
        <time>2023-10-07T12:25:18Z</time>
      </trkpt>
      <trkpt lat="45.57801" lon="24.75538">
        <ele>2117.76</ele>
        <time>2023-10-07T12:25:21Z</time>
      </trkpt>
      <trkpt lat="45.57801" lon="24.75539">
        <ele>2117.69</ele>
        <time>2023-10-07T12:25:22Z</time>
      </trkpt>
      <trkpt lat="45.57802" lon="24.75545">
        <ele>2117.29</ele>
        <time>2023-10-07T12:25:26Z</time>
      </trkpt>
      <trkpt lat="45.57801" lon="24.75546">
        <ele>2117.19</ele>
        <time>2023-10-07T12:25:28Z</time>
      </trkpt>
      <trkpt lat="45.57801" lon="24.75548">
        <ele>2117.05</ele>
        <time>2023-10-07T12:25:29Z</time>
      </trkpt>
      <trkpt lat="45.57802" lon="24.75552">
        <ele>2116.84</ele>
        <time>2023-10-07T12:25:34Z</time>
      </trkpt>
      <trkpt lat="45.57801" lon="24.75556">
        <ele>2116.49</ele>
        <time>2023-10-07T12:25:38Z</time>
      </trkpt>
      <trkpt lat="45.578" lon="24.75557">
        <ele>2116.35</ele>
        <time>2023-10-07T12:25:39Z</time>
      </trkpt>
      <trkpt lat="45.578" lon="24.75561">
        <ele>2116.2</ele>
        <time>2023-10-07T12:25:43Z</time>
      </trkpt>
      <trkpt lat="45.57799" lon="24.75563">
        <ele>2116.12</ele>
        <time>2023-10-07T12:25:45Z</time>
      </trkpt>
      <trkpt lat="45.57798" lon="24.75565">
        <ele>2116.09</ele>
        <time>2023-10-07T12:25:47Z</time>
      </trkpt>
      <trkpt lat="45.57798" lon="24.75567">
        <ele>2116.07</ele>
        <time>2023-10-07T12:25:49Z</time>
      </trkpt>
      <trkpt lat="45.57796" lon="24.75575">
        <ele>2116.28</ele>
        <time>2023-10-07T12:25:57Z</time>
      </trkpt>
      <trkpt lat="45.57794" lon="24.75582">
        <ele>2116.86</ele>
        <time>2023-10-07T12:26:03Z</time>
      </trkpt>
      <trkpt lat="45.57793" lon="24.75584">
        <ele>2117.32</ele>
        <time>2023-10-07T12:26:05Z</time>
      </trkpt>
      <trkpt lat="45.57793" lon="24.75587">
        <ele>2118.02</ele>
        <time>2023-10-07T12:26:07Z</time>
      </trkpt>
      <trkpt lat="45.57792" lon="24.75592">
        <ele>2119.33</ele>
        <time>2023-10-07T12:26:11Z</time>
      </trkpt>
      <trkpt lat="45.57791" lon="24.75604">
        <ele>2121.95</ele>
        <time>2023-10-07T12:26:20Z</time>
      </trkpt>
      <trkpt lat="45.57791" lon="24.75605">
        <ele>2122.16</ele>
        <time>2023-10-07T12:26:21Z</time>
      </trkpt>
      <trkpt lat="45.5779" lon="24.75607">
        <ele>2122.52</ele>
        <time>2023-10-07T12:26:24Z</time>
      </trkpt>
      <trkpt lat="45.5779" lon="24.75612">
        <ele>2123.36</ele>
        <time>2023-10-07T12:26:28Z</time>
      </trkpt>
      <trkpt lat="45.5779" lon="24.75613">
        <ele>2123.41</ele>
        <time>2023-10-07T12:26:29Z</time>
      </trkpt>
      <trkpt lat="45.57789" lon="24.75615">
        <ele>2123.38</ele>
        <time>2023-10-07T12:26:31Z</time>
      </trkpt>
      <trkpt lat="45.57788" lon="24.75619">
        <ele>2123.42</ele>
        <time>2023-10-07T12:26:34Z</time>
      </trkpt>
      <trkpt lat="45.57788" lon="24.75621">
        <ele>2123.5</ele>
        <time>2023-10-07T12:26:36Z</time>
      </trkpt>
      <trkpt lat="45.57787" lon="24.75624">
        <ele>2123.46</ele>
        <time>2023-10-07T12:26:39Z</time>
      </trkpt>
      <trkpt lat="45.57787" lon="24.75631">
        <ele>2123.71</ele>
        <time>2023-10-07T12:26:45Z</time>
      </trkpt>
      <trkpt lat="45.57786" lon="24.75635">
        <ele>2123.65</ele>
        <time>2023-10-07T12:26:50Z</time>
      </trkpt>
      <trkpt lat="45.57786" lon="24.75636">
        <ele>2123.68</ele>
        <time>2023-10-07T12:26:51Z</time>
      </trkpt>
      <trkpt lat="45.57786" lon="24.75639">
        <ele>2123.77</ele>
        <time>2023-10-07T12:26:54Z</time>
      </trkpt>
      <trkpt lat="45.57786" lon="24.75643">
        <ele>2123.45</ele>
        <time>2023-10-07T12:26:57Z</time>
      </trkpt>
      <trkpt lat="45.57786" lon="24.75644">
        <ele>2123.37</ele>
        <time>2023-10-07T12:26:58Z</time>
      </trkpt>
      <trkpt lat="45.57786" lon="24.75648">
        <ele>2123.05</ele>
        <time>2023-10-07T12:27:01Z</time>
      </trkpt>
      <trkpt lat="45.57787" lon="24.7565">
        <ele>2123.19</ele>
        <time>2023-10-07T12:27:02Z</time>
      </trkpt>
      <trkpt lat="45.57788" lon="24.75655">
        <ele>2123.17</ele>
        <time>2023-10-07T12:27:06Z</time>
      </trkpt>
      <trkpt lat="45.57787" lon="24.75657">
        <ele>2122.68</ele>
        <time>2023-10-07T12:27:08Z</time>
      </trkpt>
      <trkpt lat="45.57787" lon="24.75659">
        <ele>2122.54</ele>
        <time>2023-10-07T12:27:09Z</time>
      </trkpt>
      <trkpt lat="45.57785" lon="24.75666">
        <ele>2121.18</ele>
        <time>2023-10-07T12:27:14Z</time>
      </trkpt>
      <trkpt lat="45.57784" lon="24.75669">
        <ele>2120.53</ele>
        <time>2023-10-07T12:27:17Z</time>
      </trkpt>
      <trkpt lat="45.57784" lon="24.7567">
        <ele>2120.46</ele>
        <time>2023-10-07T12:27:18Z</time>
      </trkpt>
      <trkpt lat="45.57784" lon="24.75674">
        <ele>2120.19</ele>
        <time>2023-10-07T12:27:21Z</time>
      </trkpt>
      <trkpt lat="45.57783" lon="24.75681">
        <ele>2119.19</ele>
        <time>2023-10-07T12:27:26Z</time>
      </trkpt>
      <trkpt lat="45.57783" lon="24.75682">
        <ele>2119.12</ele>
        <time>2023-10-07T12:27:27Z</time>
      </trkpt>
      <trkpt lat="45.57783" lon="24.75686">
        <ele>2118.82</ele>
        <time>2023-10-07T12:27:30Z</time>
      </trkpt>
      <trkpt lat="45.57783" lon="24.75688">
        <ele>2118.67</ele>
        <time>2023-10-07T12:27:33Z</time>
      </trkpt>
      <trkpt lat="45.57782" lon="24.75688">
        <ele>2118.1</ele>
        <time>2023-10-07T12:27:36Z</time>
      </trkpt>
      <trkpt lat="45.57781" lon="24.75689">
        <ele>2117.45</ele>
        <time>2023-10-07T12:27:43Z</time>
      </trkpt>
      <trkpt lat="45.57781" lon="24.75689">
        <ele>2117.45</ele>
        <time>2023-10-07T12:27:52Z</time>
      </trkpt>
      <trkpt lat="45.57781" lon="24.75689">
        <ele>2117.45</ele>
        <time>2023-10-07T12:27:55Z</time>
      </trkpt>
      <trkpt lat="45.57781" lon="24.7569">
        <ele>2117.36</ele>
        <time>2023-10-07T12:28:03Z</time>
      </trkpt>
      <trkpt lat="45.57779" lon="24.75698">
        <ele>2115.38</ele>
        <time>2023-10-07T12:28:07Z</time>
      </trkpt>
      <trkpt lat="45.57776" lon="24.75707">
        <ele>2113.63</ele>
        <time>2023-10-07T12:28:12Z</time>
      </trkpt>
      <trkpt lat="45.57776" lon="24.75708">
        <ele>2113.51</ele>
        <time>2023-10-07T12:28:13Z</time>
      </trkpt>
      <trkpt lat="45.57777" lon="24.7571">
        <ele>2113.29</ele>
        <time>2023-10-07T12:28:14Z</time>
      </trkpt>
      <trkpt lat="45.57778" lon="24.75713">
        <ele>2113.14</ele>
        <time>2023-10-07T12:28:16Z</time>
      </trkpt>
      <trkpt lat="45.57778" lon="24.75716">
        <ele>2112.82</ele>
        <time>2023-10-07T12:28:18Z</time>
      </trkpt>
      <trkpt lat="45.57778" lon="24.7572">
        <ele>2112.39</ele>
        <time>2023-10-07T12:28:20Z</time>
      </trkpt>
      <trkpt lat="45.57777" lon="24.75722">
        <ele>2111.91</ele>
        <time>2023-10-07T12:28:22Z</time>
      </trkpt>
      <trkpt lat="45.57776" lon="24.75724">
        <ele>2111.68</ele>
        <time>2023-10-07T12:28:24Z</time>
      </trkpt>
      <trkpt lat="45.57776" lon="24.75727">
        <ele>2111.57</ele>
        <time>2023-10-07T12:28:27Z</time>
      </trkpt>
      <trkpt lat="45.57775" lon="24.75731">
        <ele>2111.28</ele>
        <time>2023-10-07T12:28:31Z</time>
      </trkpt>
      <trkpt lat="45.57774" lon="24.75735">
        <ele>2111.0</ele>
        <time>2023-10-07T12:28:34Z</time>
      </trkpt>
      <trkpt lat="45.57774" lon="24.75742">
        <ele>2110.74</ele>
        <time>2023-10-07T12:28:40Z</time>
      </trkpt>
      <trkpt lat="45.57775" lon="24.75744">
        <ele>2110.82</ele>
        <time>2023-10-07T12:28:42Z</time>
      </trkpt>
      <trkpt lat="45.57775" lon="24.75747">
        <ele>2110.71</ele>
        <time>2023-10-07T12:28:44Z</time>
      </trkpt>
      <trkpt lat="45.57776" lon="24.7575">
        <ele>2110.74</ele>
        <time>2023-10-07T12:28:47Z</time>
      </trkpt>
      <trkpt lat="45.57776" lon="24.75751">
        <ele>2110.47</ele>
        <time>2023-10-07T12:28:48Z</time>
      </trkpt>
      <trkpt lat="45.57777" lon="24.75755">
        <ele>2109.49</ele>
        <time>2023-10-07T12:28:53Z</time>
      </trkpt>
      <trkpt lat="45.57778" lon="24.75757">
        <ele>2109.1</ele>
        <time>2023-10-07T12:28:57Z</time>
      </trkpt>
      <trkpt lat="45.5778" lon="24.75759">
        <ele>2109.58</ele>
        <time>2023-10-07T12:29:03Z</time>
      </trkpt>
      <trkpt lat="45.5778" lon="24.7576">
        <ele>2109.3</ele>
        <time>2023-10-07T12:29:04Z</time>
      </trkpt>
      <trkpt lat="45.57781" lon="24.75764">
        <ele>2108.71</ele>
        <time>2023-10-07T12:29:10Z</time>
      </trkpt>
      <trkpt lat="45.57782" lon="24.75765">
        <ele>2108.97</ele>
        <time>2023-10-07T12:29:11Z</time>
      </trkpt>
      <trkpt lat="45.57783" lon="24.75772">
        <ele>2107.59</ele>
        <time>2023-10-07T12:29:20Z</time>
      </trkpt>
      <trkpt lat="45.57783" lon="24.75773">
        <ele>2107.32</ele>
        <time>2023-10-07T12:29:21Z</time>
      </trkpt>
      <trkpt lat="45.57784" lon="24.75776">
        <ele>2107.07</ele>
        <time>2023-10-07T12:29:25Z</time>
      </trkpt>
      <trkpt lat="45.57784" lon="24.75779">
        <ele>2106.49</ele>
        <time>2023-10-07T12:29:30Z</time>
      </trkpt>
      <trkpt lat="45.57784" lon="24.75781">
        <ele>2106.34</ele>
        <time>2023-10-07T12:29:32Z</time>
      </trkpt>
      <trkpt lat="45.57784" lon="24.75782">
        <ele>2106.26</ele>
        <time>2023-10-07T12:29:34Z</time>
      </trkpt>
      <trkpt lat="45.57784" lon="24.75783">
        <ele>2106.19</ele>
        <time>2023-10-07T12:29:37Z</time>
      </trkpt>
      <trkpt lat="45.57785" lon="24.75785">
        <ele>2106.56</ele>
        <time>2023-10-07T12:29:42Z</time>
      </trkpt>
      <trkpt lat="45.57785" lon="24.75787">
        <ele>2106.4</ele>
        <time>2023-10-07T12:29:44Z</time>
      </trkpt>
      <trkpt lat="45.57786" lon="24.75789">
        <ele>2106.73</ele>
        <time>2023-10-07T12:29:46Z</time>
      </trkpt>
      <trkpt lat="45.57786" lon="24.75792">
        <ele>2106.47</ele>
        <time>2023-10-07T12:29:51Z</time>
      </trkpt>
      <trkpt lat="45.57786" lon="24.75793">
        <ele>2106.38</ele>
        <time>2023-10-07T12:29:53Z</time>
      </trkpt>
      <trkpt lat="45.57786" lon="24.75794">
        <ele>2106.29</ele>
        <time>2023-10-07T12:29:55Z</time>
      </trkpt>
      <trkpt lat="45.57788" lon="24.758">
        <ele>2106.62</ele>
        <time>2023-10-07T12:30:01Z</time>
      </trkpt>
      <trkpt lat="45.57788" lon="24.75801">
        <ele>2106.51</ele>
        <time>2023-10-07T12:30:03Z</time>
      </trkpt>
      <trkpt lat="45.57789" lon="24.75802">
        <ele>2106.83</ele>
        <time>2023-10-07T12:30:05Z</time>
      </trkpt>
      <trkpt lat="45.5779" lon="24.75808">
        <ele>2106.29</ele>
        <time>2023-10-07T12:30:10Z</time>
      </trkpt>
      <trkpt lat="45.5779" lon="24.7581">
        <ele>2105.84</ele>
        <time>2023-10-07T12:30:12Z</time>
      </trkpt>
      <trkpt lat="45.57789" lon="24.75814">
        <ele>2104.67</ele>
        <time>2023-10-07T12:30:17Z</time>
      </trkpt>
      <trkpt lat="45.57789" lon="24.75815">
        <ele>2104.46</ele>
        <time>2023-10-07T12:30:18Z</time>
      </trkpt>
      <trkpt lat="45.57792" lon="24.75819">
        <ele>2104.17</ele>
        <time>2023-10-07T12:30:24Z</time>
      </trkpt>
      <trkpt lat="45.57795" lon="24.75827">
        <ele>2102.3</ele>
        <time>2023-10-07T12:30:33Z</time>
      </trkpt>
      <trkpt lat="45.57795" lon="24.7583">
        <ele>2101.39</ele>
        <time>2023-10-07T12:30:36Z</time>
      </trkpt>
      <trkpt lat="45.57795" lon="24.75832">
        <ele>2100.79</ele>
        <time>2023-10-07T12:30:38Z</time>
      </trkpt>
      <trkpt lat="45.57795" lon="24.75835">
        <ele>2099.96</ele>
        <time>2023-10-07T12:30:40Z</time>
      </trkpt>
      <trkpt lat="45.57796" lon="24.7584">
        <ele>2098.66</ele>
        <time>2023-10-07T12:30:44Z</time>
      </trkpt>
      <trkpt lat="45.57797" lon="24.75842">
        <ele>2098.12</ele>
        <time>2023-10-07T12:30:48Z</time>
      </trkpt>
      <trkpt lat="45.57797" lon="24.75843">
        <ele>2097.87</ele>
        <time>2023-10-07T12:30:49Z</time>
      </trkpt>
      <trkpt lat="45.57797" lon="24.75843">
        <ele>2097.87</ele>
        <time>2023-10-07T12:30:50Z</time>
      </trkpt>
      <trkpt lat="45.57797" lon="24.75845">
        <ele>2097.37</ele>
        <time>2023-10-07T12:30:51Z</time>
      </trkpt>
      <trkpt lat="45.57797" lon="24.75846">
        <ele>2097.12</ele>
        <time>2023-10-07T12:30:53Z</time>
      </trkpt>
      <trkpt lat="45.57797" lon="24.75847">
        <ele>2096.86</ele>
        <time>2023-10-07T12:30:54Z</time>
      </trkpt>
      <trkpt lat="45.57798" lon="24.75851">
        <ele>2095.82</ele>
        <time>2023-10-07T12:30:58Z</time>
      </trkpt>
      <trkpt lat="45.57798" lon="24.75853">
        <ele>2095.32</ele>
        <time>2023-10-07T12:31:00Z</time>
      </trkpt>
      <trkpt lat="45.57799" lon="24.75859">
        <ele>2093.77</ele>
        <time>2023-10-07T12:31:07Z</time>
      </trkpt>
      <trkpt lat="45.57799" lon="24.75862">
        <ele>2092.73</ele>
        <time>2023-10-07T12:31:09Z</time>
      </trkpt>
      <trkpt lat="45.57799" lon="24.75863">
        <ele>2092.15</ele>
        <time>2023-10-07T12:31:10Z</time>
      </trkpt>
      <trkpt lat="45.57799" lon="24.75868">
        <ele>2089.28</ele>
        <time>2023-10-07T12:31:15Z</time>
      </trkpt>
      <trkpt lat="45.57799" lon="24.7587">
        <ele>2088.13</ele>
        <time>2023-10-07T12:31:17Z</time>
      </trkpt>
      <trkpt lat="45.57799" lon="24.75872">
        <ele>2086.99</ele>
        <time>2023-10-07T12:31:20Z</time>
      </trkpt>
      <trkpt lat="45.57799" lon="24.75874">
        <ele>2085.84</ele>
        <time>2023-10-07T12:31:23Z</time>
      </trkpt>
      <trkpt lat="45.57798" lon="24.75876">
        <ele>2084.65</ele>
        <time>2023-10-07T12:31:26Z</time>
      </trkpt>
      <trkpt lat="45.57799" lon="24.75876">
        <ele>2084.69</ele>
        <time>2023-10-07T12:31:31Z</time>
      </trkpt>
      <trkpt lat="45.57799" lon="24.7588">
        <ele>2082.39</ele>
        <time>2023-10-07T12:31:35Z</time>
      </trkpt>
      <trkpt lat="45.57799" lon="24.75884">
        <ele>2080.1</ele>
        <time>2023-10-07T12:31:38Z</time>
      </trkpt>
      <trkpt lat="45.57799" lon="24.75891">
        <ele>2076.6</ele>
        <time>2023-10-07T12:31:46Z</time>
      </trkpt>
      <trkpt lat="45.57799" lon="24.75893">
        <ele>2075.95</ele>
        <time>2023-10-07T12:31:48Z</time>
      </trkpt>
      <trkpt lat="45.578" lon="24.75895">
        <ele>2075.38</ele>
        <time>2023-10-07T12:31:52Z</time>
      </trkpt>
      <trkpt lat="45.578" lon="24.75897">
        <ele>2074.71</ele>
        <time>2023-10-07T12:31:54Z</time>
      </trkpt>
      <trkpt lat="45.578" lon="24.759">
        <ele>2073.72</ele>
        <time>2023-10-07T12:31:57Z</time>
      </trkpt>
      <trkpt lat="45.57801" lon="24.75901">
        <ele>2073.43</ele>
        <time>2023-10-07T12:31:58Z</time>
      </trkpt>
      <trkpt lat="45.57801" lon="24.75905">
        <ele>2072.09</ele>
        <time>2023-10-07T12:32:02Z</time>
      </trkpt>
      <trkpt lat="45.57801" lon="24.75908">
        <ele>2071.08</ele>
        <time>2023-10-07T12:32:05Z</time>
      </trkpt>
      <trkpt lat="45.57801" lon="24.7591">
        <ele>2070.41</ele>
        <time>2023-10-07T12:32:07Z</time>
      </trkpt>
      <trkpt lat="45.57802" lon="24.75913">
        <ele>2069.38</ele>
        <time>2023-10-07T12:32:11Z</time>
      </trkpt>
      <trkpt lat="45.57802" lon="24.75916">
        <ele>2068.36</ele>
        <time>2023-10-07T12:32:14Z</time>
      </trkpt>
      <trkpt lat="45.57802" lon="24.75919">
        <ele>2067.57</ele>
        <time>2023-10-07T12:32:17Z</time>
      </trkpt>
      <trkpt lat="45.57803" lon="24.75921">
        <ele>2067.04</ele>
        <time>2023-10-07T12:32:20Z</time>
      </trkpt>
      <trkpt lat="45.57803" lon="24.75924">
        <ele>2066.32</ele>
        <time>2023-10-07T12:32:23Z</time>
      </trkpt>
      <trkpt lat="45.57802" lon="24.75927">
        <ele>2065.67</ele>
        <time>2023-10-07T12:32:25Z</time>
      </trkpt>
      <trkpt lat="45.578" lon="24.75929">
        <ele>2065.36</ele>
        <time>2023-10-07T12:32:30Z</time>
      </trkpt>
      <trkpt lat="45.578" lon="24.75934">
        <ele>2064.21</ele>
        <time>2023-10-07T12:32:34Z</time>
      </trkpt>
      <trkpt lat="45.57799" lon="24.75939">
        <ele>2063.18</ele>
        <time>2023-10-07T12:32:39Z</time>
      </trkpt>
      <trkpt lat="45.57799" lon="24.75943">
        <ele>2062.27</ele>
        <time>2023-10-07T12:32:42Z</time>
      </trkpt>
      <trkpt lat="45.578" lon="24.75949">
        <ele>2059.44</ele>
        <time>2023-10-07T12:32:47Z</time>
      </trkpt>
      <trkpt lat="45.578" lon="24.75956">
        <ele>2055.81</ele>
        <time>2023-10-07T12:32:52Z</time>
      </trkpt>
      <trkpt lat="45.57799" lon="24.75958">
        <ele>2055.06</ele>
        <time>2023-10-07T12:32:54Z</time>
      </trkpt>
      <trkpt lat="45.57799" lon="24.75963">
        <ele>2052.52</ele>
        <time>2023-10-07T12:32:58Z</time>
      </trkpt>
      <trkpt lat="45.578" lon="24.75968">
        <ele>2049.59</ele>
        <time>2023-10-07T12:33:02Z</time>
      </trkpt>
      <trkpt lat="45.578" lon="24.75971">
        <ele>2048.03</ele>
        <time>2023-10-07T12:33:05Z</time>
      </trkpt>
      <trkpt lat="45.57798" lon="24.75976">
        <ele>2047.09</ele>
        <time>2023-10-07T12:33:09Z</time>
      </trkpt>
      <trkpt lat="45.57797" lon="24.7598">
        <ele>2046.22</ele>
        <time>2023-10-07T12:33:15Z</time>
      </trkpt>
      <trkpt lat="45.57797" lon="24.7598">
        <ele>2046.22</ele>
        <time>2023-10-07T12:33:16Z</time>
      </trkpt>
      <trkpt lat="45.57797" lon="24.75983">
        <ele>2045.26</ele>
        <time>2023-10-07T12:33:22Z</time>
      </trkpt>
      <trkpt lat="45.57792" lon="24.75992">
        <ele>2043.79</ele>
        <time>2023-10-07T12:33:31Z</time>
      </trkpt>
      <trkpt lat="45.5779" lon="24.75994">
        <ele>2043.6</ele>
        <time>2023-10-07T12:33:33Z</time>
      </trkpt>
      <trkpt lat="45.57785" lon="24.75997">
        <ele>2043.68</ele>
        <time>2023-10-07T12:33:41Z</time>
      </trkpt>
      <trkpt lat="45.57784" lon="24.75998">
        <ele>2043.5</ele>
        <time>2023-10-07T12:33:42Z</time>
      </trkpt>
      <trkpt lat="45.57783" lon="24.76003">
        <ele>2042.14</ele>
        <time>2023-10-07T12:33:48Z</time>
      </trkpt>
      <trkpt lat="45.57782" lon="24.76004">
        <ele>2042.1</ele>
        <time>2023-10-07T12:33:49Z</time>
      </trkpt>
      <trkpt lat="45.57781" lon="24.76007">
        <ele>2041.57</ele>
        <time>2023-10-07T12:33:52Z</time>
      </trkpt>
      <trkpt lat="45.57778" lon="24.76012">
        <ele>2040.93</ele>
        <time>2023-10-07T12:33:58Z</time>
      </trkpt>
      <trkpt lat="45.57777" lon="24.76018">
        <ele>2039.81</ele>
        <time>2023-10-07T12:34:04Z</time>
      </trkpt>
      <trkpt lat="45.57777" lon="24.7602">
        <ele>2039.29</ele>
        <time>2023-10-07T12:34:07Z</time>
      </trkpt>
      <trkpt lat="45.57776" lon="24.76021">
        <ele>2039.44</ele>
        <time>2023-10-07T12:34:08Z</time>
      </trkpt>
      <trkpt lat="45.57776" lon="24.76031">
        <ele>2036.52</ele>
        <time>2023-10-07T12:34:19Z</time>
      </trkpt>
      <trkpt lat="45.57776" lon="24.76033">
        <ele>2035.86</ele>
        <time>2023-10-07T12:34:20Z</time>
      </trkpt>
      <trkpt lat="45.57776" lon="24.76035">
        <ele>2035.2</ele>
        <time>2023-10-07T12:34:22Z</time>
      </trkpt>
      <trkpt lat="45.57778" lon="24.76039">
        <ele>2033.33</ele>
        <time>2023-10-07T12:34:26Z</time>
      </trkpt>
      <trkpt lat="45.5778" lon="24.76042">
        <ele>2032.07</ele>
        <time>2023-10-07T12:34:29Z</time>
      </trkpt>
      <trkpt lat="45.5778" lon="24.76043">
        <ele>2031.76</ele>
        <time>2023-10-07T12:34:30Z</time>
      </trkpt>
      <trkpt lat="45.5778" lon="24.76044">
        <ele>2031.44</ele>
        <time>2023-10-07T12:34:32Z</time>
      </trkpt>
      <trkpt lat="45.57782" lon="24.76048">
        <ele>2029.91</ele>
        <time>2023-10-07T12:34:37Z</time>
      </trkpt>
      <trkpt lat="45.57783" lon="24.76051">
        <ele>2028.85</ele>
        <time>2023-10-07T12:34:40Z</time>
      </trkpt>
      <trkpt lat="45.57784" lon="24.76055">
        <ele>2027.5</ele>
        <time>2023-10-07T12:34:43Z</time>
      </trkpt>
      <trkpt lat="45.57787" lon="24.76061">
        <ele>2026.09</ele>
        <time>2023-10-07T12:34:48Z</time>
      </trkpt>
      <trkpt lat="45.57787" lon="24.76063">
        <ele>2025.75</ele>
        <time>2023-10-07T12:34:49Z</time>
      </trkpt>
      <trkpt lat="45.57788" lon="24.76067">
        <ele>2024.99</ele>
        <time>2023-10-07T12:34:52Z</time>
      </trkpt>
      <trkpt lat="45.5779" lon="24.76074">
        <ele>2023.65</ele>
        <time>2023-10-07T12:34:57Z</time>
      </trkpt>
      <trkpt lat="45.57791" lon="24.76077">
        <ele>2023.08</ele>
        <time>2023-10-07T12:34:59Z</time>
      </trkpt>
      <trkpt lat="45.57793" lon="24.76088">
        <ele>2021.9</ele>
        <time>2023-10-07T12:35:08Z</time>
      </trkpt>
      <trkpt lat="45.57793" lon="24.76089">
        <ele>2021.9</ele>
        <time>2023-10-07T12:35:09Z</time>
      </trkpt>
      <trkpt lat="45.57794" lon="24.76093">
        <ele>2021.83</ele>
        <time>2023-10-07T12:35:12Z</time>
      </trkpt>
      <trkpt lat="45.57795" lon="24.76095">
        <ele>2021.76</ele>
        <time>2023-10-07T12:35:14Z</time>
      </trkpt>
      <trkpt lat="45.57795" lon="24.76097">
        <ele>2021.76</ele>
        <time>2023-10-07T12:35:16Z</time>
      </trkpt>
      <trkpt lat="45.57794" lon="24.76098">
        <ele>2021.83</ele>
        <time>2023-10-07T12:35:17Z</time>
      </trkpt>
      <trkpt lat="45.57795" lon="24.761">
        <ele>2021.76</ele>
        <time>2023-10-07T12:35:19Z</time>
      </trkpt>
      <trkpt lat="45.57796" lon="24.76102">
        <ele>2021.69</ele>
        <time>2023-10-07T12:35:22Z</time>
      </trkpt>
      <trkpt lat="45.57797" lon="24.76102">
        <ele>2021.62</ele>
        <time>2023-10-07T12:35:23Z</time>
      </trkpt>
      <trkpt lat="45.57798" lon="24.76103">
        <ele>2021.54</ele>
        <time>2023-10-07T12:35:24Z</time>
      </trkpt>
      <trkpt lat="45.57798" lon="24.76104">
        <ele>2021.54</ele>
        <time>2023-10-07T12:35:25Z</time>
      </trkpt>
      <trkpt lat="45.57798" lon="24.76107">
        <ele>2021.54</ele>
        <time>2023-10-07T12:35:28Z</time>
      </trkpt>
      <trkpt lat="45.57798" lon="24.76109">
        <ele>2021.54</ele>
        <time>2023-10-07T12:35:30Z</time>
      </trkpt>
      <trkpt lat="45.57798" lon="24.76112">
        <ele>2021.54</ele>
        <time>2023-10-07T12:35:35Z</time>
      </trkpt>
      <trkpt lat="45.578" lon="24.76114">
        <ele>2021.4</ele>
        <time>2023-10-07T12:35:39Z</time>
      </trkpt>
      <trkpt lat="45.57802" lon="24.76121">
        <ele>2021.26</ele>
        <time>2023-10-07T12:35:44Z</time>
      </trkpt>
      <trkpt lat="45.57803" lon="24.76125">
        <ele>2021.18</ele>
        <time>2023-10-07T12:35:47Z</time>
      </trkpt>
      <trkpt lat="45.57804" lon="24.76128">
        <ele>2021.11</ele>
        <time>2023-10-07T12:35:50Z</time>
      </trkpt>
      <trkpt lat="45.57805" lon="24.7613">
        <ele>2021.04</ele>
        <time>2023-10-07T12:35:52Z</time>
      </trkpt>
      <trkpt lat="45.57808" lon="24.7614">
        <ele>2020.6</ele>
        <time>2023-10-07T12:36:01Z</time>
      </trkpt>
      <trkpt lat="45.57809" lon="24.76153">
        <ele>2020.95</ele>
        <time>2023-10-07T12:36:10Z</time>
      </trkpt>
      <trkpt lat="45.57809" lon="24.76154">
        <ele>2020.99</ele>
        <time>2023-10-07T12:36:11Z</time>
      </trkpt>
      <trkpt lat="45.5781" lon="24.76156">
        <ele>2020.91</ele>
        <time>2023-10-07T12:36:12Z</time>
      </trkpt>
      <trkpt lat="45.5781" lon="24.76159">
        <ele>2021.04</ele>
        <time>2023-10-07T12:36:14Z</time>
      </trkpt>
      <trkpt lat="45.57811" lon="24.7616">
        <ele>2020.93</ele>
        <time>2023-10-07T12:36:15Z</time>
      </trkpt>
      <trkpt lat="45.57813" lon="24.76167">
        <ele>2020.95</ele>
        <time>2023-10-07T12:36:21Z</time>
      </trkpt>
      <trkpt lat="45.57817" lon="24.7618">
        <ele>2021.93</ele>
        <time>2023-10-07T12:36:31Z</time>
      </trkpt>
      <trkpt lat="45.57818" lon="24.76182">
        <ele>2022.19</ele>
        <time>2023-10-07T12:36:32Z</time>
      </trkpt>
      <trkpt lat="45.57819" lon="24.76187">
        <ele>2022.9</ele>
        <time>2023-10-07T12:36:36Z</time>
      </trkpt>
      <trkpt lat="45.57821" lon="24.76195">
        <ele>2024.19</ele>
        <time>2023-10-07T12:36:42Z</time>
      </trkpt>
      <trkpt lat="45.57822" lon="24.76201">
        <ele>2023.99</ele>
        <time>2023-10-07T12:36:46Z</time>
      </trkpt>
      <trkpt lat="45.57823" lon="24.76204">
        <ele>2023.95</ele>
        <time>2023-10-07T12:36:48Z</time>
      </trkpt>
      <trkpt lat="45.57826" lon="24.76215">
        <ele>2023.66</ele>
        <time>2023-10-07T12:36:56Z</time>
      </trkpt>
      <trkpt lat="45.57837" lon="24.76235">
        <ele>2022.63</ele>
        <time>2023-10-07T12:37:15Z</time>
      </trkpt>
      <trkpt lat="45.5784" lon="24.76236">
        <ele>2021.83</ele>
        <time>2023-10-07T12:37:19Z</time>
      </trkpt>
      <trkpt lat="45.57841" lon="24.7624">
        <ele>2021.35</ele>
        <time>2023-10-07T12:37:23Z</time>
      </trkpt>
      <trkpt lat="45.57842" lon="24.76243">
        <ele>2020.91</ele>
        <time>2023-10-07T12:37:26Z</time>
      </trkpt>
      <trkpt lat="45.57843" lon="24.76246">
        <ele>2020.46</ele>
        <time>2023-10-07T12:37:30Z</time>
      </trkpt>
      <trkpt lat="45.57844" lon="24.76247">
        <ele>2020.12</ele>
        <time>2023-10-07T12:37:32Z</time>
      </trkpt>
      <trkpt lat="45.57845" lon="24.7625">
        <ele>2019.64</ele>
        <time>2023-10-07T12:37:38Z</time>
      </trkpt>
      <trkpt lat="45.57845" lon="24.7625">
        <ele>2019.64</ele>
        <time>2023-10-07T12:37:45Z</time>
      </trkpt>
      <trkpt lat="45.57845" lon="24.7625">
        <ele>2019.64</ele>
        <time>2023-10-07T12:38:05Z</time>
      </trkpt>
      <trkpt lat="45.57845" lon="24.7625">
        <ele>2019.64</ele>
        <time>2023-10-07T12:38:08Z</time>
      </trkpt>
      <trkpt lat="45.57846" lon="24.7625">
        <ele>2019.35</ele>
        <time>2023-10-07T12:38:10Z</time>
      </trkpt>
      <trkpt lat="45.57846" lon="24.7625">
        <ele>2019.35</ele>
        <time>2023-10-07T12:38:12Z</time>
      </trkpt>
      <trkpt lat="45.57847" lon="24.7625">
        <ele>2019.06</ele>
        <time>2023-10-07T12:38:14Z</time>
      </trkpt>
      <trkpt lat="45.57849" lon="24.76248">
        <ele>2018.64</ele>
        <time>2023-10-07T12:38:20Z</time>
      </trkpt>
      <trkpt lat="45.57851" lon="24.76247">
        <ele>2018.16</ele>
        <time>2023-10-07T12:38:24Z</time>
      </trkpt>
      <trkpt lat="45.57853" lon="24.76247">
        <ele>2017.6</ele>
        <time>2023-10-07T12:38:29Z</time>
      </trkpt>
      <trkpt lat="45.57853" lon="24.76247">
        <ele>2017.6</ele>
        <time>2023-10-07T12:38:36Z</time>
      </trkpt>
      <trkpt lat="45.57854" lon="24.7625">
        <ele>2017.05</ele>
        <time>2023-10-07T12:38:44Z</time>
      </trkpt>
      <trkpt lat="45.57857" lon="24.76256">
        <ele>2015.78</ele>
        <time>2023-10-07T12:39:03Z</time>
      </trkpt>
      <trkpt lat="45.57857" lon="24.76256">
        <ele>2015.78</ele>
        <time>2023-10-07T12:39:11Z</time>
      </trkpt>
      <trkpt lat="45.57857" lon="24.76256">
        <ele>2015.78</ele>
        <time>2023-10-07T12:39:17Z</time>
      </trkpt>
      <trkpt lat="45.57857" lon="24.76256">
        <ele>2015.78</ele>
        <time>2023-10-07T12:39:39Z</time>
      </trkpt>
      <trkpt lat="45.57857" lon="24.76256">
        <ele>2015.78</ele>
        <time>2023-10-07T12:39:46Z</time>
      </trkpt>
      <trkpt lat="45.57859" lon="24.76257">
        <ele>2015.12</ele>
        <time>2023-10-07T12:39:56Z</time>
      </trkpt>
      <trkpt lat="45.57859" lon="24.76258">
        <ele>2015.05</ele>
        <time>2023-10-07T12:39:59Z</time>
      </trkpt>
      <trkpt lat="45.57859" lon="24.76258">
        <ele>2015.05</ele>
        <time>2023-10-07T12:40:03Z</time>
      </trkpt>
      <trkpt lat="45.57859" lon="24.76258">
        <ele>2015.05</ele>
        <time>2023-10-07T12:40:06Z</time>
      </trkpt>
      <trkpt lat="45.57859" lon="24.76258">
        <ele>2015.05</ele>
        <time>2023-10-07T12:40:09Z</time>
      </trkpt>
      <trkpt lat="45.57859" lon="24.7626">
        <ele>2014.92</ele>
        <time>2023-10-07T12:40:16Z</time>
      </trkpt>
      <trkpt lat="45.5786" lon="24.76261">
        <ele>2014.54</ele>
        <time>2023-10-07T12:40:20Z</time>
      </trkpt>
      <trkpt lat="45.5786" lon="24.76262">
        <ele>2014.47</ele>
        <time>2023-10-07T12:40:25Z</time>
      </trkpt>
      <trkpt lat="45.5786" lon="24.76263">
        <ele>2014.4</ele>
        <time>2023-10-07T12:40:56Z</time>
      </trkpt>
      <trkpt lat="45.5786" lon="24.76263">
        <ele>2014.4</ele>
        <time>2023-10-07T12:41:05Z</time>
      </trkpt>
      <trkpt lat="45.5786" lon="24.76263">
        <ele>2014.4</ele>
        <time>2023-10-07T12:41:12Z</time>
      </trkpt>
      <trkpt lat="45.5786" lon="24.76263">
        <ele>2014.4</ele>
        <time>2023-10-07T12:41:16Z</time>
      </trkpt>
      <trkpt lat="45.5786" lon="24.76263">
        <ele>2014.4</ele>
        <time>2023-10-07T12:41:25Z</time>
      </trkpt>
      <trkpt lat="45.57861" lon="24.76263">
        <ele>2014.1</ele>
        <time>2023-10-07T12:41:56Z</time>
      </trkpt>
      <trkpt lat="45.57861" lon="24.76263">
        <ele>2014.1</ele>
        <time>2023-10-07T12:42:09Z</time>
      </trkpt>
      <trkpt lat="45.57861" lon="24.76263">
        <ele>2014.1</ele>
        <time>2023-10-07T12:42:21Z</time>
      </trkpt>
      <trkpt lat="45.57861" lon="24.76263">
        <ele>2014.1</ele>
        <time>2023-10-07T12:42:46Z</time>
      </trkpt>
      <trkpt lat="45.57862" lon="24.76264">
        <ele>2013.59</ele>
        <time>2023-10-07T12:43:13Z</time>
      </trkpt>
      <trkpt lat="45.57862" lon="24.76264">
        <ele>2013.59</ele>
        <time>2023-10-07T12:43:24Z</time>
      </trkpt>
      <trkpt lat="45.57862" lon="24.76264">
        <ele>2013.59</ele>
        <time>2023-10-07T12:43:30Z</time>
      </trkpt>
      <trkpt lat="45.57862" lon="24.76264">
        <ele>2013.59</ele>
        <time>2023-10-07T12:43:41Z</time>
      </trkpt>
      <trkpt lat="45.57863" lon="24.76265">
        <ele>2013.07</ele>
        <time>2023-10-07T12:44:01Z</time>
      </trkpt>
      <trkpt lat="45.57863" lon="24.76265">
        <ele>2013.07</ele>
        <time>2023-10-07T12:44:02Z</time>
      </trkpt>
      <trkpt lat="45.57863" lon="24.76265">
        <ele>2013.07</ele>
        <time>2023-10-07T12:44:14Z</time>
      </trkpt>
      <trkpt lat="45.57863" lon="24.76265">
        <ele>2013.07</ele>
        <time>2023-10-07T12:44:15Z</time>
      </trkpt>
      <trkpt lat="45.57863" lon="24.76265">
        <ele>2013.07</ele>
        <time>2023-10-07T12:44:22Z</time>
      </trkpt>
      <trkpt lat="45.57863" lon="24.76265">
        <ele>2013.07</ele>
        <time>2023-10-07T12:44:25Z</time>
      </trkpt>
      <trkpt lat="45.57864" lon="24.76266">
        <ele>2012.56</ele>
        <time>2023-10-07T12:44:53Z</time>
      </trkpt>
      <trkpt lat="45.57864" lon="24.76266">
        <ele>2012.56</ele>
        <time>2023-10-07T12:44:54Z</time>
      </trkpt>
      <trkpt lat="45.57864" lon="24.76266">
        <ele>2012.56</ele>
        <time>2023-10-07T12:44:58Z</time>
      </trkpt>
      <trkpt lat="45.57864" lon="24.76267">
        <ele>2012.49</ele>
        <time>2023-10-07T12:45:04Z</time>
      </trkpt>
      <trkpt lat="45.57864" lon="24.76267">
        <ele>2012.49</ele>
        <time>2023-10-07T12:45:14Z</time>
      </trkpt>
      <trkpt lat="45.57864" lon="24.76267">
        <ele>2012.49</ele>
        <time>2023-10-07T12:45:16Z</time>
      </trkpt>
      <trkpt lat="45.57865" lon="24.76267">
        <ele>2012.04</ele>
        <time>2023-10-07T12:45:37Z</time>
      </trkpt>
      <trkpt lat="45.57865" lon="24.76267">
        <ele>2012.04</ele>
        <time>2023-10-07T12:45:47Z</time>
      </trkpt>
      <trkpt lat="45.57865" lon="24.76267">
        <ele>2012.04</ele>
        <time>2023-10-07T12:45:52Z</time>
      </trkpt>
      <trkpt lat="45.57865" lon="24.76268">
        <ele>2011.97</ele>
        <time>2023-10-07T12:45:53Z</time>
      </trkpt>
      <trkpt lat="45.57865" lon="24.76268">
        <ele>2011.97</ele>
        <time>2023-10-07T12:46:02Z</time>
      </trkpt>
      <trkpt lat="45.57866" lon="24.76268">
        <ele>2011.53</ele>
        <time>2023-10-07T12:46:10Z</time>
      </trkpt>
      <trkpt lat="45.57866" lon="24.76268">
        <ele>2011.53</ele>
        <time>2023-10-07T12:46:15Z</time>
      </trkpt>
      <trkpt lat="45.57866" lon="24.76268">
        <ele>2011.53</ele>
        <time>2023-10-07T12:46:19Z</time>
      </trkpt>
      <trkpt lat="45.57866" lon="24.76268">
        <ele>2011.53</ele>
        <time>2023-10-07T12:46:25Z</time>
      </trkpt>
      <trkpt lat="45.57867" lon="24.76269">
        <ele>2011.02</ele>
        <time>2023-10-07T12:46:50Z</time>
      </trkpt>
      <trkpt lat="45.57867" lon="24.76269">
        <ele>2011.02</ele>
        <time>2023-10-07T12:46:59Z</time>
      </trkpt>
      <trkpt lat="45.57867" lon="24.7627">
        <ele>2010.96</ele>
        <time>2023-10-07T12:47:13Z</time>
      </trkpt>
      <trkpt lat="45.57867" lon="24.7627">
        <ele>2010.96</ele>
        <time>2023-10-07T12:47:14Z</time>
      </trkpt>
      <trkpt lat="45.57868" lon="24.7627">
        <ele>2010.51</ele>
        <time>2023-10-07T12:47:41Z</time>
      </trkpt>
      <trkpt lat="45.57869" lon="24.7627">
        <ele>2010.07</ele>
        <time>2023-10-07T12:47:56Z</time>
      </trkpt>
      <trkpt lat="45.57869" lon="24.76271">
        <ele>2010.01</ele>
        <time>2023-10-07T12:48:11Z</time>
      </trkpt>
      <trkpt lat="45.5787" lon="24.76271">
        <ele>2009.57</ele>
        <time>2023-10-07T12:48:28Z</time>
      </trkpt>
      <trkpt lat="45.5787" lon="24.76271">
        <ele>2009.57</ele>
        <time>2023-10-07T12:48:42Z</time>
      </trkpt>
      <trkpt lat="45.5787" lon="24.76272">
        <ele>2009.51</ele>
        <time>2023-10-07T12:48:56Z</time>
      </trkpt>
      <trkpt lat="45.5787" lon="24.76272">
        <ele>2009.51</ele>
        <time>2023-10-07T12:49:03Z</time>
      </trkpt>
      <trkpt lat="45.57871" lon="24.76272">
        <ele>2009.07</ele>
        <time>2023-10-07T12:49:26Z</time>
      </trkpt>
      <trkpt lat="45.57872" lon="24.76272">
        <ele>2008.63</ele>
        <time>2023-10-07T12:50:00Z</time>
      </trkpt>
      <trkpt lat="45.57872" lon="24.76273">
        <ele>2008.57</ele>
        <time>2023-10-07T12:50:08Z</time>
      </trkpt>
      <trkpt lat="45.57873" lon="24.76273">
        <ele>2008.13</ele>
        <time>2023-10-07T12:50:20Z</time>
      </trkpt>
      <trkpt lat="45.57883" lon="24.76272">
        <ele>2003.8</ele>
        <time>2023-10-07T12:50:30Z</time>
      </trkpt>
      <trkpt lat="45.57891" lon="24.76272">
        <ele>1999.58</ele>
        <time>2023-10-07T12:50:35Z</time>
      </trkpt>
      <trkpt lat="45.57897" lon="24.76272">
        <ele>1994.95</ele>
        <time>2023-10-07T12:50:43Z</time>
      </trkpt>
      <trkpt lat="45.57904" lon="24.76272">
        <ele>1989.56</ele>
        <time>2023-10-07T12:50:45Z</time>
      </trkpt>
      <trkpt lat="45.57905" lon="24.76272">
        <ele>1988.79</ele>
        <time>2023-10-07T12:50:51Z</time>
      </trkpt>
      <trkpt lat="45.57905" lon="24.76272">
        <ele>1988.79</ele>
        <time>2023-10-07T12:50:55Z</time>
      </trkpt>
      <trkpt lat="45.57907" lon="24.7627">
        <ele>1987.22</ele>
        <time>2023-10-07T12:51:03Z</time>
      </trkpt>
      <trkpt lat="45.57909" lon="24.76268">
        <ele>1985.64</ele>
        <time>2023-10-07T12:51:11Z</time>
      </trkpt>
      <trkpt lat="45.57911" lon="24.76266">
        <ele>1984.03</ele>
        <time>2023-10-07T12:51:19Z</time>
      </trkpt>
      <trkpt lat="45.57913" lon="24.76263">
        <ele>1982.38</ele>
        <time>2023-10-07T12:51:28Z</time>
      </trkpt>
      <trkpt lat="45.57918" lon="24.76261">
        <ele>1978.82</ele>
        <time>2023-10-07T12:51:40Z</time>
      </trkpt>
      <trkpt lat="45.57919" lon="24.76258">
        <ele>1978.28</ele>
        <time>2023-10-07T12:51:48Z</time>
      </trkpt>
      <trkpt lat="45.57919" lon="24.76258">
        <ele>1978.28</ele>
        <time>2023-10-07T12:51:54Z</time>
      </trkpt>
      <trkpt lat="45.5792" lon="24.76254">
        <ele>1977.7</ele>
        <time>2023-10-07T12:52:07Z</time>
      </trkpt>
      <trkpt lat="45.5792" lon="24.76254">
        <ele>1977.7</ele>
        <time>2023-10-07T12:52:08Z</time>
      </trkpt>
      <trkpt lat="45.57921" lon="24.76253">
        <ele>1977.24</ele>
        <time>2023-10-07T12:52:14Z</time>
      </trkpt>
      <trkpt lat="45.57922" lon="24.76253">
        <ele>1976.8</ele>
        <time>2023-10-07T12:52:22Z</time>
      </trkpt>
      <trkpt lat="45.57922" lon="24.7625">
        <ele>1976.7</ele>
        <time>2023-10-07T12:52:29Z</time>
      </trkpt>
      <trkpt lat="45.57924" lon="24.7625">
        <ele>1975.83</ele>
        <time>2023-10-07T12:52:37Z</time>
      </trkpt>
      <trkpt lat="45.57926" lon="24.7625">
        <ele>1974.97</ele>
        <time>2023-10-07T12:52:44Z</time>
      </trkpt>
      <trkpt lat="45.57926" lon="24.7625">
        <ele>1974.97</ele>
        <time>2023-10-07T12:52:47Z</time>
      </trkpt>
      <trkpt lat="45.57926" lon="24.7625">
        <ele>1974.97</ele>
        <time>2023-10-07T12:52:48Z</time>
      </trkpt>
      <trkpt lat="45.57926" lon="24.7625">
        <ele>1974.97</ele>
        <time>2023-10-07T12:52:49Z</time>
      </trkpt>
      <trkpt lat="45.57926" lon="24.7625">
        <ele>1974.97</ele>
        <time>2023-10-07T12:52:53Z</time>
      </trkpt>
      <trkpt lat="45.57926" lon="24.76249">
        <ele>1975.08</ele>
        <time>2023-10-07T12:52:56Z</time>
      </trkpt>
      <trkpt lat="45.57926" lon="24.76248">
        <ele>1975.18</ele>
        <time>2023-10-07T12:53:01Z</time>
      </trkpt>
      <trkpt lat="45.57926" lon="24.76244">
        <ele>1975.62</ele>
        <time>2023-10-07T12:53:14Z</time>
      </trkpt>
      <trkpt lat="45.57925" lon="24.76244">
        <ele>1976.05</ele>
        <time>2023-10-07T12:53:16Z</time>
      </trkpt>
      <trkpt lat="45.57925" lon="24.76243">
        <ele>1976.16</ele>
        <time>2023-10-07T12:53:21Z</time>
      </trkpt>
      <trkpt lat="45.57925" lon="24.76243">
        <ele>1976.16</ele>
        <time>2023-10-07T12:53:25Z</time>
      </trkpt>
      <trkpt lat="45.57925" lon="24.76243">
        <ele>1976.16</ele>
        <time>2023-10-07T12:53:32Z</time>
      </trkpt>
      <trkpt lat="45.57926" lon="24.76238">
        <ele>1976.26</ele>
        <time>2023-10-07T12:53:37Z</time>
      </trkpt>
      <trkpt lat="45.57926" lon="24.76237">
        <ele>1976.37</ele>
        <time>2023-10-07T12:53:38Z</time>
      </trkpt>
      <trkpt lat="45.57928" lon="24.76231">
        <ele>1976.16</ele>
        <time>2023-10-07T12:53:41Z</time>
      </trkpt>
      <trkpt lat="45.57931" lon="24.76225">
        <ele>1975.51</ele>
        <time>2023-10-07T12:53:45Z</time>
      </trkpt>
      <trkpt lat="45.57932" lon="24.76223">
        <ele>1975.29</ele>
        <time>2023-10-07T12:53:49Z</time>
      </trkpt>
      <trkpt lat="45.57932" lon="24.76223">
        <ele>1975.29</ele>
        <time>2023-10-07T12:53:50Z</time>
      </trkpt>
      <trkpt lat="45.57934" lon="24.76221">
        <ele>1975.3</ele>
        <time>2023-10-07T12:53:54Z</time>
      </trkpt>
      <trkpt lat="45.57934" lon="24.7622">
        <ele>1975.94</ele>
        <time>2023-10-07T12:53:57Z</time>
      </trkpt>
      <trkpt lat="45.57935" lon="24.7622">
        <ele>1975.52</ele>
        <time>2023-10-07T12:54:01Z</time>
      </trkpt>
      <trkpt lat="45.57934" lon="24.76219">
        <ele>1976.59</ele>
        <time>2023-10-07T12:54:04Z</time>
      </trkpt>
      <trkpt lat="45.57933" lon="24.76217">
        <ele>1978.28</ele>
        <time>2023-10-07T12:54:07Z</time>
      </trkpt>
      <trkpt lat="45.57933" lon="24.76216">
        <ele>1978.92</ele>
        <time>2023-10-07T12:54:09Z</time>
      </trkpt>
      <trkpt lat="45.57933" lon="24.76214">
        <ele>1980.2</ele>
        <time>2023-10-07T12:54:13Z</time>
      </trkpt>
      <trkpt lat="45.57934" lon="24.76211">
        <ele>1981.73</ele>
        <time>2023-10-07T12:54:19Z</time>
      </trkpt>
      <trkpt lat="45.57934" lon="24.76211">
        <ele>1981.73</ele>
        <time>2023-10-07T12:54:20Z</time>
      </trkpt>
      <trkpt lat="45.57932" lon="24.76207">
        <ele>1985.05</ele>
        <time>2023-10-07T12:54:26Z</time>
      </trkpt>
      <trkpt lat="45.57932" lon="24.76207">
        <ele>1985.05</ele>
        <time>2023-10-07T12:54:28Z</time>
      </trkpt>
      <trkpt lat="45.57933" lon="24.76204">
        <ele>1986.6</ele>
        <time>2023-10-07T12:54:36Z</time>
      </trkpt>
      <trkpt lat="45.57933" lon="24.76203">
        <ele>1987.24</ele>
        <time>2023-10-07T12:54:37Z</time>
      </trkpt>
      <trkpt lat="45.57935" lon="24.76201">
        <ele>1987.82</ele>
        <time>2023-10-07T12:54:42Z</time>
      </trkpt>
      <trkpt lat="45.57935" lon="24.76201">
        <ele>1987.82</ele>
        <time>2023-10-07T12:54:46Z</time>
      </trkpt>
      <trkpt lat="45.57935" lon="24.762">
        <ele>1988.46</ele>
        <time>2023-10-07T12:55:03Z</time>
      </trkpt>
      <trkpt lat="45.57936" lon="24.76196">
        <ele>1990.72</ele>
        <time>2023-10-07T12:55:12Z</time>
      </trkpt>
      <trkpt lat="45.57938" lon="24.76196">
        <ele>1990.06</ele>
        <time>2023-10-07T12:55:16Z</time>
      </trkpt>
      <trkpt lat="45.57938" lon="24.76196">
        <ele>1990.06</ele>
        <time>2023-10-07T12:55:23Z</time>
      </trkpt>
      <trkpt lat="45.57939" lon="24.76196">
        <ele>1989.73</ele>
        <time>2023-10-07T12:55:28Z</time>
      </trkpt>
      <trkpt lat="45.57941" lon="24.76195">
        <ele>1989.74</ele>
        <time>2023-10-07T12:55:33Z</time>
      </trkpt>
      <trkpt lat="45.57944" lon="24.76194">
        <ele>1989.25</ele>
        <time>2023-10-07T12:55:42Z</time>
      </trkpt>
      <trkpt lat="45.57946" lon="24.76194">
        <ele>1987.94</ele>
        <time>2023-10-07T12:55:48Z</time>
      </trkpt>
      <trkpt lat="45.57946" lon="24.76194">
        <ele>1987.94</ele>
        <time>2023-10-07T12:55:50Z</time>
      </trkpt>
      <trkpt lat="45.57946" lon="24.76194">
        <ele>1987.94</ele>
        <time>2023-10-07T12:55:57Z</time>
      </trkpt>
      <trkpt lat="45.57946" lon="24.76194">
        <ele>1987.94</ele>
        <time>2023-10-07T12:56:03Z</time>
      </trkpt>
      <trkpt lat="45.57947" lon="24.76191">
        <ele>1987.95</ele>
        <time>2023-10-07T12:56:10Z</time>
      </trkpt>
      <trkpt lat="45.57947" lon="24.76187">
        <ele>1988.97</ele>
        <time>2023-10-07T12:56:15Z</time>
      </trkpt>
      <trkpt lat="45.57949" lon="24.76186">
        <ele>1987.73</ele>
        <time>2023-10-07T12:56:20Z</time>
      </trkpt>
      <trkpt lat="45.57949" lon="24.76186">
        <ele>1987.73</ele>
        <time>2023-10-07T12:56:26Z</time>
      </trkpt>
      <trkpt lat="45.57949" lon="24.76183">
        <ele>1988.51</ele>
        <time>2023-10-07T12:56:29Z</time>
      </trkpt>
      <trkpt lat="45.5795" lon="24.7618">
        <ele>1988.54</ele>
        <time>2023-10-07T12:56:32Z</time>
      </trkpt>
      <trkpt lat="45.5795" lon="24.76178">
        <ele>1989.06</ele>
        <time>2023-10-07T12:56:33Z</time>
      </trkpt>
      <trkpt lat="45.57951" lon="24.76175">
        <ele>1989.11</ele>
        <time>2023-10-07T12:56:40Z</time>
      </trkpt>
      <trkpt lat="45.57951" lon="24.76175">
        <ele>1989.11</ele>
        <time>2023-10-07T12:56:42Z</time>
      </trkpt>
      <trkpt lat="45.57951" lon="24.76175">
        <ele>1989.11</ele>
        <time>2023-10-07T12:57:00Z</time>
      </trkpt>
      <trkpt lat="45.57951" lon="24.76175">
        <ele>1989.11</ele>
        <time>2023-10-07T12:57:02Z</time>
      </trkpt>
      <trkpt lat="45.57952" lon="24.76174">
        <ele>1988.64</ele>
        <time>2023-10-07T12:57:06Z</time>
      </trkpt>
      <trkpt lat="45.57952" lon="24.76172">
        <ele>1989.16</ele>
        <time>2023-10-07T12:57:12Z</time>
      </trkpt>
      <trkpt lat="45.57952" lon="24.76171">
        <ele>1989.43</ele>
        <time>2023-10-07T12:57:13Z</time>
      </trkpt>
      <trkpt lat="45.57952" lon="24.7617">
        <ele>1989.69</ele>
        <time>2023-10-07T12:57:17Z</time>
      </trkpt>
      <trkpt lat="45.57954" lon="24.76169">
        <ele>1988.5</ele>
        <time>2023-10-07T12:57:46Z</time>
      </trkpt>
      <trkpt lat="45.57954" lon="24.76169">
        <ele>1988.5</ele>
        <time>2023-10-07T12:57:49Z</time>
      </trkpt>
      <trkpt lat="45.57954" lon="24.76169">
        <ele>1988.5</ele>
        <time>2023-10-07T12:57:56Z</time>
      </trkpt>
      <trkpt lat="45.57954" lon="24.76169">
        <ele>1988.5</ele>
        <time>2023-10-07T12:58:03Z</time>
      </trkpt>
      <trkpt lat="45.57956" lon="24.76169">
        <ele>1987.06</ele>
        <time>2023-10-07T12:58:09Z</time>
      </trkpt>
      <trkpt lat="45.57957" lon="24.76173">
        <ele>1985.26</ele>
        <time>2023-10-07T12:58:18Z</time>
      </trkpt>
      <trkpt lat="45.57958" lon="24.76174">
        <ele>1984.26</ele>
        <time>2023-10-07T12:58:23Z</time>
      </trkpt>
      <trkpt lat="45.57958" lon="24.76174">
        <ele>1984.26</ele>
        <time>2023-10-07T12:58:24Z</time>
      </trkpt>
      <trkpt lat="45.5796" lon="24.76174">
        <ele>1982.8</ele>
        <time>2023-10-07T12:58:33Z</time>
      </trkpt>
      <trkpt lat="45.57961" lon="24.76174">
        <ele>1982.07</ele>
        <time>2023-10-07T12:58:39Z</time>
      </trkpt>
      <trkpt lat="45.57965" lon="24.7617">
        <ele>1980.27</ele>
        <time>2023-10-07T12:58:52Z</time>
      </trkpt>
      <trkpt lat="45.57967" lon="24.76169">
        <ele>1979.1</ele>
        <time>2023-10-07T12:59:03Z</time>
      </trkpt>
      <trkpt lat="45.57967" lon="24.76169">
        <ele>1979.1</ele>
        <time>2023-10-07T12:59:07Z</time>
      </trkpt>
      <trkpt lat="45.57967" lon="24.76169">
        <ele>1979.1</ele>
        <time>2023-10-07T12:59:13Z</time>
      </trkpt>
      <trkpt lat="45.5797" lon="24.76173">
        <ele>1975.79</ele>
        <time>2023-10-07T12:59:26Z</time>
      </trkpt>
      <trkpt lat="45.57971" lon="24.76175">
        <ele>1974.49</ele>
        <time>2023-10-07T12:59:33Z</time>
      </trkpt>
      <trkpt lat="45.57972" lon="24.76176">
        <ele>1973.47</ele>
        <time>2023-10-07T12:59:49Z</time>
      </trkpt>
      <trkpt lat="45.57973" lon="24.76176">
        <ele>1971.95</ele>
        <time>2023-10-07T13:00:03Z</time>
      </trkpt>
      <trkpt lat="45.57973" lon="24.76176">
        <ele>1971.95</ele>
        <time>2023-10-07T13:00:05Z</time>
      </trkpt>
      <trkpt lat="45.57973" lon="24.76176">
        <ele>1971.95</ele>
        <time>2023-10-07T13:00:12Z</time>
      </trkpt>
      <trkpt lat="45.57973" lon="24.76176">
        <ele>1971.95</ele>
        <time>2023-10-07T13:00:17Z</time>
      </trkpt>
      <trkpt lat="45.57973" lon="24.76177">
        <ele>1971.66</ele>
        <time>2023-10-07T13:00:24Z</time>
      </trkpt>
      <trkpt lat="45.57979" lon="24.76177">
        <ele>1961.13</ele>
        <time>2023-10-07T13:00:30Z</time>
      </trkpt>
      <trkpt lat="45.57983" lon="24.76178">
        <ele>1953.8</ele>
        <time>2023-10-07T13:00:34Z</time>
      </trkpt>
      <trkpt lat="45.57985" lon="24.76179">
        <ele>1949.96</ele>
        <time>2023-10-07T13:00:41Z</time>
      </trkpt>
      <trkpt lat="45.57985" lon="24.76179">
        <ele>1949.96</ele>
        <time>2023-10-07T13:00:42Z</time>
      </trkpt>
      <trkpt lat="45.57985" lon="24.76186">
        <ele>1947.71</ele>
        <time>2023-10-07T13:00:51Z</time>
      </trkpt>
      <trkpt lat="45.57986" lon="24.76186">
        <ele>1945.93</ele>
        <time>2023-10-07T13:00:53Z</time>
      </trkpt>
      <trkpt lat="45.57985" lon="24.76186">
        <ele>1947.71</ele>
        <time>2023-10-07T13:01:01Z</time>
      </trkpt>
      <trkpt lat="45.57985" lon="24.76186">
        <ele>1947.71</ele>
        <time>2023-10-07T13:01:19Z</time>
      </trkpt>
      <trkpt lat="45.57987" lon="24.76187">
        <ele>1943.83</ele>
        <time>2023-10-07T13:01:25Z</time>
      </trkpt>
      <trkpt lat="45.5799" lon="24.76196">
        <ele>1935.8</ele>
        <time>2023-10-07T13:01:44Z</time>
      </trkpt>
      <trkpt lat="45.57991" lon="24.76196">
        <ele>1934.02</ele>
        <time>2023-10-07T13:01:49Z</time>
      </trkpt>
      <trkpt lat="45.57991" lon="24.76196">
        <ele>1934.02</ele>
        <time>2023-10-07T13:01:54Z</time>
      </trkpt>
      <trkpt lat="45.57993" lon="24.76198">
        <ele>1930.28</ele>
        <time>2023-10-07T13:02:00Z</time>
      </trkpt>
      <trkpt lat="45.57996" lon="24.76202">
        <ele>1924.81</ele>
        <time>2023-10-07T13:02:07Z</time>
      </trkpt>
      <trkpt lat="45.57997" lon="24.76205">
        <ele>1922.99</ele>
        <time>2023-10-07T13:02:14Z</time>
      </trkpt>
      <trkpt lat="45.57998" lon="24.76208">
        <ele>1921.25</ele>
        <time>2023-10-07T13:02:18Z</time>
      </trkpt>
      <trkpt lat="45.57999" lon="24.76209">
        <ele>1919.61</ele>
        <time>2023-10-07T13:02:22Z</time>
      </trkpt>
      <trkpt lat="45.58" lon="24.76209">
        <ele>1918.0</ele>
        <time>2023-10-07T13:02:27Z</time>
      </trkpt>
      <trkpt lat="45.58002" lon="24.7621">
        <ele>1915.58</ele>
        <time>2023-10-07T13:02:30Z</time>
      </trkpt>
      <trkpt lat="45.58004" lon="24.7621">
        <ele>1913.15</ele>
        <time>2023-10-07T13:02:35Z</time>
      </trkpt>
      <trkpt lat="45.58004" lon="24.7621">
        <ele>1913.15</ele>
        <time>2023-10-07T13:02:36Z</time>
      </trkpt>
      <trkpt lat="45.58005" lon="24.7621">
        <ele>1911.94</ele>
        <time>2023-10-07T13:02:42Z</time>
      </trkpt>
      <trkpt lat="45.58006" lon="24.7621">
        <ele>1910.73</ele>
        <time>2023-10-07T13:02:47Z</time>
      </trkpt>
      <trkpt lat="45.58006" lon="24.7621">
        <ele>1910.73</ele>
        <time>2023-10-07T13:02:48Z</time>
      </trkpt>
      <trkpt lat="45.58007" lon="24.7621">
        <ele>1909.51</ele>
        <time>2023-10-07T13:02:53Z</time>
      </trkpt>
      <trkpt lat="45.58012" lon="24.7621">
        <ele>1903.45</ele>
        <time>2023-10-07T13:03:01Z</time>
      </trkpt>
      <trkpt lat="45.58016" lon="24.76213">
        <ele>1898.41</ele>
        <time>2023-10-07T13:03:09Z</time>
      </trkpt>
      <trkpt lat="45.58019" lon="24.76216">
        <ele>1894.52</ele>
        <time>2023-10-07T13:03:25Z</time>
      </trkpt>
      <trkpt lat="45.58019" lon="24.76217">
        <ele>1894.45</ele>
        <time>2023-10-07T13:03:52Z</time>
      </trkpt>
      <trkpt lat="45.58018" lon="24.76217">
        <ele>1895.69</ele>
        <time>2023-10-07T13:04:03Z</time>
      </trkpt>
      <trkpt lat="45.58018" lon="24.76217">
        <ele>1895.69</ele>
        <time>2023-10-07T13:04:08Z</time>
      </trkpt>
      <trkpt lat="45.58018" lon="24.76217">
        <ele>1895.69</ele>
        <time>2023-10-07T13:04:10Z</time>
      </trkpt>
      <trkpt lat="45.58018" lon="24.76217">
        <ele>1895.69</ele>
        <time>2023-10-07T13:04:12Z</time>
      </trkpt>
      <trkpt lat="45.58018" lon="24.76217">
        <ele>1895.69</ele>
        <time>2023-10-07T13:04:15Z</time>
      </trkpt>
      <trkpt lat="45.58018" lon="24.76217">
        <ele>1895.69</ele>
        <time>2023-10-07T13:04:35Z</time>
      </trkpt>
      <trkpt lat="45.58018" lon="24.76217">
        <ele>1895.69</ele>
        <time>2023-10-07T13:04:38Z</time>
      </trkpt>
      <trkpt lat="45.58018" lon="24.76217">
        <ele>1895.69</ele>
        <time>2023-10-07T13:04:45Z</time>
      </trkpt>
      <trkpt lat="45.58018" lon="24.76217">
        <ele>1895.69</ele>
        <time>2023-10-07T13:04:47Z</time>
      </trkpt>
      <trkpt lat="45.58018" lon="24.76217">
        <ele>1895.69</ele>
        <time>2023-10-07T13:04:51Z</time>
      </trkpt>
      <trkpt lat="45.58018" lon="24.76218">
        <ele>1895.62</ele>
        <time>2023-10-07T13:05:15Z</time>
      </trkpt>
      <trkpt lat="45.58018" lon="24.76218">
        <ele>1895.62</ele>
        <time>2023-10-07T13:05:20Z</time>
      </trkpt>
      <trkpt lat="45.58018" lon="24.76218">
        <ele>1895.62</ele>
        <time>2023-10-07T13:05:24Z</time>
      </trkpt>
      <trkpt lat="45.58018" lon="24.76218">
        <ele>1895.62</ele>
        <time>2023-10-07T13:05:28Z</time>
      </trkpt>
      <trkpt lat="45.58018" lon="24.76218">
        <ele>1895.62</ele>
        <time>2023-10-07T13:05:32Z</time>
      </trkpt>
      <trkpt lat="45.58018" lon="24.76218">
        <ele>1895.62</ele>
        <time>2023-10-07T13:05:41Z</time>
      </trkpt>
      <trkpt lat="45.58018" lon="24.76218">
        <ele>1895.62</ele>
        <time>2023-10-07T13:05:46Z</time>
      </trkpt>
      <trkpt lat="45.58018" lon="24.76218">
        <ele>1895.62</ele>
        <time>2023-10-07T13:05:50Z</time>
      </trkpt>
      <trkpt lat="45.58018" lon="24.76218">
        <ele>1895.62</ele>
        <time>2023-10-07T13:05:51Z</time>
      </trkpt>
      <trkpt lat="45.58018" lon="24.76218">
        <ele>1895.62</ele>
        <time>2023-10-07T13:05:55Z</time>
      </trkpt>
      <trkpt lat="45.58018" lon="24.76218">
        <ele>1895.62</ele>
        <time>2023-10-07T13:05:59Z</time>
      </trkpt>
      <trkpt lat="45.58019" lon="24.76218">
        <ele>1894.37</ele>
        <time>2023-10-07T13:06:01Z</time>
      </trkpt>
      <trkpt lat="45.58019" lon="24.76218">
        <ele>1894.37</ele>
        <time>2023-10-07T13:06:07Z</time>
      </trkpt>
      <trkpt lat="45.58019" lon="24.76218">
        <ele>1894.37</ele>
        <time>2023-10-07T13:06:15Z</time>
      </trkpt>
      <trkpt lat="45.58019" lon="24.76218">
        <ele>1894.37</ele>
        <time>2023-10-07T13:06:21Z</time>
      </trkpt>
      <trkpt lat="45.58019" lon="24.76218">
        <ele>1894.37</ele>
        <time>2023-10-07T13:06:25Z</time>
      </trkpt>
      <trkpt lat="45.58019" lon="24.76218">
        <ele>1894.37</ele>
        <time>2023-10-07T13:06:29Z</time>
      </trkpt>
      <trkpt lat="45.58019" lon="24.76218">
        <ele>1894.37</ele>
        <time>2023-10-07T13:06:35Z</time>
      </trkpt>
      <trkpt lat="45.58019" lon="24.76218">
        <ele>1894.37</ele>
        <time>2023-10-07T13:06:36Z</time>
      </trkpt>
      <trkpt lat="45.5802" lon="24.76218">
        <ele>1893.13</ele>
        <time>2023-10-07T13:06:44Z</time>
      </trkpt>
      <trkpt lat="45.58038" lon="24.76221">
        <ele>1874.97</ele>
        <time>2023-10-07T13:06:59Z</time>
      </trkpt>
    </trkseg>
    <trkseg>
      <trkpt lat="45.58051" lon="24.76223">
        <ele>1864.78</ele>
        <time>2023-10-07T13:07:05Z</time>
      </trkpt>
      <trkpt lat="45.58052" lon="24.76224">
        <ele>1864.18</ele>
        <time>2023-10-07T13:07:07Z</time>
      </trkpt>
      <trkpt lat="45.58053" lon="24.76225">
        <ele>1863.54</ele>
        <time>2023-10-07T13:07:10Z</time>
      </trkpt>
      <trkpt lat="45.58054" lon="24.76224">
        <ele>1862.53</ele>
        <time>2023-10-07T13:07:14Z</time>
      </trkpt>
      <trkpt lat="45.58053" lon="24.76224">
        <ele>1863.36</ele>
        <time>2023-10-07T13:07:15Z</time>
      </trkpt>
      <trkpt lat="45.58053" lon="24.76227">
        <ele>1863.92</ele>
        <time>2023-10-07T13:07:20Z</time>
      </trkpt>
      <trkpt lat="45.58053" lon="24.76227">
        <ele>1863.92</ele>
        <time>2023-10-07T13:07:21Z</time>
      </trkpt>
      <trkpt lat="45.58052" lon="24.76228">
        <ele>1864.99</ele>
        <time>2023-10-07T13:07:26Z</time>
      </trkpt>
      <trkpt lat="45.58052" lon="24.76228">
        <ele>1864.99</ele>
        <time>2023-10-07T13:07:27Z</time>
      </trkpt>
      <trkpt lat="45.58052" lon="24.76227">
        <ele>1864.79</ele>
        <time>2023-10-07T13:07:28Z</time>
      </trkpt>
      <trkpt lat="45.58054" lon="24.76226">
        <ele>1862.88</ele>
        <time>2023-10-07T13:07:32Z</time>
      </trkpt>
      <trkpt lat="45.58054" lon="24.76225">
        <ele>1862.7</ele>
        <time>2023-10-07T13:07:34Z</time>
      </trkpt>
      <trkpt lat="45.58054" lon="24.76223">
        <ele>1862.36</ele>
        <time>2023-10-07T13:07:38Z</time>
      </trkpt>
      <trkpt lat="45.58056" lon="24.76223">
        <ele>1860.89</ele>
        <time>2023-10-07T13:07:41Z</time>
      </trkpt>
      <trkpt lat="45.58057" lon="24.76223">
        <ele>1860.38</ele>
        <time>2023-10-07T13:07:44Z</time>
      </trkpt>
      <trkpt lat="45.58058" lon="24.76224">
        <ele>1860.02</ele>
        <time>2023-10-07T13:07:47Z</time>
      </trkpt>
      <trkpt lat="45.58061" lon="24.76224">
        <ele>1858.5</ele>
        <time>2023-10-07T13:07:53Z</time>
      </trkpt>
      <trkpt lat="45.58061" lon="24.76223">
        <ele>1858.36</ele>
        <time>2023-10-07T13:07:54Z</time>
      </trkpt>
      <trkpt lat="45.58061" lon="24.76223">
        <ele>1858.36</ele>
        <time>2023-10-07T13:07:56Z</time>
      </trkpt>
      <trkpt lat="45.58062" lon="24.76224">
        <ele>1857.99</ele>
        <time>2023-10-07T13:07:57Z</time>
      </trkpt>
      <trkpt lat="45.58065" lon="24.76224">
        <ele>1856.47</ele>
        <time>2023-10-07T13:08:01Z</time>
      </trkpt>
      <trkpt lat="45.58065" lon="24.76225">
        <ele>1856.61</ele>
        <time>2023-10-07T13:08:03Z</time>
      </trkpt>
      <trkpt lat="45.58065" lon="24.76225">
        <ele>1856.61</ele>
        <time>2023-10-07T13:08:06Z</time>
      </trkpt>
      <trkpt lat="45.58065" lon="24.76225">
        <ele>1856.61</ele>
        <time>2023-10-07T13:08:10Z</time>
      </trkpt>
      <trkpt lat="45.58065" lon="24.76225">
        <ele>1856.61</ele>
        <time>2023-10-07T13:08:11Z</time>
      </trkpt>
      <trkpt lat="45.58065" lon="24.76226">
        <ele>1856.74</ele>
        <time>2023-10-07T13:08:16Z</time>
      </trkpt>
      <trkpt lat="45.58066" lon="24.76227">
        <ele>1856.36</ele>
        <time>2023-10-07T13:08:18Z</time>
      </trkpt>
      <trkpt lat="45.58072" lon="24.76226">
        <ele>1853.18</ele>
        <time>2023-10-07T13:08:23Z</time>
      </trkpt>
      <trkpt lat="45.58073" lon="24.76226">
        <ele>1852.67</ele>
        <time>2023-10-07T13:08:25Z</time>
      </trkpt>
      <trkpt lat="45.58075" lon="24.76227">
        <ele>1851.77</ele>
        <time>2023-10-07T13:08:29Z</time>
      </trkpt>
      <trkpt lat="45.58075" lon="24.76227">
        <ele>1851.77</ele>
        <time>2023-10-07T13:08:32Z</time>
      </trkpt>
      <trkpt lat="45.58073" lon="24.76229">
        <ele>1853.03</ele>
        <time>2023-10-07T13:08:35Z</time>
      </trkpt>
      <trkpt lat="45.58074" lon="24.76229">
        <ele>1852.52</ele>
        <time>2023-10-07T13:08:36Z</time>
      </trkpt>
      <trkpt lat="45.58076" lon="24.76228">
        <ele>1851.37</ele>
        <time>2023-10-07T13:08:39Z</time>
      </trkpt>
      <trkpt lat="45.58076" lon="24.76229">
        <ele>1851.49</ele>
        <time>2023-10-07T13:08:41Z</time>
      </trkpt>
      <trkpt lat="45.58076" lon="24.76233">
        <ele>1851.96</ele>
        <time>2023-10-07T13:08:44Z</time>
      </trkpt>
      <trkpt lat="45.58076" lon="24.76235">
        <ele>1852.2</ele>
        <time>2023-10-07T13:08:46Z</time>
      </trkpt>
      <trkpt lat="45.58079" lon="24.76234">
        <ele>1850.52</ele>
        <time>2023-10-07T13:08:50Z</time>
      </trkpt>
      <trkpt lat="45.58079" lon="24.76234">
        <ele>1850.52</ele>
        <time>2023-10-07T13:08:51Z</time>
      </trkpt>
      <trkpt lat="45.58081" lon="24.76234">
        <ele>1849.48</ele>
        <time>2023-10-07T13:08:56Z</time>
      </trkpt>
      <trkpt lat="45.58081" lon="24.76232">
        <ele>1849.26</ele>
        <time>2023-10-07T13:09:02Z</time>
      </trkpt>
      <trkpt lat="45.58083" lon="24.76235">
        <ele>1848.55</ele>
        <time>2023-10-07T13:09:08Z</time>
      </trkpt>
      <trkpt lat="45.58083" lon="24.76236">
        <ele>1848.66</ele>
        <time>2023-10-07T13:09:09Z</time>
      </trkpt>
      <trkpt lat="45.58086" lon="24.76237">
        <ele>1847.14</ele>
        <time>2023-10-07T13:09:13Z</time>
      </trkpt>
      <trkpt lat="45.58088" lon="24.7624">
        <ele>1846.26</ele>
        <time>2023-10-07T13:09:15Z</time>
      </trkpt>
      <trkpt lat="45.58092" lon="24.76245">
        <ele>1844.18</ele>
        <time>2023-10-07T13:09:19Z</time>
      </trkpt>
      <trkpt lat="45.58093" lon="24.76247">
        <ele>1843.64</ele>
        <time>2023-10-07T13:09:22Z</time>
      </trkpt>
      <trkpt lat="45.58098" lon="24.76248">
        <ele>1840.51</ele>
        <time>2023-10-07T13:09:24Z</time>
      </trkpt>
      <trkpt lat="45.58099" lon="24.76247">
        <ele>1839.89</ele>
        <time>2023-10-07T13:09:28Z</time>
      </trkpt>
      <trkpt lat="45.581" lon="24.76246">
        <ele>1839.29</ele>
        <time>2023-10-07T13:09:29Z</time>
      </trkpt>
      <trkpt lat="45.58105" lon="24.76251">
        <ele>1835.91</ele>
        <time>2023-10-07T13:09:34Z</time>
      </trkpt>
      <trkpt lat="45.58107" lon="24.76254">
        <ele>1834.44</ele>
        <time>2023-10-07T13:09:37Z</time>
      </trkpt>
      <trkpt lat="45.58109" lon="24.76257">
        <ele>1832.92</ele>
        <time>2023-10-07T13:09:43Z</time>
      </trkpt>
      <trkpt lat="45.5811" lon="24.76257">
        <ele>1832.25</ele>
        <time>2023-10-07T13:09:45Z</time>
      </trkpt>
      <trkpt lat="45.58111" lon="24.76259">
        <ele>1831.43</ele>
        <time>2023-10-07T13:09:50Z</time>
      </trkpt>
      <trkpt lat="45.58114" lon="24.76263">
        <ele>1829.31</ele>
        <time>2023-10-07T13:09:58Z</time>
      </trkpt>
      <trkpt lat="45.58114" lon="24.76263">
        <ele>1829.31</ele>
        <time>2023-10-07T13:09:59Z</time>
      </trkpt>
      <trkpt lat="45.58115" lon="24.76266">
        <ele>1828.43</ele>
        <time>2023-10-07T13:10:03Z</time>
      </trkpt>
      <trkpt lat="45.58115" lon="24.76267">
        <ele>1828.33</ele>
        <time>2023-10-07T13:10:07Z</time>
      </trkpt>
      <trkpt lat="45.58117" lon="24.76268">
        <ele>1826.97</ele>
        <time>2023-10-07T13:10:10Z</time>
      </trkpt>
      <trkpt lat="45.58123" lon="24.76271">
        <ele>1822.77</ele>
        <time>2023-10-07T13:10:16Z</time>
      </trkpt>
      <trkpt lat="45.58124" lon="24.76272">
        <ele>1821.99</ele>
        <time>2023-10-07T13:10:17Z</time>
      </trkpt>
      <trkpt lat="45.58128" lon="24.76271">
        <ele>1819.53</ele>
        <time>2023-10-07T13:10:22Z</time>
      </trkpt>
      <trkpt lat="45.58128" lon="24.76272">
        <ele>1819.37</ele>
        <time>2023-10-07T13:10:23Z</time>
      </trkpt>
      <trkpt lat="45.58135" lon="24.76278">
        <ele>1813.72</ele>
        <time>2023-10-07T13:10:31Z</time>
      </trkpt>
      <trkpt lat="45.58136" lon="24.76279">
        <ele>1813.33</ele>
        <time>2023-10-07T13:10:32Z</time>
      </trkpt>
      <trkpt lat="45.58138" lon="24.76283">
        <ele>1813.25</ele>
        <time>2023-10-07T13:10:36Z</time>
      </trkpt>
      <trkpt lat="45.58139" lon="24.76284">
        <ele>1812.98</ele>
        <time>2023-10-07T13:10:38Z</time>
      </trkpt>
      <trkpt lat="45.58141" lon="24.76286">
        <ele>1812.95</ele>
        <time>2023-10-07T13:10:42Z</time>
      </trkpt>
      <trkpt lat="45.58146" lon="24.76288">
        <ele>1811.77</ele>
        <time>2023-10-07T13:10:45Z</time>
      </trkpt>
      <trkpt lat="45.58145" lon="24.76286">
        <ele>1811.6</ele>
        <time>2023-10-07T13:10:48Z</time>
      </trkpt>
      <trkpt lat="45.58148" lon="24.76286">
        <ele>1810.59</ele>
        <time>2023-10-07T13:10:52Z</time>
      </trkpt>
      <trkpt lat="45.58151" lon="24.76288">
        <ele>1809.98</ele>
        <time>2023-10-07T13:10:54Z</time>
      </trkpt>
      <trkpt lat="45.58153" lon="24.76287">
        <ele>1809.08</ele>
        <time>2023-10-07T13:10:57Z</time>
      </trkpt>
      <trkpt lat="45.58155" lon="24.76288">
        <ele>1808.54</ele>
        <time>2023-10-07T13:10:59Z</time>
      </trkpt>
      <trkpt lat="45.58157" lon="24.76288">
        <ele>1807.83</ele>
        <time>2023-10-07T13:11:01Z</time>
      </trkpt>
      <trkpt lat="45.58156" lon="24.76289">
        <ele>1808.33</ele>
        <time>2023-10-07T13:11:02Z</time>
      </trkpt>
      <trkpt lat="45.58156" lon="24.7629">
        <ele>1808.48</ele>
        <time>2023-10-07T13:11:05Z</time>
      </trkpt>
      <trkpt lat="45.58159" lon="24.7629">
        <ele>1807.34</ele>
        <time>2023-10-07T13:11:09Z</time>
      </trkpt>
      <trkpt lat="45.5816" lon="24.7629">
        <ele>1806.96</ele>
        <time>2023-10-07T13:11:11Z</time>
      </trkpt>
      <trkpt lat="45.58161" lon="24.76292">
        <ele>1806.78</ele>
        <time>2023-10-07T13:11:14Z</time>
      </trkpt>
      <trkpt lat="45.58162" lon="24.76293">
        <ele>1806.46</ele>
        <time>2023-10-07T13:11:15Z</time>
      </trkpt>
      <trkpt lat="45.58163" lon="24.76295">
        <ele>1806.2</ele>
        <time>2023-10-07T13:11:16Z</time>
      </trkpt>
      <trkpt lat="45.58166" lon="24.76297">
        <ele>1804.99</ele>
        <time>2023-10-07T13:11:20Z</time>
      </trkpt>
      <trkpt lat="45.58168" lon="24.76299">
        <ele>1804.49</ele>
        <time>2023-10-07T13:11:24Z</time>
      </trkpt>
      <trkpt lat="45.58171" lon="24.76304">
        <ele>1804.02</ele>
        <time>2023-10-07T13:11:29Z</time>
      </trkpt>
      <trkpt lat="45.58176" lon="24.76308">
        <ele>1803.36</ele>
        <time>2023-10-07T13:11:34Z</time>
      </trkpt>
      <trkpt lat="45.58177" lon="24.76308">
        <ele>1803.14</ele>
        <time>2023-10-07T13:11:35Z</time>
      </trkpt>
      <trkpt lat="45.58181" lon="24.76309">
        <ele>1802.4</ele>
        <time>2023-10-07T13:11:42Z</time>
      </trkpt>
      <trkpt lat="45.58189" lon="24.76315">
        <ele>1801.33</ele>
        <time>2023-10-07T13:11:48Z</time>
      </trkpt>
      <trkpt lat="45.58192" lon="24.76319">
        <ele>1801.07</ele>
        <time>2023-10-07T13:11:49Z</time>
      </trkpt>
      <trkpt lat="45.58194" lon="24.76322">
        <ele>1800.89</ele>
        <time>2023-10-07T13:11:54Z</time>
      </trkpt>
      <trkpt lat="45.58196" lon="24.76324">
        <ele>1800.51</ele>
        <time>2023-10-07T13:11:57Z</time>
      </trkpt>
      <trkpt lat="45.58197" lon="24.76327">
        <ele>1800.48</ele>
        <time>2023-10-07T13:12:01Z</time>
      </trkpt>
      <trkpt lat="45.58198" lon="24.76327">
        <ele>1800.15</ele>
        <time>2023-10-07T13:12:05Z</time>
      </trkpt>
      <trkpt lat="45.58199" lon="24.76326">
        <ele>1799.74</ele>
        <time>2023-10-07T13:12:06Z</time>
      </trkpt>
      <trkpt lat="45.58201" lon="24.76325">
        <ele>1799.02</ele>
        <time>2023-10-07T13:12:11Z</time>
      </trkpt>
      <trkpt lat="45.58201" lon="24.76324">
        <ele>1798.95</ele>
        <time>2023-10-07T13:12:12Z</time>
      </trkpt>
      <trkpt lat="45.58203" lon="24.76321">
        <ele>1798.14</ele>
        <time>2023-10-07T13:12:17Z</time>
      </trkpt>
      <trkpt lat="45.58206" lon="24.76318">
        <ele>1797.1</ele>
        <time>2023-10-07T13:12:22Z</time>
      </trkpt>
      <trkpt lat="45.58208" lon="24.76316">
        <ele>1796.47</ele>
        <time>2023-10-07T13:12:29Z</time>
      </trkpt>
      <trkpt lat="45.58209" lon="24.76316">
        <ele>1796.2</ele>
        <time>2023-10-07T13:12:31Z</time>
      </trkpt>
      <trkpt lat="45.5821" lon="24.76315">
        <ele>1795.9</ele>
        <time>2023-10-07T13:12:36Z</time>
      </trkpt>
      <trkpt lat="45.58211" lon="24.76315">
        <ele>1795.63</ele>
        <time>2023-10-07T13:12:39Z</time>
      </trkpt>
      <trkpt lat="45.58211" lon="24.76315">
        <ele>1795.63</ele>
        <time>2023-10-07T13:12:41Z</time>
      </trkpt>
      <trkpt lat="45.58214" lon="24.76317">
        <ele>1794.85</ele>
        <time>2023-10-07T13:12:44Z</time>
      </trkpt>
      <trkpt lat="45.58222" lon="24.7632">
        <ele>1792.54</ele>
        <time>2023-10-07T13:12:48Z</time>
      </trkpt>
      <trkpt lat="45.58227" lon="24.76318">
        <ele>1791.61</ele>
        <time>2023-10-07T13:12:55Z</time>
      </trkpt>
      <trkpt lat="45.58227" lon="24.76317">
        <ele>1791.66</ele>
        <time>2023-10-07T13:12:56Z</time>
      </trkpt>
      <trkpt lat="45.58231" lon="24.76318">
        <ele>1790.83</ele>
        <time>2023-10-07T13:13:00Z</time>
      </trkpt>
      <trkpt lat="45.58231" lon="24.7632">
        <ele>1790.74</ele>
        <time>2023-10-07T13:13:02Z</time>
      </trkpt>
      <trkpt lat="45.58233" lon="24.76321">
        <ele>1790.29</ele>
        <time>2023-10-07T13:13:06Z</time>
      </trkpt>
      <trkpt lat="45.58234" lon="24.76321">
        <ele>1790.09</ele>
        <time>2023-10-07T13:13:07Z</time>
      </trkpt>
      <trkpt lat="45.58237" lon="24.7632">
        <ele>1789.54</ele>
        <time>2023-10-07T13:13:11Z</time>
      </trkpt>
      <trkpt lat="45.5824" lon="24.76319">
        <ele>1789.01</ele>
        <time>2023-10-07T13:13:13Z</time>
      </trkpt>
      <trkpt lat="45.58244" lon="24.76319">
        <ele>1788.22</ele>
        <time>2023-10-07T13:13:18Z</time>
      </trkpt>
      <trkpt lat="45.58247" lon="24.76321">
        <ele>1787.49</ele>
        <time>2023-10-07T13:13:19Z</time>
      </trkpt>
      <trkpt lat="45.58253" lon="24.76325">
        <ele>1785.42</ele>
        <time>2023-10-07T13:13:25Z</time>
      </trkpt>
      <trkpt lat="45.58254" lon="24.76324">
        <ele>1785.09</ele>
        <time>2023-10-07T13:13:26Z</time>
      </trkpt>
      <trkpt lat="45.58256" lon="24.76325">
        <ele>1784.25</ele>
        <time>2023-10-07T13:13:32Z</time>
      </trkpt>
      <trkpt lat="45.58256" lon="24.76325">
        <ele>1784.25</ele>
        <time>2023-10-07T13:13:33Z</time>
      </trkpt>
      <trkpt lat="45.58258" lon="24.76326">
        <ele>1783.42</ele>
        <time>2023-10-07T13:13:37Z</time>
      </trkpt>
      <trkpt lat="45.58259" lon="24.76326">
        <ele>1783.03</ele>
        <time>2023-10-07T13:13:40Z</time>
      </trkpt>
      <trkpt lat="45.5826" lon="24.76326">
        <ele>1782.64</ele>
        <time>2023-10-07T13:13:42Z</time>
      </trkpt>
      <trkpt lat="45.58262" lon="24.76329">
        <ele>1781.79</ele>
        <time>2023-10-07T13:13:46Z</time>
      </trkpt>
      <trkpt lat="45.58264" lon="24.76331">
        <ele>1781.0</ele>
        <time>2023-10-07T13:13:50Z</time>
      </trkpt>
      <trkpt lat="45.58266" lon="24.76333">
        <ele>1780.24</ele>
        <time>2023-10-07T13:13:55Z</time>
      </trkpt>
      <trkpt lat="45.58266" lon="24.76332">
        <ele>1780.25</ele>
        <time>2023-10-07T13:13:56Z</time>
      </trkpt>
      <trkpt lat="45.58269" lon="24.76335">
        <ele>1779.11</ele>
        <time>2023-10-07T13:14:00Z</time>
      </trkpt>
      <trkpt lat="45.58269" lon="24.76336">
        <ele>1779.07</ele>
        <time>2023-10-07T13:14:01Z</time>
      </trkpt>
      <trkpt lat="45.58271" lon="24.76338">
        <ele>1778.36</ele>
        <time>2023-10-07T13:14:05Z</time>
      </trkpt>
      <trkpt lat="45.58272" lon="24.76337">
        <ele>1778.05</ele>
        <time>2023-10-07T13:14:08Z</time>
      </trkpt>
      <trkpt lat="45.58273" lon="24.76337">
        <ele>1777.72</ele>
        <time>2023-10-07T13:14:10Z</time>
      </trkpt>
      <trkpt lat="45.58275" lon="24.7634">
        <ele>1777.1</ele>
        <time>2023-10-07T13:14:13Z</time>
      </trkpt>
      <trkpt lat="45.58274" lon="24.76341">
        <ele>1777.41</ele>
        <time>2023-10-07T13:14:16Z</time>
      </trkpt>
      <trkpt lat="45.58274" lon="24.76341">
        <ele>1777.41</ele>
        <time>2023-10-07T13:14:19Z</time>
      </trkpt>
      <trkpt lat="45.58277" lon="24.76344">
        <ele>1776.6</ele>
        <time>2023-10-07T13:14:23Z</time>
      </trkpt>
      <trkpt lat="45.58278" lon="24.76346">
        <ele>1776.33</ele>
        <time>2023-10-07T13:14:27Z</time>
      </trkpt>
      <trkpt lat="45.58279" lon="24.76346">
        <ele>1775.74</ele>
        <time>2023-10-07T13:14:29Z</time>
      </trkpt>
      <trkpt lat="45.58281" lon="24.76347">
        <ele>1774.58</ele>
        <time>2023-10-07T13:14:32Z</time>
      </trkpt>
      <trkpt lat="45.58283" lon="24.76349">
        <ele>1773.4</ele>
        <time>2023-10-07T13:14:36Z</time>
      </trkpt>
      <trkpt lat="45.58285" lon="24.76351">
        <ele>1772.17</ele>
        <time>2023-10-07T13:14:38Z</time>
      </trkpt>
      <trkpt lat="45.58286" lon="24.76353">
        <ele>1771.52</ele>
        <time>2023-10-07T13:14:40Z</time>
      </trkpt>
      <trkpt lat="45.58287" lon="24.76354">
        <ele>1770.86</ele>
        <time>2023-10-07T13:14:46Z</time>
      </trkpt>
      <trkpt lat="45.58287" lon="24.76353">
        <ele>1770.88</ele>
        <time>2023-10-07T13:14:47Z</time>
      </trkpt>
      <trkpt lat="45.5829" lon="24.76353">
        <ele>1768.99</ele>
        <time>2023-10-07T13:14:51Z</time>
      </trkpt>
      <trkpt lat="45.5829" lon="24.76353">
        <ele>1768.99</ele>
        <time>2023-10-07T13:14:53Z</time>
      </trkpt>
      <trkpt lat="45.5829" lon="24.76352">
        <ele>1769.03</ele>
        <time>2023-10-07T13:14:57Z</time>
      </trkpt>
      <trkpt lat="45.58292" lon="24.76352">
        <ele>1767.78</ele>
        <time>2023-10-07T13:15:00Z</time>
      </trkpt>
      <trkpt lat="45.58292" lon="24.76352">
        <ele>1767.78</ele>
        <time>2023-10-07T13:15:02Z</time>
      </trkpt>
      <trkpt lat="45.58293" lon="24.76353">
        <ele>1767.1</ele>
        <time>2023-10-07T13:15:03Z</time>
      </trkpt>
      <trkpt lat="45.58293" lon="24.76353">
        <ele>1767.1</ele>
        <time>2023-10-07T13:15:06Z</time>
      </trkpt>
      <trkpt lat="45.58294" lon="24.76353">
        <ele>1766.46</ele>
        <time>2023-10-07T13:15:09Z</time>
      </trkpt>
      <trkpt lat="45.58296" lon="24.76353">
        <ele>1765.2</ele>
        <time>2023-10-07T13:15:13Z</time>
      </trkpt>
      <trkpt lat="45.58297" lon="24.76353">
        <ele>1764.57</ele>
        <time>2023-10-07T13:15:15Z</time>
      </trkpt>
      <trkpt lat="45.58298" lon="24.76355">
        <ele>1763.75</ele>
        <time>2023-10-07T13:15:20Z</time>
      </trkpt>
      <trkpt lat="45.58299" lon="24.76355">
        <ele>1763.1</ele>
        <time>2023-10-07T13:15:21Z</time>
      </trkpt>
      <trkpt lat="45.583" lon="24.76355">
        <ele>1762.46</ele>
        <time>2023-10-07T13:15:26Z</time>
      </trkpt>
      <trkpt lat="45.583" lon="24.76355">
        <ele>1762.46</ele>
        <time>2023-10-07T13:15:27Z</time>
      </trkpt>
      <trkpt lat="45.58302" lon="24.76355">
        <ele>1761.17</ele>
        <time>2023-10-07T13:15:33Z</time>
      </trkpt>
      <trkpt lat="45.58304" lon="24.76355">
        <ele>1759.88</ele>
        <time>2023-10-07T13:15:37Z</time>
      </trkpt>
      <trkpt lat="45.58304" lon="24.76355">
        <ele>1759.88</ele>
        <time>2023-10-07T13:15:40Z</time>
      </trkpt>
      <trkpt lat="45.58304" lon="24.76356">
        <ele>1759.75</ele>
        <time>2023-10-07T13:15:42Z</time>
      </trkpt>
      <trkpt lat="45.58305" lon="24.76359">
        <ele>1758.68</ele>
        <time>2023-10-07T13:15:47Z</time>
      </trkpt>
      <trkpt lat="45.58306" lon="24.76363">
        <ele>1757.39</ele>
        <time>2023-10-07T13:15:52Z</time>
      </trkpt>
      <trkpt lat="45.58305" lon="24.76364">
        <ele>1757.65</ele>
        <time>2023-10-07T13:15:54Z</time>
      </trkpt>
      <trkpt lat="45.58306" lon="24.76367">
        <ele>1756.38</ele>
        <time>2023-10-07T13:15:58Z</time>
      </trkpt>
      <trkpt lat="45.58308" lon="24.7637">
        <ele>1755.03</ele>
        <time>2023-10-07T13:16:01Z</time>
      </trkpt>
      <trkpt lat="45.58304" lon="24.76369">
        <ele>1757.09</ele>
        <time>2023-10-07T13:16:04Z</time>
      </trkpt>
      <trkpt lat="45.58303" lon="24.76368">
        <ele>1758.03</ele>
        <time>2023-10-07T13:16:07Z</time>
      </trkpt>
      <trkpt lat="45.58304" lon="24.76368">
        <ele>1757.34</ele>
        <time>2023-10-07T13:16:13Z</time>
      </trkpt>
      <trkpt lat="45.58304" lon="24.76368">
        <ele>1757.34</ele>
        <time>2023-10-07T13:16:22Z</time>
      </trkpt>
      <trkpt lat="45.58303" lon="24.76368">
        <ele>1758.03</ele>
        <time>2023-10-07T13:16:27Z</time>
      </trkpt>
      <trkpt lat="45.58303" lon="24.76369">
        <ele>1757.79</ele>
        <time>2023-10-07T13:16:28Z</time>
      </trkpt>
      <trkpt lat="45.58304" lon="24.76372">
        <ele>1756.34</ele>
        <time>2023-10-07T13:16:37Z</time>
      </trkpt>
      <trkpt lat="45.58305" lon="24.76379">
        <ele>1753.88</ele>
        <time>2023-10-07T13:16:59Z</time>
      </trkpt>
      <trkpt lat="45.58305" lon="24.76379">
        <ele>1753.88</ele>
        <time>2023-10-07T13:17:11Z</time>
      </trkpt>
      <trkpt lat="45.58305" lon="24.76379">
        <ele>1753.88</ele>
        <time>2023-10-07T13:17:12Z</time>
      </trkpt>
      <trkpt lat="45.58305" lon="24.76379">
        <ele>1753.88</ele>
        <time>2023-10-07T13:17:14Z</time>
      </trkpt>
      <trkpt lat="45.58305" lon="24.76384">
        <ele>1752.63</ele>
        <time>2023-10-07T13:17:19Z</time>
      </trkpt>
      <trkpt lat="45.58306" lon="24.76389">
        <ele>1750.83</ele>
        <time>2023-10-07T13:17:21Z</time>
      </trkpt>
      <trkpt lat="45.58308" lon="24.76394">
        <ele>1748.89</ele>
        <time>2023-10-07T13:17:28Z</time>
      </trkpt>
      <trkpt lat="45.58308" lon="24.76396">
        <ele>1748.38</ele>
        <time>2023-10-07T13:17:30Z</time>
      </trkpt>
      <trkpt lat="45.5831" lon="24.76399">
        <ele>1746.62</ele>
        <time>2023-10-07T13:17:34Z</time>
      </trkpt>
      <trkpt lat="45.58313" lon="24.76401">
        <ele>1744.45</ele>
        <time>2023-10-07T13:17:37Z</time>
      </trkpt>
      <trkpt lat="45.58313" lon="24.76405">
        <ele>1743.09</ele>
        <time>2023-10-07T13:17:40Z</time>
      </trkpt>
      <trkpt lat="45.58315" lon="24.76408">
        <ele>1740.77</ele>
        <time>2023-10-07T13:17:44Z</time>
      </trkpt>
      <trkpt lat="45.58316" lon="24.76407">
        <ele>1740.52</ele>
        <time>2023-10-07T13:17:50Z</time>
      </trkpt>
      <trkpt lat="45.58317" lon="24.76408">
        <ele>1739.48</ele>
        <time>2023-10-07T13:17:51Z</time>
      </trkpt>
      <trkpt lat="45.58318" lon="24.76411">
        <ele>1737.56</ele>
        <time>2023-10-07T13:17:56Z</time>
      </trkpt>
      <trkpt lat="45.58318" lon="24.76411">
        <ele>1737.56</ele>
        <time>2023-10-07T13:17:57Z</time>
      </trkpt>
      <trkpt lat="45.58318" lon="24.76411">
        <ele>1737.56</ele>
        <time>2023-10-07T13:17:58Z</time>
      </trkpt>
      <trkpt lat="45.58318" lon="24.76411">
        <ele>1737.56</ele>
        <time>2023-10-07T13:17:59Z</time>
      </trkpt>
      <trkpt lat="45.58318" lon="24.76411">
        <ele>1737.56</ele>
        <time>2023-10-07T13:18:00Z</time>
      </trkpt>
      <trkpt lat="45.58319" lon="24.76412">
        <ele>1736.42</ele>
        <time>2023-10-07T13:18:02Z</time>
      </trkpt>
      <trkpt lat="45.58318" lon="24.76412">
        <ele>1737.13</ele>
        <time>2023-10-07T13:18:04Z</time>
      </trkpt>
      <trkpt lat="45.58318" lon="24.76412">
        <ele>1737.13</ele>
        <time>2023-10-07T13:18:09Z</time>
      </trkpt>
      <trkpt lat="45.58318" lon="24.76412">
        <ele>1737.13</ele>
        <time>2023-10-07T13:18:15Z</time>
      </trkpt>
      <trkpt lat="45.58318" lon="24.76412">
        <ele>1737.13</ele>
        <time>2023-10-07T13:18:21Z</time>
      </trkpt>
      <trkpt lat="45.58319" lon="24.76412">
        <ele>1736.42</ele>
        <time>2023-10-07T13:18:25Z</time>
      </trkpt>
      <trkpt lat="45.58319" lon="24.76412">
        <ele>1736.42</ele>
        <time>2023-10-07T13:18:27Z</time>
      </trkpt>
      <trkpt lat="45.5832" lon="24.76412">
        <ele>1735.7</ele>
        <time>2023-10-07T13:18:30Z</time>
      </trkpt>
      <trkpt lat="45.5832" lon="24.76412">
        <ele>1735.7</ele>
        <time>2023-10-07T13:18:32Z</time>
      </trkpt>
      <trkpt lat="45.5832" lon="24.76412">
        <ele>1735.7</ele>
        <time>2023-10-07T13:18:35Z</time>
      </trkpt>
      <trkpt lat="45.58318" lon="24.76417">
        <ele>1735.13</ele>
        <time>2023-10-07T13:19:23Z</time>
      </trkpt>
      <trkpt lat="45.58318" lon="24.76417">
        <ele>1735.13</ele>
        <time>2023-10-07T13:19:28Z</time>
      </trkpt>
      <trkpt lat="45.58318" lon="24.76417">
        <ele>1735.13</ele>
        <time>2023-10-07T13:19:34Z</time>
      </trkpt>
      <trkpt lat="45.58318" lon="24.76418">
        <ele>1735.09</ele>
        <time>2023-10-07T13:19:37Z</time>
      </trkpt>
      <trkpt lat="45.58318" lon="24.7642">
        <ele>1735.01</ele>
        <time>2023-10-07T13:19:43Z</time>
      </trkpt>
      <trkpt lat="45.58318" lon="24.7642">
        <ele>1735.01</ele>
        <time>2023-10-07T13:19:47Z</time>
      </trkpt>
      <trkpt lat="45.5832" lon="24.76424">
        <ele>1733.13</ele>
        <time>2023-10-07T13:19:59Z</time>
      </trkpt>
      <trkpt lat="45.5832" lon="24.76425">
        <ele>1733.07</ele>
        <time>2023-10-07T13:20:04Z</time>
      </trkpt>
      <trkpt lat="45.5832" lon="24.76426">
        <ele>1733.01</ele>
        <time>2023-10-07T13:20:08Z</time>
      </trkpt>
      <trkpt lat="45.58321" lon="24.76428">
        <ele>1732.0</ele>
        <time>2023-10-07T13:20:15Z</time>
      </trkpt>
      <trkpt lat="45.58321" lon="24.76436">
        <ele>1731.45</ele>
        <time>2023-10-07T13:20:33Z</time>
      </trkpt>
      <trkpt lat="45.58321" lon="24.76437">
        <ele>1731.38</ele>
        <time>2023-10-07T13:20:39Z</time>
      </trkpt>
      <trkpt lat="45.58321" lon="24.76439">
        <ele>1731.25</ele>
        <time>2023-10-07T13:20:47Z</time>
      </trkpt>
      <trkpt lat="45.58321" lon="24.76442">
        <ele>1731.04</ele>
        <time>2023-10-07T13:20:52Z</time>
      </trkpt>
      <trkpt lat="45.58321" lon="24.76445">
        <ele>1730.85</ele>
        <time>2023-10-07T13:20:57Z</time>
      </trkpt>
      <trkpt lat="45.58324" lon="24.76453">
        <ele>1727.63</ele>
        <time>2023-10-07T13:21:15Z</time>
      </trkpt>
      <trkpt lat="45.58324" lon="24.76454">
        <ele>1727.62</ele>
        <time>2023-10-07T13:21:19Z</time>
      </trkpt>
      <trkpt lat="45.58324" lon="24.76454">
        <ele>1727.62</ele>
        <time>2023-10-07T13:21:21Z</time>
      </trkpt>
      <trkpt lat="45.58326" lon="24.76458">
        <ele>1725.83</ele>
        <time>2023-10-07T13:21:23Z</time>
      </trkpt>
      <trkpt lat="45.58326" lon="24.76467">
        <ele>1725.95</ele>
        <time>2023-10-07T13:21:27Z</time>
      </trkpt>
      <trkpt lat="45.58326" lon="24.76474">
        <ele>1725.89</ele>
        <time>2023-10-07T13:21:33Z</time>
      </trkpt>
      <trkpt lat="45.58327" lon="24.76476">
        <ele>1725.05</ele>
        <time>2023-10-07T13:21:39Z</time>
      </trkpt>
      <trkpt lat="45.58328" lon="24.76477">
        <ele>1724.26</ele>
        <time>2023-10-07T13:21:40Z</time>
      </trkpt>
      <trkpt lat="45.58328" lon="24.76477">
        <ele>1724.26</ele>
        <time>2023-10-07T13:21:45Z</time>
      </trkpt>
      <trkpt lat="45.58328" lon="24.76478">
        <ele>1724.18</ele>
        <time>2023-10-07T13:21:48Z</time>
      </trkpt>
      <trkpt lat="45.58327" lon="24.76479">
        <ele>1724.82</ele>
        <time>2023-10-07T13:21:54Z</time>
      </trkpt>
      <trkpt lat="45.58327" lon="24.76479">
        <ele>1724.82</ele>
        <time>2023-10-07T13:22:05Z</time>
      </trkpt>
      <trkpt lat="45.58326" lon="24.76477">
        <ele>1725.68</ele>
        <time>2023-10-07T13:22:10Z</time>
      </trkpt>
      <trkpt lat="45.58326" lon="24.76477">
        <ele>1725.68</ele>
        <time>2023-10-07T13:22:12Z</time>
      </trkpt>
      <trkpt lat="45.58326" lon="24.76477">
        <ele>1725.68</ele>
        <time>2023-10-07T13:22:15Z</time>
      </trkpt>
      <trkpt lat="45.58325" lon="24.76477">
        <ele>1726.39</ele>
        <time>2023-10-07T13:22:18Z</time>
      </trkpt>
      <trkpt lat="45.58326" lon="24.76478">
        <ele>1725.61</ele>
        <time>2023-10-07T13:22:21Z</time>
      </trkpt>
      <trkpt lat="45.58327" lon="24.76478">
        <ele>1724.9</ele>
        <time>2023-10-07T13:22:25Z</time>
      </trkpt>
      <trkpt lat="45.58327" lon="24.76478">
        <ele>1724.9</ele>
        <time>2023-10-07T13:22:27Z</time>
      </trkpt>
      <trkpt lat="45.58327" lon="24.76479">
        <ele>1724.82</ele>
        <time>2023-10-07T13:22:44Z</time>
      </trkpt>
      <trkpt lat="45.58327" lon="24.76479">
        <ele>1724.82</ele>
        <time>2023-10-07T13:22:45Z</time>
      </trkpt>
      <trkpt lat="45.58327" lon="24.76479">
        <ele>1724.82</ele>
        <time>2023-10-07T13:22:46Z</time>
      </trkpt>
      <trkpt lat="45.5833" lon="24.76483">
        <ele>1722.3</ele>
        <time>2023-10-07T13:23:11Z</time>
      </trkpt>
      <trkpt lat="45.58331" lon="24.76483">
        <ele>1721.56</ele>
        <time>2023-10-07T13:23:23Z</time>
      </trkpt>
      <trkpt lat="45.58335" lon="24.76486">
        <ele>1718.58</ele>
        <time>2023-10-07T13:23:26Z</time>
      </trkpt>
      <trkpt lat="45.58336" lon="24.76488">
        <ele>1717.79</ele>
        <time>2023-10-07T13:23:28Z</time>
      </trkpt>
      <trkpt lat="45.58337" lon="24.7649">
        <ele>1716.98</ele>
        <time>2023-10-07T13:23:33Z</time>
      </trkpt>
      <trkpt lat="45.58337" lon="24.76493">
        <ele>1716.61</ele>
        <time>2023-10-07T13:23:38Z</time>
      </trkpt>
      <trkpt lat="45.58337" lon="24.76494">
        <ele>1716.49</ele>
        <time>2023-10-07T13:23:42Z</time>
      </trkpt>
      <trkpt lat="45.58337" lon="24.76494">
        <ele>1716.49</ele>
        <time>2023-10-07T13:23:44Z</time>
      </trkpt>
      <trkpt lat="45.58337" lon="24.76494">
        <ele>1716.49</ele>
        <time>2023-10-07T13:23:54Z</time>
      </trkpt>
      <trkpt lat="45.58338" lon="24.76494">
        <ele>1715.9</ele>
        <time>2023-10-07T13:23:58Z</time>
      </trkpt>
      <trkpt lat="45.58338" lon="24.76495">
        <ele>1715.77</ele>
        <time>2023-10-07T13:23:59Z</time>
      </trkpt>
      <trkpt lat="45.58339" lon="24.76495">
        <ele>1715.18</ele>
        <time>2023-10-07T13:24:05Z</time>
      </trkpt>
      <trkpt lat="45.58341" lon="24.76496">
        <ele>1713.86</ele>
        <time>2023-10-07T13:24:16Z</time>
      </trkpt>
      <trkpt lat="45.58343" lon="24.765">
        <ele>1712.08</ele>
        <time>2023-10-07T13:24:31Z</time>
      </trkpt>
      <trkpt lat="45.58346" lon="24.76505">
        <ele>1709.15</ele>
        <time>2023-10-07T13:24:36Z</time>
      </trkpt>
      <trkpt lat="45.58346" lon="24.76506">
        <ele>1708.93</ele>
        <time>2023-10-07T13:24:37Z</time>
      </trkpt>
      <trkpt lat="45.58349" lon="24.76512">
        <ele>1705.88</ele>
        <time>2023-10-07T13:24:43Z</time>
      </trkpt>
      <trkpt lat="45.5835" lon="24.76512">
        <ele>1705.29</ele>
        <time>2023-10-07T13:24:44Z</time>
      </trkpt>
      <trkpt lat="45.5835" lon="24.76513">
        <ele>1705.09</ele>
        <time>2023-10-07T13:24:45Z</time>
      </trkpt>
      <trkpt lat="45.58354" lon="24.76514">
        <ele>1702.57</ele>
        <time>2023-10-07T13:24:50Z</time>
      </trkpt>
      <trkpt lat="45.58355" lon="24.76514">
        <ele>1702.0</ele>
        <time>2023-10-07T13:24:52Z</time>
      </trkpt>
      <trkpt lat="45.58355" lon="24.76514">
        <ele>1702.0</ele>
        <time>2023-10-07T13:24:55Z</time>
      </trkpt>
      <trkpt lat="45.58355" lon="24.76514">
        <ele>1702.0</ele>
        <time>2023-10-07T13:24:56Z</time>
      </trkpt>
      <trkpt lat="45.58357" lon="24.76514">
        <ele>1700.85</ele>
        <time>2023-10-07T13:25:01Z</time>
      </trkpt>
      <trkpt lat="45.58357" lon="24.76514">
        <ele>1700.85</ele>
        <time>2023-10-07T13:25:02Z</time>
      </trkpt>
      <trkpt lat="45.58358" lon="24.76513">
        <ele>1700.46</ele>
        <time>2023-10-07T13:25:07Z</time>
      </trkpt>
      <trkpt lat="45.58359" lon="24.76516">
        <ele>1699.32</ele>
        <time>2023-10-07T13:25:13Z</time>
      </trkpt>
      <trkpt lat="45.58359" lon="24.76516">
        <ele>1699.32</ele>
        <time>2023-10-07T13:25:14Z</time>
      </trkpt>
      <trkpt lat="45.58359" lon="24.76516">
        <ele>1699.32</ele>
        <time>2023-10-07T13:25:23Z</time>
      </trkpt>
      <trkpt lat="45.58359" lon="24.76516">
        <ele>1699.32</ele>
        <time>2023-10-07T13:25:31Z</time>
      </trkpt>
      <trkpt lat="45.58359" lon="24.76521">
        <ele>1698.4</ele>
        <time>2023-10-07T13:25:36Z</time>
      </trkpt>
      <trkpt lat="45.58361" lon="24.76523">
        <ele>1696.92</ele>
        <time>2023-10-07T13:25:41Z</time>
      </trkpt>
      <trkpt lat="45.58364" lon="24.76524">
        <ele>1695.83</ele>
        <time>2023-10-07T13:25:48Z</time>
      </trkpt>
      <trkpt lat="45.58365" lon="24.76524">
        <ele>1695.54</ele>
        <time>2023-10-07T13:25:54Z</time>
      </trkpt>
      <trkpt lat="45.58365" lon="24.76524">
        <ele>1695.54</ele>
        <time>2023-10-07T13:25:55Z</time>
      </trkpt>
      <trkpt lat="45.58365" lon="24.76526">
        <ele>1695.19</ele>
        <time>2023-10-07T13:26:01Z</time>
      </trkpt>
      <trkpt lat="45.58366" lon="24.76527">
        <ele>1694.73</ele>
        <time>2023-10-07T13:26:07Z</time>
      </trkpt>
      <trkpt lat="45.58371" lon="24.76532">
        <ele>1692.08</ele>
        <time>2023-10-07T13:26:18Z</time>
      </trkpt>
      <trkpt lat="45.58374" lon="24.76532">
        <ele>1691.16</ele>
        <time>2023-10-07T13:26:21Z</time>
      </trkpt>
      <trkpt lat="45.58376" lon="24.76533">
        <ele>1690.28</ele>
        <time>2023-10-07T13:26:25Z</time>
      </trkpt>
      <trkpt lat="45.58377" lon="24.76533">
        <ele>1689.97</ele>
        <time>2023-10-07T13:26:27Z</time>
      </trkpt>
      <trkpt lat="45.58378" lon="24.76539">
        <ele>1687.98</ele>
        <time>2023-10-07T13:26:33Z</time>
      </trkpt>
      <trkpt lat="45.58379" lon="24.76541">
        <ele>1687.07</ele>
        <time>2023-10-07T13:26:38Z</time>
      </trkpt>
      <trkpt lat="45.58379" lon="24.76542">
        <ele>1686.79</ele>
        <time>2023-10-07T13:26:40Z</time>
      </trkpt>
      <trkpt lat="45.5838" lon="24.76542">
        <ele>1686.44</ele>
        <time>2023-10-07T13:26:42Z</time>
      </trkpt>
      <trkpt lat="45.5838" lon="24.76543">
        <ele>1686.15</ele>
        <time>2023-10-07T13:26:45Z</time>
      </trkpt>
      <trkpt lat="45.58382" lon="24.76544">
        <ele>1685.16</ele>
        <time>2023-10-07T13:26:50Z</time>
      </trkpt>
      <trkpt lat="45.58382" lon="24.76545">
        <ele>1684.87</ele>
        <time>2023-10-07T13:26:52Z</time>
      </trkpt>
      <trkpt lat="45.58384" lon="24.76546">
        <ele>1683.85</ele>
        <time>2023-10-07T13:26:57Z</time>
      </trkpt>
      <trkpt lat="45.58385" lon="24.76548">
        <ele>1682.87</ele>
        <time>2023-10-07T13:26:58Z</time>
      </trkpt>
      <trkpt lat="45.58386" lon="24.76551">
        <ele>1681.57</ele>
        <time>2023-10-07T13:27:04Z</time>
      </trkpt>
      <trkpt lat="45.58386" lon="24.76553">
        <ele>1680.94</ele>
        <time>2023-10-07T13:27:07Z</time>
      </trkpt>
      <trkpt lat="45.58386" lon="24.76556">
        <ele>1680.08</ele>
        <time>2023-10-07T13:27:10Z</time>
      </trkpt>
      <trkpt lat="45.58386" lon="24.76561">
        <ele>1679.34</ele>
        <time>2023-10-07T13:27:13Z</time>
      </trkpt>
      <trkpt lat="45.58385" lon="24.76563">
        <ele>1679.43</ele>
        <time>2023-10-07T13:27:15Z</time>
      </trkpt>
      <trkpt lat="45.58383" lon="24.76569">
        <ele>1679.29</ele>
        <time>2023-10-07T13:27:17Z</time>
      </trkpt>
      <trkpt lat="45.58383" lon="24.76572">
        <ele>1678.84</ele>
        <time>2023-10-07T13:27:20Z</time>
      </trkpt>
      <trkpt lat="45.58384" lon="24.76573">
        <ele>1678.31</ele>
        <time>2023-10-07T13:27:24Z</time>
      </trkpt>
      <trkpt lat="45.58384" lon="24.76573">
        <ele>1678.31</ele>
        <time>2023-10-07T13:27:25Z</time>
      </trkpt>
      <trkpt lat="45.58384" lon="24.76573">
        <ele>1678.31</ele>
        <time>2023-10-07T13:27:26Z</time>
      </trkpt>
      <trkpt lat="45.58383" lon="24.76576">
        <ele>1678.23</ele>
        <time>2023-10-07T13:27:34Z</time>
      </trkpt>
      <trkpt lat="45.58383" lon="24.76577">
        <ele>1678.08</ele>
        <time>2023-10-07T13:27:35Z</time>
      </trkpt>
      <trkpt lat="45.58383" lon="24.76576">
        <ele>1678.23</ele>
        <time>2023-10-07T13:27:38Z</time>
      </trkpt>
      <trkpt lat="45.58385" lon="24.76576">
        <ele>1677.49</ele>
        <time>2023-10-07T13:27:42Z</time>
      </trkpt>
      <trkpt lat="45.58385" lon="24.76576">
        <ele>1677.49</ele>
        <time>2023-10-07T13:27:43Z</time>
      </trkpt>
      <trkpt lat="45.58387" lon="24.76577">
        <ele>1676.61</ele>
        <time>2023-10-07T13:27:48Z</time>
      </trkpt>
      <trkpt lat="45.58387" lon="24.76578">
        <ele>1676.46</ele>
        <time>2023-10-07T13:27:49Z</time>
      </trkpt>
      <trkpt lat="45.58386" lon="24.76581">
        <ele>1676.38</ele>
        <time>2023-10-07T13:27:55Z</time>
      </trkpt>
      <trkpt lat="45.58385" lon="24.76581">
        <ele>1676.75</ele>
        <time>2023-10-07T13:27:56Z</time>
      </trkpt>
      <trkpt lat="45.58385" lon="24.76581">
        <ele>1676.75</ele>
        <time>2023-10-07T13:28:01Z</time>
      </trkpt>
      <trkpt lat="45.58386" lon="24.76581">
        <ele>1676.38</ele>
        <time>2023-10-07T13:28:02Z</time>
      </trkpt>
      <trkpt lat="45.58388" lon="24.76579">
        <ele>1675.95</ele>
        <time>2023-10-07T13:28:09Z</time>
      </trkpt>
      <trkpt lat="45.58389" lon="24.76579">
        <ele>1675.59</ele>
        <time>2023-10-07T13:28:13Z</time>
      </trkpt>
      <trkpt lat="45.5839" lon="24.76577">
        <ele>1675.55</ele>
        <time>2023-10-07T13:28:20Z</time>
      </trkpt>
      <trkpt lat="45.5839" lon="24.76577">
        <ele>1675.55</ele>
        <time>2023-10-07T13:28:26Z</time>
      </trkpt>
      <trkpt lat="45.5839" lon="24.76577">
        <ele>1675.55</ele>
        <time>2023-10-07T13:28:35Z</time>
      </trkpt>
      <trkpt lat="45.58391" lon="24.76577">
        <ele>1675.23</ele>
        <time>2023-10-07T13:28:43Z</time>
      </trkpt>
      <trkpt lat="45.58392" lon="24.76578">
        <ele>1674.76</ele>
        <time>2023-10-07T13:28:49Z</time>
      </trkpt>
      <trkpt lat="45.58393" lon="24.76581">
        <ele>1674.0</ele>
        <time>2023-10-07T13:28:57Z</time>
      </trkpt>
      <trkpt lat="45.58394" lon="24.76582">
        <ele>1673.54</ele>
        <time>2023-10-07T13:29:02Z</time>
      </trkpt>
      <trkpt lat="45.58395" lon="24.76582">
        <ele>1673.21</ele>
        <time>2023-10-07T13:29:03Z</time>
      </trkpt>
      <trkpt lat="45.58395" lon="24.76582">
        <ele>1673.21</ele>
        <time>2023-10-07T13:29:11Z</time>
      </trkpt>
      <trkpt lat="45.58397" lon="24.76582">
        <ele>1672.56</ele>
        <time>2023-10-07T13:29:18Z</time>
      </trkpt>
      <trkpt lat="45.58397" lon="24.76582">
        <ele>1672.56</ele>
        <time>2023-10-07T13:29:24Z</time>
      </trkpt>
      <trkpt lat="45.58397" lon="24.76581">
        <ele>1672.71</ele>
        <time>2023-10-07T13:29:32Z</time>
      </trkpt>
      <trkpt lat="45.58398" lon="24.76581">
        <ele>1672.38</ele>
        <time>2023-10-07T13:29:40Z</time>
      </trkpt>
      <trkpt lat="45.58405" lon="24.76582">
        <ele>1669.97</ele>
        <time>2023-10-07T13:29:48Z</time>
      </trkpt>
      <trkpt lat="45.58407" lon="24.76581">
        <ele>1669.47</ele>
        <time>2023-10-07T13:29:53Z</time>
      </trkpt>
      <trkpt lat="45.58409" lon="24.76579">
        <ele>1669.11</ele>
        <time>2023-10-07T13:29:57Z</time>
      </trkpt>
      <trkpt lat="45.5841" lon="24.76579">
        <ele>1668.78</ele>
        <time>2023-10-07T13:29:59Z</time>
      </trkpt>
      <trkpt lat="45.58411" lon="24.76578">
        <ele>1668.6</ele>
        <time>2023-10-07T13:30:04Z</time>
      </trkpt>
      <trkpt lat="45.58412" lon="24.76578">
        <ele>1668.28</ele>
        <time>2023-10-07T13:30:06Z</time>
      </trkpt>
      <trkpt lat="45.58412" lon="24.76578">
        <ele>1668.28</ele>
        <time>2023-10-07T13:30:10Z</time>
      </trkpt>
      <trkpt lat="45.58412" lon="24.76578">
        <ele>1668.28</ele>
        <time>2023-10-07T13:30:16Z</time>
      </trkpt>
      <trkpt lat="45.58412" lon="24.76578">
        <ele>1668.28</ele>
        <time>2023-10-07T13:30:21Z</time>
      </trkpt>
      <trkpt lat="45.58412" lon="24.76579">
        <ele>1668.14</ele>
        <time>2023-10-07T13:30:27Z</time>
      </trkpt>
      <trkpt lat="45.58413" lon="24.76583">
        <ele>1667.24</ele>
        <time>2023-10-07T13:30:34Z</time>
      </trkpt>
      <trkpt lat="45.58413" lon="24.76586">
        <ele>1666.89</ele>
        <time>2023-10-07T13:30:40Z</time>
      </trkpt>
      <trkpt lat="45.58413" lon="24.76587">
        <ele>1666.77</ele>
        <time>2023-10-07T13:30:45Z</time>
      </trkpt>
      <trkpt lat="45.58413" lon="24.76587">
        <ele>1666.77</ele>
        <time>2023-10-07T13:30:47Z</time>
      </trkpt>
      <trkpt lat="45.58417" lon="24.76594">
        <ele>1664.72</ele>
        <time>2023-10-07T13:31:07Z</time>
      </trkpt>
      <trkpt lat="45.58416" lon="24.76597">
        <ele>1664.73</ele>
        <time>2023-10-07T13:31:11Z</time>
      </trkpt>
      <trkpt lat="45.58416" lon="24.76602">
        <ele>1664.18</ele>
        <time>2023-10-07T13:31:14Z</time>
      </trkpt>
      <trkpt lat="45.58414" lon="24.76608">
        <ele>1664.11</ele>
        <time>2023-10-07T13:31:18Z</time>
      </trkpt>
      <trkpt lat="45.58413" lon="24.76611">
        <ele>1664.07</ele>
        <time>2023-10-07T13:31:20Z</time>
      </trkpt>
      <trkpt lat="45.58413" lon="24.76612">
        <ele>1663.8</ele>
        <time>2023-10-07T13:31:23Z</time>
      </trkpt>
      <trkpt lat="45.58413" lon="24.76612">
        <ele>1663.8</ele>
        <time>2023-10-07T13:31:25Z</time>
      </trkpt>
      <trkpt lat="45.58413" lon="24.76608">
        <ele>1664.41</ele>
        <time>2023-10-07T13:31:29Z</time>
      </trkpt>
      <trkpt lat="45.58413" lon="24.76608">
        <ele>1664.41</ele>
        <time>2023-10-07T13:31:30Z</time>
      </trkpt>
      <trkpt lat="45.58414" lon="24.76605">
        <ele>1664.45</ele>
        <time>2023-10-07T13:31:38Z</time>
      </trkpt>
      <trkpt lat="45.58415" lon="24.76604">
        <ele>1664.26</ele>
        <time>2023-10-07T13:31:39Z</time>
      </trkpt>
      <trkpt lat="45.58416" lon="24.76602">
        <ele>1664.18</ele>
        <time>2023-10-07T13:31:43Z</time>
      </trkpt>
      <trkpt lat="45.58416" lon="24.76603">
        <ele>1664.08</ele>
        <time>2023-10-07T13:31:45Z</time>
      </trkpt>
      <trkpt lat="45.58416" lon="24.76602">
        <ele>1664.18</ele>
        <time>2023-10-07T13:31:46Z</time>
      </trkpt>
      <trkpt lat="45.58417" lon="24.76603">
        <ele>1663.73</ele>
        <time>2023-10-07T13:31:51Z</time>
      </trkpt>
      <trkpt lat="45.58418" lon="24.76603">
        <ele>1663.31</ele>
        <time>2023-10-07T13:31:58Z</time>
      </trkpt>
      <trkpt lat="45.5842" lon="24.76603">
        <ele>1662.46</ele>
        <time>2023-10-07T13:32:07Z</time>
      </trkpt>
      <trkpt lat="45.58421" lon="24.76603">
        <ele>1662.03</ele>
        <time>2023-10-07T13:32:08Z</time>
      </trkpt>
      <trkpt lat="45.58426" lon="24.76606">
        <ele>1659.43</ele>
        <time>2023-10-07T13:32:14Z</time>
      </trkpt>
      <trkpt lat="45.58426" lon="24.76608">
        <ele>1659.12</ele>
        <time>2023-10-07T13:32:19Z</time>
      </trkpt>
      <trkpt lat="45.58426" lon="24.76608">
        <ele>1659.12</ele>
        <time>2023-10-07T13:32:20Z</time>
      </trkpt>
      <trkpt lat="45.58426" lon="24.7661">
        <ele>1658.81</ele>
        <time>2023-10-07T13:32:24Z</time>
      </trkpt>
      <trkpt lat="45.58426" lon="24.76611">
        <ele>1658.65</ele>
        <time>2023-10-07T13:32:34Z</time>
      </trkpt>
      <trkpt lat="45.58426" lon="24.76612">
        <ele>1658.35</ele>
        <time>2023-10-07T13:32:48Z</time>
      </trkpt>
      <trkpt lat="45.58425" lon="24.76617">
        <ele>1657.28</ele>
        <time>2023-10-07T13:32:57Z</time>
      </trkpt>
      <trkpt lat="45.58425" lon="24.76624">
        <ele>1655.11</ele>
        <time>2023-10-07T13:33:06Z</time>
      </trkpt>
      <trkpt lat="45.58424" lon="24.7663">
        <ele>1653.77</ele>
        <time>2023-10-07T13:33:11Z</time>
      </trkpt>
      <trkpt lat="45.58424" lon="24.76631">
        <ele>1653.46</ele>
        <time>2023-10-07T13:33:12Z</time>
      </trkpt>
      <trkpt lat="45.58425" lon="24.76637">
        <ele>1651.08</ele>
        <time>2023-10-07T13:33:15Z</time>
      </trkpt>
      <trkpt lat="45.58427" lon="24.7664">
        <ele>1649.09</ele>
        <time>2023-10-07T13:33:17Z</time>
      </trkpt>
      <trkpt lat="45.58428" lon="24.76641">
        <ele>1648.26</ele>
        <time>2023-10-07T13:33:21Z</time>
      </trkpt>
      <trkpt lat="45.58428" lon="24.76641">
        <ele>1648.26</ele>
        <time>2023-10-07T13:33:22Z</time>
      </trkpt>
      <trkpt lat="45.58429" lon="24.76642">
        <ele>1647.43</ele>
        <time>2023-10-07T13:33:24Z</time>
      </trkpt>
      <trkpt lat="45.58429" lon="24.76644">
        <ele>1646.85</ele>
        <time>2023-10-07T13:33:27Z</time>
      </trkpt>
      <trkpt lat="45.5843" lon="24.76645">
        <ele>1646.03</ele>
        <time>2023-10-07T13:33:31Z</time>
      </trkpt>
      <trkpt lat="45.58431" lon="24.76647">
        <ele>1644.93</ele>
        <time>2023-10-07T13:33:34Z</time>
      </trkpt>
      <trkpt lat="45.58431" lon="24.7665">
        <ele>1644.07</ele>
        <time>2023-10-07T13:33:37Z</time>
      </trkpt>
      <trkpt lat="45.5843" lon="24.76651">
        <ele>1644.29</ele>
        <time>2023-10-07T13:33:38Z</time>
      </trkpt>
      <trkpt lat="45.58429" lon="24.76652">
        <ele>1644.51</ele>
        <time>2023-10-07T13:33:41Z</time>
      </trkpt>
      <trkpt lat="45.58428" lon="24.76652">
        <ele>1645.02</ele>
        <time>2023-10-07T13:33:42Z</time>
      </trkpt>
      <trkpt lat="45.58428" lon="24.76656">
        <ele>1643.84</ele>
        <time>2023-10-07T13:33:48Z</time>
      </trkpt>
      <trkpt lat="45.58428" lon="24.76658">
        <ele>1643.25</ele>
        <time>2023-10-07T13:33:51Z</time>
      </trkpt>
      <trkpt lat="45.58429" lon="24.76661">
        <ele>1641.88</ele>
        <time>2023-10-07T13:33:57Z</time>
      </trkpt>
      <trkpt lat="45.58429" lon="24.76668">
        <ele>1639.68</ele>
        <time>2023-10-07T13:34:03Z</time>
      </trkpt>
      <trkpt lat="45.58428" lon="24.7667">
        <ele>1639.35</ele>
        <time>2023-10-07T13:34:04Z</time>
      </trkpt>
      <trkpt lat="45.58427" lon="24.76674">
        <ele>1638.23</ele>
        <time>2023-10-07T13:34:08Z</time>
      </trkpt>
      <trkpt lat="45.58427" lon="24.76677">
        <ele>1637.03</ele>
        <time>2023-10-07T13:34:10Z</time>
      </trkpt>
      <trkpt lat="45.58423" lon="24.76681">
        <ele>1637.52</ele>
        <time>2023-10-07T13:34:18Z</time>
      </trkpt>
      <trkpt lat="45.58422" lon="24.76683">
        <ele>1637.29</ele>
        <time>2023-10-07T13:34:23Z</time>
      </trkpt>
      <trkpt lat="45.58423" lon="24.76685">
        <ele>1635.98</ele>
        <time>2023-10-07T13:34:25Z</time>
      </trkpt>
      <trkpt lat="45.58423" lon="24.76685">
        <ele>1635.98</ele>
        <time>2023-10-07T13:34:27Z</time>
      </trkpt>
      <trkpt lat="45.5842" lon="24.76686">
        <ele>1637.23</ele>
        <time>2023-10-07T13:34:29Z</time>
      </trkpt>
      <trkpt lat="45.5842" lon="24.76686">
        <ele>1637.23</ele>
        <time>2023-10-07T13:34:30Z</time>
      </trkpt>
      <trkpt lat="45.5842" lon="24.76686">
        <ele>1637.23</ele>
        <time>2023-10-07T13:34:31Z</time>
      </trkpt>
      <trkpt lat="45.58418" lon="24.76687">
        <ele>1637.95</ele>
        <time>2023-10-07T13:34:37Z</time>
      </trkpt>
      <trkpt lat="45.58419" lon="24.76687">
        <ele>1637.4</ele>
        <time>2023-10-07T13:34:42Z</time>
      </trkpt>
      <trkpt lat="45.58418" lon="24.76687">
        <ele>1637.95</ele>
        <time>2023-10-07T13:34:56Z</time>
      </trkpt>
      <trkpt lat="45.58418" lon="24.76688">
        <ele>1637.59</ele>
        <time>2023-10-07T13:35:02Z</time>
      </trkpt>
      <trkpt lat="45.58417" lon="24.76688">
        <ele>1638.14</ele>
        <time>2023-10-07T13:35:09Z</time>
      </trkpt>
      <trkpt lat="45.58416" lon="24.76689">
        <ele>1638.29</ele>
        <time>2023-10-07T13:35:16Z</time>
      </trkpt>
      <trkpt lat="45.58415" lon="24.7669">
        <ele>1638.43</ele>
        <time>2023-10-07T13:35:24Z</time>
      </trkpt>
      <trkpt lat="45.58414" lon="24.76695">
        <ele>1637.22</ele>
        <time>2023-10-07T13:35:31Z</time>
      </trkpt>
      <trkpt lat="45.58413" lon="24.76695">
        <ele>1637.75</ele>
        <time>2023-10-07T13:35:36Z</time>
      </trkpt>
      <trkpt lat="45.58413" lon="24.76695">
        <ele>1637.75</ele>
        <time>2023-10-07T13:35:43Z</time>
      </trkpt>
      <trkpt lat="45.58412" lon="24.76695">
        <ele>1638.29</ele>
        <time>2023-10-07T13:35:51Z</time>
      </trkpt>
      <trkpt lat="45.58412" lon="24.76695">
        <ele>1638.29</ele>
        <time>2023-10-07T13:35:56Z</time>
      </trkpt>
      <trkpt lat="45.58412" lon="24.76696">
        <ele>1637.87</ele>
        <time>2023-10-07T13:35:59Z</time>
      </trkpt>
      <trkpt lat="45.58412" lon="24.76696">
        <ele>1637.87</ele>
        <time>2023-10-07T13:36:00Z</time>
      </trkpt>
      <trkpt lat="45.58412" lon="24.76699">
        <ele>1636.6</ele>
        <time>2023-10-07T13:36:09Z</time>
      </trkpt>
      <trkpt lat="45.58415" lon="24.76703">
        <ele>1633.64</ele>
        <time>2023-10-07T13:36:24Z</time>
      </trkpt>
      <trkpt lat="45.58415" lon="24.76703">
        <ele>1633.64</ele>
        <time>2023-10-07T13:36:28Z</time>
      </trkpt>
      <trkpt lat="45.58415" lon="24.76703">
        <ele>1633.64</ele>
        <time>2023-10-07T13:36:32Z</time>
      </trkpt>
      <trkpt lat="45.58415" lon="24.76703">
        <ele>1633.64</ele>
        <time>2023-10-07T13:36:36Z</time>
      </trkpt>
      <trkpt lat="45.58415" lon="24.76702">
        <ele>1634.02</ele>
        <time>2023-10-07T13:36:50Z</time>
      </trkpt>
      <trkpt lat="45.58415" lon="24.76701">
        <ele>1634.4</ele>
        <time>2023-10-07T13:36:55Z</time>
      </trkpt>
      <trkpt lat="45.58415" lon="24.76701">
        <ele>1634.4</ele>
        <time>2023-10-07T13:36:59Z</time>
      </trkpt>
      <trkpt lat="45.58415" lon="24.76701">
        <ele>1634.4</ele>
        <time>2023-10-07T13:37:02Z</time>
      </trkpt>
      <trkpt lat="45.58415" lon="24.76703">
        <ele>1633.64</ele>
        <time>2023-10-07T13:37:09Z</time>
      </trkpt>
      <trkpt lat="45.58416" lon="24.76704">
        <ele>1632.84</ele>
        <time>2023-10-07T13:37:14Z</time>
      </trkpt>
      <trkpt lat="45.58416" lon="24.76704">
        <ele>1632.84</ele>
        <time>2023-10-07T13:37:17Z</time>
      </trkpt>
      <trkpt lat="45.58416" lon="24.76704">
        <ele>1632.84</ele>
        <time>2023-10-07T13:37:23Z</time>
      </trkpt>
      <trkpt lat="45.58416" lon="24.76704">
        <ele>1632.84</ele>
        <time>2023-10-07T13:37:33Z</time>
      </trkpt>
      <trkpt lat="45.58416" lon="24.76704">
        <ele>1632.84</ele>
        <time>2023-10-07T13:37:39Z</time>
      </trkpt>
      <trkpt lat="45.58417" lon="24.76704">
        <ele>1632.36</ele>
        <time>2023-10-07T13:37:45Z</time>
      </trkpt>
      <trkpt lat="45.58417" lon="24.76705">
        <ele>1632.0</ele>
        <time>2023-10-07T13:37:52Z</time>
      </trkpt>
      <trkpt lat="45.58417" lon="24.76705">
        <ele>1632.0</ele>
        <time>2023-10-07T13:37:53Z</time>
      </trkpt>
      <trkpt lat="45.58418" lon="24.76705">
        <ele>1631.41</ele>
        <time>2023-10-07T13:38:00Z</time>
      </trkpt>
      <trkpt lat="45.58418" lon="24.76706">
        <ele>1631.05</ele>
        <time>2023-10-07T13:38:10Z</time>
      </trkpt>
      <trkpt lat="45.58418" lon="24.76707">
        <ele>1630.69</ele>
        <time>2023-10-07T13:38:30Z</time>
      </trkpt>
      <trkpt lat="45.58418" lon="24.76707">
        <ele>1630.69</ele>
        <time>2023-10-07T13:38:39Z</time>
      </trkpt>
      <trkpt lat="45.58418" lon="24.76707">
        <ele>1630.69</ele>
        <time>2023-10-07T13:38:45Z</time>
      </trkpt>
      <trkpt lat="45.58418" lon="24.76707">
        <ele>1630.69</ele>
        <time>2023-10-07T13:38:52Z</time>
      </trkpt>
      <trkpt lat="45.58418" lon="24.76707">
        <ele>1630.69</ele>
        <time>2023-10-07T13:38:59Z</time>
      </trkpt>
      <trkpt lat="45.58424" lon="24.76715">
        <ele>1624.18</ele>
        <time>2023-10-07T13:39:08Z</time>
      </trkpt>
      <trkpt lat="45.58425" lon="24.76716">
        <ele>1623.21</ele>
        <time>2023-10-07T13:39:09Z</time>
      </trkpt>
      <trkpt lat="45.58433" lon="24.76724">
        <ele>1615.27</ele>
        <time>2023-10-07T13:39:15Z</time>
      </trkpt>
      <trkpt lat="45.58433" lon="24.76729">
        <ele>1613.22</ele>
        <time>2023-10-07T13:39:25Z</time>
      </trkpt>
      <trkpt lat="45.58433" lon="24.7673">
        <ele>1612.81</ele>
        <time>2023-10-07T13:39:27Z</time>
      </trkpt>
      <trkpt lat="45.58431" lon="24.76731">
        <ele>1613.6</ele>
        <time>2023-10-07T13:39:32Z</time>
      </trkpt>
      <trkpt lat="45.58427" lon="24.76737">
        <ele>1613.49</ele>
        <time>2023-10-07T13:39:38Z</time>
      </trkpt>
      <trkpt lat="45.58426" lon="24.7674">
        <ele>1612.82</ele>
        <time>2023-10-07T13:39:40Z</time>
      </trkpt>
      <trkpt lat="45.58424" lon="24.76742">
        <ele>1613.16</ele>
        <time>2023-10-07T13:39:46Z</time>
      </trkpt>
      <trkpt lat="45.58424" lon="24.76742">
        <ele>1613.16</ele>
        <time>2023-10-07T13:39:47Z</time>
      </trkpt>
      <trkpt lat="45.58423" lon="24.76743">
        <ele>1613.32</ele>
        <time>2023-10-07T13:39:49Z</time>
      </trkpt>
      <trkpt lat="45.58418" lon="24.76748">
        <ele>1614.09</ele>
        <time>2023-10-07T13:39:57Z</time>
      </trkpt>
      <trkpt lat="45.58415" lon="24.76751">
        <ele>1613.88</ele>
        <time>2023-10-07T13:40:03Z</time>
      </trkpt>
      <trkpt lat="45.58414" lon="24.76752">
        <ele>1613.65</ele>
        <time>2023-10-07T13:40:04Z</time>
      </trkpt>
      <trkpt lat="45.58413" lon="24.76756">
        <ele>1612.31</ele>
        <time>2023-10-07T13:40:10Z</time>
      </trkpt>
      <trkpt lat="45.58412" lon="24.76756">
        <ele>1612.44</ele>
        <time>2023-10-07T13:40:11Z</time>
      </trkpt>
      <trkpt lat="45.58412" lon="24.76755">
        <ele>1612.81</ele>
        <time>2023-10-07T13:40:16Z</time>
      </trkpt>
      <trkpt lat="45.58412" lon="24.76755">
        <ele>1612.81</ele>
        <time>2023-10-07T13:40:17Z</time>
      </trkpt>
      <trkpt lat="45.58413" lon="24.76755">
        <ele>1612.68</ele>
        <time>2023-10-07T13:40:38Z</time>
      </trkpt>
      <trkpt lat="45.58416" lon="24.76757">
        <ele>1611.56</ele>
        <time>2023-10-07T13:40:43Z</time>
      </trkpt>
      <trkpt lat="45.58422" lon="24.76763">
        <ele>1606.79</ele>
        <time>2023-10-07T13:40:49Z</time>
      </trkpt>
      <trkpt lat="45.58422" lon="24.76762">
        <ele>1607.11</ele>
        <time>2023-10-07T13:40:51Z</time>
      </trkpt>
      <trkpt lat="45.58419" lon="24.76763">
        <ele>1608.21</ele>
        <time>2023-10-07T13:40:55Z</time>
      </trkpt>
      <trkpt lat="45.5842" lon="24.76763">
        <ele>1607.74</ele>
        <time>2023-10-07T13:40:56Z</time>
      </trkpt>
      <trkpt lat="45.58424" lon="24.76763">
        <ele>1605.84</ele>
        <time>2023-10-07T13:41:03Z</time>
      </trkpt>
      <trkpt lat="45.58423" lon="24.76763">
        <ele>1606.31</ele>
        <time>2023-10-07T13:41:16Z</time>
      </trkpt>
      <trkpt lat="45.58423" lon="24.76764">
        <ele>1606.0</ele>
        <time>2023-10-07T13:41:23Z</time>
      </trkpt>
      <trkpt lat="45.58422" lon="24.76768">
        <ele>1605.19</ele>
        <time>2023-10-07T13:41:29Z</time>
      </trkpt>
      <trkpt lat="45.58421" lon="24.7677">
        <ele>1604.98</ele>
        <time>2023-10-07T13:41:33Z</time>
      </trkpt>
      <trkpt lat="45.58419" lon="24.76771">
        <ele>1605.48</ele>
        <time>2023-10-07T13:41:37Z</time>
      </trkpt>
      <trkpt lat="45.58417" lon="24.76774">
        <ele>1605.23</ele>
        <time>2023-10-07T13:41:43Z</time>
      </trkpt>
      <trkpt lat="45.58413" lon="24.76778">
        <ele>1604.22</ele>
        <time>2023-10-07T13:41:48Z</time>
      </trkpt>
      <trkpt lat="45.58413" lon="24.76779">
        <ele>1604.05</ele>
        <time>2023-10-07T13:41:54Z</time>
      </trkpt>
      <trkpt lat="45.58412" lon="24.7678">
        <ele>1603.92</ele>
        <time>2023-10-07T13:41:56Z</time>
      </trkpt>
      <trkpt lat="45.58412" lon="24.76781">
        <ele>1603.74</ele>
        <time>2023-10-07T13:42:00Z</time>
      </trkpt>
      <trkpt lat="45.58412" lon="24.7678">
        <ele>1603.92</ele>
        <time>2023-10-07T13:42:12Z</time>
      </trkpt>
      <trkpt lat="45.58412" lon="24.7678">
        <ele>1603.92</ele>
        <time>2023-10-07T13:42:14Z</time>
      </trkpt>
      <trkpt lat="45.58411" lon="24.7678">
        <ele>1603.97</ele>
        <time>2023-10-07T13:42:17Z</time>
      </trkpt>
      <trkpt lat="45.58411" lon="24.7678">
        <ele>1603.97</ele>
        <time>2023-10-07T13:42:20Z</time>
      </trkpt>
      <trkpt lat="45.58411" lon="24.76781">
        <ele>1603.78</ele>
        <time>2023-10-07T13:42:23Z</time>
      </trkpt>
      <trkpt lat="45.58411" lon="24.76786">
        <ele>1602.8</ele>
        <time>2023-10-07T13:42:30Z</time>
      </trkpt>
      <trkpt lat="45.58411" lon="24.76787">
        <ele>1602.61</ele>
        <time>2023-10-07T13:42:31Z</time>
      </trkpt>
      <trkpt lat="45.58412" lon="24.76789">
        <ele>1602.24</ele>
        <time>2023-10-07T13:42:37Z</time>
      </trkpt>
      <trkpt lat="45.58413" lon="24.76789">
        <ele>1602.27</ele>
        <time>2023-10-07T13:42:38Z</time>
      </trkpt>
      <trkpt lat="45.58413" lon="24.76789">
        <ele>1602.27</ele>
        <time>2023-10-07T13:42:45Z</time>
      </trkpt>
      <trkpt lat="45.58414" lon="24.7679">
        <ele>1602.14</ele>
        <time>2023-10-07T13:42:52Z</time>
      </trkpt>
      <trkpt lat="45.58416" lon="24.76794">
        <ele>1601.61</ele>
        <time>2023-10-07T13:42:59Z</time>
      </trkpt>
      <trkpt lat="45.58417" lon="24.76795">
        <ele>1601.28</ele>
        <time>2023-10-07T13:43:05Z</time>
      </trkpt>
      <trkpt lat="45.58417" lon="24.76796">
        <ele>1601.13</ele>
        <time>2023-10-07T13:43:06Z</time>
      </trkpt>
      <trkpt lat="45.58421" lon="24.76798">
        <ele>1597.71</ele>
        <time>2023-10-07T13:43:12Z</time>
      </trkpt>
      <trkpt lat="45.58421" lon="24.76798">
        <ele>1597.71</ele>
        <time>2023-10-07T13:43:13Z</time>
      </trkpt>
      <trkpt lat="45.58422" lon="24.76797">
        <ele>1597.19</ele>
        <time>2023-10-07T13:43:20Z</time>
      </trkpt>
      <trkpt lat="45.58422" lon="24.76797">
        <ele>1597.19</ele>
        <time>2023-10-07T13:43:21Z</time>
      </trkpt>
      <trkpt lat="45.58422" lon="24.76797">
        <ele>1597.19</ele>
        <time>2023-10-07T13:43:25Z</time>
      </trkpt>
      <trkpt lat="45.58421" lon="24.76796">
        <ele>1598.18</ele>
        <time>2023-10-07T13:43:30Z</time>
      </trkpt>
      <trkpt lat="45.58421" lon="24.76797">
        <ele>1597.94</ele>
        <time>2023-10-07T13:43:32Z</time>
      </trkpt>
      <trkpt lat="45.58421" lon="24.76797">
        <ele>1597.94</ele>
        <time>2023-10-07T13:43:37Z</time>
      </trkpt>
      <trkpt lat="45.58421" lon="24.76798">
        <ele>1597.71</ele>
        <time>2023-10-07T13:43:42Z</time>
      </trkpt>
      <trkpt lat="45.58419" lon="24.76796">
        <ele>1599.65</ele>
        <time>2023-10-07T13:43:46Z</time>
      </trkpt>
      <trkpt lat="45.58418" lon="24.76794">
        <ele>1600.74</ele>
        <time>2023-10-07T13:43:52Z</time>
      </trkpt>
      <trkpt lat="45.58417" lon="24.76793">
        <ele>1601.58</ele>
        <time>2023-10-07T13:43:55Z</time>
      </trkpt>
      <trkpt lat="45.58416" lon="24.76792">
        <ele>1601.91</ele>
        <time>2023-10-07T13:43:59Z</time>
      </trkpt>
      <trkpt lat="45.58416" lon="24.76792">
        <ele>1601.91</ele>
        <time>2023-10-07T13:44:16Z</time>
      </trkpt>
      <trkpt lat="45.58416" lon="24.76792">
        <ele>1601.91</ele>
        <time>2023-10-07T13:44:24Z</time>
      </trkpt>
      <trkpt lat="45.58416" lon="24.76792">
        <ele>1601.91</ele>
        <time>2023-10-07T13:44:28Z</time>
      </trkpt>
      <trkpt lat="45.5842" lon="24.76793">
        <ele>1599.56</ele>
        <time>2023-10-07T13:44:32Z</time>
      </trkpt>
      <trkpt lat="45.58423" lon="24.76792">
        <ele>1597.8</ele>
        <time>2023-10-07T13:44:36Z</time>
      </trkpt>
      <trkpt lat="45.58425" lon="24.76792">
        <ele>1596.49</ele>
        <time>2023-10-07T13:44:38Z</time>
      </trkpt>
      <trkpt lat="45.58425" lon="24.76793">
        <ele>1596.18</ele>
        <time>2023-10-07T13:44:45Z</time>
      </trkpt>
      <trkpt lat="45.58425" lon="24.76792">
        <ele>1596.49</ele>
        <time>2023-10-07T13:44:51Z</time>
      </trkpt>
      <trkpt lat="45.58425" lon="24.76792">
        <ele>1596.49</ele>
        <time>2023-10-07T13:44:53Z</time>
      </trkpt>
      <trkpt lat="45.58425" lon="24.76793">
        <ele>1596.18</ele>
        <time>2023-10-07T13:44:57Z</time>
      </trkpt>
      <trkpt lat="45.58426" lon="24.76794">
        <ele>1595.16</ele>
        <time>2023-10-07T13:44:59Z</time>
      </trkpt>
      <trkpt lat="45.58428" lon="24.76795">
        <ele>1593.39</ele>
        <time>2023-10-07T13:45:05Z</time>
      </trkpt>
      <trkpt lat="45.58427" lon="24.76796">
        <ele>1593.75</ele>
        <time>2023-10-07T13:45:13Z</time>
      </trkpt>
      <trkpt lat="45.58428" lon="24.76796">
        <ele>1593.01</ele>
        <time>2023-10-07T13:45:22Z</time>
      </trkpt>
      <trkpt lat="45.58428" lon="24.76797">
        <ele>1592.63</ele>
        <time>2023-10-07T13:45:27Z</time>
      </trkpt>
      <trkpt lat="45.58432" lon="24.76804">
        <ele>1586.37</ele>
        <time>2023-10-07T13:45:42Z</time>
      </trkpt>
      <trkpt lat="45.58432" lon="24.76804">
        <ele>1586.37</ele>
        <time>2023-10-07T13:45:49Z</time>
      </trkpt>
      <trkpt lat="45.58433" lon="24.76805">
        <ele>1584.98</ele>
        <time>2023-10-07T13:45:57Z</time>
      </trkpt>
      <trkpt lat="45.58434" lon="24.76807">
        <ele>1582.72</ele>
        <time>2023-10-07T13:46:05Z</time>
      </trkpt>
      <trkpt lat="45.58434" lon="24.76808">
        <ele>1581.98</ele>
        <time>2023-10-07T13:46:07Z</time>
      </trkpt>
      <trkpt lat="45.58435" lon="24.76809">
        <ele>1580.32</ele>
        <time>2023-10-07T13:46:10Z</time>
      </trkpt>
      <trkpt lat="45.58435" lon="24.7681">
        <ele>1579.59</ele>
        <time>2023-10-07T13:46:12Z</time>
      </trkpt>
      <trkpt lat="45.58436" lon="24.76812">
        <ele>1577.19</ele>
        <time>2023-10-07T13:46:16Z</time>
      </trkpt>
      <trkpt lat="45.58436" lon="24.76812">
        <ele>1577.19</ele>
        <time>2023-10-07T13:46:17Z</time>
      </trkpt>
      <trkpt lat="45.58436" lon="24.76813">
        <ele>1576.46</ele>
        <time>2023-10-07T13:46:24Z</time>
      </trkpt>
      <trkpt lat="45.58434" lon="24.7682">
        <ele>1573.18</ele>
        <time>2023-10-07T13:46:42Z</time>
      </trkpt>
      <trkpt lat="45.58434" lon="24.76821">
        <ele>1572.45</ele>
        <time>2023-10-07T13:46:46Z</time>
      </trkpt>
      <trkpt lat="45.58434" lon="24.76822">
        <ele>1571.71</ele>
        <time>2023-10-07T13:46:54Z</time>
      </trkpt>
      <trkpt lat="45.58433" lon="24.76822">
        <ele>1572.63</ele>
        <time>2023-10-07T13:47:00Z</time>
      </trkpt>
      <trkpt lat="45.58433" lon="24.76822">
        <ele>1572.63</ele>
        <time>2023-10-07T13:47:04Z</time>
      </trkpt>
      <trkpt lat="45.58433" lon="24.76827">
        <ele>1568.95</ele>
        <time>2023-10-07T13:47:14Z</time>
      </trkpt>
      <trkpt lat="45.58432" lon="24.76827">
        <ele>1569.86</ele>
        <time>2023-10-07T13:47:16Z</time>
      </trkpt>
      <trkpt lat="45.58432" lon="24.76828">
        <ele>1569.13</ele>
        <time>2023-10-07T13:47:20Z</time>
      </trkpt>
      <trkpt lat="45.5843" lon="24.76829">
        <ele>1570.2</ele>
        <time>2023-10-07T13:47:28Z</time>
      </trkpt>
      <trkpt lat="45.5843" lon="24.76829">
        <ele>1570.2</ele>
        <time>2023-10-07T13:47:34Z</time>
      </trkpt>
      <trkpt lat="45.58429" lon="24.76829">
        <ele>1571.11</ele>
        <time>2023-10-07T13:47:39Z</time>
      </trkpt>
      <trkpt lat="45.5843" lon="24.7683">
        <ele>1569.46</ele>
        <time>2023-10-07T13:47:46Z</time>
      </trkpt>
      <trkpt lat="45.58435" lon="24.76835">
        <ele>1561.06</ele>
        <time>2023-10-07T13:48:07Z</time>
      </trkpt>
      <trkpt lat="45.58436" lon="24.76836">
        <ele>1559.32</ele>
        <time>2023-10-07T13:48:19Z</time>
      </trkpt>
      <trkpt lat="45.58436" lon="24.76836">
        <ele>1559.32</ele>
        <time>2023-10-07T13:48:20Z</time>
      </trkpt>
      <trkpt lat="45.58436" lon="24.76836">
        <ele>1559.32</ele>
        <time>2023-10-07T13:48:21Z</time>
      </trkpt>
      <trkpt lat="45.58436" lon="24.76836">
        <ele>1559.32</ele>
        <time>2023-10-07T13:48:27Z</time>
      </trkpt>
      <trkpt lat="45.58436" lon="24.76836">
        <ele>1559.32</ele>
        <time>2023-10-07T13:48:32Z</time>
      </trkpt>
      <trkpt lat="45.58436" lon="24.76836">
        <ele>1559.32</ele>
        <time>2023-10-07T13:48:41Z</time>
      </trkpt>
      <trkpt lat="45.58436" lon="24.76836">
        <ele>1559.32</ele>
        <time>2023-10-07T13:48:42Z</time>
      </trkpt>
      <trkpt lat="45.58436" lon="24.76836">
        <ele>1559.32</ele>
        <time>2023-10-07T13:48:47Z</time>
      </trkpt>
      <trkpt lat="45.58436" lon="24.76836">
        <ele>1559.32</ele>
        <time>2023-10-07T13:48:49Z</time>
      </trkpt>
      <trkpt lat="45.58436" lon="24.76837">
        <ele>1558.47</ele>
        <time>2023-10-07T13:48:53Z</time>
      </trkpt>
      <trkpt lat="45.58436" lon="24.76837">
        <ele>1558.47</ele>
        <time>2023-10-07T13:48:57Z</time>
      </trkpt>
      <trkpt lat="45.58436" lon="24.76837">
        <ele>1558.47</ele>
        <time>2023-10-07T13:49:00Z</time>
      </trkpt>
      <trkpt lat="45.58436" lon="24.76837">
        <ele>1558.47</ele>
        <time>2023-10-07T13:49:07Z</time>
      </trkpt>
      <trkpt lat="45.58436" lon="24.76838">
        <ele>1557.61</ele>
        <time>2023-10-07T13:49:18Z</time>
      </trkpt>
      <trkpt lat="45.58436" lon="24.76839">
        <ele>1556.76</ele>
        <time>2023-10-07T13:49:26Z</time>
      </trkpt>
      <trkpt lat="45.58436" lon="24.76839">
        <ele>1556.76</ele>
        <time>2023-10-07T13:49:35Z</time>
      </trkpt>
      <trkpt lat="45.58436" lon="24.7684">
        <ele>1555.9</ele>
        <time>2023-10-07T13:49:41Z</time>
      </trkpt>
      <trkpt lat="45.58436" lon="24.7684">
        <ele>1555.9</ele>
        <time>2023-10-07T13:49:48Z</time>
      </trkpt>
      <trkpt lat="45.58435" lon="24.76841">
        <ele>1555.86</ele>
        <time>2023-10-07T13:50:11Z</time>
      </trkpt>
      <trkpt lat="45.58436" lon="24.76842">
        <ele>1554.19</ele>
        <time>2023-10-07T13:50:21Z</time>
      </trkpt>
      <trkpt lat="45.58436" lon="24.76842">
        <ele>1554.19</ele>
        <time>2023-10-07T13:50:24Z</time>
      </trkpt>
      <trkpt lat="45.58436" lon="24.76843">
        <ele>1553.34</ele>
        <time>2023-10-07T13:50:30Z</time>
      </trkpt>
      <trkpt lat="45.58436" lon="24.76843">
        <ele>1553.34</ele>
        <time>2023-10-07T13:50:32Z</time>
      </trkpt>
      <trkpt lat="45.58436" lon="24.76843">
        <ele>1553.34</ele>
        <time>2023-10-07T13:50:37Z</time>
      </trkpt>
      <trkpt lat="45.58435" lon="24.76844">
        <ele>1553.26</ele>
        <time>2023-10-07T13:50:46Z</time>
      </trkpt>
      <trkpt lat="45.58435" lon="24.76844">
        <ele>1553.26</ele>
        <time>2023-10-07T13:50:52Z</time>
      </trkpt>
      <trkpt lat="45.58435" lon="24.76845">
        <ele>1552.39</ele>
        <time>2023-10-07T13:51:03Z</time>
      </trkpt>
      <trkpt lat="45.58435" lon="24.76846">
        <ele>1551.53</ele>
        <time>2023-10-07T13:51:09Z</time>
      </trkpt>
      <trkpt lat="45.58435" lon="24.76847">
        <ele>1550.66</ele>
        <time>2023-10-07T13:51:28Z</time>
      </trkpt>
      <trkpt lat="45.58435" lon="24.76848">
        <ele>1549.8</ele>
        <time>2023-10-07T13:51:39Z</time>
      </trkpt>
      <trkpt lat="45.58435" lon="24.76849">
        <ele>1548.93</ele>
        <time>2023-10-07T13:51:46Z</time>
      </trkpt>
      <trkpt lat="45.58435" lon="24.76852">
        <ele>1546.33</ele>
        <time>2023-10-07T13:52:22Z</time>
      </trkpt>
      <trkpt lat="45.58435" lon="24.76853">
        <ele>1545.47</ele>
        <time>2023-10-07T13:52:32Z</time>
      </trkpt>
      <trkpt lat="45.58435" lon="24.76853">
        <ele>1545.47</ele>
        <time>2023-10-07T13:52:34Z</time>
      </trkpt>
      <trkpt lat="45.58435" lon="24.76853">
        <ele>1545.47</ele>
        <time>2023-10-07T13:52:36Z</time>
      </trkpt>
      <trkpt lat="45.58435" lon="24.76853">
        <ele>1545.47</ele>
        <time>2023-10-07T13:52:40Z</time>
      </trkpt>
      <trkpt lat="45.58439" lon="24.76871">
        <ele>1528.81</ele>
        <time>2023-10-07T13:52:44Z</time>
      </trkpt>
      <trkpt lat="45.58443" lon="24.76889">
        <ele>1514.37</ele>
        <time>2023-10-07T13:52:47Z</time>
      </trkpt>
      <trkpt lat="45.5845" lon="24.76911">
        <ele>1502.99</ele>
        <time>2023-10-07T13:52:53Z</time>
      </trkpt>
      <trkpt lat="45.58451" lon="24.76911">
        <ele>1502.59</ele>
        <time>2023-10-07T13:52:54Z</time>
      </trkpt>
      <trkpt lat="45.58455" lon="24.76906">
        <ele>1501.85</ele>
        <time>2023-10-07T13:53:00Z</time>
      </trkpt>
      <trkpt lat="45.58458" lon="24.76906">
        <ele>1500.32</ele>
        <time>2023-10-07T13:53:06Z</time>
      </trkpt>
      <trkpt lat="45.58458" lon="24.76906">
        <ele>1500.32</ele>
        <time>2023-10-07T13:53:07Z</time>
      </trkpt>
      <trkpt lat="45.58461" lon="24.76906">
        <ele>1498.79</ele>
        <time>2023-10-07T13:53:11Z</time>
      </trkpt>
      <trkpt lat="45.58463" lon="24.76905">
        <ele>1497.79</ele>
        <time>2023-10-07T13:53:13Z</time>
      </trkpt>
      <trkpt lat="45.58463" lon="24.76904">
        <ele>1497.8</ele>
        <time>2023-10-07T13:53:14Z</time>
      </trkpt>
      <trkpt lat="45.58463" lon="24.76905">
        <ele>1497.79</ele>
        <time>2023-10-07T13:53:18Z</time>
      </trkpt>
      <trkpt lat="45.58464" lon="24.76903">
        <ele>1497.24</ele>
        <time>2023-10-07T13:53:21Z</time>
      </trkpt>
      <trkpt lat="45.58468" lon="24.76904">
        <ele>1495.04</ele>
        <time>2023-10-07T13:53:26Z</time>
      </trkpt>
      <trkpt lat="45.58473" lon="24.76907">
        <ele>1492.88</ele>
        <time>2023-10-07T13:53:28Z</time>
      </trkpt>
      <trkpt lat="45.58474" lon="24.76908">
        <ele>1492.56</ele>
        <time>2023-10-07T13:53:31Z</time>
      </trkpt>
      <trkpt lat="45.58476" lon="24.76909">
        <ele>1491.73</ele>
        <time>2023-10-07T13:53:35Z</time>
      </trkpt>
      <trkpt lat="45.58477" lon="24.76909">
        <ele>1491.23</ele>
        <time>2023-10-07T13:53:36Z</time>
      </trkpt>
      <trkpt lat="45.58479" lon="24.76908">
        <ele>1490.08</ele>
        <time>2023-10-07T13:53:43Z</time>
      </trkpt>
      <trkpt lat="45.58482" lon="24.7691">
        <ele>1488.86</ele>
        <time>2023-10-07T13:53:48Z</time>
      </trkpt>
      <trkpt lat="45.58481" lon="24.76911">
        <ele>1489.5</ele>
        <time>2023-10-07T13:53:52Z</time>
      </trkpt>
      <trkpt lat="45.58482" lon="24.76912">
        <ele>1489.12</ele>
        <time>2023-10-07T13:53:53Z</time>
      </trkpt>
      <trkpt lat="45.58483" lon="24.76913">
        <ele>1488.72</ele>
        <time>2023-10-07T13:53:59Z</time>
      </trkpt>
      <trkpt lat="45.58483" lon="24.76913">
        <ele>1488.72</ele>
        <time>2023-10-07T13:54:01Z</time>
      </trkpt>
      <trkpt lat="45.58485" lon="24.76912">
        <ele>1487.57</ele>
        <time>2023-10-07T13:54:06Z</time>
      </trkpt>
      <trkpt lat="45.58486" lon="24.76911">
        <ele>1486.94</ele>
        <time>2023-10-07T13:54:13Z</time>
      </trkpt>
      <trkpt lat="45.58488" lon="24.76911">
        <ele>1485.92</ele>
        <time>2023-10-07T13:54:17Z</time>
      </trkpt>
      <trkpt lat="45.5849" lon="24.76912">
        <ele>1484.99</ele>
        <time>2023-10-07T13:54:22Z</time>
      </trkpt>
      <trkpt lat="45.58491" lon="24.76912">
        <ele>1484.47</ele>
        <time>2023-10-07T13:54:24Z</time>
      </trkpt>
      <trkpt lat="45.58491" lon="24.76911">
        <ele>1484.39</ele>
        <time>2023-10-07T13:54:28Z</time>
      </trkpt>
      <trkpt lat="45.58493" lon="24.76909">
        <ele>1483.23</ele>
        <time>2023-10-07T13:54:32Z</time>
      </trkpt>
      <trkpt lat="45.58494" lon="24.76909">
        <ele>1482.73</ele>
        <time>2023-10-07T13:54:33Z</time>
      </trkpt>
      <trkpt lat="45.58497" lon="24.76906">
        <ele>1481.07</ele>
        <time>2023-10-07T13:54:39Z</time>
      </trkpt>
      <trkpt lat="45.58497" lon="24.76905">
        <ele>1481.02</ele>
        <time>2023-10-07T13:54:40Z</time>
      </trkpt>
      <trkpt lat="45.58499" lon="24.76902">
        <ele>1479.94</ele>
        <time>2023-10-07T13:54:45Z</time>
      </trkpt>
      <trkpt lat="45.58499" lon="24.76901">
        <ele>1479.89</ele>
        <time>2023-10-07T13:54:47Z</time>
      </trkpt>
      <trkpt lat="45.585" lon="24.76899">
        <ele>1479.36</ele>
        <time>2023-10-07T13:54:51Z</time>
      </trkpt>
      <trkpt lat="45.58502" lon="24.76899">
        <ele>1478.96</ele>
        <time>2023-10-07T13:54:55Z</time>
      </trkpt>
      <trkpt lat="45.58503" lon="24.76899">
        <ele>1478.75</ele>
        <time>2023-10-07T13:54:57Z</time>
      </trkpt>
      <trkpt lat="45.58505" lon="24.76898">
        <ele>1478.38</ele>
        <time>2023-10-07T13:55:00Z</time>
      </trkpt>
      <trkpt lat="45.58506" lon="24.76897">
        <ele>1478.23</ele>
        <time>2023-10-07T13:55:01Z</time>
      </trkpt>
      <trkpt lat="45.58507" lon="24.76898">
        <ele>1478.0</ele>
        <time>2023-10-07T13:55:07Z</time>
      </trkpt>
      <trkpt lat="45.58508" lon="24.76896">
        <ele>1477.94</ele>
        <time>2023-10-07T13:55:12Z</time>
      </trkpt>
      <trkpt lat="45.58508" lon="24.76895">
        <ele>1478.01</ele>
        <time>2023-10-07T13:55:14Z</time>
      </trkpt>
      <trkpt lat="45.58509" lon="24.76896">
        <ele>1477.78</ele>
        <time>2023-10-07T13:55:19Z</time>
      </trkpt>
      <trkpt lat="45.58508" lon="24.76896">
        <ele>1477.94</ele>
        <time>2023-10-07T13:55:29Z</time>
      </trkpt>
      <trkpt lat="45.58509" lon="24.76896">
        <ele>1477.78</ele>
        <time>2023-10-07T13:55:33Z</time>
      </trkpt>
      <trkpt lat="45.58509" lon="24.76896">
        <ele>1477.78</ele>
        <time>2023-10-07T13:55:35Z</time>
      </trkpt>
      <trkpt lat="45.58512" lon="24.76893">
        <ele>1477.64</ele>
        <time>2023-10-07T13:55:50Z</time>
      </trkpt>
      <trkpt lat="45.58513" lon="24.76891">
        <ele>1477.78</ele>
        <time>2023-10-07T13:55:53Z</time>
      </trkpt>
      <trkpt lat="45.58514" lon="24.76888">
        <ele>1478.29</ele>
        <time>2023-10-07T13:55:58Z</time>
      </trkpt>
      <trkpt lat="45.58514" lon="24.76887">
        <ele>1478.64</ele>
        <time>2023-10-07T13:55:59Z</time>
      </trkpt>
      <trkpt lat="45.58514" lon="24.76886">
        <ele>1478.98</ele>
        <time>2023-10-07T13:56:01Z</time>
      </trkpt>
      <trkpt lat="45.58517" lon="24.76884">
        <ele>1479.27</ele>
        <time>2023-10-07T13:56:05Z</time>
      </trkpt>
      <trkpt lat="45.58518" lon="24.76884">
        <ele>1479.14</ele>
        <time>2023-10-07T13:56:08Z</time>
      </trkpt>
      <trkpt lat="45.5852" lon="24.76884">
        <ele>1478.88</ele>
        <time>2023-10-07T13:56:10Z</time>
      </trkpt>
      <trkpt lat="45.58522" lon="24.76884">
        <ele>1478.63</ele>
        <time>2023-10-07T13:56:15Z</time>
      </trkpt>
      <trkpt lat="45.58525" lon="24.7689">
        <ele>1476.88</ele>
        <time>2023-10-07T13:56:30Z</time>
      </trkpt>
      <trkpt lat="45.58525" lon="24.76891">
        <ele>1476.59</ele>
        <time>2023-10-07T13:56:35Z</time>
      </trkpt>
      <trkpt lat="45.58525" lon="24.76891">
        <ele>1476.59</ele>
        <time>2023-10-07T13:56:40Z</time>
      </trkpt>
      <trkpt lat="45.58526" lon="24.76893">
        <ele>1475.89</ele>
        <time>2023-10-07T13:56:46Z</time>
      </trkpt>
      <trkpt lat="45.58526" lon="24.76894">
        <ele>1475.59</ele>
        <time>2023-10-07T13:56:48Z</time>
      </trkpt>
      <trkpt lat="45.58526" lon="24.76898">
        <ele>1474.39</ele>
        <time>2023-10-07T13:56:58Z</time>
      </trkpt>
      <trkpt lat="45.58527" lon="24.76901">
        <ele>1473.25</ele>
        <time>2023-10-07T13:57:08Z</time>
      </trkpt>
      <trkpt lat="45.58529" lon="24.76902">
        <ele>1472.35</ele>
        <time>2023-10-07T13:57:10Z</time>
      </trkpt>
      <trkpt lat="45.5853" lon="24.76902">
        <ele>1472.02</ele>
        <time>2023-10-07T13:57:13Z</time>
      </trkpt>
      <trkpt lat="45.58531" lon="24.76903">
        <ele>1471.32</ele>
        <time>2023-10-07T13:57:15Z</time>
      </trkpt>
      <trkpt lat="45.5853" lon="24.76906">
        <ele>1470.59</ele>
        <time>2023-10-07T13:57:22Z</time>
      </trkpt>
      <trkpt lat="45.58531" lon="24.76906">
        <ele>1470.21</ele>
        <time>2023-10-07T13:57:33Z</time>
      </trkpt>
      <trkpt lat="45.58532" lon="24.76906">
        <ele>1469.82</ele>
        <time>2023-10-07T13:57:34Z</time>
      </trkpt>
      <trkpt lat="45.58532" lon="24.76906">
        <ele>1469.82</ele>
        <time>2023-10-07T13:57:38Z</time>
      </trkpt>
      <trkpt lat="45.58534" lon="24.76905">
        <ele>1469.45</ele>
        <time>2023-10-07T13:57:45Z</time>
      </trkpt>
      <trkpt lat="45.58535" lon="24.76905">
        <ele>1469.08</ele>
        <time>2023-10-07T13:57:47Z</time>
      </trkpt>
      <trkpt lat="45.58536" lon="24.76904">
        <ele>1469.15</ele>
        <time>2023-10-07T13:57:49Z</time>
      </trkpt>
      <trkpt lat="45.58537" lon="24.76904">
        <ele>1468.79</ele>
        <time>2023-10-07T13:57:51Z</time>
      </trkpt>
      <trkpt lat="45.58539" lon="24.76902">
        <ele>1469.04</ele>
        <time>2023-10-07T13:57:56Z</time>
      </trkpt>
      <trkpt lat="45.58542" lon="24.76899">
        <ele>1469.63</ele>
        <time>2023-10-07T13:57:59Z</time>
      </trkpt>
      <trkpt lat="45.58543" lon="24.76899">
        <ele>1469.34</ele>
        <time>2023-10-07T13:58:00Z</time>
      </trkpt>
      <trkpt lat="45.58546" lon="24.76895">
        <ele>1470.81</ele>
        <time>2023-10-07T13:58:03Z</time>
      </trkpt>
      <trkpt lat="45.5855" lon="24.76896">
        <ele>1469.24</ele>
        <time>2023-10-07T13:58:05Z</time>
      </trkpt>
      <trkpt lat="45.58552" lon="24.76897">
        <ele>1468.08</ele>
        <time>2023-10-07T13:58:07Z</time>
      </trkpt>
      <trkpt lat="45.58556" lon="24.76898">
        <ele>1465.99</ele>
        <time>2023-10-07T13:58:11Z</time>
      </trkpt>
      <trkpt lat="45.58556" lon="24.76898">
        <ele>1465.99</ele>
        <time>2023-10-07T13:58:12Z</time>
      </trkpt>
      <trkpt lat="45.58557" lon="24.76898">
        <ele>1464.98</ele>
        <time>2023-10-07T13:58:16Z</time>
      </trkpt>
      <trkpt lat="45.58557" lon="24.76898">
        <ele>1464.98</ele>
        <time>2023-10-07T13:58:17Z</time>
      </trkpt>
      <trkpt lat="45.58558" lon="24.76897">
        <ele>1464.63</ele>
        <time>2023-10-07T13:58:20Z</time>
      </trkpt>
    </trkseg>
    <trkseg>
      <trkpt lat="45.58558" lon="24.76896">
        <ele>1465.29</ele>
        <time>2023-10-07T13:58:21Z</time>
      </trkpt>
      <trkpt lat="45.5856" lon="24.76896">
        <ele>1463.18</ele>
        <time>2023-10-07T13:58:25Z</time>
      </trkpt>
      <trkpt lat="45.58563" lon="24.76895">
        <ele>1460.55</ele>
        <time>2023-10-07T13:58:29Z</time>
      </trkpt>
      <trkpt lat="45.58563" lon="24.76895">
        <ele>1460.55</ele>
        <time>2023-10-07T13:58:30Z</time>
      </trkpt>
      <trkpt lat="45.58565" lon="24.76894">
        <ele>1458.89</ele>
        <time>2023-10-07T13:58:33Z</time>
      </trkpt>
      <trkpt lat="45.58566" lon="24.76895">
        <ele>1457.3</ele>
        <time>2023-10-07T13:58:36Z</time>
      </trkpt>
      <trkpt lat="45.58567" lon="24.76894">
        <ele>1456.68</ele>
        <time>2023-10-07T13:58:38Z</time>
      </trkpt>
      <trkpt lat="45.58568" lon="24.76892">
        <ele>1456.43</ele>
        <time>2023-10-07T13:58:42Z</time>
      </trkpt>
      <trkpt lat="45.58568" lon="24.76893">
        <ele>1456.0</ele>
        <time>2023-10-07T13:58:43Z</time>
      </trkpt>
      <trkpt lat="45.58568" lon="24.76893">
        <ele>1456.0</ele>
        <time>2023-10-07T13:58:48Z</time>
      </trkpt>
      <trkpt lat="45.5857" lon="24.76893">
        <ele>1453.75</ele>
        <time>2023-10-07T13:58:49Z</time>
      </trkpt>
      <trkpt lat="45.58572" lon="24.76893">
        <ele>1451.49</ele>
        <time>2023-10-07T13:58:54Z</time>
      </trkpt>
      <trkpt lat="45.58573" lon="24.76893">
        <ele>1450.36</ele>
        <time>2023-10-07T13:59:00Z</time>
      </trkpt>
      <trkpt lat="45.58574" lon="24.76892">
        <ele>1449.52</ele>
        <time>2023-10-07T13:59:01Z</time>
      </trkpt>
      <trkpt lat="45.58575" lon="24.76891">
        <ele>1448.64</ele>
        <time>2023-10-07T13:59:04Z</time>
      </trkpt>
      <trkpt lat="45.58575" lon="24.76891">
        <ele>1448.64</ele>
        <time>2023-10-07T13:59:07Z</time>
      </trkpt>
      <trkpt lat="45.58576" lon="24.76891">
        <ele>1447.46</ele>
        <time>2023-10-07T13:59:08Z</time>
      </trkpt>
      <trkpt lat="45.58576" lon="24.76892">
        <ele>1447.22</ele>
        <time>2023-10-07T13:59:12Z</time>
      </trkpt>
      <trkpt lat="45.58576" lon="24.76893">
        <ele>1446.98</ele>
        <time>2023-10-07T13:59:17Z</time>
      </trkpt>
      <trkpt lat="45.58577" lon="24.76892">
        <ele>1446.07</ele>
        <time>2023-10-07T13:59:21Z</time>
      </trkpt>
      <trkpt lat="45.58577" lon="24.76892">
        <ele>1446.07</ele>
        <time>2023-10-07T13:59:22Z</time>
      </trkpt>
      <trkpt lat="45.58578" lon="24.7689">
        <ele>1445.31</ele>
        <time>2023-10-07T13:59:27Z</time>
      </trkpt>
      <trkpt lat="45.58579" lon="24.76889">
        <ele>1444.28</ele>
        <time>2023-10-07T13:59:30Z</time>
      </trkpt>
      <trkpt lat="45.58582" lon="24.76889">
        <ele>1440.62</ele>
        <time>2023-10-07T13:59:34Z</time>
      </trkpt>
      <trkpt lat="45.58583" lon="24.76889">
        <ele>1439.4</ele>
        <time>2023-10-07T13:59:35Z</time>
      </trkpt>
      <trkpt lat="45.58583" lon="24.76887">
        <ele>1440.75</ele>
        <time>2023-10-07T13:59:37Z</time>
      </trkpt>
      <trkpt lat="45.58584" lon="24.76885">
        <ele>1441.31</ele>
        <time>2023-10-07T13:59:39Z</time>
      </trkpt>
      <trkpt lat="45.58584" lon="24.76885">
        <ele>1441.31</ele>
        <time>2023-10-07T13:59:40Z</time>
      </trkpt>
      <trkpt lat="45.58585" lon="24.76884">
        <ele>1441.27</ele>
        <time>2023-10-07T13:59:45Z</time>
      </trkpt>
      <trkpt lat="45.58586" lon="24.76882">
        <ele>1441.85</ele>
        <time>2023-10-07T13:59:48Z</time>
      </trkpt>
      <trkpt lat="45.58587" lon="24.76882">
        <ele>1441.06</ele>
        <time>2023-10-07T13:59:50Z</time>
      </trkpt>
      <trkpt lat="45.58588" lon="24.76882">
        <ele>1440.27</ele>
        <time>2023-10-07T13:59:51Z</time>
      </trkpt>
      <trkpt lat="45.58589" lon="24.76881">
        <ele>1440.08</ele>
        <time>2023-10-07T13:59:54Z</time>
      </trkpt>
      <trkpt lat="45.58589" lon="24.76881">
        <ele>1440.08</ele>
        <time>2023-10-07T13:59:57Z</time>
      </trkpt>
      <trkpt lat="45.58588" lon="24.76881">
        <ele>1440.89</ele>
        <time>2023-10-07T13:59:59Z</time>
      </trkpt>
      <trkpt lat="45.58589" lon="24.76882">
        <ele>1439.48</ele>
        <time>2023-10-07T14:00:02Z</time>
      </trkpt>
      <trkpt lat="45.5859" lon="24.76881">
        <ele>1439.27</ele>
        <time>2023-10-07T14:00:04Z</time>
      </trkpt>
      <trkpt lat="45.58591" lon="24.76881">
        <ele>1438.46</ele>
        <time>2023-10-07T14:00:05Z</time>
      </trkpt>
      <trkpt lat="45.58597" lon="24.76881">
        <ele>1433.59</ele>
        <time>2023-10-07T14:00:11Z</time>
      </trkpt>
      <trkpt lat="45.58598" lon="24.7688">
        <ele>1433.19</ele>
        <time>2023-10-07T14:00:21Z</time>
      </trkpt>
      <trkpt lat="45.58599" lon="24.7688">
        <ele>1432.36</ele>
        <time>2023-10-07T14:00:22Z</time>
      </trkpt>
      <trkpt lat="45.58599" lon="24.76879">
        <ele>1432.76</ele>
        <time>2023-10-07T14:00:23Z</time>
      </trkpt>
      <trkpt lat="45.586" lon="24.76878">
        <ele>1432.28</ele>
        <time>2023-10-07T14:00:26Z</time>
      </trkpt>
      <trkpt lat="45.58603" lon="24.76878">
        <ele>1429.66</ele>
        <time>2023-10-07T14:00:31Z</time>
      </trkpt>
      <trkpt lat="45.58605" lon="24.7688">
        <ele>1427.37</ele>
        <time>2023-10-07T14:00:34Z</time>
      </trkpt>
      <trkpt lat="45.58605" lon="24.7688">
        <ele>1427.37</ele>
        <time>2023-10-07T14:00:36Z</time>
      </trkpt>
    </trkseg>
  </trk>
</gpx>
