<?xml version="1.0"?>
<gpx xmlns="http://www.topografix.com/GPX/1/1" xmlns:xsi="http://www.w3.org/2001/XMLSchema-instance" version="1.1" creator="AllTrails.com" xsi:schemaLocation="http://www.topografix.com/GPX/1/1 http://www.topografix.com/GPX/1/1/gpx.xsd">
  <metadata>
    <name><![CDATA[Nucsoara Hiking]]></name>
    <desc><![CDATA[]]></desc>
    <link href="http://www.alltrails.com">
      <text>AllTrails, LLC</text>
    </link>
    <bounds minlat="45.57775" minlon="24.73551" maxlat="45.6041" maxlon="24.77043"/>
  </metadata>
  <trk>
    <name><![CDATA[Nucsoara Hiking]]></name>
    <src>AllTrails</src>
    <trkseg>
      <trkpt lat="45.58521" lon="24.77028">
        <ele>1433.17</ele>
        <time>2024-07-06T07:00:28Z</time>
      </trkpt>
      <trkpt lat="45.58511" lon="24.77005">
        <ele>1444.96</ele>
        <time>2024-07-06T07:00:29Z</time>
      </trkpt>
      <trkpt lat="45.58526" lon="24.77023">
        <ele>1434.24</ele>
        <time>2024-07-06T07:00:31Z</time>
      </trkpt>
      <trkpt lat="45.58543" lon="24.77038">
        <ele>1429.61</ele>
        <time>2024-07-06T07:00:38Z</time>
      </trkpt>
      <trkpt lat="45.58546" lon="24.77039">
        <ele>1429.49</ele>
        <time>2024-07-06T07:00:41Z</time>
      </trkpt>
      <trkpt lat="45.58549" lon="24.77037">
        <ele>1430.11</ele>
        <time>2024-07-06T07:00:45Z</time>
      </trkpt>
      <trkpt lat="45.58545" lon="24.77033">
        <ele>1431.01</ele>
        <time>2024-07-06T07:00:47Z</time>
      </trkpt>
      <trkpt lat="45.58539" lon="24.77024">
        <ele>1433.08</ele>
        <time>2024-07-06T07:00:49Z</time>
      </trkpt>
      <trkpt lat="45.58541" lon="24.77023">
        <ele>1433.06</ele>
        <time>2024-07-06T07:00:54Z</time>
      </trkpt>
      <trkpt lat="45.58544" lon="24.77026">
        <ele>1432.58</ele>
        <time>2024-07-06T07:00:59Z</time>
      </trkpt>
      <trkpt lat="45.58549" lon="24.77034">
        <ele>1430.8</ele>
        <time>2024-07-06T07:01:03Z</time>
      </trkpt>
      <trkpt lat="45.58557" lon="24.77043">
        <ele>1429.91</ele>
        <time>2024-07-06T07:01:09Z</time>
      </trkpt>
      <trkpt lat="45.58558" lon="24.77038">
        <ele>1430.78</ele>
        <time>2024-07-06T07:01:16Z</time>
      </trkpt>
      <trkpt lat="45.58555" lon="24.77033">
        <ele>1431.06</ele>
        <time>2024-07-06T07:01:20Z</time>
      </trkpt>
      <trkpt lat="45.58555" lon="24.77033">
        <ele>1431.06</ele>
        <time>2024-07-06T07:01:21Z</time>
      </trkpt>
      <trkpt lat="45.58557" lon="24.77032">
        <ele>1431.27</ele>
        <time>2024-07-06T07:01:25Z</time>
      </trkpt>
      <trkpt lat="45.58555" lon="24.77025">
        <ele>1432.03</ele>
        <time>2024-07-06T07:01:30Z</time>
      </trkpt>
      <trkpt lat="45.58553" lon="24.77022">
        <ele>1432.21</ele>
        <time>2024-07-06T07:01:35Z</time>
      </trkpt>
      <trkpt lat="45.58552" lon="24.77019">
        <ele>1432.37</ele>
        <time>2024-07-06T07:01:37Z</time>
      </trkpt>
      <trkpt lat="45.58549" lon="24.77011">
        <ele>1433.09</ele>
        <time>2024-07-06T07:01:39Z</time>
      </trkpt>
      <trkpt lat="45.58543" lon="24.77002">
        <ele>1434.97</ele>
        <time>2024-07-06T07:01:42Z</time>
      </trkpt>
      <trkpt lat="45.58542" lon="24.76998">
        <ele>1435.74</ele>
        <time>2024-07-06T07:01:44Z</time>
      </trkpt>
      <trkpt lat="45.58541" lon="24.76994">
        <ele>1436.62</ele>
        <time>2024-07-06T07:01:46Z</time>
      </trkpt>
      <trkpt lat="45.58543" lon="24.76993">
        <ele>1436.33</ele>
        <time>2024-07-06T07:01:48Z</time>
      </trkpt>
      <trkpt lat="45.58544" lon="24.76992">
        <ele>1436.28</ele>
        <time>2024-07-06T07:01:50Z</time>
      </trkpt>
      <trkpt lat="45.58548" lon="24.76989">
        <ele>1435.96</ele>
        <time>2024-07-06T07:01:55Z</time>
      </trkpt>
      <trkpt lat="45.5855" lon="24.76987">
        <ele>1435.93</ele>
        <time>2024-07-06T07:01:57Z</time>
      </trkpt>
      <trkpt lat="45.58551" lon="24.76986">
        <ele>1435.92</ele>
        <time>2024-07-06T07:01:58Z</time>
      </trkpt>
      <trkpt lat="45.5855" lon="24.76984">
        <ele>1436.51</ele>
        <time>2024-07-06T07:02:00Z</time>
      </trkpt>
      <trkpt lat="45.5855" lon="24.76983">
        <ele>1436.7</ele>
        <time>2024-07-06T07:02:01Z</time>
      </trkpt>
      <trkpt lat="45.58551" lon="24.76981">
        <ele>1436.92</ele>
        <time>2024-07-06T07:02:04Z</time>
      </trkpt>
      <trkpt lat="45.58551" lon="24.76981">
        <ele>1436.92</ele>
        <time>2024-07-06T07:02:05Z</time>
      </trkpt>
      <trkpt lat="45.58551" lon="24.7698">
        <ele>1437.11</ele>
        <time>2024-07-06T07:02:07Z</time>
      </trkpt>
      <trkpt lat="45.58551" lon="24.76977">
        <ele>1437.71</ele>
        <time>2024-07-06T07:02:09Z</time>
      </trkpt>
      <trkpt lat="45.58551" lon="24.76977">
        <ele>1437.71</ele>
        <time>2024-07-06T07:02:10Z</time>
      </trkpt>
      <trkpt lat="45.58552" lon="24.76976">
        <ele>1437.75</ele>
        <time>2024-07-06T07:02:11Z</time>
      </trkpt>
      <trkpt lat="45.5855" lon="24.76968">
        <ele>1438.62</ele>
        <time>2024-07-06T07:02:14Z</time>
      </trkpt>
      <trkpt lat="45.58551" lon="24.76968">
        <ele>1438.34</ele>
        <time>2024-07-06T07:02:15Z</time>
      </trkpt>
      <trkpt lat="45.58551" lon="24.76961">
        <ele>1437.82</ele>
        <time>2024-07-06T07:02:19Z</time>
      </trkpt>
      <trkpt lat="45.58554" lon="24.76957">
        <ele>1435.67</ele>
        <time>2024-07-06T07:02:23Z</time>
      </trkpt>
      <trkpt lat="45.58559" lon="24.76959">
        <ele>1434.76</ele>
        <time>2024-07-06T07:02:26Z</time>
      </trkpt>
      <trkpt lat="45.58562" lon="24.7696">
        <ele>1434.61</ele>
        <time>2024-07-06T07:02:27Z</time>
      </trkpt>
      <trkpt lat="45.58566" lon="24.7696">
        <ele>1434.14</ele>
        <time>2024-07-06T07:02:30Z</time>
      </trkpt>
      <trkpt lat="45.58569" lon="24.76958">
        <ele>1433.5</ele>
        <time>2024-07-06T07:02:33Z</time>
      </trkpt>
      <trkpt lat="45.58575" lon="24.76959">
        <ele>1432.98</ele>
        <time>2024-07-06T07:02:37Z</time>
      </trkpt>
      <trkpt lat="45.58576" lon="24.76957">
        <ele>1432.65</ele>
        <time>2024-07-06T07:02:39Z</time>
      </trkpt>
      <trkpt lat="45.58579" lon="24.76953">
        <ele>1431.96</ele>
        <time>2024-07-06T07:02:43Z</time>
      </trkpt>
      <trkpt lat="45.58581" lon="24.76953">
        <ele>1431.8</ele>
        <time>2024-07-06T07:02:44Z</time>
      </trkpt>
      <trkpt lat="45.58584" lon="24.76952">
        <ele>1431.53</ele>
        <time>2024-07-06T07:02:48Z</time>
      </trkpt>
      <trkpt lat="45.58584" lon="24.7695">
        <ele>1431.37</ele>
        <time>2024-07-06T07:02:49Z</time>
      </trkpt>
      <trkpt lat="45.58587" lon="24.76948">
        <ele>1430.95</ele>
        <time>2024-07-06T07:02:52Z</time>
      </trkpt>
      <trkpt lat="45.58589" lon="24.76947">
        <ele>1430.61</ele>
        <time>2024-07-06T07:02:54Z</time>
      </trkpt>
      <trkpt lat="45.58589" lon="24.76944">
        <ele>1430.19</ele>
        <time>2024-07-06T07:02:58Z</time>
      </trkpt>
      <trkpt lat="45.58589" lon="24.76941">
        <ele>1430.24</ele>
        <time>2024-07-06T07:03:00Z</time>
      </trkpt>
      <trkpt lat="45.5859" lon="24.76938">
        <ele>1430.2</ele>
        <time>2024-07-06T07:03:03Z</time>
      </trkpt>
      <trkpt lat="45.58591" lon="24.76936">
        <ele>1430.18</ele>
        <time>2024-07-06T07:03:05Z</time>
      </trkpt>
      <trkpt lat="45.58591" lon="24.76934">
        <ele>1430.25</ele>
        <time>2024-07-06T07:03:06Z</time>
      </trkpt>
      <trkpt lat="45.58592" lon="24.76932">
        <ele>1430.28</ele>
        <time>2024-07-06T07:03:07Z</time>
      </trkpt>
      <trkpt lat="45.58592" lon="24.76931">
        <ele>1430.33</ele>
        <time>2024-07-06T07:03:08Z</time>
      </trkpt>
      <trkpt lat="45.58594" lon="24.7693">
        <ele>1430.34</ele>
        <time>2024-07-06T07:03:10Z</time>
      </trkpt>
      <trkpt lat="45.58595" lon="24.7693">
        <ele>1430.33</ele>
        <time>2024-07-06T07:03:11Z</time>
      </trkpt>
      <trkpt lat="45.58597" lon="24.76929">
        <ele>1430.39</ele>
        <time>2024-07-06T07:03:13Z</time>
      </trkpt>
      <trkpt lat="45.58599" lon="24.76925">
        <ele>1430.81</ele>
        <time>2024-07-06T07:03:15Z</time>
      </trkpt>
      <trkpt lat="45.58599" lon="24.76922">
        <ele>1431.13</ele>
        <time>2024-07-06T07:03:17Z</time>
      </trkpt>
      <trkpt lat="45.58601" lon="24.76921">
        <ele>1431.37</ele>
        <time>2024-07-06T07:03:18Z</time>
      </trkpt>
      <trkpt lat="45.58601" lon="24.76918">
        <ele>1431.74</ele>
        <time>2024-07-06T07:03:20Z</time>
      </trkpt>
      <trkpt lat="45.58601" lon="24.76915">
        <ele>1432.2</ele>
        <time>2024-07-06T07:03:22Z</time>
      </trkpt>
      <trkpt lat="45.58603" lon="24.76915">
        <ele>1432.34</ele>
        <time>2024-07-06T07:03:24Z</time>
      </trkpt>
      <trkpt lat="45.58604" lon="24.76915">
        <ele>1432.42</ele>
        <time>2024-07-06T07:03:25Z</time>
      </trkpt>
      <trkpt lat="45.58605" lon="24.76913">
        <ele>1432.67</ele>
        <time>2024-07-06T07:03:26Z</time>
      </trkpt>
      <trkpt lat="45.58605" lon="24.76908">
        <ele>1433.13</ele>
        <time>2024-07-06T07:03:29Z</time>
      </trkpt>
      <trkpt lat="45.58606" lon="24.76908">
        <ele>1433.05</ele>
        <time>2024-07-06T07:03:30Z</time>
      </trkpt>
      <trkpt lat="45.58606" lon="24.76906">
        <ele>1433.19</ele>
        <time>2024-07-06T07:03:32Z</time>
      </trkpt>
      <trkpt lat="45.58605" lon="24.76905">
        <ele>1433.4</ele>
        <time>2024-07-06T07:03:33Z</time>
      </trkpt>
      <trkpt lat="45.58603" lon="24.76902">
        <ele>1434.06</ele>
        <time>2024-07-06T07:03:40Z</time>
      </trkpt>
      <trkpt lat="45.58599" lon="24.76896">
        <ele>1436.14</ele>
        <time>2024-07-06T07:03:42Z</time>
      </trkpt>
      <trkpt lat="45.58599" lon="24.76897">
        <ele>1435.92</ele>
        <time>2024-07-06T07:03:43Z</time>
      </trkpt>
      <trkpt lat="45.58601" lon="24.76898">
        <ele>1435.15</ele>
        <time>2024-07-06T07:03:44Z</time>
      </trkpt>
      <trkpt lat="45.58601" lon="24.76896">
        <ele>1435.5</ele>
        <time>2024-07-06T07:03:47Z</time>
      </trkpt>
      <trkpt lat="45.586" lon="24.76895">
        <ele>1436.01</ele>
        <time>2024-07-06T07:03:48Z</time>
      </trkpt>
      <trkpt lat="45.58603" lon="24.76891">
        <ele>1435.52</ele>
        <time>2024-07-06T07:03:53Z</time>
      </trkpt>
      <trkpt lat="45.58606" lon="24.7689">
        <ele>1434.31</ele>
        <time>2024-07-06T07:03:55Z</time>
      </trkpt>
      <trkpt lat="45.58607" lon="24.76889">
        <ele>1433.92</ele>
        <time>2024-07-06T07:03:56Z</time>
      </trkpt>
      <trkpt lat="45.58613" lon="24.76887">
        <ele>1430.72</ele>
        <time>2024-07-06T07:04:00Z</time>
      </trkpt>
      <trkpt lat="45.58615" lon="24.76885">
        <ele>1429.4</ele>
        <time>2024-07-06T07:04:03Z</time>
      </trkpt>
      <trkpt lat="45.58616" lon="24.76883">
        <ele>1428.44</ele>
        <time>2024-07-06T07:04:05Z</time>
      </trkpt>
      <trkpt lat="45.5862" lon="24.76882">
        <ele>1426.81</ele>
        <time>2024-07-06T07:04:11Z</time>
      </trkpt>
      <trkpt lat="45.58628" lon="24.7688">
        <ele>1423.62</ele>
        <time>2024-07-06T07:04:18Z</time>
      </trkpt>
      <trkpt lat="45.5863" lon="24.76875">
        <ele>1421.72</ele>
        <time>2024-07-06T07:04:23Z</time>
      </trkpt>
      <trkpt lat="45.5863" lon="24.76874">
        <ele>1421.47</ele>
        <time>2024-07-06T07:04:24Z</time>
      </trkpt>
      <trkpt lat="45.58631" lon="24.76873">
        <ele>1420.92</ele>
        <time>2024-07-06T07:04:25Z</time>
      </trkpt>
      <trkpt lat="45.58632" lon="24.76868">
        <ele>1419.41</ele>
        <time>2024-07-06T07:04:29Z</time>
      </trkpt>
      <trkpt lat="45.58633" lon="24.76867">
        <ele>1418.89</ele>
        <time>2024-07-06T07:04:30Z</time>
      </trkpt>
      <trkpt lat="45.58638" lon="24.76864">
        <ele>1416.86</ele>
        <time>2024-07-06T07:04:38Z</time>
      </trkpt>
      <trkpt lat="45.5864" lon="24.76862">
        <ele>1416.34</ele>
        <time>2024-07-06T07:04:44Z</time>
      </trkpt>
      <trkpt lat="45.58635" lon="24.76863">
        <ele>1417.42</ele>
        <time>2024-07-06T07:04:51Z</time>
      </trkpt>
      <trkpt lat="45.58635" lon="24.76864">
        <ele>1417.65</ele>
        <time>2024-07-06T07:04:58Z</time>
      </trkpt>
      <trkpt lat="45.58635" lon="24.76863">
        <ele>1417.42</ele>
        <time>2024-07-06T07:05:05Z</time>
      </trkpt>
      <trkpt lat="45.58635" lon="24.76863">
        <ele>1417.42</ele>
        <time>2024-07-06T07:05:06Z</time>
      </trkpt>
      <trkpt lat="45.5864" lon="24.76856">
        <ele>1416.3</ele>
        <time>2024-07-06T07:05:15Z</time>
      </trkpt>
      <trkpt lat="45.58646" lon="24.76847">
        <ele>1416.75</ele>
        <time>2024-07-06T07:05:20Z</time>
      </trkpt>
      <trkpt lat="45.58648" lon="24.76844">
        <ele>1416.72</ele>
        <time>2024-07-06T07:05:23Z</time>
      </trkpt>
      <trkpt lat="45.58649" lon="24.76842">
        <ele>1416.64</ele>
        <time>2024-07-06T07:05:25Z</time>
      </trkpt>
      <trkpt lat="45.58654" lon="24.76837">
        <ele>1416.21</ele>
        <time>2024-07-06T07:05:31Z</time>
      </trkpt>
      <trkpt lat="45.58656" lon="24.76835">
        <ele>1415.93</ele>
        <time>2024-07-06T07:05:33Z</time>
      </trkpt>
      <trkpt lat="45.58659" lon="24.76831">
        <ele>1415.51</ele>
        <time>2024-07-06T07:05:37Z</time>
      </trkpt>
      <trkpt lat="45.58665" lon="24.76827">
        <ele>1414.92</ele>
        <time>2024-07-06T07:05:44Z</time>
      </trkpt>
      <trkpt lat="45.58668" lon="24.76823">
        <ele>1414.69</ele>
        <time>2024-07-06T07:05:49Z</time>
      </trkpt>
      <trkpt lat="45.58669" lon="24.76822">
        <ele>1414.69</ele>
        <time>2024-07-06T07:05:50Z</time>
      </trkpt>
      <trkpt lat="45.5867" lon="24.76822">
        <ele>1414.73</ele>
        <time>2024-07-06T07:05:51Z</time>
      </trkpt>
      <trkpt lat="45.58672" lon="24.76819">
        <ele>1414.67</ele>
        <time>2024-07-06T07:05:55Z</time>
      </trkpt>
      <trkpt lat="45.58678" lon="24.7681">
        <ele>1414.29</ele>
        <time>2024-07-06T07:06:03Z</time>
      </trkpt>
      <trkpt lat="45.58679" lon="24.76809">
        <ele>1414.23</ele>
        <time>2024-07-06T07:06:04Z</time>
      </trkpt>
      <trkpt lat="45.58681" lon="24.76805">
        <ele>1414.04</ele>
        <time>2024-07-06T07:06:10Z</time>
      </trkpt>
      <trkpt lat="45.58681" lon="24.76804">
        <ele>1414.11</ele>
        <time>2024-07-06T07:06:12Z</time>
      </trkpt>
      <trkpt lat="45.58683" lon="24.76794">
        <ele>1414.91</ele>
        <time>2024-07-06T07:06:20Z</time>
      </trkpt>
      <trkpt lat="45.58684" lon="24.76793">
        <ele>1415.02</ele>
        <time>2024-07-06T07:06:26Z</time>
      </trkpt>
      <trkpt lat="45.58687" lon="24.76792">
        <ele>1415.2</ele>
        <time>2024-07-06T07:06:32Z</time>
      </trkpt>
      <trkpt lat="45.58687" lon="24.76792">
        <ele>1415.2</ele>
        <time>2024-07-06T07:06:39Z</time>
      </trkpt>
      <trkpt lat="45.58688" lon="24.76793">
        <ele>1415.15</ele>
        <time>2024-07-06T07:07:04Z</time>
      </trkpt>
      <trkpt lat="45.58688" lon="24.76793">
        <ele>1415.15</ele>
        <time>2024-07-06T07:07:06Z</time>
      </trkpt>
      <trkpt lat="45.58688" lon="24.76793">
        <ele>1415.15</ele>
        <time>2024-07-06T07:07:19Z</time>
      </trkpt>
      <trkpt lat="45.58687" lon="24.76792">
        <ele>1415.2</ele>
        <time>2024-07-06T07:07:25Z</time>
      </trkpt>
      <trkpt lat="45.58687" lon="24.76792">
        <ele>1415.2</ele>
        <time>2024-07-06T07:07:29Z</time>
      </trkpt>
      <trkpt lat="45.58687" lon="24.76792">
        <ele>1415.2</ele>
        <time>2024-07-06T07:07:34Z</time>
      </trkpt>
      <trkpt lat="45.58687" lon="24.76793">
        <ele>1415.11</ele>
        <time>2024-07-06T07:07:59Z</time>
      </trkpt>
      <trkpt lat="45.58686" lon="24.76793">
        <ele>1415.08</ele>
        <time>2024-07-06T07:08:04Z</time>
      </trkpt>
      <trkpt lat="45.58686" lon="24.76793">
        <ele>1415.08</ele>
        <time>2024-07-06T07:08:13Z</time>
      </trkpt>
      <trkpt lat="45.58686" lon="24.76793">
        <ele>1415.08</ele>
        <time>2024-07-06T07:08:15Z</time>
      </trkpt>
      <trkpt lat="45.58686" lon="24.76792">
        <ele>1415.17</ele>
        <time>2024-07-06T07:08:20Z</time>
      </trkpt>
      <trkpt lat="45.58687" lon="24.76792">
        <ele>1415.2</ele>
        <time>2024-07-06T07:08:49Z</time>
      </trkpt>
      <trkpt lat="45.58688" lon="24.76784">
        <ele>1415.97</ele>
        <time>2024-07-06T07:10:16Z</time>
      </trkpt>
      <trkpt lat="45.58686" lon="24.76769">
        <ele>1417.85</ele>
        <time>2024-07-06T07:10:23Z</time>
      </trkpt>
      <trkpt lat="45.58686" lon="24.76768">
        <ele>1418.01</ele>
        <time>2024-07-06T07:10:24Z</time>
      </trkpt>
      <trkpt lat="45.58688" lon="24.76764">
        <ele>1418.75</ele>
        <time>2024-07-06T07:10:27Z</time>
      </trkpt>
      <trkpt lat="45.5869" lon="24.7676">
        <ele>1419.44</ele>
        <time>2024-07-06T07:10:29Z</time>
      </trkpt>
      <trkpt lat="45.58691" lon="24.76756">
        <ele>1420.08</ele>
        <time>2024-07-06T07:10:32Z</time>
      </trkpt>
      <trkpt lat="45.58692" lon="24.76754">
        <ele>1420.4</ele>
        <time>2024-07-06T07:10:34Z</time>
      </trkpt>
      <trkpt lat="45.58693" lon="24.76752">
        <ele>1420.7</ele>
        <time>2024-07-06T07:10:36Z</time>
      </trkpt>
      <trkpt lat="45.58694" lon="24.7675">
        <ele>1421.0</ele>
        <time>2024-07-06T07:10:38Z</time>
      </trkpt>
      <trkpt lat="45.58696" lon="24.76747">
        <ele>1421.39</ele>
        <time>2024-07-06T07:10:41Z</time>
      </trkpt>
      <trkpt lat="45.587" lon="24.76741">
        <ele>1422.3</ele>
        <time>2024-07-06T07:10:48Z</time>
      </trkpt>
      <trkpt lat="45.587" lon="24.76739">
        <ele>1422.55</ele>
        <time>2024-07-06T07:10:49Z</time>
      </trkpt>
      <trkpt lat="45.58711" lon="24.76736">
        <ele>1423.71</ele>
        <time>2024-07-06T07:10:57Z</time>
      </trkpt>
      <trkpt lat="45.58713" lon="24.76732">
        <ele>1424.48</ele>
        <time>2024-07-06T07:11:00Z</time>
      </trkpt>
      <trkpt lat="45.58719" lon="24.76724">
        <ele>1426.35</ele>
        <time>2024-07-06T07:11:07Z</time>
      </trkpt>
      <trkpt lat="45.58723" lon="24.76716">
        <ele>1427.64</ele>
        <time>2024-07-06T07:11:16Z</time>
      </trkpt>
      <trkpt lat="45.58724" lon="24.76717">
        <ele>1427.83</ele>
        <time>2024-07-06T07:11:18Z</time>
      </trkpt>
      <trkpt lat="45.58728" lon="24.76718">
        <ele>1428.81</ele>
        <time>2024-07-06T07:11:25Z</time>
      </trkpt>
      <trkpt lat="45.5873" lon="24.76713">
        <ele>1429.44</ele>
        <time>2024-07-06T07:11:29Z</time>
      </trkpt>
      <trkpt lat="45.5873" lon="24.76706">
        <ele>1429.59</ele>
        <time>2024-07-06T07:11:32Z</time>
      </trkpt>
      <trkpt lat="45.58731" lon="24.76705">
        <ele>1429.79</ele>
        <time>2024-07-06T07:11:33Z</time>
      </trkpt>
      <trkpt lat="45.58732" lon="24.76704">
        <ele>1429.97</ele>
        <time>2024-07-06T07:11:34Z</time>
      </trkpt>
      <trkpt lat="45.58732" lon="24.76705">
        <ele>1429.96</ele>
        <time>2024-07-06T07:11:35Z</time>
      </trkpt>
      <trkpt lat="45.58733" lon="24.76705">
        <ele>1430.14</ele>
        <time>2024-07-06T07:11:36Z</time>
      </trkpt>
      <trkpt lat="45.58734" lon="24.76704">
        <ele>1430.31</ele>
        <time>2024-07-06T07:11:38Z</time>
      </trkpt>
      <trkpt lat="45.58735" lon="24.76702">
        <ele>1430.46</ele>
        <time>2024-07-06T07:11:39Z</time>
      </trkpt>
      <trkpt lat="45.58735" lon="24.76702">
        <ele>1430.46</ele>
        <time>2024-07-06T07:11:40Z</time>
      </trkpt>
      <trkpt lat="45.58739" lon="24.76702">
        <ele>1431.09</ele>
        <time>2024-07-06T07:11:46Z</time>
      </trkpt>
      <trkpt lat="45.58745" lon="24.76702">
        <ele>1432.03</ele>
        <time>2024-07-06T07:11:53Z</time>
      </trkpt>
      <trkpt lat="45.58746" lon="24.76701">
        <ele>1432.11</ele>
        <time>2024-07-06T07:11:54Z</time>
      </trkpt>
      <trkpt lat="45.58748" lon="24.76699">
        <ele>1432.22</ele>
        <time>2024-07-06T07:11:57Z</time>
      </trkpt>
      <trkpt lat="45.58753" lon="24.76694">
        <ele>1433.17</ele>
        <time>2024-07-06T07:12:04Z</time>
      </trkpt>
      <trkpt lat="45.58754" lon="24.76688">
        <ele>1433.22</ele>
        <time>2024-07-06T07:12:09Z</time>
      </trkpt>
      <trkpt lat="45.58756" lon="24.76689">
        <ele>1434.01</ele>
        <time>2024-07-06T07:12:11Z</time>
      </trkpt>
      <trkpt lat="45.58762" lon="24.76698">
        <ele>1437.3</ele>
        <time>2024-07-06T07:12:17Z</time>
      </trkpt>
      <trkpt lat="45.58763" lon="24.76699">
        <ele>1437.87</ele>
        <time>2024-07-06T07:12:18Z</time>
      </trkpt>
      <trkpt lat="45.58767" lon="24.76697">
        <ele>1439.18</ele>
        <time>2024-07-06T07:12:24Z</time>
      </trkpt>
      <trkpt lat="45.58767" lon="24.76697">
        <ele>1439.18</ele>
        <time>2024-07-06T07:12:26Z</time>
      </trkpt>
      <trkpt lat="45.58773" lon="24.76695">
        <ele>1441.22</ele>
        <time>2024-07-06T07:12:33Z</time>
      </trkpt>
      <trkpt lat="45.58778" lon="24.76693">
        <ele>1442.81</ele>
        <time>2024-07-06T07:12:41Z</time>
      </trkpt>
      <trkpt lat="45.58778" lon="24.76693">
        <ele>1442.81</ele>
        <time>2024-07-06T07:12:42Z</time>
      </trkpt>
      <trkpt lat="45.58779" lon="24.76691">
        <ele>1442.75</ele>
        <time>2024-07-06T07:12:47Z</time>
      </trkpt>
      <trkpt lat="45.58778" lon="24.76687">
        <ele>1441.73</ele>
        <time>2024-07-06T07:12:51Z</time>
      </trkpt>
      <trkpt lat="45.5878" lon="24.76682">
        <ele>1441.51</ele>
        <time>2024-07-06T07:12:57Z</time>
      </trkpt>
      <trkpt lat="45.58781" lon="24.76682">
        <ele>1441.84</ele>
        <time>2024-07-06T07:12:58Z</time>
      </trkpt>
      <trkpt lat="45.58785" lon="24.76674">
        <ele>1441.97</ele>
        <time>2024-07-06T07:13:04Z</time>
      </trkpt>
      <trkpt lat="45.58785" lon="24.76674">
        <ele>1441.97</ele>
        <time>2024-07-06T07:13:05Z</time>
      </trkpt>
      <trkpt lat="45.5879" lon="24.76673">
        <ele>1443.68</ele>
        <time>2024-07-06T07:13:12Z</time>
      </trkpt>
      <trkpt lat="45.58793" lon="24.76672">
        <ele>1444.67</ele>
        <time>2024-07-06T07:13:17Z</time>
      </trkpt>
      <trkpt lat="45.58796" lon="24.76667">
        <ele>1445.25</ele>
        <time>2024-07-06T07:13:23Z</time>
      </trkpt>
      <trkpt lat="45.58802" lon="24.76662">
        <ele>1447.15</ele>
        <time>2024-07-06T07:13:31Z</time>
      </trkpt>
      <trkpt lat="45.58803" lon="24.7666">
        <ele>1447.33</ele>
        <time>2024-07-06T07:13:33Z</time>
      </trkpt>
      <trkpt lat="45.58806" lon="24.76658">
        <ele>1448.1</ele>
        <time>2024-07-06T07:13:40Z</time>
      </trkpt>
      <trkpt lat="45.58808" lon="24.76657">
        <ele>1448.16</ele>
        <time>2024-07-06T07:13:42Z</time>
      </trkpt>
      <trkpt lat="45.58811" lon="24.76656">
        <ele>1448.32</ele>
        <time>2024-07-06T07:13:48Z</time>
      </trkpt>
      <trkpt lat="45.58812" lon="24.76656">
        <ele>1448.4</ele>
        <time>2024-07-06T07:13:49Z</time>
      </trkpt>
      <trkpt lat="45.58813" lon="24.76655">
        <ele>1448.39</ele>
        <time>2024-07-06T07:13:52Z</time>
      </trkpt>
      <trkpt lat="45.58816" lon="24.76652">
        <ele>1448.37</ele>
        <time>2024-07-06T07:13:59Z</time>
      </trkpt>
      <trkpt lat="45.58818" lon="24.7665">
        <ele>1448.36</ele>
        <time>2024-07-06T07:14:02Z</time>
      </trkpt>
      <trkpt lat="45.58821" lon="24.76644">
        <ele>1448.12</ele>
        <time>2024-07-06T07:14:09Z</time>
      </trkpt>
      <trkpt lat="45.58823" lon="24.7664">
        <ele>1447.98</ele>
        <time>2024-07-06T07:14:12Z</time>
      </trkpt>
      <trkpt lat="45.58826" lon="24.7664">
        <ele>1448.3</ele>
        <time>2024-07-06T07:14:16Z</time>
      </trkpt>
      <trkpt lat="45.58831" lon="24.76632">
        <ele>1449.16</ele>
        <time>2024-07-06T07:14:23Z</time>
      </trkpt>
      <trkpt lat="45.58835" lon="24.76627">
        <ele>1450.74</ele>
        <time>2024-07-06T07:14:30Z</time>
      </trkpt>
      <trkpt lat="45.58836" lon="24.76624">
        <ele>1451.45</ele>
        <time>2024-07-06T07:14:33Z</time>
      </trkpt>
      <trkpt lat="45.58844" lon="24.76618">
        <ele>1455.78</ele>
        <time>2024-07-06T07:14:43Z</time>
      </trkpt>
      <trkpt lat="45.58847" lon="24.76616">
        <ele>1457.3</ele>
        <time>2024-07-06T07:14:47Z</time>
      </trkpt>
      <trkpt lat="45.58851" lon="24.76617">
        <ele>1459.25</ele>
        <time>2024-07-06T07:14:51Z</time>
      </trkpt>
      <trkpt lat="45.58857" lon="24.76616">
        <ele>1462.17</ele>
        <time>2024-07-06T07:14:58Z</time>
      </trkpt>
      <trkpt lat="45.5886" lon="24.76614">
        <ele>1463.57</ele>
        <time>2024-07-06T07:15:02Z</time>
      </trkpt>
      <trkpt lat="45.58861" lon="24.76613">
        <ele>1464.02</ele>
        <time>2024-07-06T07:15:03Z</time>
      </trkpt>
      <trkpt lat="45.58862" lon="24.76611">
        <ele>1464.2</ele>
        <time>2024-07-06T07:15:07Z</time>
      </trkpt>
      <trkpt lat="45.58864" lon="24.7661">
        <ele>1464.54</ele>
        <time>2024-07-06T07:15:09Z</time>
      </trkpt>
      <trkpt lat="45.58866" lon="24.7661">
        <ele>1465.05</ele>
        <time>2024-07-06T07:15:13Z</time>
      </trkpt>
      <trkpt lat="45.58868" lon="24.7661">
        <ele>1465.56</ele>
        <time>2024-07-06T07:15:16Z</time>
      </trkpt>
      <trkpt lat="45.58869" lon="24.7661">
        <ele>1465.81</ele>
        <time>2024-07-06T07:15:17Z</time>
      </trkpt>
      <trkpt lat="45.5887" lon="24.7661">
        <ele>1466.07</ele>
        <time>2024-07-06T07:15:19Z</time>
      </trkpt>
      <trkpt lat="45.58873" lon="24.76607">
        <ele>1466.38</ele>
        <time>2024-07-06T07:15:23Z</time>
      </trkpt>
      <trkpt lat="45.58875" lon="24.76606">
        <ele>1466.76</ele>
        <time>2024-07-06T07:15:27Z</time>
      </trkpt>
      <trkpt lat="45.58879" lon="24.76603">
        <ele>1467.42</ele>
        <time>2024-07-06T07:15:32Z</time>
      </trkpt>
      <trkpt lat="45.5888" lon="24.76602">
        <ele>1467.57</ele>
        <time>2024-07-06T07:15:35Z</time>
      </trkpt>
      <trkpt lat="45.58881" lon="24.76599">
        <ele>1467.46</ele>
        <time>2024-07-06T07:15:43Z</time>
      </trkpt>
      <trkpt lat="45.58884" lon="24.76597">
        <ele>1468.07</ele>
        <time>2024-07-06T07:15:52Z</time>
      </trkpt>
      <trkpt lat="45.58885" lon="24.76596">
        <ele>1468.24</ele>
        <time>2024-07-06T07:15:53Z</time>
      </trkpt>
      <trkpt lat="45.58885" lon="24.76595">
        <ele>1468.12</ele>
        <time>2024-07-06T07:15:56Z</time>
      </trkpt>
      <trkpt lat="45.58886" lon="24.76594">
        <ele>1468.3</ele>
        <time>2024-07-06T07:15:58Z</time>
      </trkpt>
      <trkpt lat="45.58887" lon="24.76592">
        <ele>1468.37</ele>
        <time>2024-07-06T07:16:02Z</time>
      </trkpt>
      <trkpt lat="45.58888" lon="24.7659">
        <ele>1468.45</ele>
        <time>2024-07-06T07:16:05Z</time>
      </trkpt>
      <trkpt lat="45.5889" lon="24.76587">
        <ele>1468.79</ele>
        <time>2024-07-06T07:16:09Z</time>
      </trkpt>
      <trkpt lat="45.5889" lon="24.76587">
        <ele>1468.79</ele>
        <time>2024-07-06T07:16:10Z</time>
      </trkpt>
      <trkpt lat="45.58891" lon="24.76586">
        <ele>1469.02</ele>
        <time>2024-07-06T07:16:11Z</time>
      </trkpt>
      <trkpt lat="45.58896" lon="24.76585">
        <ele>1470.59</ele>
        <time>2024-07-06T07:16:18Z</time>
      </trkpt>
      <trkpt lat="45.58897" lon="24.76584">
        <ele>1470.75</ele>
        <time>2024-07-06T07:16:20Z</time>
      </trkpt>
      <trkpt lat="45.58898" lon="24.76583">
        <ele>1470.88</ele>
        <time>2024-07-06T07:16:24Z</time>
      </trkpt>
      <trkpt lat="45.58899" lon="24.76581">
        <ele>1470.79</ele>
        <time>2024-07-06T07:16:28Z</time>
      </trkpt>
      <trkpt lat="45.58901" lon="24.76579">
        <ele>1471.01</ele>
        <time>2024-07-06T07:16:31Z</time>
      </trkpt>
      <trkpt lat="45.58901" lon="24.76578">
        <ele>1470.8</ele>
        <time>2024-07-06T07:16:32Z</time>
      </trkpt>
      <trkpt lat="45.58904" lon="24.76578">
        <ele>1471.73</ele>
        <time>2024-07-06T07:16:37Z</time>
      </trkpt>
      <trkpt lat="45.58906" lon="24.76578">
        <ele>1472.35</ele>
        <time>2024-07-06T07:16:42Z</time>
      </trkpt>
      <trkpt lat="45.58906" lon="24.76578">
        <ele>1472.35</ele>
        <time>2024-07-06T07:16:43Z</time>
      </trkpt>
      <trkpt lat="45.58908" lon="24.76577">
        <ele>1472.74</ele>
        <time>2024-07-06T07:16:48Z</time>
      </trkpt>
      <trkpt lat="45.5891" lon="24.76575">
        <ele>1472.88</ele>
        <time>2024-07-06T07:16:51Z</time>
      </trkpt>
      <trkpt lat="45.58915" lon="24.76568">
        <ele>1472.66</ele>
        <time>2024-07-06T07:17:00Z</time>
      </trkpt>
      <trkpt lat="45.58918" lon="24.76562">
        <ele>1472.64</ele>
        <time>2024-07-06T07:17:08Z</time>
      </trkpt>
      <trkpt lat="45.58919" lon="24.76561">
        <ele>1473.13</ele>
        <time>2024-07-06T07:17:09Z</time>
      </trkpt>
      <trkpt lat="45.5892" lon="24.76556">
        <ele>1472.52</ele>
        <time>2024-07-06T07:17:13Z</time>
      </trkpt>
      <trkpt lat="45.58921" lon="24.76555">
        <ele>1473.05</ele>
        <time>2024-07-06T07:17:15Z</time>
      </trkpt>
      <trkpt lat="45.58924" lon="24.76551">
        <ele>1474.66</ele>
        <time>2024-07-06T07:17:20Z</time>
      </trkpt>
      <trkpt lat="45.58926" lon="24.76552">
        <ele>1476.21</ele>
        <time>2024-07-06T07:17:22Z</time>
      </trkpt>
      <trkpt lat="45.58927" lon="24.76548">
        <ele>1476.32</ele>
        <time>2024-07-06T07:17:29Z</time>
      </trkpt>
      <trkpt lat="45.58928" lon="24.76548">
        <ele>1477.01</ele>
        <time>2024-07-06T07:17:30Z</time>
      </trkpt>
      <trkpt lat="45.58929" lon="24.76545">
        <ele>1477.23</ele>
        <time>2024-07-06T07:17:36Z</time>
      </trkpt>
      <trkpt lat="45.58932" lon="24.76541">
        <ele>1478.6</ele>
        <time>2024-07-06T07:17:42Z</time>
      </trkpt>
      <trkpt lat="45.58934" lon="24.76539">
        <ele>1479.58</ele>
        <time>2024-07-06T07:17:49Z</time>
      </trkpt>
      <trkpt lat="45.58935" lon="24.76539">
        <ele>1480.23</ele>
        <time>2024-07-06T07:17:50Z</time>
      </trkpt>
      <trkpt lat="45.58938" lon="24.76539">
        <ele>1482.2</ele>
        <time>2024-07-06T07:17:54Z</time>
      </trkpt>
      <trkpt lat="45.58939" lon="24.76535">
        <ele>1482.08</ele>
        <time>2024-07-06T07:17:57Z</time>
      </trkpt>
      <trkpt lat="45.58944" lon="24.7653">
        <ele>1484.2</ele>
        <time>2024-07-06T07:18:04Z</time>
      </trkpt>
      <trkpt lat="45.58944" lon="24.76525">
        <ele>1483.74</ele>
        <time>2024-07-06T07:18:08Z</time>
      </trkpt>
      <trkpt lat="45.58945" lon="24.76524">
        <ele>1484.4</ele>
        <time>2024-07-06T07:18:11Z</time>
      </trkpt>
      <trkpt lat="45.58945" lon="24.76517">
        <ele>1484.41</ele>
        <time>2024-07-06T07:18:19Z</time>
      </trkpt>
      <trkpt lat="45.58946" lon="24.76517">
        <ele>1485.14</ele>
        <time>2024-07-06T07:18:20Z</time>
      </trkpt>
      <trkpt lat="45.58948" lon="24.76516">
        <ele>1486.61</ele>
        <time>2024-07-06T07:18:24Z</time>
      </trkpt>
      <trkpt lat="45.58948" lon="24.76515">
        <ele>1486.62</ele>
        <time>2024-07-06T07:18:25Z</time>
      </trkpt>
      <trkpt lat="45.58948" lon="24.76514">
        <ele>1486.62</ele>
        <time>2024-07-06T07:18:26Z</time>
      </trkpt>
      <trkpt lat="45.58953" lon="24.76511">
        <ele>1490.35</ele>
        <time>2024-07-06T07:18:32Z</time>
      </trkpt>
      <trkpt lat="45.5896" lon="24.76511">
        <ele>1495.54</ele>
        <time>2024-07-06T07:18:37Z</time>
      </trkpt>
      <trkpt lat="45.58961" lon="24.76509">
        <ele>1496.32</ele>
        <time>2024-07-06T07:18:39Z</time>
      </trkpt>
      <trkpt lat="45.58962" lon="24.76504">
        <ele>1497.18</ele>
        <time>2024-07-06T07:18:42Z</time>
      </trkpt>
      <trkpt lat="45.58965" lon="24.76501">
        <ele>1499.51</ele>
        <time>2024-07-06T07:18:47Z</time>
      </trkpt>
      <trkpt lat="45.58965" lon="24.76501">
        <ele>1499.51</ele>
        <time>2024-07-06T07:18:48Z</time>
      </trkpt>
      <trkpt lat="45.58967" lon="24.765">
        <ele>1501.05</ele>
        <time>2024-07-06T07:18:51Z</time>
      </trkpt>
      <trkpt lat="45.58969" lon="24.76494">
        <ele>1502.46</ele>
        <time>2024-07-06T07:18:56Z</time>
      </trkpt>
      <trkpt lat="45.5897" lon="24.76493">
        <ele>1503.08</ele>
        <time>2024-07-06T07:18:57Z</time>
      </trkpt>
      <trkpt lat="45.58973" lon="24.76486">
        <ele>1504.36</ele>
        <time>2024-07-06T07:19:01Z</time>
      </trkpt>
      <trkpt lat="45.58974" lon="24.76488">
        <ele>1504.99</ele>
        <time>2024-07-06T07:19:04Z</time>
      </trkpt>
      <trkpt lat="45.58977" lon="24.76487">
        <ele>1506.33</ele>
        <time>2024-07-06T07:19:08Z</time>
      </trkpt>
      <trkpt lat="45.58982" lon="24.76492">
        <ele>1509.45</ele>
        <time>2024-07-06T07:19:12Z</time>
      </trkpt>
      <trkpt lat="45.58984" lon="24.76486">
        <ele>1509.49</ele>
        <time>2024-07-06T07:19:16Z</time>
      </trkpt>
      <trkpt lat="45.58986" lon="24.76487">
        <ele>1510.61</ele>
        <time>2024-07-06T07:19:19Z</time>
      </trkpt>
      <trkpt lat="45.58989" lon="24.76486">
        <ele>1511.83</ele>
        <time>2024-07-06T07:19:24Z</time>
      </trkpt>
      <trkpt lat="45.58992" lon="24.76485">
        <ele>1513.01</ele>
        <time>2024-07-06T07:19:27Z</time>
      </trkpt>
      <trkpt lat="45.58994" lon="24.76483">
        <ele>1513.44</ele>
        <time>2024-07-06T07:19:33Z</time>
      </trkpt>
      <trkpt lat="45.58995" lon="24.76484">
        <ele>1514.13</ele>
        <time>2024-07-06T07:19:39Z</time>
      </trkpt>
      <trkpt lat="45.58999" lon="24.76484">
        <ele>1515.94</ele>
        <time>2024-07-06T07:19:42Z</time>
      </trkpt>
      <trkpt lat="45.59005" lon="24.76478">
        <ele>1515.53</ele>
        <time>2024-07-06T07:19:50Z</time>
      </trkpt>
      <trkpt lat="45.59011" lon="24.76477">
        <ele>1516.29</ele>
        <time>2024-07-06T07:19:57Z</time>
      </trkpt>
      <trkpt lat="45.59015" lon="24.76475">
        <ele>1516.45</ele>
        <time>2024-07-06T07:20:02Z</time>
      </trkpt>
      <trkpt lat="45.59018" lon="24.76477">
        <ele>1517.5</ele>
        <time>2024-07-06T07:20:05Z</time>
      </trkpt>
      <trkpt lat="45.59021" lon="24.76474">
        <ele>1517.24</ele>
        <time>2024-07-06T07:20:11Z</time>
      </trkpt>
      <trkpt lat="45.59022" lon="24.76473">
        <ele>1517.16</ele>
        <time>2024-07-06T07:20:12Z</time>
      </trkpt>
      <trkpt lat="45.59024" lon="24.76471">
        <ele>1517.11</ele>
        <time>2024-07-06T07:20:15Z</time>
      </trkpt>
      <trkpt lat="45.59028" lon="24.76467">
        <ele>1517.05</ele>
        <time>2024-07-06T07:20:21Z</time>
      </trkpt>
      <trkpt lat="45.59033" lon="24.76467">
        <ele>1516.87</ele>
        <time>2024-07-06T07:20:29Z</time>
      </trkpt>
      <trkpt lat="45.59033" lon="24.76466">
        <ele>1516.69</ele>
        <time>2024-07-06T07:20:30Z</time>
      </trkpt>
      <trkpt lat="45.59037" lon="24.76467">
        <ele>1516.73</ele>
        <time>2024-07-06T07:20:38Z</time>
      </trkpt>
      <trkpt lat="45.59037" lon="24.76468">
        <ele>1516.91</ele>
        <time>2024-07-06T07:20:40Z</time>
      </trkpt>
      <trkpt lat="45.59039" lon="24.76469">
        <ele>1517.02</ele>
        <time>2024-07-06T07:20:46Z</time>
      </trkpt>
      <trkpt lat="45.5904" lon="24.76467">
        <ele>1516.62</ele>
        <time>2024-07-06T07:20:48Z</time>
      </trkpt>
      <trkpt lat="45.59043" lon="24.76466">
        <ele>1516.33</ele>
        <time>2024-07-06T07:20:52Z</time>
      </trkpt>
      <trkpt lat="45.5905" lon="24.76466">
        <ele>1516.08</ele>
        <time>2024-07-06T07:20:58Z</time>
      </trkpt>
      <trkpt lat="45.5905" lon="24.76464">
        <ele>1515.72</ele>
        <time>2024-07-06T07:21:00Z</time>
      </trkpt>
      <trkpt lat="45.59055" lon="24.76459">
        <ele>1514.64</ele>
        <time>2024-07-06T07:21:06Z</time>
      </trkpt>
      <trkpt lat="45.59056" lon="24.76456">
        <ele>1514.06</ele>
        <time>2024-07-06T07:21:11Z</time>
      </trkpt>
      <trkpt lat="45.59057" lon="24.76456">
        <ele>1514.01</ele>
        <time>2024-07-06T07:21:13Z</time>
      </trkpt>
      <trkpt lat="45.59058" lon="24.76456">
        <ele>1513.96</ele>
        <time>2024-07-06T07:21:14Z</time>
      </trkpt>
      <trkpt lat="45.59059" lon="24.76456">
        <ele>1513.9</ele>
        <time>2024-07-06T07:21:17Z</time>
      </trkpt>
      <trkpt lat="45.59059" lon="24.76456">
        <ele>1513.9</ele>
        <time>2024-07-06T07:21:18Z</time>
      </trkpt>
      <trkpt lat="45.5906" lon="24.76452">
        <ele>1513.16</ele>
        <time>2024-07-06T07:21:23Z</time>
      </trkpt>
      <trkpt lat="45.59061" lon="24.76448">
        <ele>1512.42</ele>
        <time>2024-07-06T07:21:27Z</time>
      </trkpt>
      <trkpt lat="45.59062" lon="24.76448">
        <ele>1512.38</ele>
        <time>2024-07-06T07:21:28Z</time>
      </trkpt>
      <trkpt lat="45.59064" lon="24.76447">
        <ele>1512.13</ele>
        <time>2024-07-06T07:21:33Z</time>
      </trkpt>
      <trkpt lat="45.59066" lon="24.76443">
        <ele>1511.48</ele>
        <time>2024-07-06T07:21:36Z</time>
      </trkpt>
      <trkpt lat="45.59069" lon="24.76446">
        <ele>1511.77</ele>
        <time>2024-07-06T07:21:41Z</time>
      </trkpt>
      <trkpt lat="45.5907" lon="24.76446">
        <ele>1511.73</ele>
        <time>2024-07-06T07:21:43Z</time>
      </trkpt>
      <trkpt lat="45.59072" lon="24.76441">
        <ele>1511.23</ele>
        <time>2024-07-06T07:21:50Z</time>
      </trkpt>
      <trkpt lat="45.59074" lon="24.76442">
        <ele>1511.25</ele>
        <time>2024-07-06T07:21:53Z</time>
      </trkpt>
      <trkpt lat="45.59076" lon="24.7644">
        <ele>1511.17</ele>
        <time>2024-07-06T07:21:56Z</time>
      </trkpt>
      <trkpt lat="45.59078" lon="24.76442">
        <ele>1511.18</ele>
        <time>2024-07-06T07:21:59Z</time>
      </trkpt>
      <trkpt lat="45.59079" lon="24.76441">
        <ele>1511.16</ele>
        <time>2024-07-06T07:22:01Z</time>
      </trkpt>
      <trkpt lat="45.5908" lon="24.7644">
        <ele>1511.16</ele>
        <time>2024-07-06T07:22:04Z</time>
      </trkpt>
      <trkpt lat="45.59084" lon="24.7644">
        <ele>1511.12</ele>
        <time>2024-07-06T07:22:10Z</time>
      </trkpt>
      <trkpt lat="45.59084" lon="24.7644">
        <ele>1511.12</ele>
        <time>2024-07-06T07:22:11Z</time>
      </trkpt>
      <trkpt lat="45.59086" lon="24.7644">
        <ele>1510.98</ele>
        <time>2024-07-06T07:22:18Z</time>
      </trkpt>
      <trkpt lat="45.59086" lon="24.76439">
        <ele>1511.02</ele>
        <time>2024-07-06T07:22:20Z</time>
      </trkpt>
      <trkpt lat="45.59087" lon="24.7644">
        <ele>1510.92</ele>
        <time>2024-07-06T07:22:23Z</time>
      </trkpt>
      <trkpt lat="45.59088" lon="24.7644">
        <ele>1510.85</ele>
        <time>2024-07-06T07:22:26Z</time>
      </trkpt>
      <trkpt lat="45.5909" lon="24.7644">
        <ele>1510.72</ele>
        <time>2024-07-06T07:22:30Z</time>
      </trkpt>
      <trkpt lat="45.59091" lon="24.76441">
        <ele>1510.61</ele>
        <time>2024-07-06T07:22:32Z</time>
      </trkpt>
      <trkpt lat="45.59094" lon="24.76443">
        <ele>1510.3</ele>
        <time>2024-07-06T07:22:38Z</time>
      </trkpt>
      <trkpt lat="45.59095" lon="24.76443">
        <ele>1510.23</ele>
        <time>2024-07-06T07:22:39Z</time>
      </trkpt>
      <trkpt lat="45.59099" lon="24.76441">
        <ele>1510.07</ele>
        <time>2024-07-06T07:22:46Z</time>
      </trkpt>
      <trkpt lat="45.59101" lon="24.76441">
        <ele>1509.93</ele>
        <time>2024-07-06T07:22:49Z</time>
      </trkpt>
      <trkpt lat="45.59103" lon="24.76438">
        <ele>1509.98</ele>
        <time>2024-07-06T07:22:55Z</time>
      </trkpt>
      <trkpt lat="45.59103" lon="24.76437">
        <ele>1510.04</ele>
        <time>2024-07-06T07:22:56Z</time>
      </trkpt>
      <trkpt lat="45.59105" lon="24.76437">
        <ele>1509.92</ele>
        <time>2024-07-06T07:22:59Z</time>
      </trkpt>
      <trkpt lat="45.59109" lon="24.76436">
        <ele>1509.74</ele>
        <time>2024-07-06T07:23:05Z</time>
      </trkpt>
      <trkpt lat="45.59109" lon="24.76436">
        <ele>1509.74</ele>
        <time>2024-07-06T07:23:07Z</time>
      </trkpt>
      <trkpt lat="45.5911" lon="24.76433">
        <ele>1509.89</ele>
        <time>2024-07-06T07:23:10Z</time>
      </trkpt>
      <trkpt lat="45.59111" lon="24.76433">
        <ele>1509.83</ele>
        <time>2024-07-06T07:23:14Z</time>
      </trkpt>
      <trkpt lat="45.59111" lon="24.76433">
        <ele>1509.83</ele>
        <time>2024-07-06T07:23:17Z</time>
      </trkpt>
      <trkpt lat="45.59112" lon="24.76433">
        <ele>1510.13</ele>
        <time>2024-07-06T07:23:20Z</time>
      </trkpt>
      <trkpt lat="45.59112" lon="24.76432">
        <ele>1510.2</ele>
        <time>2024-07-06T07:23:24Z</time>
      </trkpt>
      <trkpt lat="45.59113" lon="24.76432">
        <ele>1510.54</ele>
        <time>2024-07-06T07:23:27Z</time>
      </trkpt>
      <trkpt lat="45.59114" lon="24.76429">
        <ele>1511.0</ele>
        <time>2024-07-06T07:23:31Z</time>
      </trkpt>
      <trkpt lat="45.59116" lon="24.76428">
        <ele>1511.64</ele>
        <time>2024-07-06T07:23:33Z</time>
      </trkpt>
      <trkpt lat="45.59118" lon="24.76427">
        <ele>1512.23</ele>
        <time>2024-07-06T07:23:37Z</time>
      </trkpt>
      <trkpt lat="45.59119" lon="24.76427">
        <ele>1512.52</ele>
        <time>2024-07-06T07:23:38Z</time>
      </trkpt>
      <trkpt lat="45.5912" lon="24.76428">
        <ele>1512.83</ele>
        <time>2024-07-06T07:23:42Z</time>
      </trkpt>
      <trkpt lat="45.59121" lon="24.76427">
        <ele>1513.1</ele>
        <time>2024-07-06T07:23:43Z</time>
      </trkpt>
      <trkpt lat="45.59122" lon="24.76427">
        <ele>1513.38</ele>
        <time>2024-07-06T07:23:46Z</time>
      </trkpt>
      <trkpt lat="45.59123" lon="24.76428">
        <ele>1513.72</ele>
        <time>2024-07-06T07:23:49Z</time>
      </trkpt>
      <trkpt lat="45.59125" lon="24.76427">
        <ele>1514.24</ele>
        <time>2024-07-06T07:23:52Z</time>
      </trkpt>
      <trkpt lat="45.59128" lon="24.76427">
        <ele>1515.11</ele>
        <time>2024-07-06T07:23:58Z</time>
      </trkpt>
      <trkpt lat="45.59128" lon="24.76427">
        <ele>1515.11</ele>
        <time>2024-07-06T07:23:59Z</time>
      </trkpt>
      <trkpt lat="45.59131" lon="24.76423">
        <ele>1515.43</ele>
        <time>2024-07-06T07:24:05Z</time>
      </trkpt>
      <trkpt lat="45.59132" lon="24.76422">
        <ele>1515.53</ele>
        <time>2024-07-06T07:24:06Z</time>
      </trkpt>
      <trkpt lat="45.59134" lon="24.76421">
        <ele>1515.84</ele>
        <time>2024-07-06T07:24:09Z</time>
      </trkpt>
      <trkpt lat="45.59136" lon="24.76422">
        <ele>1516.47</ele>
        <time>2024-07-06T07:24:12Z</time>
      </trkpt>
      <trkpt lat="45.59137" lon="24.76422">
        <ele>1516.71</ele>
        <time>2024-07-06T07:24:14Z</time>
      </trkpt>
      <trkpt lat="45.59138" lon="24.76422">
        <ele>1516.94</ele>
        <time>2024-07-06T07:24:18Z</time>
      </trkpt>
      <trkpt lat="45.59139" lon="24.76422">
        <ele>1517.22</ele>
        <time>2024-07-06T07:24:21Z</time>
      </trkpt>
      <trkpt lat="45.59143" lon="24.76418">
        <ele>1518.68</ele>
        <time>2024-07-06T07:24:30Z</time>
      </trkpt>
      <trkpt lat="45.59144" lon="24.76417">
        <ele>1519.02</ele>
        <time>2024-07-06T07:24:32Z</time>
      </trkpt>
      <trkpt lat="45.59148" lon="24.76417">
        <ele>1521.33</ele>
        <time>2024-07-06T07:24:38Z</time>
      </trkpt>
      <trkpt lat="45.59148" lon="24.76417">
        <ele>1521.33</ele>
        <time>2024-07-06T07:24:39Z</time>
      </trkpt>
      <trkpt lat="45.59153" lon="24.76412">
        <ele>1524.21</ele>
        <time>2024-07-06T07:24:47Z</time>
      </trkpt>
      <trkpt lat="45.59155" lon="24.76414">
        <ele>1525.34</ele>
        <time>2024-07-06T07:24:49Z</time>
      </trkpt>
      <trkpt lat="45.59157" lon="24.76415">
        <ele>1526.47</ele>
        <time>2024-07-06T07:24:56Z</time>
      </trkpt>
      <trkpt lat="45.59159" lon="24.76414">
        <ele>1527.65</ele>
        <time>2024-07-06T07:25:00Z</time>
      </trkpt>
      <trkpt lat="45.5916" lon="24.76414">
        <ele>1528.23</ele>
        <time>2024-07-06T07:25:02Z</time>
      </trkpt>
      <trkpt lat="45.59162" lon="24.76414">
        <ele>1529.39</ele>
        <time>2024-07-06T07:25:06Z</time>
      </trkpt>
      <trkpt lat="45.59164" lon="24.76416">
        <ele>1530.49</ele>
        <time>2024-07-06T07:25:11Z</time>
      </trkpt>
      <trkpt lat="45.5917" lon="24.76417">
        <ele>1534.15</ele>
        <time>2024-07-06T07:25:17Z</time>
      </trkpt>
      <trkpt lat="45.59171" lon="24.76416">
        <ele>1534.65</ele>
        <time>2024-07-06T07:25:18Z</time>
      </trkpt>
      <trkpt lat="45.59179" lon="24.76416">
        <ele>1539.49</ele>
        <time>2024-07-06T07:25:25Z</time>
      </trkpt>
      <trkpt lat="45.59181" lon="24.76414">
        <ele>1540.47</ele>
        <time>2024-07-06T07:25:29Z</time>
      </trkpt>
      <trkpt lat="45.59181" lon="24.76412">
        <ele>1540.25</ele>
        <time>2024-07-06T07:25:31Z</time>
      </trkpt>
      <trkpt lat="45.59182" lon="24.7641">
        <ele>1540.56</ele>
        <time>2024-07-06T07:25:33Z</time>
      </trkpt>
      <trkpt lat="45.59185" lon="24.76408">
        <ele>1541.88</ele>
        <time>2024-07-06T07:25:38Z</time>
      </trkpt>
      <trkpt lat="45.59186" lon="24.76407">
        <ele>1542.24</ele>
        <time>2024-07-06T07:25:39Z</time>
      </trkpt>
      <trkpt lat="45.59189" lon="24.76407">
        <ele>1543.78</ele>
        <time>2024-07-06T07:25:44Z</time>
      </trkpt>
      <trkpt lat="45.59193" lon="24.76404">
        <ele>1545.11</ele>
        <time>2024-07-06T07:25:50Z</time>
      </trkpt>
      <trkpt lat="45.59193" lon="24.76404">
        <ele>1545.11</ele>
        <time>2024-07-06T07:25:51Z</time>
      </trkpt>
      <trkpt lat="45.59197" lon="24.76403">
        <ele>1547.17</ele>
        <time>2024-07-06T07:25:57Z</time>
      </trkpt>
      <trkpt lat="45.59197" lon="24.764">
        <ele>1546.38</ele>
        <time>2024-07-06T07:25:59Z</time>
      </trkpt>
      <trkpt lat="45.59201" lon="24.76394">
        <ele>1547.19</ele>
        <time>2024-07-06T07:26:09Z</time>
      </trkpt>
      <trkpt lat="45.59202" lon="24.76394">
        <ele>1547.79</ele>
        <time>2024-07-06T07:26:10Z</time>
      </trkpt>
      <trkpt lat="45.59204" lon="24.7639">
        <ele>1547.83</ele>
        <time>2024-07-06T07:26:16Z</time>
      </trkpt>
      <trkpt lat="45.59205" lon="24.7639">
        <ele>1548.41</ele>
        <time>2024-07-06T07:26:17Z</time>
      </trkpt>
      <trkpt lat="45.59207" lon="24.76389">
        <ele>1549.27</ele>
        <time>2024-07-06T07:26:20Z</time>
      </trkpt>
      <trkpt lat="45.59212" lon="24.7639">
        <ele>1552.47</ele>
        <time>2024-07-06T07:26:25Z</time>
      </trkpt>
      <trkpt lat="45.5922" lon="24.76391">
        <ele>1557.46</ele>
        <time>2024-07-06T07:26:34Z</time>
      </trkpt>
      <trkpt lat="45.59222" lon="24.76395">
        <ele>1560.07</ele>
        <time>2024-07-06T07:26:39Z</time>
      </trkpt>
      <trkpt lat="45.59222" lon="24.76393">
        <ele>1559.35</ele>
        <time>2024-07-06T07:26:42Z</time>
      </trkpt>
      <trkpt lat="45.59225" lon="24.76393">
        <ele>1561.67</ele>
        <time>2024-07-06T07:26:48Z</time>
      </trkpt>
      <trkpt lat="45.59227" lon="24.76395">
        <ele>1563.8</ele>
        <time>2024-07-06T07:26:52Z</time>
      </trkpt>
      <trkpt lat="45.59228" lon="24.76395">
        <ele>1564.55</ele>
        <time>2024-07-06T07:26:55Z</time>
      </trkpt>
      <trkpt lat="45.5923" lon="24.76395">
        <ele>1566.06</ele>
        <time>2024-07-06T07:27:05Z</time>
      </trkpt>
      <trkpt lat="45.59232" lon="24.76395">
        <ele>1567.56</ele>
        <time>2024-07-06T07:27:15Z</time>
      </trkpt>
      <trkpt lat="45.59237" lon="24.76392">
        <ele>1571.05</ele>
        <time>2024-07-06T07:27:45Z</time>
      </trkpt>
      <trkpt lat="45.59242" lon="24.76391">
        <ele>1575.09</ele>
        <time>2024-07-06T07:27:48Z</time>
      </trkpt>
      <trkpt lat="45.59243" lon="24.76391">
        <ele>1575.92</ele>
        <time>2024-07-06T07:27:49Z</time>
      </trkpt>
      <trkpt lat="45.59251" lon="24.76387">
        <ele>1581.37</ele>
        <time>2024-07-06T07:27:55Z</time>
      </trkpt>
      <trkpt lat="45.59251" lon="24.76387">
        <ele>1581.37</ele>
        <time>2024-07-06T07:27:56Z</time>
      </trkpt>
      <trkpt lat="45.59254" lon="24.76391">
        <ele>1582.22</ele>
        <time>2024-07-06T07:28:02Z</time>
      </trkpt>
      <trkpt lat="45.59253" lon="24.76391">
        <ele>1582.09</ele>
        <time>2024-07-06T07:28:03Z</time>
      </trkpt>
      <trkpt lat="45.59254" lon="24.76393">
        <ele>1582.01</ele>
        <time>2024-07-06T07:28:07Z</time>
      </trkpt>
      <trkpt lat="45.59254" lon="24.76393">
        <ele>1582.01</ele>
        <time>2024-07-06T07:28:09Z</time>
      </trkpt>
      <trkpt lat="45.59256" lon="24.76394">
        <ele>1582.23</ele>
        <time>2024-07-06T07:28:13Z</time>
      </trkpt>
      <trkpt lat="45.59256" lon="24.76393">
        <ele>1582.31</ele>
        <time>2024-07-06T07:28:15Z</time>
      </trkpt>
      <trkpt lat="45.59257" lon="24.76392">
        <ele>1582.53</ele>
        <time>2024-07-06T07:28:21Z</time>
      </trkpt>
      <trkpt lat="45.59257" lon="24.76391">
        <ele>1582.61</ele>
        <time>2024-07-06T07:28:23Z</time>
      </trkpt>
      <trkpt lat="45.59258" lon="24.7639">
        <ele>1582.8</ele>
        <time>2024-07-06T07:28:24Z</time>
      </trkpt>
      <trkpt lat="45.59259" lon="24.76389">
        <ele>1582.97</ele>
        <time>2024-07-06T07:28:29Z</time>
      </trkpt>
      <trkpt lat="45.5926" lon="24.7639">
        <ele>1583.04</ele>
        <time>2024-07-06T07:28:31Z</time>
      </trkpt>
      <trkpt lat="45.59261" lon="24.76392">
        <ele>1583.09</ele>
        <time>2024-07-06T07:28:34Z</time>
      </trkpt>
      <trkpt lat="45.59262" lon="24.76394">
        <ele>1583.2</ele>
        <time>2024-07-06T07:28:40Z</time>
      </trkpt>
      <trkpt lat="45.59263" lon="24.76395">
        <ele>1583.35</ele>
        <time>2024-07-06T07:28:42Z</time>
      </trkpt>
      <trkpt lat="45.59265" lon="24.764">
        <ele>1583.75</ele>
        <time>2024-07-06T07:28:52Z</time>
      </trkpt>
      <trkpt lat="45.59265" lon="24.764">
        <ele>1583.75</ele>
        <time>2024-07-06T07:28:53Z</time>
      </trkpt>
      <trkpt lat="45.59266" lon="24.764">
        <ele>1583.97</ele>
        <time>2024-07-06T07:28:55Z</time>
      </trkpt>
      <trkpt lat="45.59267" lon="24.76399">
        <ele>1584.16</ele>
        <time>2024-07-06T07:29:00Z</time>
      </trkpt>
      <trkpt lat="45.59267" lon="24.76399">
        <ele>1584.16</ele>
        <time>2024-07-06T07:29:02Z</time>
      </trkpt>
      <trkpt lat="45.59267" lon="24.76398">
        <ele>1584.13</ele>
        <time>2024-07-06T07:29:03Z</time>
      </trkpt>
      <trkpt lat="45.59267" lon="24.76398">
        <ele>1584.13</ele>
        <time>2024-07-06T07:29:04Z</time>
      </trkpt>
      <trkpt lat="45.59268" lon="24.76396">
        <ele>1584.25</ele>
        <time>2024-07-06T07:29:12Z</time>
      </trkpt>
      <trkpt lat="45.59268" lon="24.76393">
        <ele>1584.12</ele>
        <time>2024-07-06T07:29:14Z</time>
      </trkpt>
      <trkpt lat="45.59268" lon="24.76391">
        <ele>1584.03</ele>
        <time>2024-07-06T07:29:17Z</time>
      </trkpt>
      <trkpt lat="45.59269" lon="24.76388">
        <ele>1583.83</ele>
        <time>2024-07-06T07:29:23Z</time>
      </trkpt>
      <trkpt lat="45.59269" lon="24.76387">
        <ele>1583.58</ele>
        <time>2024-07-06T07:29:26Z</time>
      </trkpt>
      <trkpt lat="45.5927" lon="24.76384">
        <ele>1582.98</ele>
        <time>2024-07-06T07:29:33Z</time>
      </trkpt>
      <trkpt lat="45.59271" lon="24.76379">
        <ele>1581.97</ele>
        <time>2024-07-06T07:29:40Z</time>
      </trkpt>
      <trkpt lat="45.59272" lon="24.76379">
        <ele>1582.15</ele>
        <time>2024-07-06T07:29:43Z</time>
      </trkpt>
      <trkpt lat="45.59273" lon="24.76378">
        <ele>1582.12</ele>
        <time>2024-07-06T07:29:46Z</time>
      </trkpt>
      <trkpt lat="45.59274" lon="24.76376">
        <ele>1581.89</ele>
        <time>2024-07-06T07:29:51Z</time>
      </trkpt>
      <trkpt lat="45.59275" lon="24.76375">
        <ele>1581.9</ele>
        <time>2024-07-06T07:29:56Z</time>
      </trkpt>
      <trkpt lat="45.59276" lon="24.76375">
        <ele>1582.12</ele>
        <time>2024-07-06T07:29:57Z</time>
      </trkpt>
      <trkpt lat="45.59277" lon="24.76375">
        <ele>1582.33</ele>
        <time>2024-07-06T07:30:02Z</time>
      </trkpt>
      <trkpt lat="45.59278" lon="24.76375">
        <ele>1582.59</ele>
        <time>2024-07-06T07:30:04Z</time>
      </trkpt>
      <trkpt lat="45.59279" lon="24.76373">
        <ele>1582.64</ele>
        <time>2024-07-06T07:30:13Z</time>
      </trkpt>
      <trkpt lat="45.59281" lon="24.76371">
        <ele>1583.16</ele>
        <time>2024-07-06T07:30:20Z</time>
      </trkpt>
      <trkpt lat="45.59282" lon="24.7637">
        <ele>1583.44</ele>
        <time>2024-07-06T07:30:25Z</time>
      </trkpt>
      <trkpt lat="45.59283" lon="24.76368">
        <ele>1583.59</ele>
        <time>2024-07-06T07:30:31Z</time>
      </trkpt>
      <trkpt lat="45.59284" lon="24.76369">
        <ele>1584.17</ele>
        <time>2024-07-06T07:30:34Z</time>
      </trkpt>
      <trkpt lat="45.59284" lon="24.76369">
        <ele>1584.17</ele>
        <time>2024-07-06T07:30:39Z</time>
      </trkpt>
      <trkpt lat="45.59284" lon="24.76368">
        <ele>1584.04</ele>
        <time>2024-07-06T07:30:52Z</time>
      </trkpt>
      <trkpt lat="45.59286" lon="24.76365">
        <ele>1584.6</ele>
        <time>2024-07-06T07:31:02Z</time>
      </trkpt>
      <trkpt lat="45.59287" lon="24.76361">
        <ele>1584.67</ele>
        <time>2024-07-06T07:31:10Z</time>
      </trkpt>
      <trkpt lat="45.59289" lon="24.76355">
        <ele>1587.06</ele>
        <time>2024-07-06T07:31:22Z</time>
      </trkpt>
      <trkpt lat="45.5929" lon="24.76352">
        <ele>1588.27</ele>
        <time>2024-07-06T07:31:31Z</time>
      </trkpt>
      <trkpt lat="45.5929" lon="24.76349">
        <ele>1588.97</ele>
        <time>2024-07-06T07:31:38Z</time>
      </trkpt>
      <trkpt lat="45.59291" lon="24.76346">
        <ele>1590.19</ele>
        <time>2024-07-06T07:31:45Z</time>
      </trkpt>
      <trkpt lat="45.59295" lon="24.76341">
        <ele>1593.47</ele>
        <time>2024-07-06T07:31:50Z</time>
      </trkpt>
      <trkpt lat="45.59295" lon="24.7634">
        <ele>1593.71</ele>
        <time>2024-07-06T07:31:51Z</time>
      </trkpt>
      <trkpt lat="45.593" lon="24.76334">
        <ele>1597.84</ele>
        <time>2024-07-06T07:31:56Z</time>
      </trkpt>
      <trkpt lat="45.593" lon="24.76332">
        <ele>1598.34</ele>
        <time>2024-07-06T07:31:58Z</time>
      </trkpt>
      <trkpt lat="45.593" lon="24.76329">
        <ele>1599.09</ele>
        <time>2024-07-06T07:32:03Z</time>
      </trkpt>
      <trkpt lat="45.593" lon="24.76327">
        <ele>1599.6</ele>
        <time>2024-07-06T07:32:07Z</time>
      </trkpt>
      <trkpt lat="45.59299" lon="24.76324">
        <ele>1599.81</ele>
        <time>2024-07-06T07:32:15Z</time>
      </trkpt>
      <trkpt lat="45.593" lon="24.76321">
        <ele>1601.11</ele>
        <time>2024-07-06T07:32:23Z</time>
      </trkpt>
      <trkpt lat="45.59301" lon="24.7632">
        <ele>1601.9</ele>
        <time>2024-07-06T07:32:25Z</time>
      </trkpt>
      <trkpt lat="45.59301" lon="24.76317">
        <ele>1602.66</ele>
        <time>2024-07-06T07:32:30Z</time>
      </trkpt>
      <trkpt lat="45.59302" lon="24.76316">
        <ele>1603.45</ele>
        <time>2024-07-06T07:32:35Z</time>
      </trkpt>
      <trkpt lat="45.59302" lon="24.76315">
        <ele>1603.7</ele>
        <time>2024-07-06T07:32:38Z</time>
      </trkpt>
      <trkpt lat="45.59304" lon="24.7631">
        <ele>1606.04</ele>
        <time>2024-07-06T07:32:46Z</time>
      </trkpt>
      <trkpt lat="45.59304" lon="24.7631">
        <ele>1606.04</ele>
        <time>2024-07-06T07:32:47Z</time>
      </trkpt>
      <trkpt lat="45.59305" lon="24.76307">
        <ele>1607.34</ele>
        <time>2024-07-06T07:32:54Z</time>
      </trkpt>
      <trkpt lat="45.59306" lon="24.76305">
        <ele>1608.34</ele>
        <time>2024-07-06T07:33:00Z</time>
      </trkpt>
      <trkpt lat="45.59306" lon="24.76302">
        <ele>1608.88</ele>
        <time>2024-07-06T07:33:03Z</time>
      </trkpt>
      <trkpt lat="45.59307" lon="24.76299">
        <ele>1609.95</ele>
        <time>2024-07-06T07:33:08Z</time>
      </trkpt>
      <trkpt lat="45.59308" lon="24.76298">
        <ele>1610.66</ele>
        <time>2024-07-06T07:33:10Z</time>
      </trkpt>
      <trkpt lat="45.59309" lon="24.76298">
        <ele>1611.19</ele>
        <time>2024-07-06T07:33:12Z</time>
      </trkpt>
      <trkpt lat="45.5931" lon="24.76296">
        <ele>1612.06</ele>
        <time>2024-07-06T07:33:19Z</time>
      </trkpt>
      <trkpt lat="45.5931" lon="24.76296">
        <ele>1612.06</ele>
        <time>2024-07-06T07:33:21Z</time>
      </trkpt>
      <trkpt lat="45.59311" lon="24.76293">
        <ele>1613.11</ele>
        <time>2024-07-06T07:33:27Z</time>
      </trkpt>
      <trkpt lat="45.59311" lon="24.76292">
        <ele>1613.28</ele>
        <time>2024-07-06T07:33:28Z</time>
      </trkpt>
      <trkpt lat="45.59311" lon="24.76291">
        <ele>1613.46</ele>
        <time>2024-07-06T07:33:33Z</time>
      </trkpt>
      <trkpt lat="45.59312" lon="24.76289">
        <ele>1614.32</ele>
        <time>2024-07-06T07:33:36Z</time>
      </trkpt>
      <trkpt lat="45.59312" lon="24.76285">
        <ele>1615.01</ele>
        <time>2024-07-06T07:33:42Z</time>
      </trkpt>
      <trkpt lat="45.59313" lon="24.76283">
        <ele>1615.86</ele>
        <time>2024-07-06T07:33:45Z</time>
      </trkpt>
      <trkpt lat="45.59314" lon="24.76282">
        <ele>1616.54</ele>
        <time>2024-07-06T07:33:47Z</time>
      </trkpt>
      <trkpt lat="45.59315" lon="24.7628">
        <ele>1617.39</ele>
        <time>2024-07-06T07:33:53Z</time>
      </trkpt>
      <trkpt lat="45.59315" lon="24.76278">
        <ele>1617.72</ele>
        <time>2024-07-06T07:33:56Z</time>
      </trkpt>
      <trkpt lat="45.59316" lon="24.76278">
        <ele>1618.23</ele>
        <time>2024-07-06T07:34:00Z</time>
      </trkpt>
      <trkpt lat="45.59317" lon="24.76276">
        <ele>1618.84</ele>
        <time>2024-07-06T07:34:05Z</time>
      </trkpt>
      <trkpt lat="45.59318" lon="24.76275">
        <ele>1619.38</ele>
        <time>2024-07-06T07:34:09Z</time>
      </trkpt>
      <trkpt lat="45.59318" lon="24.76274">
        <ele>1619.42</ele>
        <time>2024-07-06T07:34:12Z</time>
      </trkpt>
      <trkpt lat="45.59318" lon="24.76273">
        <ele>1619.46</ele>
        <time>2024-07-06T07:34:13Z</time>
      </trkpt>
      <trkpt lat="45.59319" lon="24.76272">
        <ele>1619.99</ele>
        <time>2024-07-06T07:34:17Z</time>
      </trkpt>
      <trkpt lat="45.59319" lon="24.7627">
        <ele>1620.06</ele>
        <time>2024-07-06T07:34:21Z</time>
      </trkpt>
      <trkpt lat="45.5932" lon="24.76266">
        <ele>1620.69</ele>
        <time>2024-07-06T07:34:26Z</time>
      </trkpt>
      <trkpt lat="45.5932" lon="24.76264">
        <ele>1620.76</ele>
        <time>2024-07-06T07:34:28Z</time>
      </trkpt>
      <trkpt lat="45.5932" lon="24.76261">
        <ele>1620.86</ele>
        <time>2024-07-06T07:34:32Z</time>
      </trkpt>
      <trkpt lat="45.5932" lon="24.76259">
        <ele>1620.93</ele>
        <time>2024-07-06T07:34:36Z</time>
      </trkpt>
      <trkpt lat="45.59321" lon="24.76257">
        <ele>1621.45</ele>
        <time>2024-07-06T07:34:41Z</time>
      </trkpt>
      <trkpt lat="45.59322" lon="24.76257">
        <ele>1621.9</ele>
        <time>2024-07-06T07:34:44Z</time>
      </trkpt>
      <trkpt lat="45.59324" lon="24.76254">
        <ele>1622.87</ele>
        <time>2024-07-06T07:34:50Z</time>
      </trkpt>
      <trkpt lat="45.59325" lon="24.76254">
        <ele>1623.31</ele>
        <time>2024-07-06T07:34:55Z</time>
      </trkpt>
      <trkpt lat="45.59326" lon="24.76254">
        <ele>1623.76</ele>
        <time>2024-07-06T07:34:56Z</time>
      </trkpt>
      <trkpt lat="45.59326" lon="24.76251">
        <ele>1623.81</ele>
        <time>2024-07-06T07:35:02Z</time>
      </trkpt>
      <trkpt lat="45.59327" lon="24.7625">
        <ele>1624.26</ele>
        <time>2024-07-06T07:35:04Z</time>
      </trkpt>
      <trkpt lat="45.59329" lon="24.76249">
        <ele>1625.37</ele>
        <time>2024-07-06T07:35:09Z</time>
      </trkpt>
      <trkpt lat="45.5933" lon="24.76248">
        <ele>1626.06</ele>
        <time>2024-07-06T07:35:11Z</time>
      </trkpt>
      <trkpt lat="45.59332" lon="24.76242">
        <ele>1628.43</ele>
        <time>2024-07-06T07:35:18Z</time>
      </trkpt>
      <trkpt lat="45.59335" lon="24.76242">
        <ele>1629.8</ele>
        <time>2024-07-06T07:35:24Z</time>
      </trkpt>
      <trkpt lat="45.59335" lon="24.76242">
        <ele>1629.8</ele>
        <time>2024-07-06T07:35:25Z</time>
      </trkpt>
      <trkpt lat="45.59337" lon="24.76241">
        <ele>1630.98</ele>
        <time>2024-07-06T07:35:30Z</time>
      </trkpt>
      <trkpt lat="45.59337" lon="24.76241">
        <ele>1630.98</ele>
        <time>2024-07-06T07:35:32Z</time>
      </trkpt>
      <trkpt lat="45.59338" lon="24.76238">
        <ele>1632.21</ele>
        <time>2024-07-06T07:35:39Z</time>
      </trkpt>
      <trkpt lat="45.59338" lon="24.76237">
        <ele>1632.46</ele>
        <time>2024-07-06T07:35:41Z</time>
      </trkpt>
      <trkpt lat="45.59339" lon="24.76236">
        <ele>1633.18</ele>
        <time>2024-07-06T07:35:47Z</time>
      </trkpt>
      <trkpt lat="45.59339" lon="24.76235">
        <ele>1633.43</ele>
        <time>2024-07-06T07:35:49Z</time>
      </trkpt>
      <trkpt lat="45.5934" lon="24.76232">
        <ele>1634.66</ele>
        <time>2024-07-06T07:35:54Z</time>
      </trkpt>
      <trkpt lat="45.59341" lon="24.76231">
        <ele>1635.38</ele>
        <time>2024-07-06T07:35:58Z</time>
      </trkpt>
      <trkpt lat="45.59342" lon="24.7623">
        <ele>1636.1</ele>
        <time>2024-07-06T07:36:08Z</time>
      </trkpt>
      <trkpt lat="45.59341" lon="24.76229">
        <ele>1635.88</ele>
        <time>2024-07-06T07:36:10Z</time>
      </trkpt>
      <trkpt lat="45.59342" lon="24.76227">
        <ele>1636.85</ele>
        <time>2024-07-06T07:36:16Z</time>
      </trkpt>
      <trkpt lat="45.59342" lon="24.76226">
        <ele>1637.1</ele>
        <time>2024-07-06T07:36:20Z</time>
      </trkpt>
      <trkpt lat="45.59341" lon="24.76225">
        <ele>1636.89</ele>
        <time>2024-07-06T07:36:23Z</time>
      </trkpt>
      <trkpt lat="45.59341" lon="24.76224">
        <ele>1637.14</ele>
        <time>2024-07-06T07:36:28Z</time>
      </trkpt>
      <trkpt lat="45.59341" lon="24.76223">
        <ele>1637.39</ele>
        <time>2024-07-06T07:36:30Z</time>
      </trkpt>
      <trkpt lat="45.59342" lon="24.76223">
        <ele>1637.86</ele>
        <time>2024-07-06T07:36:37Z</time>
      </trkpt>
      <trkpt lat="45.59343" lon="24.76222">
        <ele>1638.61</ele>
        <time>2024-07-06T07:36:54Z</time>
      </trkpt>
      <trkpt lat="45.59344" lon="24.76217">
        <ele>1641.17</ele>
        <time>2024-07-06T07:37:01Z</time>
      </trkpt>
      <trkpt lat="45.59345" lon="24.76217">
        <ele>1641.72</ele>
        <time>2024-07-06T07:37:02Z</time>
      </trkpt>
      <trkpt lat="45.59347" lon="24.76217">
        <ele>1642.82</ele>
        <time>2024-07-06T07:37:06Z</time>
      </trkpt>
      <trkpt lat="45.59348" lon="24.76216">
        <ele>1643.85</ele>
        <time>2024-07-06T07:37:08Z</time>
      </trkpt>
      <trkpt lat="45.59349" lon="24.76214">
        <ele>1645.41</ele>
        <time>2024-07-06T07:37:11Z</time>
      </trkpt>
      <trkpt lat="45.59349" lon="24.76213">
        <ele>1645.9</ele>
        <time>2024-07-06T07:37:14Z</time>
      </trkpt>
      <trkpt lat="45.59349" lon="24.76212">
        <ele>1646.4</ele>
        <time>2024-07-06T07:37:16Z</time>
      </trkpt>
      <trkpt lat="45.59348" lon="24.76212">
        <ele>1645.77</ele>
        <time>2024-07-06T07:37:18Z</time>
      </trkpt>
      <trkpt lat="45.59347" lon="24.76211">
        <ele>1645.61</ele>
        <time>2024-07-06T07:37:22Z</time>
      </trkpt>
      <trkpt lat="45.59347" lon="24.76209">
        <ele>1646.54</ele>
        <time>2024-07-06T07:37:26Z</time>
      </trkpt>
      <trkpt lat="45.59347" lon="24.76208">
        <ele>1647.0</ele>
        <time>2024-07-06T07:37:27Z</time>
      </trkpt>
      <trkpt lat="45.59344" lon="24.76207">
        <ele>1645.35</ele>
        <time>2024-07-06T07:37:34Z</time>
      </trkpt>
      <trkpt lat="45.59344" lon="24.76206">
        <ele>1645.77</ele>
        <time>2024-07-06T07:37:35Z</time>
      </trkpt>
      <trkpt lat="45.59343" lon="24.76204">
        <ele>1645.86</ele>
        <time>2024-07-06T07:37:42Z</time>
      </trkpt>
      <trkpt lat="45.59343" lon="24.76204">
        <ele>1645.86</ele>
        <time>2024-07-06T07:37:44Z</time>
      </trkpt>
      <trkpt lat="45.59342" lon="24.76202">
        <ele>1645.88</ele>
        <time>2024-07-06T07:37:48Z</time>
      </trkpt>
      <trkpt lat="45.59342" lon="24.76202">
        <ele>1645.88</ele>
        <time>2024-07-06T07:37:50Z</time>
      </trkpt>
      <trkpt lat="45.59342" lon="24.762">
        <ele>1646.65</ele>
        <time>2024-07-06T07:37:56Z</time>
      </trkpt>
      <trkpt lat="45.59336" lon="24.76197">
        <ele>1642.65</ele>
        <time>2024-07-06T07:38:08Z</time>
      </trkpt>
      <trkpt lat="45.59336" lon="24.76196">
        <ele>1642.94</ele>
        <time>2024-07-06T07:38:09Z</time>
      </trkpt>
      <trkpt lat="45.59335" lon="24.76193">
        <ele>1642.77</ele>
        <time>2024-07-06T07:38:12Z</time>
      </trkpt>
      <trkpt lat="45.59334" lon="24.76191">
        <ele>1642.31</ele>
        <time>2024-07-06T07:38:15Z</time>
      </trkpt>
      <trkpt lat="45.59333" lon="24.76184">
        <ele>1643.1</ele>
        <time>2024-07-06T07:38:23Z</time>
      </trkpt>
      <trkpt lat="45.59333" lon="24.76182">
        <ele>1643.53</ele>
        <time>2024-07-06T07:38:29Z</time>
      </trkpt>
      <trkpt lat="45.59333" lon="24.76182">
        <ele>1643.53</ele>
        <time>2024-07-06T07:38:30Z</time>
      </trkpt>
      <trkpt lat="45.59333" lon="24.7618">
        <ele>1643.96</ele>
        <time>2024-07-06T07:38:36Z</time>
      </trkpt>
      <trkpt lat="45.59332" lon="24.76178">
        <ele>1643.9</ele>
        <time>2024-07-06T07:38:40Z</time>
      </trkpt>
      <trkpt lat="45.59332" lon="24.76177">
        <ele>1644.11</ele>
        <time>2024-07-06T07:38:44Z</time>
      </trkpt>
      <trkpt lat="45.5933" lon="24.76173">
        <ele>1643.98</ele>
        <time>2024-07-06T07:38:51Z</time>
      </trkpt>
      <trkpt lat="45.59331" lon="24.76171">
        <ele>1644.9</ele>
        <time>2024-07-06T07:38:57Z</time>
      </trkpt>
      <trkpt lat="45.59331" lon="24.76169">
        <ele>1645.33</ele>
        <time>2024-07-06T07:39:00Z</time>
      </trkpt>
      <trkpt lat="45.59331" lon="24.76167">
        <ele>1645.75</ele>
        <time>2024-07-06T07:39:04Z</time>
      </trkpt>
      <trkpt lat="45.59332" lon="24.76162">
        <ele>1647.19</ele>
        <time>2024-07-06T07:39:12Z</time>
      </trkpt>
      <trkpt lat="45.59332" lon="24.7616">
        <ele>1647.56</ele>
        <time>2024-07-06T07:39:14Z</time>
      </trkpt>
      <trkpt lat="45.59332" lon="24.7616">
        <ele>1647.56</ele>
        <time>2024-07-06T07:39:18Z</time>
      </trkpt>
      <trkpt lat="45.59331" lon="24.76155">
        <ele>1648.03</ele>
        <time>2024-07-06T07:39:25Z</time>
      </trkpt>
      <trkpt lat="45.59331" lon="24.76155">
        <ele>1648.03</ele>
        <time>2024-07-06T07:39:27Z</time>
      </trkpt>
      <trkpt lat="45.59331" lon="24.76153">
        <ele>1648.41</ele>
        <time>2024-07-06T07:39:32Z</time>
      </trkpt>
      <trkpt lat="45.5933" lon="24.76151">
        <ele>1648.34</ele>
        <time>2024-07-06T07:39:36Z</time>
      </trkpt>
      <trkpt lat="45.59329" lon="24.76149">
        <ele>1648.29</ele>
        <time>2024-07-06T07:39:41Z</time>
      </trkpt>
      <trkpt lat="45.59329" lon="24.76148">
        <ele>1648.49</ele>
        <time>2024-07-06T07:39:42Z</time>
      </trkpt>
      <trkpt lat="45.59328" lon="24.76147">
        <ele>1648.26</ele>
        <time>2024-07-06T07:39:46Z</time>
      </trkpt>
      <trkpt lat="45.59328" lon="24.76146">
        <ele>1648.46</ele>
        <time>2024-07-06T07:39:50Z</time>
      </trkpt>
      <trkpt lat="45.59329" lon="24.76144">
        <ele>1649.28</ele>
        <time>2024-07-06T07:39:54Z</time>
      </trkpt>
      <trkpt lat="45.5933" lon="24.76138">
        <ele>1651.2</ele>
        <time>2024-07-06T07:40:00Z</time>
      </trkpt>
      <trkpt lat="45.5933" lon="24.76138">
        <ele>1651.2</ele>
        <time>2024-07-06T07:40:01Z</time>
      </trkpt>
      <trkpt lat="45.59331" lon="24.7614">
        <ele>1650.87</ele>
        <time>2024-07-06T07:40:05Z</time>
      </trkpt>
      <trkpt lat="45.59333" lon="24.76139">
        <ele>1651.85</ele>
        <time>2024-07-06T07:40:11Z</time>
      </trkpt>
      <trkpt lat="45.59333" lon="24.7614">
        <ele>1651.67</ele>
        <time>2024-07-06T07:40:12Z</time>
      </trkpt>
      <trkpt lat="45.59335" lon="24.76136">
        <ele>1654.53</ele>
        <time>2024-07-06T07:40:19Z</time>
      </trkpt>
      <trkpt lat="45.59335" lon="24.76136">
        <ele>1654.53</ele>
        <time>2024-07-06T07:40:20Z</time>
      </trkpt>
      <trkpt lat="45.59339" lon="24.76136">
        <ele>1656.36</ele>
        <time>2024-07-06T07:40:28Z</time>
      </trkpt>
      <trkpt lat="45.59339" lon="24.76137">
        <ele>1655.77</ele>
        <time>2024-07-06T07:40:29Z</time>
      </trkpt>
      <trkpt lat="45.5934" lon="24.7614">
        <ele>1654.92</ele>
        <time>2024-07-06T07:40:34Z</time>
      </trkpt>
      <trkpt lat="45.59342" lon="24.76141">
        <ele>1655.68</ele>
        <time>2024-07-06T07:40:40Z</time>
      </trkpt>
      <trkpt lat="45.59342" lon="24.76141">
        <ele>1655.68</ele>
        <time>2024-07-06T07:40:41Z</time>
      </trkpt>
      <trkpt lat="45.59343" lon="24.7614">
        <ele>1656.32</ele>
        <time>2024-07-06T07:40:50Z</time>
      </trkpt>
      <trkpt lat="45.59343" lon="24.7614">
        <ele>1656.32</ele>
        <time>2024-07-06T07:40:57Z</time>
      </trkpt>
      <trkpt lat="45.59343" lon="24.7614">
        <ele>1656.32</ele>
        <time>2024-07-06T07:41:03Z</time>
      </trkpt>
      <trkpt lat="45.59343" lon="24.76141">
        <ele>1656.14</ele>
        <time>2024-07-06T07:41:06Z</time>
      </trkpt>
      <trkpt lat="45.59343" lon="24.76141">
        <ele>1656.14</ele>
        <time>2024-07-06T07:41:11Z</time>
      </trkpt>
      <trkpt lat="45.59345" lon="24.76141">
        <ele>1657.08</ele>
        <time>2024-07-06T07:41:17Z</time>
      </trkpt>
      <trkpt lat="45.59346" lon="24.76141">
        <ele>1657.55</ele>
        <time>2024-07-06T07:41:24Z</time>
      </trkpt>
      <trkpt lat="45.59346" lon="24.76138">
        <ele>1658.43</ele>
        <time>2024-07-06T07:41:29Z</time>
      </trkpt>
      <trkpt lat="45.59348" lon="24.76136">
        <ele>1660.47</ele>
        <time>2024-07-06T07:41:36Z</time>
      </trkpt>
      <trkpt lat="45.59348" lon="24.76132">
        <ele>1662.69</ele>
        <time>2024-07-06T07:41:44Z</time>
      </trkpt>
      <trkpt lat="45.59348" lon="24.7613">
        <ele>1663.8</ele>
        <time>2024-07-06T07:41:50Z</time>
      </trkpt>
      <trkpt lat="45.59348" lon="24.76128">
        <ele>1664.91</ele>
        <time>2024-07-06T07:41:56Z</time>
      </trkpt>
      <trkpt lat="45.5935" lon="24.76128">
        <ele>1665.76</ele>
        <time>2024-07-06T07:42:03Z</time>
      </trkpt>
      <trkpt lat="45.59351" lon="24.76128">
        <ele>1666.18</ele>
        <time>2024-07-06T07:42:06Z</time>
      </trkpt>
      <trkpt lat="45.59351" lon="24.76128">
        <ele>1666.18</ele>
        <time>2024-07-06T07:42:08Z</time>
      </trkpt>
      <trkpt lat="45.59354" lon="24.76128">
        <ele>1667.46</ele>
        <time>2024-07-06T07:42:18Z</time>
      </trkpt>
      <trkpt lat="45.59356" lon="24.76127">
        <ele>1668.84</ele>
        <time>2024-07-06T07:42:30Z</time>
      </trkpt>
      <trkpt lat="45.5936" lon="24.76125">
        <ele>1671.54</ele>
        <time>2024-07-06T07:42:52Z</time>
      </trkpt>
      <trkpt lat="45.5936" lon="24.76125">
        <ele>1671.54</ele>
        <time>2024-07-06T07:42:55Z</time>
      </trkpt>
      <trkpt lat="45.5936" lon="24.76125">
        <ele>1671.54</ele>
        <time>2024-07-06T07:42:58Z</time>
      </trkpt>
      <trkpt lat="45.59361" lon="24.76125">
        <ele>1671.95</ele>
        <time>2024-07-06T07:43:01Z</time>
      </trkpt>
      <trkpt lat="45.59362" lon="24.76128">
        <ele>1670.8</ele>
        <time>2024-07-06T07:43:10Z</time>
      </trkpt>
      <trkpt lat="45.59362" lon="24.76129">
        <ele>1670.29</ele>
        <time>2024-07-06T07:43:15Z</time>
      </trkpt>
      <trkpt lat="45.59362" lon="24.76129">
        <ele>1670.29</ele>
        <time>2024-07-06T07:43:28Z</time>
      </trkpt>
      <trkpt lat="45.59362" lon="24.7613">
        <ele>1669.79</ele>
        <time>2024-07-06T07:43:35Z</time>
      </trkpt>
      <trkpt lat="45.59362" lon="24.76131">
        <ele>1669.29</ele>
        <time>2024-07-06T07:43:49Z</time>
      </trkpt>
      <trkpt lat="45.59362" lon="24.76131">
        <ele>1669.29</ele>
        <time>2024-07-06T07:43:51Z</time>
      </trkpt>
      <trkpt lat="45.59362" lon="24.76131">
        <ele>1669.29</ele>
        <time>2024-07-06T07:43:53Z</time>
      </trkpt>
      <trkpt lat="45.59362" lon="24.76131">
        <ele>1669.29</ele>
        <time>2024-07-06T07:43:55Z</time>
      </trkpt>
      <trkpt lat="45.59362" lon="24.76132">
        <ele>1668.78</ele>
        <time>2024-07-06T07:44:46Z</time>
      </trkpt>
      <trkpt lat="45.59362" lon="24.76132">
        <ele>1668.78</ele>
        <time>2024-07-06T07:44:51Z</time>
      </trkpt>
      <trkpt lat="45.59362" lon="24.76132">
        <ele>1668.78</ele>
        <time>2024-07-06T07:45:07Z</time>
      </trkpt>
      <trkpt lat="45.59362" lon="24.76132">
        <ele>1668.78</ele>
        <time>2024-07-06T07:45:42Z</time>
      </trkpt>
      <trkpt lat="45.59362" lon="24.76133">
        <ele>1668.28</ele>
        <time>2024-07-06T07:46:07Z</time>
      </trkpt>
      <trkpt lat="45.59363" lon="24.76133">
        <ele>1668.63</ele>
        <time>2024-07-06T07:46:16Z</time>
      </trkpt>
      <trkpt lat="45.59363" lon="24.76133">
        <ele>1668.63</ele>
        <time>2024-07-06T07:46:25Z</time>
      </trkpt>
      <trkpt lat="45.59363" lon="24.76133">
        <ele>1668.63</ele>
        <time>2024-07-06T07:46:36Z</time>
      </trkpt>
      <trkpt lat="45.59363" lon="24.76133">
        <ele>1668.63</ele>
        <time>2024-07-06T07:46:42Z</time>
      </trkpt>
      <trkpt lat="45.59363" lon="24.76133">
        <ele>1668.63</ele>
        <time>2024-07-06T07:46:44Z</time>
      </trkpt>
      <trkpt lat="45.59363" lon="24.76133">
        <ele>1668.63</ele>
        <time>2024-07-06T07:46:54Z</time>
      </trkpt>
      <trkpt lat="45.59363" lon="24.76133">
        <ele>1668.63</ele>
        <time>2024-07-06T07:46:57Z</time>
      </trkpt>
      <trkpt lat="45.59363" lon="24.76133">
        <ele>1668.63</ele>
        <time>2024-07-06T07:47:00Z</time>
      </trkpt>
      <trkpt lat="45.59363" lon="24.76133">
        <ele>1668.63</ele>
        <time>2024-07-06T07:47:01Z</time>
      </trkpt>
      <trkpt lat="45.59363" lon="24.76133">
        <ele>1668.63</ele>
        <time>2024-07-06T07:47:05Z</time>
      </trkpt>
      <trkpt lat="45.59364" lon="24.76133">
        <ele>1668.99</ele>
        <time>2024-07-06T07:47:09Z</time>
      </trkpt>
      <trkpt lat="45.59364" lon="24.76133">
        <ele>1668.99</ele>
        <time>2024-07-06T07:47:13Z</time>
      </trkpt>
      <trkpt lat="45.59364" lon="24.76134">
        <ele>1668.49</ele>
        <time>2024-07-06T07:47:20Z</time>
      </trkpt>
      <trkpt lat="45.59364" lon="24.76134">
        <ele>1668.49</ele>
        <time>2024-07-06T07:47:23Z</time>
      </trkpt>
      <trkpt lat="45.59364" lon="24.76134">
        <ele>1668.49</ele>
        <time>2024-07-06T07:47:31Z</time>
      </trkpt>
      <trkpt lat="45.59364" lon="24.76134">
        <ele>1668.49</ele>
        <time>2024-07-06T07:47:33Z</time>
      </trkpt>
      <trkpt lat="45.59365" lon="24.76134">
        <ele>1668.84</ele>
        <time>2024-07-06T07:47:45Z</time>
      </trkpt>
      <trkpt lat="45.59365" lon="24.76134">
        <ele>1668.84</ele>
        <time>2024-07-06T07:47:56Z</time>
      </trkpt>
      <trkpt lat="45.59365" lon="24.76133">
        <ele>1669.34</ele>
        <time>2024-07-06T07:48:03Z</time>
      </trkpt>
      <trkpt lat="45.59366" lon="24.76133">
        <ele>1669.69</ele>
        <time>2024-07-06T07:48:18Z</time>
      </trkpt>
      <trkpt lat="45.59366" lon="24.76133">
        <ele>1669.69</ele>
        <time>2024-07-06T07:48:24Z</time>
      </trkpt>
      <trkpt lat="45.59366" lon="24.76133">
        <ele>1669.69</ele>
        <time>2024-07-06T07:48:28Z</time>
      </trkpt>
      <trkpt lat="45.59386" lon="24.76121">
        <ele>1682.4</ele>
        <time>2024-07-06T07:48:34Z</time>
      </trkpt>
      <trkpt lat="45.5939" lon="24.76119">
        <ele>1685.03</ele>
        <time>2024-07-06T07:48:35Z</time>
      </trkpt>
      <trkpt lat="45.594" lon="24.76112">
        <ele>1695.86</ele>
        <time>2024-07-06T07:48:43Z</time>
      </trkpt>
      <trkpt lat="45.59401" lon="24.76111">
        <ele>1697.24</ele>
        <time>2024-07-06T07:48:45Z</time>
      </trkpt>
      <trkpt lat="45.59401" lon="24.76106">
        <ele>1700.94</ele>
        <time>2024-07-06T07:48:51Z</time>
      </trkpt>
      <trkpt lat="45.59401" lon="24.76105">
        <ele>1701.68</ele>
        <time>2024-07-06T07:48:52Z</time>
      </trkpt>
      <trkpt lat="45.59401" lon="24.76103">
        <ele>1703.16</ele>
        <time>2024-07-06T07:48:54Z</time>
      </trkpt>
      <trkpt lat="45.59399" lon="24.76097">
        <ele>1706.13</ele>
        <time>2024-07-06T07:49:00Z</time>
      </trkpt>
      <trkpt lat="45.59398" lon="24.76098">
        <ele>1704.65</ele>
        <time>2024-07-06T07:49:01Z</time>
      </trkpt>
      <trkpt lat="45.59398" lon="24.76097">
        <ele>1705.39</ele>
        <time>2024-07-06T07:49:03Z</time>
      </trkpt>
      <trkpt lat="45.59398" lon="24.76098">
        <ele>1704.65</ele>
        <time>2024-07-06T07:49:06Z</time>
      </trkpt>
      <trkpt lat="45.59398" lon="24.76098">
        <ele>1704.65</ele>
        <time>2024-07-06T07:49:08Z</time>
      </trkpt>
      <trkpt lat="45.59401" lon="24.76093">
        <ele>1710.56</ele>
        <time>2024-07-06T07:49:12Z</time>
      </trkpt>
      <trkpt lat="45.59402" lon="24.7609">
        <ele>1713.51</ele>
        <time>2024-07-06T07:49:17Z</time>
      </trkpt>
      <trkpt lat="45.59403" lon="24.7609">
        <ele>1714.24</ele>
        <time>2024-07-06T07:49:21Z</time>
      </trkpt>
      <trkpt lat="45.59404" lon="24.7609">
        <ele>1714.97</ele>
        <time>2024-07-06T07:49:23Z</time>
      </trkpt>
      <trkpt lat="45.59404" lon="24.7609">
        <ele>1714.97</ele>
        <time>2024-07-06T07:49:24Z</time>
      </trkpt>
      <trkpt lat="45.59403" lon="24.76085">
        <ele>1717.93</ele>
        <time>2024-07-06T07:49:31Z</time>
      </trkpt>
      <trkpt lat="45.59403" lon="24.76085">
        <ele>1717.93</ele>
        <time>2024-07-06T07:49:38Z</time>
      </trkpt>
      <trkpt lat="45.59403" lon="24.76085">
        <ele>1717.93</ele>
        <time>2024-07-06T07:49:50Z</time>
      </trkpt>
      <trkpt lat="45.59403" lon="24.76084">
        <ele>1718.67</ele>
        <time>2024-07-06T07:49:57Z</time>
      </trkpt>
      <trkpt lat="45.59403" lon="24.76084">
        <ele>1718.67</ele>
        <time>2024-07-06T07:50:00Z</time>
      </trkpt>
      <trkpt lat="45.59403" lon="24.76084">
        <ele>1718.67</ele>
        <time>2024-07-06T07:50:01Z</time>
      </trkpt>
      <trkpt lat="45.59403" lon="24.76083">
        <ele>1719.24</ele>
        <time>2024-07-06T07:50:05Z</time>
      </trkpt>
      <trkpt lat="45.59403" lon="24.76084">
        <ele>1718.67</ele>
        <time>2024-07-06T07:50:16Z</time>
      </trkpt>
      <trkpt lat="45.59403" lon="24.76084">
        <ele>1718.67</ele>
        <time>2024-07-06T07:50:21Z</time>
      </trkpt>
      <trkpt lat="45.59403" lon="24.76086">
        <ele>1717.19</ele>
        <time>2024-07-06T07:50:28Z</time>
      </trkpt>
      <trkpt lat="45.59403" lon="24.76086">
        <ele>1717.19</ele>
        <time>2024-07-06T07:50:44Z</time>
      </trkpt>
      <trkpt lat="45.59404" lon="24.76091">
        <ele>1714.23</ele>
        <time>2024-07-06T07:50:55Z</time>
      </trkpt>
      <trkpt lat="45.59405" lon="24.76093">
        <ele>1713.49</ele>
        <time>2024-07-06T07:50:58Z</time>
      </trkpt>
      <trkpt lat="45.59405" lon="24.76093">
        <ele>1713.49</ele>
        <time>2024-07-06T07:51:01Z</time>
      </trkpt>
      <trkpt lat="45.59406" lon="24.76093">
        <ele>1714.23</ele>
        <time>2024-07-06T07:51:04Z</time>
      </trkpt>
      <trkpt lat="45.59406" lon="24.76093">
        <ele>1714.23</ele>
        <time>2024-07-06T07:51:15Z</time>
      </trkpt>
      <trkpt lat="45.59406" lon="24.76093">
        <ele>1714.23</ele>
        <time>2024-07-06T07:51:20Z</time>
      </trkpt>
      <trkpt lat="45.59405" lon="24.76093">
        <ele>1713.49</ele>
        <time>2024-07-06T07:51:36Z</time>
      </trkpt>
      <trkpt lat="45.59405" lon="24.76093">
        <ele>1713.49</ele>
        <time>2024-07-06T07:51:50Z</time>
      </trkpt>
      <trkpt lat="45.59405" lon="24.76093">
        <ele>1713.49</ele>
        <time>2024-07-06T07:52:06Z</time>
      </trkpt>
      <trkpt lat="45.59407" lon="24.76094">
        <ele>1714.23</ele>
        <time>2024-07-06T07:52:17Z</time>
      </trkpt>
      <trkpt lat="45.59407" lon="24.76094">
        <ele>1714.23</ele>
        <time>2024-07-06T07:52:21Z</time>
      </trkpt>
      <trkpt lat="45.59407" lon="24.76096">
        <ele>1712.76</ele>
        <time>2024-07-06T07:52:31Z</time>
      </trkpt>
      <trkpt lat="45.59408" lon="24.76096">
        <ele>1713.5</ele>
        <time>2024-07-06T07:52:36Z</time>
      </trkpt>
      <trkpt lat="45.59408" lon="24.76097">
        <ele>1712.77</ele>
        <time>2024-07-06T07:52:40Z</time>
      </trkpt>
      <trkpt lat="45.59409" lon="24.76099">
        <ele>1712.04</ele>
        <time>2024-07-06T07:52:45Z</time>
      </trkpt>
      <trkpt lat="45.59411" lon="24.76101">
        <ele>1712.07</ele>
        <time>2024-07-06T07:52:51Z</time>
      </trkpt>
      <trkpt lat="45.59413" lon="24.76103">
        <ele>1712.11</ele>
        <time>2024-07-06T07:52:55Z</time>
      </trkpt>
      <trkpt lat="45.59413" lon="24.76105">
        <ele>1710.66</ele>
        <time>2024-07-06T07:52:58Z</time>
      </trkpt>
      <trkpt lat="45.59413" lon="24.76107">
        <ele>1709.21</ele>
        <time>2024-07-06T07:53:02Z</time>
      </trkpt>
      <trkpt lat="45.59414" lon="24.76108">
        <ele>1709.23</ele>
        <time>2024-07-06T07:53:05Z</time>
      </trkpt>
      <trkpt lat="45.59415" lon="24.76108">
        <ele>1709.99</ele>
        <time>2024-07-06T07:53:08Z</time>
      </trkpt>
      <trkpt lat="45.59415" lon="24.76108">
        <ele>1709.99</ele>
        <time>2024-07-06T07:53:10Z</time>
      </trkpt>
      <trkpt lat="45.59417" lon="24.76109">
        <ele>1710.66</ele>
        <time>2024-07-06T07:53:14Z</time>
      </trkpt>
      <trkpt lat="45.59417" lon="24.76111">
        <ele>1709.22</ele>
        <time>2024-07-06T07:53:18Z</time>
      </trkpt>
      <trkpt lat="45.59418" lon="24.76113">
        <ele>1708.04</ele>
        <time>2024-07-06T07:53:21Z</time>
      </trkpt>
      <trkpt lat="45.59418" lon="24.76114">
        <ele>1707.23</ele>
        <time>2024-07-06T07:53:23Z</time>
      </trkpt>
      <trkpt lat="45.5942" lon="24.76118">
        <ele>1705.0</ele>
        <time>2024-07-06T07:53:34Z</time>
      </trkpt>
      <trkpt lat="45.5942" lon="24.7612">
        <ele>1703.43</ele>
        <time>2024-07-06T07:53:40Z</time>
      </trkpt>
      <trkpt lat="45.5942" lon="24.76123">
        <ele>1701.06</ele>
        <time>2024-07-06T07:53:47Z</time>
      </trkpt>
      <trkpt lat="45.59421" lon="24.76124">
        <ele>1700.85</ele>
        <time>2024-07-06T07:53:49Z</time>
      </trkpt>
      <trkpt lat="45.59421" lon="24.76125">
        <ele>1700.07</ele>
        <time>2024-07-06T07:53:53Z</time>
      </trkpt>
      <trkpt lat="45.59425" lon="24.76129">
        <ele>1699.53</ele>
        <time>2024-07-06T07:53:58Z</time>
      </trkpt>
      <trkpt lat="45.59428" lon="24.76133">
        <ele>1698.67</ele>
        <time>2024-07-06T07:54:03Z</time>
      </trkpt>
      <trkpt lat="45.59429" lon="24.76133">
        <ele>1699.35</ele>
        <time>2024-07-06T07:54:26Z</time>
      </trkpt>
      <trkpt lat="45.59431" lon="24.76133">
        <ele>1700.73</ele>
        <time>2024-07-06T07:54:33Z</time>
      </trkpt>
      <trkpt lat="45.59433" lon="24.76133">
        <ele>1702.1</ele>
        <time>2024-07-06T07:54:43Z</time>
      </trkpt>
      <trkpt lat="45.59435" lon="24.76131">
        <ele>1704.71</ele>
        <time>2024-07-06T07:54:53Z</time>
      </trkpt>
      <trkpt lat="45.59437" lon="24.76128">
        <ele>1707.81</ele>
        <time>2024-07-06T07:55:00Z</time>
      </trkpt>
      <trkpt lat="45.5944" lon="24.76126">
        <ele>1710.8</ele>
        <time>2024-07-06T07:55:12Z</time>
      </trkpt>
      <trkpt lat="45.5944" lon="24.76126">
        <ele>1710.8</ele>
        <time>2024-07-06T07:55:13Z</time>
      </trkpt>
      <trkpt lat="45.59441" lon="24.76126">
        <ele>1711.41</ele>
        <time>2024-07-06T07:55:18Z</time>
      </trkpt>
      <trkpt lat="45.59441" lon="24.76125">
        <ele>1711.95</ele>
        <time>2024-07-06T07:55:19Z</time>
      </trkpt>
      <trkpt lat="45.59444" lon="24.76124">
        <ele>1714.25</ele>
        <time>2024-07-06T07:55:30Z</time>
      </trkpt>
      <trkpt lat="45.59445" lon="24.76124">
        <ele>1714.86</ele>
        <time>2024-07-06T07:55:36Z</time>
      </trkpt>
      <trkpt lat="45.59445" lon="24.76124">
        <ele>1714.86</ele>
        <time>2024-07-06T07:55:37Z</time>
      </trkpt>
      <trkpt lat="45.59446" lon="24.76124">
        <ele>1715.51</ele>
        <time>2024-07-06T07:55:43Z</time>
      </trkpt>
      <trkpt lat="45.5945" lon="24.76122">
        <ele>1718.89</ele>
        <time>2024-07-06T07:55:54Z</time>
      </trkpt>
      <trkpt lat="45.59451" lon="24.76121">
        <ele>1719.87</ele>
        <time>2024-07-06T07:55:58Z</time>
      </trkpt>
      <trkpt lat="45.59451" lon="24.7612">
        <ele>1720.25</ele>
        <time>2024-07-06T07:56:02Z</time>
      </trkpt>
      <trkpt lat="45.59452" lon="24.76118">
        <ele>1721.53</ele>
        <time>2024-07-06T07:56:08Z</time>
      </trkpt>
      <trkpt lat="45.59454" lon="24.76116">
        <ele>1723.23</ele>
        <time>2024-07-06T07:56:17Z</time>
      </trkpt>
      <trkpt lat="45.59455" lon="24.76114">
        <ele>1724.32</ele>
        <time>2024-07-06T07:56:23Z</time>
      </trkpt>
      <trkpt lat="45.59455" lon="24.76112">
        <ele>1724.91</ele>
        <time>2024-07-06T07:56:29Z</time>
      </trkpt>
      <trkpt lat="45.59456" lon="24.76111">
        <ele>1725.61</ele>
        <time>2024-07-06T07:56:32Z</time>
      </trkpt>
      <trkpt lat="45.5946" lon="24.76109">
        <ele>1727.6</ele>
        <time>2024-07-06T07:56:43Z</time>
      </trkpt>
      <trkpt lat="45.59462" lon="24.76107">
        <ele>1728.7</ele>
        <time>2024-07-06T07:56:55Z</time>
      </trkpt>
      <trkpt lat="45.59463" lon="24.76107">
        <ele>1729.04</ele>
        <time>2024-07-06T07:57:00Z</time>
      </trkpt>
      <trkpt lat="45.59463" lon="24.76107">
        <ele>1729.04</ele>
        <time>2024-07-06T07:57:04Z</time>
      </trkpt>
      <trkpt lat="45.59464" lon="24.76107">
        <ele>1729.37</ele>
        <time>2024-07-06T07:57:15Z</time>
      </trkpt>
      <trkpt lat="45.59465" lon="24.76107">
        <ele>1729.71</ele>
        <time>2024-07-06T07:57:25Z</time>
      </trkpt>
      <trkpt lat="45.59465" lon="24.76107">
        <ele>1729.71</ele>
        <time>2024-07-06T07:57:32Z</time>
      </trkpt>
      <trkpt lat="45.59465" lon="24.76107">
        <ele>1729.71</ele>
        <time>2024-07-06T07:57:37Z</time>
      </trkpt>
      <trkpt lat="45.59465" lon="24.76106">
        <ele>1729.85</ele>
        <time>2024-07-06T07:57:53Z</time>
      </trkpt>
      <trkpt lat="45.59465" lon="24.76106">
        <ele>1729.85</ele>
        <time>2024-07-06T07:58:01Z</time>
      </trkpt>
      <trkpt lat="45.59465" lon="24.76106">
        <ele>1729.85</ele>
        <time>2024-07-06T07:58:09Z</time>
      </trkpt>
      <trkpt lat="45.59465" lon="24.76106">
        <ele>1729.85</ele>
        <time>2024-07-06T07:58:16Z</time>
      </trkpt>
      <trkpt lat="45.59465" lon="24.76106">
        <ele>1729.85</ele>
        <time>2024-07-06T07:58:24Z</time>
      </trkpt>
      <trkpt lat="45.59465" lon="24.76105">
        <ele>1729.99</ele>
        <time>2024-07-06T07:58:28Z</time>
      </trkpt>
      <trkpt lat="45.59465" lon="24.76105">
        <ele>1729.99</ele>
        <time>2024-07-06T07:58:29Z</time>
      </trkpt>
      <trkpt lat="45.59465" lon="24.76105">
        <ele>1729.99</ele>
        <time>2024-07-06T07:58:35Z</time>
      </trkpt>
      <trkpt lat="45.59465" lon="24.76105">
        <ele>1729.99</ele>
        <time>2024-07-06T07:58:39Z</time>
      </trkpt>
      <trkpt lat="45.59465" lon="24.76105">
        <ele>1729.99</ele>
        <time>2024-07-06T07:58:47Z</time>
      </trkpt>
      <trkpt lat="45.59465" lon="24.76104">
        <ele>1730.13</ele>
        <time>2024-07-06T07:58:55Z</time>
      </trkpt>
      <trkpt lat="45.59466" lon="24.76104">
        <ele>1730.42</ele>
        <time>2024-07-06T07:59:00Z</time>
      </trkpt>
      <trkpt lat="45.59466" lon="24.76104">
        <ele>1730.42</ele>
        <time>2024-07-06T07:59:02Z</time>
      </trkpt>
      <trkpt lat="45.59466" lon="24.76104">
        <ele>1730.42</ele>
        <time>2024-07-06T07:59:13Z</time>
      </trkpt>
      <trkpt lat="45.59466" lon="24.76103">
        <ele>1730.55</ele>
        <time>2024-07-06T07:59:17Z</time>
      </trkpt>
      <trkpt lat="45.59466" lon="24.76103">
        <ele>1730.55</ele>
        <time>2024-07-06T07:59:26Z</time>
      </trkpt>
      <trkpt lat="45.59466" lon="24.76103">
        <ele>1730.55</ele>
        <time>2024-07-06T07:59:29Z</time>
      </trkpt>
      <trkpt lat="45.59466" lon="24.76103">
        <ele>1730.55</ele>
        <time>2024-07-06T07:59:32Z</time>
      </trkpt>
      <trkpt lat="45.59466" lon="24.76103">
        <ele>1730.55</ele>
        <time>2024-07-06T07:59:35Z</time>
      </trkpt>
      <trkpt lat="45.59466" lon="24.76102">
        <ele>1730.67</ele>
        <time>2024-07-06T07:59:43Z</time>
      </trkpt>
      <trkpt lat="45.59466" lon="24.76102">
        <ele>1730.67</ele>
        <time>2024-07-06T07:59:48Z</time>
      </trkpt>
      <trkpt lat="45.59466" lon="24.76102">
        <ele>1730.67</ele>
        <time>2024-07-06T07:59:52Z</time>
      </trkpt>
      <trkpt lat="45.59466" lon="24.76101">
        <ele>1730.8</ele>
        <time>2024-07-06T08:00:01Z</time>
      </trkpt>
      <trkpt lat="45.59467" lon="24.76101">
        <ele>1731.05</ele>
        <time>2024-07-06T08:00:14Z</time>
      </trkpt>
      <trkpt lat="45.59467" lon="24.761">
        <ele>1731.16</ele>
        <time>2024-07-06T08:00:18Z</time>
      </trkpt>
      <trkpt lat="45.59467" lon="24.761">
        <ele>1731.16</ele>
        <time>2024-07-06T08:00:25Z</time>
      </trkpt>
      <trkpt lat="45.59467" lon="24.761">
        <ele>1731.16</ele>
        <time>2024-07-06T08:00:29Z</time>
      </trkpt>
      <trkpt lat="45.59467" lon="24.761">
        <ele>1731.16</ele>
        <time>2024-07-06T08:00:34Z</time>
      </trkpt>
      <trkpt lat="45.59467" lon="24.76099">
        <ele>1731.27</ele>
        <time>2024-07-06T08:00:36Z</time>
      </trkpt>
      <trkpt lat="45.59467" lon="24.76099">
        <ele>1731.27</ele>
        <time>2024-07-06T08:00:41Z</time>
      </trkpt>
      <trkpt lat="45.59467" lon="24.76099">
        <ele>1731.27</ele>
        <time>2024-07-06T08:00:47Z</time>
      </trkpt>
      <trkpt lat="45.59468" lon="24.76098">
        <ele>1731.59</ele>
        <time>2024-07-06T08:00:53Z</time>
      </trkpt>
      <trkpt lat="45.59468" lon="24.76098">
        <ele>1731.59</ele>
        <time>2024-07-06T08:00:54Z</time>
      </trkpt>
      <trkpt lat="45.59468" lon="24.76098">
        <ele>1731.59</ele>
        <time>2024-07-06T08:01:02Z</time>
      </trkpt>
      <trkpt lat="45.59468" lon="24.76098">
        <ele>1731.59</ele>
        <time>2024-07-06T08:01:06Z</time>
      </trkpt>
      <trkpt lat="45.59468" lon="24.76097">
        <ele>1731.69</ele>
        <time>2024-07-06T08:01:10Z</time>
      </trkpt>
      <trkpt lat="45.59468" lon="24.76097">
        <ele>1731.69</ele>
        <time>2024-07-06T08:01:15Z</time>
      </trkpt>
      <trkpt lat="45.59468" lon="24.76096">
        <ele>1731.78</ele>
        <time>2024-07-06T08:01:30Z</time>
      </trkpt>
      <trkpt lat="45.59469" lon="24.76093">
        <ele>1732.21</ele>
        <time>2024-07-06T08:01:57Z</time>
      </trkpt>
      <trkpt lat="45.59469" lon="24.76093">
        <ele>1732.21</ele>
        <time>2024-07-06T08:02:03Z</time>
      </trkpt>
      <trkpt lat="45.59469" lon="24.76093">
        <ele>1732.21</ele>
        <time>2024-07-06T08:02:11Z</time>
      </trkpt>
      <trkpt lat="45.5947" lon="24.76092">
        <ele>1732.41</ele>
        <time>2024-07-06T08:02:19Z</time>
      </trkpt>
      <trkpt lat="45.5947" lon="24.76092">
        <ele>1732.41</ele>
        <time>2024-07-06T08:02:24Z</time>
      </trkpt>
      <trkpt lat="45.5947" lon="24.76092">
        <ele>1732.41</ele>
        <time>2024-07-06T08:02:28Z</time>
      </trkpt>
      <trkpt lat="45.5947" lon="24.76091">
        <ele>1732.48</ele>
        <time>2024-07-06T08:02:38Z</time>
      </trkpt>
      <trkpt lat="45.5947" lon="24.7609">
        <ele>1732.55</ele>
        <time>2024-07-06T08:02:46Z</time>
      </trkpt>
      <trkpt lat="45.59471" lon="24.7609">
        <ele>1732.64</ele>
        <time>2024-07-06T08:02:51Z</time>
      </trkpt>
      <trkpt lat="45.59471" lon="24.7609">
        <ele>1732.64</ele>
        <time>2024-07-06T08:02:55Z</time>
      </trkpt>
      <trkpt lat="45.59471" lon="24.7609">
        <ele>1732.64</ele>
        <time>2024-07-06T08:03:00Z</time>
      </trkpt>
      <trkpt lat="45.59471" lon="24.76089">
        <ele>1732.7</ele>
        <time>2024-07-06T08:03:10Z</time>
      </trkpt>
      <trkpt lat="45.59472" lon="24.76089">
        <ele>1732.78</ele>
        <time>2024-07-06T08:03:14Z</time>
      </trkpt>
      <trkpt lat="45.59472" lon="24.76088">
        <ele>1732.82</ele>
        <time>2024-07-06T08:03:25Z</time>
      </trkpt>
      <trkpt lat="45.59472" lon="24.76088">
        <ele>1732.82</ele>
        <time>2024-07-06T08:03:29Z</time>
      </trkpt>
      <trkpt lat="45.59473" lon="24.76086">
        <ele>1733.1</ele>
        <time>2024-07-06T08:03:45Z</time>
      </trkpt>
      <trkpt lat="45.59473" lon="24.76086">
        <ele>1733.1</ele>
        <time>2024-07-06T08:03:52Z</time>
      </trkpt>
      <trkpt lat="45.59474" lon="24.76085">
        <ele>1733.36</ele>
        <time>2024-07-06T08:04:00Z</time>
      </trkpt>
      <trkpt lat="45.59474" lon="24.76085">
        <ele>1733.36</ele>
        <time>2024-07-06T08:04:07Z</time>
      </trkpt>
      <trkpt lat="45.59474" lon="24.76085">
        <ele>1733.36</ele>
        <time>2024-07-06T08:04:08Z</time>
      </trkpt>
      <trkpt lat="45.59475" lon="24.76084">
        <ele>1733.6</ele>
        <time>2024-07-06T08:04:17Z</time>
      </trkpt>
      <trkpt lat="45.59475" lon="24.76083">
        <ele>1733.63</ele>
        <time>2024-07-06T08:04:27Z</time>
      </trkpt>
      <trkpt lat="45.59476" lon="24.76083">
        <ele>1733.84</ele>
        <time>2024-07-06T08:04:39Z</time>
      </trkpt>
      <trkpt lat="45.59476" lon="24.76082">
        <ele>1733.92</ele>
        <time>2024-07-06T08:04:49Z</time>
      </trkpt>
      <trkpt lat="45.59476" lon="24.76082">
        <ele>1733.92</ele>
        <time>2024-07-06T08:04:51Z</time>
      </trkpt>
      <trkpt lat="45.59477" lon="24.76081">
        <ele>1734.21</ele>
        <time>2024-07-06T08:05:00Z</time>
      </trkpt>
      <trkpt lat="45.59477" lon="24.76081">
        <ele>1734.21</ele>
        <time>2024-07-06T08:05:05Z</time>
      </trkpt>
      <trkpt lat="45.59478" lon="24.7608">
        <ele>1734.51</ele>
        <time>2024-07-06T08:05:16Z</time>
      </trkpt>
      <trkpt lat="45.59478" lon="24.7608">
        <ele>1734.51</ele>
        <time>2024-07-06T08:05:26Z</time>
      </trkpt>
      <trkpt lat="45.59479" lon="24.76079">
        <ele>1734.81</ele>
        <time>2024-07-06T08:05:32Z</time>
      </trkpt>
      <trkpt lat="45.59486" lon="24.76072">
        <ele>1736.99</ele>
        <time>2024-07-06T08:05:49Z</time>
      </trkpt>
      <trkpt lat="45.59516" lon="24.76044">
        <ele>1758.18</ele>
        <time>2024-07-06T08:05:54Z</time>
      </trkpt>
      <trkpt lat="45.59541" lon="24.76022">
        <ele>1780.97</ele>
        <time>2024-07-06T08:05:58Z</time>
      </trkpt>
      <trkpt lat="45.59542" lon="24.7602">
        <ele>1782.8</ele>
        <time>2024-07-06T08:06:05Z</time>
      </trkpt>
      <trkpt lat="45.59543" lon="24.7602">
        <ele>1783.68</ele>
        <time>2024-07-06T08:06:12Z</time>
      </trkpt>
      <trkpt lat="45.59544" lon="24.7602">
        <ele>1784.57</ele>
        <time>2024-07-06T08:06:15Z</time>
      </trkpt>
      <trkpt lat="45.59544" lon="24.7602">
        <ele>1784.57</ele>
        <time>2024-07-06T08:06:20Z</time>
      </trkpt>
      <trkpt lat="45.59544" lon="24.76019">
        <ele>1784.97</ele>
        <time>2024-07-06T08:06:24Z</time>
      </trkpt>
      <trkpt lat="45.59544" lon="24.76019">
        <ele>1784.97</ele>
        <time>2024-07-06T08:06:25Z</time>
      </trkpt>
      <trkpt lat="45.59544" lon="24.76019">
        <ele>1784.97</ele>
        <time>2024-07-06T08:06:26Z</time>
      </trkpt>
      <trkpt lat="45.59545" lon="24.76016">
        <ele>1786.93</ele>
        <time>2024-07-06T08:06:31Z</time>
      </trkpt>
      <trkpt lat="45.59544" lon="24.76015">
        <ele>1786.54</ele>
        <time>2024-07-06T08:06:36Z</time>
      </trkpt>
      <trkpt lat="45.59544" lon="24.76015">
        <ele>1786.54</ele>
        <time>2024-07-06T08:06:40Z</time>
      </trkpt>
      <trkpt lat="45.59543" lon="24.76016">
        <ele>1785.35</ele>
        <time>2024-07-06T08:06:45Z</time>
      </trkpt>
      <trkpt lat="45.59545" lon="24.76015">
        <ele>1787.3</ele>
        <time>2024-07-06T08:06:50Z</time>
      </trkpt>
      <trkpt lat="45.59545" lon="24.76018">
        <ele>1786.2</ele>
        <time>2024-07-06T08:06:52Z</time>
      </trkpt>
      <trkpt lat="45.59545" lon="24.7602">
        <ele>1785.46</ele>
        <time>2024-07-06T08:06:57Z</time>
      </trkpt>
      <trkpt lat="45.59545" lon="24.76021">
        <ele>1785.09</ele>
        <time>2024-07-06T08:06:59Z</time>
      </trkpt>
      <trkpt lat="45.59547" lon="24.76026">
        <ele>1785.33</ele>
        <time>2024-07-06T08:07:07Z</time>
      </trkpt>
      <trkpt lat="45.59547" lon="24.76026">
        <ele>1785.33</ele>
        <time>2024-07-06T08:07:14Z</time>
      </trkpt>
      <trkpt lat="45.59547" lon="24.76025">
        <ele>1785.65</ele>
        <time>2024-07-06T08:07:18Z</time>
      </trkpt>
      <trkpt lat="45.59548" lon="24.76023">
        <ele>1787.24</ele>
        <time>2024-07-06T08:07:24Z</time>
      </trkpt>
      <trkpt lat="45.5955" lon="24.76023">
        <ele>1789.17</ele>
        <time>2024-07-06T08:07:29Z</time>
      </trkpt>
      <trkpt lat="45.59549" lon="24.76025">
        <ele>1787.67</ele>
        <time>2024-07-06T08:07:34Z</time>
      </trkpt>
      <trkpt lat="45.59549" lon="24.76025">
        <ele>1787.67</ele>
        <time>2024-07-06T08:07:35Z</time>
      </trkpt>
      <trkpt lat="45.59549" lon="24.76025">
        <ele>1787.67</ele>
        <time>2024-07-06T08:07:41Z</time>
      </trkpt>
      <trkpt lat="45.59549" lon="24.76025">
        <ele>1787.67</ele>
        <time>2024-07-06T08:07:49Z</time>
      </trkpt>
      <trkpt lat="45.59549" lon="24.76027">
        <ele>1787.13</ele>
        <time>2024-07-06T08:07:58Z</time>
      </trkpt>
      <trkpt lat="45.59552" lon="24.76021">
        <ele>1791.49</ele>
        <time>2024-07-06T08:08:05Z</time>
      </trkpt>
      <trkpt lat="45.59553" lon="24.7602">
        <ele>1792.57</ele>
        <time>2024-07-06T08:08:10Z</time>
      </trkpt>
      <trkpt lat="45.59553" lon="24.76019">
        <ele>1792.74</ele>
        <time>2024-07-06T08:08:12Z</time>
      </trkpt>
      <trkpt lat="45.59555" lon="24.76018">
        <ele>1794.59</ele>
        <time>2024-07-06T08:08:16Z</time>
      </trkpt>
      <trkpt lat="45.59555" lon="24.76022">
        <ele>1794.1</ele>
        <time>2024-07-06T08:08:20Z</time>
      </trkpt>
      <trkpt lat="45.59555" lon="24.76024">
        <ele>1793.86</ele>
        <time>2024-07-06T08:08:21Z</time>
      </trkpt>
      <trkpt lat="45.59556" lon="24.76028">
        <ele>1794.31</ele>
        <time>2024-07-06T08:08:29Z</time>
      </trkpt>
      <trkpt lat="45.59557" lon="24.76028">
        <ele>1795.21</ele>
        <time>2024-07-06T08:08:30Z</time>
      </trkpt>
      <trkpt lat="45.59559" lon="24.76031">
        <ele>1795.88</ele>
        <time>2024-07-06T08:08:35Z</time>
      </trkpt>
      <trkpt lat="45.59559" lon="24.76031">
        <ele>1795.88</ele>
        <time>2024-07-06T08:08:36Z</time>
      </trkpt>
      <trkpt lat="45.5956" lon="24.76032">
        <ele>1796.47</ele>
        <time>2024-07-06T08:08:40Z</time>
      </trkpt>
      <trkpt lat="45.59561" lon="24.76034">
        <ele>1796.74</ele>
        <time>2024-07-06T08:08:47Z</time>
      </trkpt>
      <trkpt lat="45.59561" lon="24.76035">
        <ele>1796.39</ele>
        <time>2024-07-06T08:08:49Z</time>
      </trkpt>
      <trkpt lat="45.59562" lon="24.76037">
        <ele>1796.74</ele>
        <time>2024-07-06T08:08:54Z</time>
      </trkpt>
      <trkpt lat="45.59562" lon="24.76038">
        <ele>1796.41</ele>
        <time>2024-07-06T08:08:55Z</time>
      </trkpt>
      <trkpt lat="45.59563" lon="24.76038">
        <ele>1797.47</ele>
        <time>2024-07-06T08:09:00Z</time>
      </trkpt>
      <trkpt lat="45.59562" lon="24.76038">
        <ele>1796.41</ele>
        <time>2024-07-06T08:09:04Z</time>
      </trkpt>
      <trkpt lat="45.59562" lon="24.76038">
        <ele>1796.41</ele>
        <time>2024-07-06T08:09:11Z</time>
      </trkpt>
      <trkpt lat="45.59562" lon="24.76038">
        <ele>1796.41</ele>
        <time>2024-07-06T08:09:14Z</time>
      </trkpt>
      <trkpt lat="45.59563" lon="24.76038">
        <ele>1797.47</ele>
        <time>2024-07-06T08:09:21Z</time>
      </trkpt>
      <trkpt lat="45.59563" lon="24.76038">
        <ele>1797.47</ele>
        <time>2024-07-06T08:09:26Z</time>
      </trkpt>
      <trkpt lat="45.59564" lon="24.76039">
        <ele>1798.23</ele>
        <time>2024-07-06T08:09:27Z</time>
      </trkpt>
      <trkpt lat="45.59565" lon="24.76041">
        <ele>1798.73</ele>
        <time>2024-07-06T08:09:32Z</time>
      </trkpt>
      <trkpt lat="45.59567" lon="24.76045">
        <ele>1799.93</ele>
        <time>2024-07-06T08:09:41Z</time>
      </trkpt>
      <trkpt lat="45.59568" lon="24.76048">
        <ele>1800.38</ele>
        <time>2024-07-06T08:09:49Z</time>
      </trkpt>
      <trkpt lat="45.59569" lon="24.76046">
        <ele>1802.04</ele>
        <time>2024-07-06T08:09:54Z</time>
      </trkpt>
      <trkpt lat="45.59569" lon="24.7605">
        <ele>1801.15</ele>
        <time>2024-07-06T08:09:59Z</time>
      </trkpt>
      <trkpt lat="45.59571" lon="24.76053">
        <ele>1803.06</ele>
        <time>2024-07-06T08:10:03Z</time>
      </trkpt>
      <trkpt lat="45.59572" lon="24.76054">
        <ele>1804.18</ele>
        <time>2024-07-06T08:10:05Z</time>
      </trkpt>
      <trkpt lat="45.59573" lon="24.76056">
        <ele>1805.2</ele>
        <time>2024-07-06T08:10:13Z</time>
      </trkpt>
      <trkpt lat="45.59573" lon="24.76056">
        <ele>1805.2</ele>
        <time>2024-07-06T08:10:14Z</time>
      </trkpt>
      <trkpt lat="45.59571" lon="24.76054">
        <ele>1802.87</ele>
        <time>2024-07-06T08:10:18Z</time>
      </trkpt>
      <trkpt lat="45.59572" lon="24.76053">
        <ele>1804.35</ele>
        <time>2024-07-06T08:10:22Z</time>
      </trkpt>
      <trkpt lat="45.59573" lon="24.76053">
        <ele>1805.65</ele>
        <time>2024-07-06T08:10:24Z</time>
      </trkpt>
      <trkpt lat="45.59573" lon="24.76053">
        <ele>1805.65</ele>
        <time>2024-07-06T08:10:29Z</time>
      </trkpt>
      <trkpt lat="45.59573" lon="24.76054">
        <ele>1805.49</ele>
        <time>2024-07-06T08:10:40Z</time>
      </trkpt>
      <trkpt lat="45.59573" lon="24.76054">
        <ele>1805.49</ele>
        <time>2024-07-06T08:10:43Z</time>
      </trkpt>
      <trkpt lat="45.59573" lon="24.76056">
        <ele>1805.2</ele>
        <time>2024-07-06T08:10:54Z</time>
      </trkpt>
      <trkpt lat="45.59573" lon="24.76056">
        <ele>1805.2</ele>
        <time>2024-07-06T08:10:57Z</time>
      </trkpt>
      <trkpt lat="45.59573" lon="24.76057">
        <ele>1805.11</ele>
        <time>2024-07-06T08:11:03Z</time>
      </trkpt>
      <trkpt lat="45.59573" lon="24.76057">
        <ele>1805.11</ele>
        <time>2024-07-06T08:11:06Z</time>
      </trkpt>
      <trkpt lat="45.59573" lon="24.76057">
        <ele>1805.11</ele>
        <time>2024-07-06T08:11:09Z</time>
      </trkpt>
      <trkpt lat="45.59573" lon="24.76057">
        <ele>1805.11</ele>
        <time>2024-07-06T08:11:11Z</time>
      </trkpt>
      <trkpt lat="45.59573" lon="24.76058">
        <ele>1805.03</ele>
        <time>2024-07-06T08:11:15Z</time>
      </trkpt>
      <trkpt lat="45.59573" lon="24.76059">
        <ele>1804.94</ele>
        <time>2024-07-06T08:11:21Z</time>
      </trkpt>
      <trkpt lat="45.59573" lon="24.76062">
        <ele>1804.68</ele>
        <time>2024-07-06T08:11:27Z</time>
      </trkpt>
      <trkpt lat="45.59573" lon="24.76062">
        <ele>1804.68</ele>
        <time>2024-07-06T08:11:28Z</time>
      </trkpt>
      <trkpt lat="45.59574" lon="24.76063">
        <ele>1805.86</ele>
        <time>2024-07-06T08:11:35Z</time>
      </trkpt>
      <trkpt lat="45.59574" lon="24.76063">
        <ele>1805.86</ele>
        <time>2024-07-06T08:11:37Z</time>
      </trkpt>
      <trkpt lat="45.59574" lon="24.76063">
        <ele>1805.86</ele>
        <time>2024-07-06T08:11:38Z</time>
      </trkpt>
      <trkpt lat="45.59576" lon="24.76063">
        <ele>1808.39</ele>
        <time>2024-07-06T08:11:43Z</time>
      </trkpt>
      <trkpt lat="45.59578" lon="24.76063">
        <ele>1810.92</ele>
        <time>2024-07-06T08:11:48Z</time>
      </trkpt>
      <trkpt lat="45.5958" lon="24.76065">
        <ele>1813.15</ele>
        <time>2024-07-06T08:11:54Z</time>
      </trkpt>
      <trkpt lat="45.5958" lon="24.76066">
        <ele>1813.0</ele>
        <time>2024-07-06T08:11:57Z</time>
      </trkpt>
      <trkpt lat="45.5958" lon="24.76067">
        <ele>1812.85</ele>
        <time>2024-07-06T08:11:59Z</time>
      </trkpt>
      <trkpt lat="45.5958" lon="24.76068">
        <ele>1812.7</ele>
        <time>2024-07-06T08:12:06Z</time>
      </trkpt>
      <trkpt lat="45.59581" lon="24.7607">
        <ele>1813.6</ele>
        <time>2024-07-06T08:12:09Z</time>
      </trkpt>
      <trkpt lat="45.59581" lon="24.76071">
        <ele>1813.44</ele>
        <time>2024-07-06T08:12:10Z</time>
      </trkpt>
      <trkpt lat="45.59581" lon="24.76071">
        <ele>1813.44</ele>
        <time>2024-07-06T08:12:11Z</time>
      </trkpt>
      <trkpt lat="45.59581" lon="24.76071">
        <ele>1813.44</ele>
        <time>2024-07-06T08:12:12Z</time>
      </trkpt>
      <trkpt lat="45.59582" lon="24.76072">
        <ele>1814.46</ele>
        <time>2024-07-06T08:12:19Z</time>
      </trkpt>
      <trkpt lat="45.59582" lon="24.76072">
        <ele>1814.46</ele>
        <time>2024-07-06T08:12:20Z</time>
      </trkpt>
      <trkpt lat="45.59582" lon="24.76072">
        <ele>1814.46</ele>
        <time>2024-07-06T08:12:25Z</time>
      </trkpt>
      <trkpt lat="45.59583" lon="24.76071">
        <ele>1815.82</ele>
        <time>2024-07-06T08:12:30Z</time>
      </trkpt>
      <trkpt lat="45.59583" lon="24.7607">
        <ele>1816.0</ele>
        <time>2024-07-06T08:12:35Z</time>
      </trkpt>
      <trkpt lat="45.59585" lon="24.76066">
        <ele>1818.98</ele>
        <time>2024-07-06T08:12:43Z</time>
      </trkpt>
      <trkpt lat="45.59587" lon="24.76063">
        <ele>1821.64</ele>
        <time>2024-07-06T08:12:47Z</time>
      </trkpt>
      <trkpt lat="45.59588" lon="24.7606">
        <ele>1823.12</ele>
        <time>2024-07-06T08:12:51Z</time>
      </trkpt>
      <trkpt lat="45.59588" lon="24.7606">
        <ele>1823.12</ele>
        <time>2024-07-06T08:12:53Z</time>
      </trkpt>
      <trkpt lat="45.59588" lon="24.76059">
        <ele>1823.25</ele>
        <time>2024-07-06T08:12:57Z</time>
      </trkpt>
      <trkpt lat="45.59588" lon="24.76059">
        <ele>1823.25</ele>
        <time>2024-07-06T08:13:12Z</time>
      </trkpt>
      <trkpt lat="45.59588" lon="24.76059">
        <ele>1823.25</ele>
        <time>2024-07-06T08:13:17Z</time>
      </trkpt>
      <trkpt lat="45.59587" lon="24.76059">
        <ele>1822.21</ele>
        <time>2024-07-06T08:13:25Z</time>
      </trkpt>
      <trkpt lat="45.59587" lon="24.76058">
        <ele>1822.35</ele>
        <time>2024-07-06T08:13:28Z</time>
      </trkpt>
      <trkpt lat="45.59588" lon="24.76054">
        <ele>1823.72</ele>
        <time>2024-07-06T08:13:39Z</time>
      </trkpt>
      <trkpt lat="45.59589" lon="24.76051">
        <ele>1824.78</ele>
        <time>2024-07-06T08:13:45Z</time>
      </trkpt>
      <trkpt lat="45.59589" lon="24.76051">
        <ele>1824.78</ele>
        <time>2024-07-06T08:13:49Z</time>
      </trkpt>
      <trkpt lat="45.5959" lon="24.76051">
        <ele>1825.8</ele>
        <time>2024-07-06T08:13:53Z</time>
      </trkpt>
      <trkpt lat="45.5959" lon="24.76051">
        <ele>1825.8</ele>
        <time>2024-07-06T08:13:56Z</time>
      </trkpt>
      <trkpt lat="45.59591" lon="24.76051">
        <ele>1826.82</ele>
        <time>2024-07-06T08:14:02Z</time>
      </trkpt>
      <trkpt lat="45.59591" lon="24.76052">
        <ele>1826.8</ele>
        <time>2024-07-06T08:14:03Z</time>
      </trkpt>
      <trkpt lat="45.59592" lon="24.76053">
        <ele>1827.79</ele>
        <time>2024-07-06T08:14:10Z</time>
      </trkpt>
      <trkpt lat="45.59593" lon="24.76055">
        <ele>1828.76</ele>
        <time>2024-07-06T08:14:15Z</time>
      </trkpt>
      <trkpt lat="45.59594" lon="24.76056">
        <ele>1829.72</ele>
        <time>2024-07-06T08:14:23Z</time>
      </trkpt>
      <trkpt lat="45.59595" lon="24.76056">
        <ele>1830.73</ele>
        <time>2024-07-06T08:14:30Z</time>
      </trkpt>
      <trkpt lat="45.59595" lon="24.76056">
        <ele>1830.73</ele>
        <time>2024-07-06T08:14:33Z</time>
      </trkpt>
      <trkpt lat="45.59595" lon="24.76055">
        <ele>1830.78</ele>
        <time>2024-07-06T08:14:38Z</time>
      </trkpt>
      <trkpt lat="45.59597" lon="24.76054">
        <ele>1832.83</ele>
        <time>2024-07-06T08:14:48Z</time>
      </trkpt>
      <trkpt lat="45.59598" lon="24.76054">
        <ele>1833.84</ele>
        <time>2024-07-06T08:14:54Z</time>
      </trkpt>
      <trkpt lat="45.596" lon="24.76055">
        <ele>1835.82</ele>
        <time>2024-07-06T08:15:03Z</time>
      </trkpt>
      <trkpt lat="45.59601" lon="24.76055">
        <ele>1836.83</ele>
        <time>2024-07-06T08:15:06Z</time>
      </trkpt>
      <trkpt lat="45.59601" lon="24.76055">
        <ele>1836.83</ele>
        <time>2024-07-06T08:15:11Z</time>
      </trkpt>
      <trkpt lat="45.59601" lon="24.76055">
        <ele>1836.83</ele>
        <time>2024-07-06T08:15:14Z</time>
      </trkpt>
      <trkpt lat="45.59602" lon="24.76055">
        <ele>1837.84</ele>
        <time>2024-07-06T08:15:17Z</time>
      </trkpt>
      <trkpt lat="45.59603" lon="24.76055">
        <ele>1838.85</ele>
        <time>2024-07-06T08:15:23Z</time>
      </trkpt>
      <trkpt lat="45.59606" lon="24.76056">
        <ele>1841.87</ele>
        <time>2024-07-06T08:15:30Z</time>
      </trkpt>
      <trkpt lat="45.59607" lon="24.76058">
        <ele>1843.02</ele>
        <time>2024-07-06T08:15:37Z</time>
      </trkpt>
      <trkpt lat="45.59608" lon="24.76059">
        <ele>1844.12</ele>
        <time>2024-07-06T08:15:42Z</time>
      </trkpt>
      <trkpt lat="45.59611" lon="24.7606">
        <ele>1847.36</ele>
        <time>2024-07-06T08:16:01Z</time>
      </trkpt>
      <trkpt lat="45.59612" lon="24.7606">
        <ele>1848.45</ele>
        <time>2024-07-06T08:16:05Z</time>
      </trkpt>
      <trkpt lat="45.59612" lon="24.7606">
        <ele>1848.45</ele>
        <time>2024-07-06T08:16:12Z</time>
      </trkpt>
      <trkpt lat="45.59612" lon="24.7606">
        <ele>1848.45</ele>
        <time>2024-07-06T08:16:24Z</time>
      </trkpt>
      <trkpt lat="45.59612" lon="24.7606">
        <ele>1848.45</ele>
        <time>2024-07-06T08:16:31Z</time>
      </trkpt>
      <trkpt lat="45.59613" lon="24.7606">
        <ele>1849.54</ele>
        <time>2024-07-06T08:16:48Z</time>
      </trkpt>
      <trkpt lat="45.59613" lon="24.7606">
        <ele>1849.54</ele>
        <time>2024-07-06T08:16:53Z</time>
      </trkpt>
      <trkpt lat="45.59613" lon="24.7606">
        <ele>1849.54</ele>
        <time>2024-07-06T08:17:02Z</time>
      </trkpt>
      <trkpt lat="45.59613" lon="24.7606">
        <ele>1849.54</ele>
        <time>2024-07-06T08:17:13Z</time>
      </trkpt>
      <trkpt lat="45.59613" lon="24.7606">
        <ele>1849.54</ele>
        <time>2024-07-06T08:17:23Z</time>
      </trkpt>
      <trkpt lat="45.59614" lon="24.7606">
        <ele>1850.64</ele>
        <time>2024-07-06T08:17:27Z</time>
      </trkpt>
      <trkpt lat="45.59614" lon="24.7606">
        <ele>1850.64</ele>
        <time>2024-07-06T08:17:41Z</time>
      </trkpt>
      <trkpt lat="45.59614" lon="24.7606">
        <ele>1850.64</ele>
        <time>2024-07-06T08:17:42Z</time>
      </trkpt>
      <trkpt lat="45.59614" lon="24.76061">
        <ele>1850.73</ele>
        <time>2024-07-06T08:17:54Z</time>
      </trkpt>
      <trkpt lat="45.59614" lon="24.76061">
        <ele>1850.73</ele>
        <time>2024-07-06T08:18:00Z</time>
      </trkpt>
      <trkpt lat="45.59624" lon="24.76055">
        <ele>1861.44</ele>
        <time>2024-07-06T08:18:15Z</time>
      </trkpt>
      <trkpt lat="45.5963" lon="24.76053">
        <ele>1868.39</ele>
        <time>2024-07-06T08:18:21Z</time>
      </trkpt>
      <trkpt lat="45.59631" lon="24.76052">
        <ele>1869.64</ele>
        <time>2024-07-06T08:18:26Z</time>
      </trkpt>
      <trkpt lat="45.59632" lon="24.76052">
        <ele>1870.76</ele>
        <time>2024-07-06T08:18:31Z</time>
      </trkpt>
      <trkpt lat="45.59633" lon="24.76052">
        <ele>1871.89</ele>
        <time>2024-07-06T08:18:34Z</time>
      </trkpt>
      <trkpt lat="45.59633" lon="24.76052">
        <ele>1871.89</ele>
        <time>2024-07-06T08:18:43Z</time>
      </trkpt>
      <trkpt lat="45.59634" lon="24.76052">
        <ele>1873.01</ele>
        <time>2024-07-06T08:18:56Z</time>
      </trkpt>
      <trkpt lat="45.59634" lon="24.76053">
        <ele>1872.88</ele>
        <time>2024-07-06T08:19:07Z</time>
      </trkpt>
      <trkpt lat="45.59634" lon="24.76053">
        <ele>1872.88</ele>
        <time>2024-07-06T08:19:10Z</time>
      </trkpt>
      <trkpt lat="45.59635" lon="24.76053">
        <ele>1874.0</ele>
        <time>2024-07-06T08:19:13Z</time>
      </trkpt>
      <trkpt lat="45.59635" lon="24.76053">
        <ele>1874.0</ele>
        <time>2024-07-06T08:19:15Z</time>
      </trkpt>
      <trkpt lat="45.59635" lon="24.76054">
        <ele>1873.87</ele>
        <time>2024-07-06T08:19:19Z</time>
      </trkpt>
      <trkpt lat="45.59635" lon="24.76055">
        <ele>1873.73</ele>
        <time>2024-07-06T08:19:21Z</time>
      </trkpt>
      <trkpt lat="45.59636" lon="24.76055">
        <ele>1874.85</ele>
        <time>2024-07-06T08:19:28Z</time>
      </trkpt>
      <trkpt lat="45.59637" lon="24.76055">
        <ele>1875.97</ele>
        <time>2024-07-06T08:19:31Z</time>
      </trkpt>
      <trkpt lat="45.59638" lon="24.76055">
        <ele>1877.09</ele>
        <time>2024-07-06T08:19:39Z</time>
      </trkpt>
      <trkpt lat="45.59639" lon="24.76054">
        <ele>1878.43</ele>
        <time>2024-07-06T08:19:43Z</time>
      </trkpt>
      <trkpt lat="45.59641" lon="24.76052">
        <ele>1882.34</ele>
        <time>2024-07-06T08:19:50Z</time>
      </trkpt>
      <trkpt lat="45.59641" lon="24.76051">
        <ele>1882.47</ele>
        <time>2024-07-06T08:19:51Z</time>
      </trkpt>
      <trkpt lat="45.59642" lon="24.7605">
        <ele>1884.4</ele>
        <time>2024-07-06T08:20:00Z</time>
      </trkpt>
      <trkpt lat="45.59642" lon="24.7605">
        <ele>1884.4</ele>
        <time>2024-07-06T08:20:02Z</time>
      </trkpt>
      <trkpt lat="45.59643" lon="24.76049">
        <ele>1886.32</ele>
        <time>2024-07-06T08:20:09Z</time>
      </trkpt>
      <trkpt lat="45.59646" lon="24.76046">
        <ele>1891.99</ele>
        <time>2024-07-06T08:20:19Z</time>
      </trkpt>
      <trkpt lat="45.59649" lon="24.76043">
        <ele>1897.55</ele>
        <time>2024-07-06T08:20:27Z</time>
      </trkpt>
      <trkpt lat="45.59649" lon="24.76042">
        <ele>1897.63</ele>
        <time>2024-07-06T08:20:30Z</time>
      </trkpt>
      <trkpt lat="45.5965" lon="24.76042">
        <ele>1899.38</ele>
        <time>2024-07-06T08:20:39Z</time>
      </trkpt>
      <trkpt lat="45.5965" lon="24.76042">
        <ele>1899.38</ele>
        <time>2024-07-06T08:20:43Z</time>
      </trkpt>
      <trkpt lat="45.5965" lon="24.76042">
        <ele>1899.38</ele>
        <time>2024-07-06T08:20:46Z</time>
      </trkpt>
      <trkpt lat="45.59651" lon="24.76045">
        <ele>1900.93</ele>
        <time>2024-07-06T08:20:53Z</time>
      </trkpt>
      <trkpt lat="45.59653" lon="24.76049">
        <ele>1904.25</ele>
        <time>2024-07-06T08:21:00Z</time>
      </trkpt>
      <trkpt lat="45.59653" lon="24.7605">
        <ele>1904.2</ele>
        <time>2024-07-06T08:21:02Z</time>
      </trkpt>
      <trkpt lat="45.59653" lon="24.76051">
        <ele>1904.15</ele>
        <time>2024-07-06T08:21:05Z</time>
      </trkpt>
      <trkpt lat="45.59654" lon="24.76051">
        <ele>1905.95</ele>
        <time>2024-07-06T08:21:06Z</time>
      </trkpt>
      <trkpt lat="45.59655" lon="24.76051">
        <ele>1907.76</ele>
        <time>2024-07-06T08:21:13Z</time>
      </trkpt>
      <trkpt lat="45.59657" lon="24.76046">
        <ele>1911.51</ele>
        <time>2024-07-06T08:21:26Z</time>
      </trkpt>
      <trkpt lat="45.59659" lon="24.76043">
        <ele>1915.1</ele>
        <time>2024-07-06T08:21:41Z</time>
      </trkpt>
      <trkpt lat="45.5966" lon="24.76043">
        <ele>1916.85</ele>
        <time>2024-07-06T08:21:46Z</time>
      </trkpt>
      <trkpt lat="45.5966" lon="24.76043">
        <ele>1916.85</ele>
        <time>2024-07-06T08:21:47Z</time>
      </trkpt>
      <trkpt lat="45.59661" lon="24.76042">
        <ele>1918.61</ele>
        <time>2024-07-06T08:21:52Z</time>
      </trkpt>
      <trkpt lat="45.59661" lon="24.76041">
        <ele>1918.61</ele>
        <time>2024-07-06T08:21:53Z</time>
      </trkpt>
      <trkpt lat="45.59665" lon="24.76038">
        <ele>1925.5</ele>
        <time>2024-07-06T08:22:05Z</time>
      </trkpt>
      <trkpt lat="45.59666" lon="24.76038">
        <ele>1927.22</ele>
        <time>2024-07-06T08:22:09Z</time>
      </trkpt>
      <trkpt lat="45.59666" lon="24.76037">
        <ele>1927.19</ele>
        <time>2024-07-06T08:22:15Z</time>
      </trkpt>
      <trkpt lat="45.59667" lon="24.76036">
        <ele>1928.51</ele>
        <time>2024-07-06T08:22:19Z</time>
      </trkpt>
      <trkpt lat="45.59668" lon="24.76036">
        <ele>1929.17</ele>
        <time>2024-07-06T08:22:27Z</time>
      </trkpt>
      <trkpt lat="45.59669" lon="24.76035">
        <ele>1929.81</ele>
        <time>2024-07-06T08:22:36Z</time>
      </trkpt>
      <trkpt lat="45.59671" lon="24.76037">
        <ele>1931.14</ele>
        <time>2024-07-06T08:22:49Z</time>
      </trkpt>
      <trkpt lat="45.59672" lon="24.76039">
        <ele>1931.78</ele>
        <time>2024-07-06T08:22:53Z</time>
      </trkpt>
      <trkpt lat="45.59672" lon="24.7604">
        <ele>1931.77</ele>
        <time>2024-07-06T08:22:55Z</time>
      </trkpt>
      <trkpt lat="45.59672" lon="24.76041">
        <ele>1931.77</ele>
        <time>2024-07-06T08:23:02Z</time>
      </trkpt>
      <trkpt lat="45.59673" lon="24.76046">
        <ele>1932.32</ele>
        <time>2024-07-06T08:23:15Z</time>
      </trkpt>
      <trkpt lat="45.59674" lon="24.76051">
        <ele>1932.79</ele>
        <time>2024-07-06T08:23:29Z</time>
      </trkpt>
      <trkpt lat="45.59674" lon="24.76051">
        <ele>1932.79</ele>
        <time>2024-07-06T08:23:30Z</time>
      </trkpt>
      <trkpt lat="45.59676" lon="24.76053">
        <ele>1933.8</ele>
        <time>2024-07-06T08:23:38Z</time>
      </trkpt>
      <trkpt lat="45.59676" lon="24.76053">
        <ele>1933.8</ele>
        <time>2024-07-06T08:23:39Z</time>
      </trkpt>
      <trkpt lat="45.59677" lon="24.76054">
        <ele>1934.28</ele>
        <time>2024-07-06T08:23:51Z</time>
      </trkpt>
      <trkpt lat="45.59677" lon="24.76054">
        <ele>1934.28</ele>
        <time>2024-07-06T08:23:52Z</time>
      </trkpt>
      <trkpt lat="45.59677" lon="24.76054">
        <ele>1934.28</ele>
        <time>2024-07-06T08:24:00Z</time>
      </trkpt>
      <trkpt lat="45.59677" lon="24.76054">
        <ele>1934.28</ele>
        <time>2024-07-06T08:24:08Z</time>
      </trkpt>
      <trkpt lat="45.59677" lon="24.76054">
        <ele>1934.28</ele>
        <time>2024-07-06T08:24:17Z</time>
      </trkpt>
      <trkpt lat="45.59677" lon="24.76054">
        <ele>1934.28</ele>
        <time>2024-07-06T08:24:27Z</time>
      </trkpt>
      <trkpt lat="45.59678" lon="24.76054">
        <ele>1934.79</ele>
        <time>2024-07-06T08:24:36Z</time>
      </trkpt>
      <trkpt lat="45.59678" lon="24.76054">
        <ele>1934.79</ele>
        <time>2024-07-06T08:24:49Z</time>
      </trkpt>
      <trkpt lat="45.59678" lon="24.76054">
        <ele>1934.79</ele>
        <time>2024-07-06T08:24:50Z</time>
      </trkpt>
      <trkpt lat="45.59678" lon="24.76054">
        <ele>1934.79</ele>
        <time>2024-07-06T08:24:51Z</time>
      </trkpt>
      <trkpt lat="45.59678" lon="24.76054">
        <ele>1934.79</ele>
        <time>2024-07-06T08:24:53Z</time>
      </trkpt>
      <trkpt lat="45.59678" lon="24.76054">
        <ele>1934.79</ele>
        <time>2024-07-06T08:24:55Z</time>
      </trkpt>
      <trkpt lat="45.59678" lon="24.76054">
        <ele>1934.79</ele>
        <time>2024-07-06T08:24:56Z</time>
      </trkpt>
      <trkpt lat="45.59678" lon="24.76054">
        <ele>1934.79</ele>
        <time>2024-07-06T08:25:06Z</time>
      </trkpt>
      <trkpt lat="45.59678" lon="24.76054">
        <ele>1934.79</ele>
        <time>2024-07-06T08:25:14Z</time>
      </trkpt>
      <trkpt lat="45.59678" lon="24.76054">
        <ele>1934.79</ele>
        <time>2024-07-06T08:25:15Z</time>
      </trkpt>
      <trkpt lat="45.59679" lon="24.76054">
        <ele>1935.31</ele>
        <time>2024-07-06T08:25:24Z</time>
      </trkpt>
      <trkpt lat="45.59679" lon="24.76053">
        <ele>1935.37</ele>
        <time>2024-07-06T08:25:31Z</time>
      </trkpt>
      <trkpt lat="45.59679" lon="24.76053">
        <ele>1935.37</ele>
        <time>2024-07-06T08:25:35Z</time>
      </trkpt>
      <trkpt lat="45.59679" lon="24.76053">
        <ele>1935.37</ele>
        <time>2024-07-06T08:25:39Z</time>
      </trkpt>
      <trkpt lat="45.59679" lon="24.76053">
        <ele>1935.37</ele>
        <time>2024-07-06T08:25:44Z</time>
      </trkpt>
      <trkpt lat="45.5968" lon="24.76053">
        <ele>1935.89</ele>
        <time>2024-07-06T08:26:02Z</time>
      </trkpt>
      <trkpt lat="45.5968" lon="24.76053">
        <ele>1935.89</ele>
        <time>2024-07-06T08:26:09Z</time>
      </trkpt>
      <trkpt lat="45.5968" lon="24.76053">
        <ele>1935.89</ele>
        <time>2024-07-06T08:26:17Z</time>
      </trkpt>
      <trkpt lat="45.59681" lon="24.76053">
        <ele>1936.42</ele>
        <time>2024-07-06T08:26:25Z</time>
      </trkpt>
      <trkpt lat="45.59681" lon="24.76053">
        <ele>1936.42</ele>
        <time>2024-07-06T08:26:34Z</time>
      </trkpt>
      <trkpt lat="45.59681" lon="24.76053">
        <ele>1936.42</ele>
        <time>2024-07-06T08:26:39Z</time>
      </trkpt>
      <trkpt lat="45.59681" lon="24.76053">
        <ele>1936.42</ele>
        <time>2024-07-06T08:26:40Z</time>
      </trkpt>
      <trkpt lat="45.59682" lon="24.76052">
        <ele>1937.02</ele>
        <time>2024-07-06T08:26:49Z</time>
      </trkpt>
      <trkpt lat="45.59682" lon="24.76052">
        <ele>1937.02</ele>
        <time>2024-07-06T08:27:01Z</time>
      </trkpt>
      <trkpt lat="45.59683" lon="24.76052">
        <ele>1937.56</ele>
        <time>2024-07-06T08:27:15Z</time>
      </trkpt>
      <trkpt lat="45.59683" lon="24.76051">
        <ele>1937.65</ele>
        <time>2024-07-06T08:27:28Z</time>
      </trkpt>
      <trkpt lat="45.59683" lon="24.76051">
        <ele>1937.65</ele>
        <time>2024-07-06T08:27:30Z</time>
      </trkpt>
      <trkpt lat="45.59684" lon="24.76051">
        <ele>1938.19</ele>
        <time>2024-07-06T08:27:33Z</time>
      </trkpt>
      <trkpt lat="45.59684" lon="24.76051">
        <ele>1938.19</ele>
        <time>2024-07-06T08:27:41Z</time>
      </trkpt>
      <trkpt lat="45.59684" lon="24.7605">
        <ele>1938.28</ele>
        <time>2024-07-06T08:27:47Z</time>
      </trkpt>
      <trkpt lat="45.59684" lon="24.7605">
        <ele>1938.28</ele>
        <time>2024-07-06T08:27:51Z</time>
      </trkpt>
      <trkpt lat="45.59685" lon="24.7605">
        <ele>1938.83</ele>
        <time>2024-07-06T08:27:57Z</time>
      </trkpt>
      <trkpt lat="45.59686" lon="24.76049">
        <ele>1939.49</ele>
        <time>2024-07-06T08:28:14Z</time>
      </trkpt>
      <trkpt lat="45.59686" lon="24.76049">
        <ele>1939.49</ele>
        <time>2024-07-06T08:28:22Z</time>
      </trkpt>
      <trkpt lat="45.59686" lon="24.76049">
        <ele>1939.49</ele>
        <time>2024-07-06T08:28:29Z</time>
      </trkpt>
      <trkpt lat="45.59686" lon="24.76049">
        <ele>1939.49</ele>
        <time>2024-07-06T08:28:30Z</time>
      </trkpt>
      <trkpt lat="45.59687" lon="24.76048">
        <ele>1940.17</ele>
        <time>2024-07-06T08:28:41Z</time>
      </trkpt>
      <trkpt lat="45.59687" lon="24.76048">
        <ele>1940.17</ele>
        <time>2024-07-06T08:28:42Z</time>
      </trkpt>
      <trkpt lat="45.59687" lon="24.76048">
        <ele>1940.17</ele>
        <time>2024-07-06T08:28:46Z</time>
      </trkpt>
      <trkpt lat="45.59687" lon="24.76048">
        <ele>1940.17</ele>
        <time>2024-07-06T08:28:50Z</time>
      </trkpt>
      <trkpt lat="45.59688" lon="24.76047">
        <ele>1940.86</ele>
        <time>2024-07-06T08:29:06Z</time>
      </trkpt>
      <trkpt lat="45.59688" lon="24.76047">
        <ele>1940.86</ele>
        <time>2024-07-06T08:29:10Z</time>
      </trkpt>
      <trkpt lat="45.59689" lon="24.76047">
        <ele>1941.43</ele>
        <time>2024-07-06T08:29:22Z</time>
      </trkpt>
      <trkpt lat="45.59689" lon="24.76047">
        <ele>1941.43</ele>
        <time>2024-07-06T08:29:25Z</time>
      </trkpt>
      <trkpt lat="45.5969" lon="24.76046">
        <ele>1942.15</ele>
        <time>2024-07-06T08:29:45Z</time>
      </trkpt>
      <trkpt lat="45.59691" lon="24.76046">
        <ele>1942.73</ele>
        <time>2024-07-06T08:29:55Z</time>
      </trkpt>
      <trkpt lat="45.59691" lon="24.76046">
        <ele>1942.73</ele>
        <time>2024-07-06T08:29:57Z</time>
      </trkpt>
      <trkpt lat="45.59692" lon="24.76045">
        <ele>1943.47</ele>
        <time>2024-07-06T08:30:23Z</time>
      </trkpt>
      <trkpt lat="45.59693" lon="24.76045">
        <ele>1944.05</ele>
        <time>2024-07-06T08:30:35Z</time>
      </trkpt>
      <trkpt lat="45.59693" lon="24.76045">
        <ele>1944.05</ele>
        <time>2024-07-06T08:30:42Z</time>
      </trkpt>
      <trkpt lat="45.59693" lon="24.76045">
        <ele>1944.05</ele>
        <time>2024-07-06T08:30:43Z</time>
      </trkpt>
      <trkpt lat="45.59694" lon="24.76045">
        <ele>1944.64</ele>
        <time>2024-07-06T08:30:57Z</time>
      </trkpt>
      <trkpt lat="45.59695" lon="24.76044">
        <ele>1945.24</ele>
        <time>2024-07-06T08:31:10Z</time>
      </trkpt>
      <trkpt lat="45.59695" lon="24.76044">
        <ele>1945.24</ele>
        <time>2024-07-06T08:31:20Z</time>
      </trkpt>
      <trkpt lat="45.59696" lon="24.76044">
        <ele>1945.52</ele>
        <time>2024-07-06T08:31:26Z</time>
      </trkpt>
      <trkpt lat="45.59696" lon="24.76044">
        <ele>1945.52</ele>
        <time>2024-07-06T08:31:36Z</time>
      </trkpt>
      <trkpt lat="45.59696" lon="24.76044">
        <ele>1945.52</ele>
        <time>2024-07-06T08:31:41Z</time>
      </trkpt>
      <trkpt lat="45.59697" lon="24.76043">
        <ele>1945.99</ele>
        <time>2024-07-06T08:31:44Z</time>
      </trkpt>
      <trkpt lat="45.59698" lon="24.76043">
        <ele>1946.27</ele>
        <time>2024-07-06T08:32:01Z</time>
      </trkpt>
      <trkpt lat="45.59698" lon="24.76042">
        <ele>1946.46</ele>
        <time>2024-07-06T08:32:13Z</time>
      </trkpt>
      <trkpt lat="45.59699" lon="24.76042">
        <ele>1946.75</ele>
        <time>2024-07-06T08:32:20Z</time>
      </trkpt>
      <trkpt lat="45.597" lon="24.76041">
        <ele>1947.23</ele>
        <time>2024-07-06T08:32:41Z</time>
      </trkpt>
      <trkpt lat="45.59701" lon="24.7604">
        <ele>1947.72</ele>
        <time>2024-07-06T08:32:51Z</time>
      </trkpt>
      <trkpt lat="45.59702" lon="24.7604">
        <ele>1948.01</ele>
        <time>2024-07-06T08:33:04Z</time>
      </trkpt>
      <trkpt lat="45.59702" lon="24.7604">
        <ele>1948.01</ele>
        <time>2024-07-06T08:33:06Z</time>
      </trkpt>
      <trkpt lat="45.59703" lon="24.76039">
        <ele>1948.5</ele>
        <time>2024-07-06T08:33:21Z</time>
      </trkpt>
      <trkpt lat="45.59703" lon="24.76039">
        <ele>1948.5</ele>
        <time>2024-07-06T08:33:23Z</time>
      </trkpt>
      <trkpt lat="45.59703" lon="24.76039">
        <ele>1948.5</ele>
        <time>2024-07-06T08:33:32Z</time>
      </trkpt>
      <trkpt lat="45.59703" lon="24.76039">
        <ele>1948.5</ele>
        <time>2024-07-06T08:33:35Z</time>
      </trkpt>
      <trkpt lat="45.59703" lon="24.76039">
        <ele>1948.5</ele>
        <time>2024-07-06T08:33:37Z</time>
      </trkpt>
      <trkpt lat="45.59704" lon="24.76038">
        <ele>1949.0</ele>
        <time>2024-07-06T08:33:39Z</time>
      </trkpt>
      <trkpt lat="45.59704" lon="24.76038">
        <ele>1949.0</ele>
        <time>2024-07-06T08:33:55Z</time>
      </trkpt>
      <trkpt lat="45.59705" lon="24.76037">
        <ele>1949.51</ele>
        <time>2024-07-06T08:34:07Z</time>
      </trkpt>
      <trkpt lat="45.59705" lon="24.76037">
        <ele>1949.51</ele>
        <time>2024-07-06T08:34:10Z</time>
      </trkpt>
      <trkpt lat="45.59706" lon="24.76036">
        <ele>1950.02</ele>
        <time>2024-07-06T08:34:30Z</time>
      </trkpt>
      <trkpt lat="45.59707" lon="24.76036">
        <ele>1950.32</ele>
        <time>2024-07-06T08:34:49Z</time>
      </trkpt>
      <trkpt lat="45.59707" lon="24.76036">
        <ele>1950.32</ele>
        <time>2024-07-06T08:34:52Z</time>
      </trkpt>
      <trkpt lat="45.59708" lon="24.76035">
        <ele>1950.84</ele>
        <time>2024-07-06T08:35:01Z</time>
      </trkpt>
      <trkpt lat="45.59708" lon="24.76035">
        <ele>1950.84</ele>
        <time>2024-07-06T08:35:09Z</time>
      </trkpt>
      <trkpt lat="45.59708" lon="24.76035">
        <ele>1950.84</ele>
        <time>2024-07-06T08:35:19Z</time>
      </trkpt>
      <trkpt lat="45.59709" lon="24.76034">
        <ele>1951.36</ele>
        <time>2024-07-06T08:35:35Z</time>
      </trkpt>
      <trkpt lat="45.5971" lon="24.76033">
        <ele>1951.89</ele>
        <time>2024-07-06T08:35:55Z</time>
      </trkpt>
      <trkpt lat="45.5971" lon="24.76033">
        <ele>1951.89</ele>
        <time>2024-07-06T08:36:06Z</time>
      </trkpt>
      <trkpt lat="45.59711" lon="24.76032">
        <ele>1952.42</ele>
        <time>2024-07-06T08:36:22Z</time>
      </trkpt>
      <trkpt lat="45.59711" lon="24.76032">
        <ele>1952.42</ele>
        <time>2024-07-06T08:36:28Z</time>
      </trkpt>
      <trkpt lat="45.59712" lon="24.76031">
        <ele>1952.96</ele>
        <time>2024-07-06T08:36:53Z</time>
      </trkpt>
      <trkpt lat="45.59713" lon="24.7603">
        <ele>1953.51</ele>
        <time>2024-07-06T08:37:16Z</time>
      </trkpt>
      <trkpt lat="45.59715" lon="24.76029">
        <ele>1954.37</ele>
        <time>2024-07-06T08:37:59Z</time>
      </trkpt>
      <trkpt lat="45.59715" lon="24.76029">
        <ele>1954.37</ele>
        <time>2024-07-06T08:38:02Z</time>
      </trkpt>
      <trkpt lat="45.59715" lon="24.76029">
        <ele>1954.37</ele>
        <time>2024-07-06T08:38:12Z</time>
      </trkpt>
      <trkpt lat="45.59715" lon="24.76029">
        <ele>1954.37</ele>
        <time>2024-07-06T08:38:18Z</time>
      </trkpt>
      <trkpt lat="45.59716" lon="24.76028">
        <ele>1954.93</ele>
        <time>2024-07-06T08:38:29Z</time>
      </trkpt>
      <trkpt lat="45.59716" lon="24.76028">
        <ele>1954.93</ele>
        <time>2024-07-06T08:38:34Z</time>
      </trkpt>
      <trkpt lat="45.59716" lon="24.76028">
        <ele>1954.93</ele>
        <time>2024-07-06T08:38:40Z</time>
      </trkpt>
      <trkpt lat="45.59716" lon="24.76028">
        <ele>1954.93</ele>
        <time>2024-07-06T08:38:50Z</time>
      </trkpt>
      <trkpt lat="45.59717" lon="24.76028">
        <ele>1955.26</ele>
        <time>2024-07-06T08:38:54Z</time>
      </trkpt>
      <trkpt lat="45.59717" lon="24.76028">
        <ele>1955.26</ele>
        <time>2024-07-06T08:38:57Z</time>
      </trkpt>
      <trkpt lat="45.59717" lon="24.76027">
        <ele>1955.37</ele>
        <time>2024-07-06T08:39:11Z</time>
      </trkpt>
      <trkpt lat="45.59717" lon="24.76027">
        <ele>1955.37</ele>
        <time>2024-07-06T08:39:12Z</time>
      </trkpt>
      <trkpt lat="45.59718" lon="24.76027">
        <ele>1955.7</ele>
        <time>2024-07-06T08:39:29Z</time>
      </trkpt>
      <trkpt lat="45.59718" lon="24.76027">
        <ele>1955.7</ele>
        <time>2024-07-06T08:39:30Z</time>
      </trkpt>
      <trkpt lat="45.59718" lon="24.76026">
        <ele>1955.79</ele>
        <time>2024-07-06T08:39:36Z</time>
      </trkpt>
      <trkpt lat="45.59718" lon="24.76026">
        <ele>1955.79</ele>
        <time>2024-07-06T08:39:37Z</time>
      </trkpt>
      <trkpt lat="45.59718" lon="24.76026">
        <ele>1955.79</ele>
        <time>2024-07-06T08:39:43Z</time>
      </trkpt>
      <trkpt lat="45.59719" lon="24.76026">
        <ele>1956.12</ele>
        <time>2024-07-06T08:39:52Z</time>
      </trkpt>
      <trkpt lat="45.59719" lon="24.76026">
        <ele>1956.12</ele>
        <time>2024-07-06T08:39:57Z</time>
      </trkpt>
      <trkpt lat="45.59719" lon="24.76025">
        <ele>1956.21</ele>
        <time>2024-07-06T08:40:02Z</time>
      </trkpt>
      <trkpt lat="45.59719" lon="24.76025">
        <ele>1956.21</ele>
        <time>2024-07-06T08:40:07Z</time>
      </trkpt>
      <trkpt lat="45.59719" lon="24.76025">
        <ele>1956.21</ele>
        <time>2024-07-06T08:40:09Z</time>
      </trkpt>
      <trkpt lat="45.59719" lon="24.76025">
        <ele>1956.21</ele>
        <time>2024-07-06T08:40:11Z</time>
      </trkpt>
      <trkpt lat="45.59719" lon="24.76025">
        <ele>1956.21</ele>
        <time>2024-07-06T08:40:15Z</time>
      </trkpt>
      <trkpt lat="45.59719" lon="24.76025">
        <ele>1956.21</ele>
        <time>2024-07-06T08:40:17Z</time>
      </trkpt>
      <trkpt lat="45.5972" lon="24.76024">
        <ele>1956.64</ele>
        <time>2024-07-06T08:40:23Z</time>
      </trkpt>
      <trkpt lat="45.5972" lon="24.76024">
        <ele>1956.64</ele>
        <time>2024-07-06T08:40:24Z</time>
      </trkpt>
      <trkpt lat="45.5972" lon="24.76024">
        <ele>1956.64</ele>
        <time>2024-07-06T08:40:30Z</time>
      </trkpt>
      <trkpt lat="45.5972" lon="24.76024">
        <ele>1956.64</ele>
        <time>2024-07-06T08:40:31Z</time>
      </trkpt>
      <trkpt lat="45.5972" lon="24.76024">
        <ele>1956.64</ele>
        <time>2024-07-06T08:40:35Z</time>
      </trkpt>
      <trkpt lat="45.5973" lon="24.76006">
        <ele>1963.85</ele>
        <time>2024-07-06T08:40:42Z</time>
      </trkpt>
      <trkpt lat="45.59735" lon="24.75997">
        <ele>1966.76</ele>
        <time>2024-07-06T08:40:43Z</time>
      </trkpt>
      <trkpt lat="45.59744" lon="24.75979">
        <ele>1972.72</ele>
        <time>2024-07-06T08:40:45Z</time>
      </trkpt>
      <trkpt lat="45.59758" lon="24.75952">
        <ele>1986.73</ele>
        <time>2024-07-06T08:40:48Z</time>
      </trkpt>
      <trkpt lat="45.59767" lon="24.75934">
        <ele>1994.0</ele>
        <time>2024-07-06T08:40:52Z</time>
      </trkpt>
      <trkpt lat="45.59767" lon="24.75933">
        <ele>1993.88</ele>
        <time>2024-07-06T08:40:54Z</time>
      </trkpt>
      <trkpt lat="45.59768" lon="24.7593">
        <ele>1994.33</ele>
        <time>2024-07-06T08:40:58Z</time>
      </trkpt>
      <trkpt lat="45.59768" lon="24.7593">
        <ele>1994.33</ele>
        <time>2024-07-06T08:40:59Z</time>
      </trkpt>
      <trkpt lat="45.59766" lon="24.75924">
        <ele>1991.97</ele>
        <time>2024-07-06T08:41:05Z</time>
      </trkpt>
      <trkpt lat="45.59766" lon="24.75923">
        <ele>1991.85</ele>
        <time>2024-07-06T08:41:06Z</time>
      </trkpt>
      <trkpt lat="45.59766" lon="24.75922">
        <ele>1991.73</ele>
        <time>2024-07-06T08:41:07Z</time>
      </trkpt>
      <trkpt lat="45.59766" lon="24.75919">
        <ele>1991.37</ele>
        <time>2024-07-06T08:41:10Z</time>
      </trkpt>
      <trkpt lat="45.59764" lon="24.75911">
        <ele>1989.27</ele>
        <time>2024-07-06T08:41:17Z</time>
      </trkpt>
      <trkpt lat="45.59764" lon="24.75909">
        <ele>1989.16</ele>
        <time>2024-07-06T08:41:19Z</time>
      </trkpt>
      <trkpt lat="45.59766" lon="24.75905">
        <ele>1990.11</ele>
        <time>2024-07-06T08:41:24Z</time>
      </trkpt>
      <trkpt lat="45.59767" lon="24.75904">
        <ele>1990.61</ele>
        <time>2024-07-06T08:41:27Z</time>
      </trkpt>
      <trkpt lat="45.59769" lon="24.75898">
        <ele>1991.0</ele>
        <time>2024-07-06T08:41:31Z</time>
      </trkpt>
      <trkpt lat="45.5977" lon="24.75895">
        <ele>1991.06</ele>
        <time>2024-07-06T08:41:35Z</time>
      </trkpt>
      <trkpt lat="45.59771" lon="24.75892">
        <ele>1991.04</ele>
        <time>2024-07-06T08:41:40Z</time>
      </trkpt>
      <trkpt lat="45.59772" lon="24.7589">
        <ele>1991.11</ele>
        <time>2024-07-06T08:41:44Z</time>
      </trkpt>
      <trkpt lat="45.59771" lon="24.75889">
        <ele>1990.58</ele>
        <time>2024-07-06T08:41:48Z</time>
      </trkpt>
      <trkpt lat="45.59766" lon="24.75883">
        <ele>1987.76</ele>
        <time>2024-07-06T08:41:55Z</time>
      </trkpt>
      <trkpt lat="45.59766" lon="24.75882">
        <ele>1987.6</ele>
        <time>2024-07-06T08:41:56Z</time>
      </trkpt>
      <trkpt lat="45.59765" lon="24.75878">
        <ele>1986.5</ele>
        <time>2024-07-06T08:42:01Z</time>
      </trkpt>
      <trkpt lat="45.59765" lon="24.75877">
        <ele>1986.33</ele>
        <time>2024-07-06T08:42:02Z</time>
      </trkpt>
      <trkpt lat="45.59766" lon="24.7587">
        <ele>1985.57</ele>
        <time>2024-07-06T08:42:08Z</time>
      </trkpt>
      <trkpt lat="45.59767" lon="24.75867">
        <ele>1985.53</ele>
        <time>2024-07-06T08:42:12Z</time>
      </trkpt>
      <trkpt lat="45.59761" lon="24.75858">
        <ele>1981.14</ele>
        <time>2024-07-06T08:42:19Z</time>
      </trkpt>
      <trkpt lat="45.59758" lon="24.75857">
        <ele>1979.4</ele>
        <time>2024-07-06T08:42:24Z</time>
      </trkpt>
      <trkpt lat="45.59757" lon="24.75855">
        <ele>1978.54</ele>
        <time>2024-07-06T08:42:27Z</time>
      </trkpt>
      <trkpt lat="45.59756" lon="24.75851">
        <ele>1977.31</ele>
        <time>2024-07-06T08:42:32Z</time>
      </trkpt>
      <trkpt lat="45.59756" lon="24.75849">
        <ele>1976.97</ele>
        <time>2024-07-06T08:42:34Z</time>
      </trkpt>
      <trkpt lat="45.59755" lon="24.75849">
        <ele>1976.37</ele>
        <time>2024-07-06T08:42:36Z</time>
      </trkpt>
      <trkpt lat="45.59755" lon="24.75846">
        <ele>1975.84</ele>
        <time>2024-07-06T08:42:42Z</time>
      </trkpt>
      <trkpt lat="45.59755" lon="24.75846">
        <ele>1975.84</ele>
        <time>2024-07-06T08:42:43Z</time>
      </trkpt>
      <trkpt lat="45.59755" lon="24.75844">
        <ele>1975.49</ele>
        <time>2024-07-06T08:42:48Z</time>
      </trkpt>
      <trkpt lat="45.59755" lon="24.75843">
        <ele>1975.31</ele>
        <time>2024-07-06T08:42:49Z</time>
      </trkpt>
      <trkpt lat="45.59755" lon="24.75842">
        <ele>1975.14</ele>
        <time>2024-07-06T08:42:53Z</time>
      </trkpt>
      <trkpt lat="45.59754" lon="24.7584">
        <ele>1974.11</ele>
        <time>2024-07-06T08:42:56Z</time>
      </trkpt>
      <trkpt lat="45.59754" lon="24.75837">
        <ele>1973.56</ele>
        <time>2024-07-06T08:42:59Z</time>
      </trkpt>
      <trkpt lat="45.59755" lon="24.75836">
        <ele>1974.07</ele>
        <time>2024-07-06T08:43:02Z</time>
      </trkpt>
      <trkpt lat="45.59755" lon="24.75835">
        <ele>1973.9</ele>
        <time>2024-07-06T08:43:03Z</time>
      </trkpt>
      <trkpt lat="45.59753" lon="24.75833">
        <ele>1972.15</ele>
        <time>2024-07-06T08:43:09Z</time>
      </trkpt>
      <trkpt lat="45.59753" lon="24.75832">
        <ele>1972.13</ele>
        <time>2024-07-06T08:43:10Z</time>
      </trkpt>
      <trkpt lat="45.59752" lon="24.75827">
        <ele>1971.26</ele>
        <time>2024-07-06T08:43:16Z</time>
      </trkpt>
      <trkpt lat="45.59752" lon="24.75826">
        <ele>1971.23</ele>
        <time>2024-07-06T08:43:18Z</time>
      </trkpt>
      <trkpt lat="45.59753" lon="24.75824">
        <ele>1971.93</ele>
        <time>2024-07-06T08:43:21Z</time>
      </trkpt>
      <trkpt lat="45.59754" lon="24.75822">
        <ele>1972.65</ele>
        <time>2024-07-06T08:43:26Z</time>
      </trkpt>
      <trkpt lat="45.59755" lon="24.75822">
        <ele>1973.41</ele>
        <time>2024-07-06T08:43:27Z</time>
      </trkpt>
      <trkpt lat="45.59755" lon="24.75818">
        <ele>1973.35</ele>
        <time>2024-07-06T08:43:32Z</time>
      </trkpt>
      <trkpt lat="45.59755" lon="24.75815">
        <ele>1973.3</ele>
        <time>2024-07-06T08:43:34Z</time>
      </trkpt>
      <trkpt lat="45.59754" lon="24.7581">
        <ele>1972.4</ele>
        <time>2024-07-06T08:43:39Z</time>
      </trkpt>
      <trkpt lat="45.59753" lon="24.75809">
        <ele>1971.57</ele>
        <time>2024-07-06T08:43:40Z</time>
      </trkpt>
      <trkpt lat="45.59753" lon="24.75808">
        <ele>1971.54</ele>
        <time>2024-07-06T08:43:41Z</time>
      </trkpt>
      <trkpt lat="45.59754" lon="24.75804">
        <ele>1972.76</ele>
        <time>2024-07-06T08:43:45Z</time>
      </trkpt>
      <trkpt lat="45.59754" lon="24.75801">
        <ele>1973.62</ele>
        <time>2024-07-06T08:43:48Z</time>
      </trkpt>
      <trkpt lat="45.59754" lon="24.758">
        <ele>1973.91</ele>
        <time>2024-07-06T08:43:49Z</time>
      </trkpt>
      <trkpt lat="45.59755" lon="24.75799">
        <ele>1975.03</ele>
        <time>2024-07-06T08:43:51Z</time>
      </trkpt>
      <trkpt lat="45.59756" lon="24.75796">
        <ele>1976.72</ele>
        <time>2024-07-06T08:43:53Z</time>
      </trkpt>
      <trkpt lat="45.59757" lon="24.7579">
        <ele>1979.28</ele>
        <time>2024-07-06T08:43:58Z</time>
      </trkpt>
      <trkpt lat="45.59758" lon="24.75788">
        <ele>1980.68</ele>
        <time>2024-07-06T08:44:03Z</time>
      </trkpt>
      <trkpt lat="45.59758" lon="24.75786">
        <ele>1981.26</ele>
        <time>2024-07-06T08:44:05Z</time>
      </trkpt>
      <trkpt lat="45.59758" lon="24.75784">
        <ele>1981.83</ele>
        <time>2024-07-06T08:44:07Z</time>
      </trkpt>
      <trkpt lat="45.59758" lon="24.75783">
        <ele>1982.12</ele>
        <time>2024-07-06T08:44:08Z</time>
      </trkpt>
      <trkpt lat="45.59759" lon="24.75781">
        <ele>1983.52</ele>
        <time>2024-07-06T08:44:11Z</time>
      </trkpt>
      <trkpt lat="45.59759" lon="24.75779">
        <ele>1984.1</ele>
        <time>2024-07-06T08:44:12Z</time>
      </trkpt>
      <trkpt lat="45.5976" lon="24.75775">
        <ele>1986.06</ele>
        <time>2024-07-06T08:44:18Z</time>
      </trkpt>
      <trkpt lat="45.5976" lon="24.75774">
        <ele>1986.34</ele>
        <time>2024-07-06T08:44:20Z</time>
      </trkpt>
      <trkpt lat="45.59761" lon="24.7577">
        <ele>1988.19</ele>
        <time>2024-07-06T08:44:24Z</time>
      </trkpt>
      <trkpt lat="45.59763" lon="24.75768">
        <ele>1990.15</ele>
        <time>2024-07-06T08:44:28Z</time>
      </trkpt>
      <trkpt lat="45.59763" lon="24.75763">
        <ele>1991.38</ele>
        <time>2024-07-06T08:44:34Z</time>
      </trkpt>
      <trkpt lat="45.59764" lon="24.75762">
        <ele>1992.26</ele>
        <time>2024-07-06T08:44:35Z</time>
      </trkpt>
      <trkpt lat="45.59763" lon="24.75762">
        <ele>1991.62</ele>
        <time>2024-07-06T08:44:36Z</time>
      </trkpt>
      <trkpt lat="45.59765" lon="24.75757">
        <ele>1994.01</ele>
        <time>2024-07-06T08:44:41Z</time>
      </trkpt>
      <trkpt lat="45.59766" lon="24.75757">
        <ele>1994.6</ele>
        <time>2024-07-06T08:44:42Z</time>
      </trkpt>
      <trkpt lat="45.59766" lon="24.75757">
        <ele>1994.6</ele>
        <time>2024-07-06T08:44:45Z</time>
      </trkpt>
      <trkpt lat="45.59766" lon="24.75756">
        <ele>1994.81</ele>
        <time>2024-07-06T08:44:47Z</time>
      </trkpt>
      <trkpt lat="45.59766" lon="24.75756">
        <ele>1994.81</ele>
        <time>2024-07-06T08:44:48Z</time>
      </trkpt>
      <trkpt lat="45.59767" lon="24.75756">
        <ele>1995.38</ele>
        <time>2024-07-06T08:44:50Z</time>
      </trkpt>
      <trkpt lat="45.59767" lon="24.75756">
        <ele>1995.38</ele>
        <time>2024-07-06T08:44:54Z</time>
      </trkpt>
      <trkpt lat="45.59767" lon="24.75756">
        <ele>1995.38</ele>
        <time>2024-07-06T08:45:10Z</time>
      </trkpt>
      <trkpt lat="45.59767" lon="24.75756">
        <ele>1995.38</ele>
        <time>2024-07-06T08:45:13Z</time>
      </trkpt>
      <trkpt lat="45.59772" lon="24.75748">
        <ele>1999.44</ele>
        <time>2024-07-06T08:45:20Z</time>
      </trkpt>
      <trkpt lat="45.59772" lon="24.75747">
        <ele>1999.61</ele>
        <time>2024-07-06T08:45:21Z</time>
      </trkpt>
      <trkpt lat="45.59775" lon="24.75744">
        <ele>2001.55</ele>
        <time>2024-07-06T08:45:23Z</time>
      </trkpt>
      <trkpt lat="45.59779" lon="24.75739">
        <ele>2004.1</ele>
        <time>2024-07-06T08:45:28Z</time>
      </trkpt>
      <trkpt lat="45.59779" lon="24.75736">
        <ele>2004.5</ele>
        <time>2024-07-06T08:45:31Z</time>
      </trkpt>
      <trkpt lat="45.5978" lon="24.75731">
        <ele>2005.53</ele>
        <time>2024-07-06T08:45:36Z</time>
      </trkpt>
      <trkpt lat="45.59782" lon="24.75727">
        <ele>2006.68</ele>
        <time>2024-07-06T08:45:40Z</time>
      </trkpt>
      <trkpt lat="45.59785" lon="24.75722">
        <ele>2008.1</ele>
        <time>2024-07-06T08:45:44Z</time>
      </trkpt>
      <trkpt lat="45.59788" lon="24.7572">
        <ele>2009.13</ele>
        <time>2024-07-06T08:45:47Z</time>
      </trkpt>
      <trkpt lat="45.59786" lon="24.75715">
        <ele>2008.96</ele>
        <time>2024-07-06T08:45:50Z</time>
      </trkpt>
      <trkpt lat="45.59793" lon="24.75709">
        <ele>2011.6</ele>
        <time>2024-07-06T08:45:58Z</time>
      </trkpt>
      <trkpt lat="45.59799" lon="24.75702">
        <ele>2014.12</ele>
        <time>2024-07-06T08:46:06Z</time>
      </trkpt>
      <trkpt lat="45.59801" lon="24.757">
        <ele>2014.96</ele>
        <time>2024-07-06T08:46:08Z</time>
      </trkpt>
      <trkpt lat="45.59805" lon="24.75697">
        <ele>2016.55</ele>
        <time>2024-07-06T08:46:13Z</time>
      </trkpt>
      <trkpt lat="45.59807" lon="24.75695">
        <ele>2017.31</ele>
        <time>2024-07-06T08:46:15Z</time>
      </trkpt>
      <trkpt lat="45.59814" lon="24.75687">
        <ele>2020.06</ele>
        <time>2024-07-06T08:46:25Z</time>
      </trkpt>
      <trkpt lat="45.59814" lon="24.75685">
        <ele>2020.31</ele>
        <time>2024-07-06T08:46:27Z</time>
      </trkpt>
      <trkpt lat="45.59816" lon="24.75677">
        <ele>2021.59</ele>
        <time>2024-07-06T08:46:34Z</time>
      </trkpt>
      <trkpt lat="45.59819" lon="24.75673">
        <ele>2022.38</ele>
        <time>2024-07-06T08:46:39Z</time>
      </trkpt>
      <trkpt lat="45.59821" lon="24.75671">
        <ele>2022.77</ele>
        <time>2024-07-06T08:46:42Z</time>
      </trkpt>
      <trkpt lat="45.59822" lon="24.75667">
        <ele>2023.16</ele>
        <time>2024-07-06T08:46:49Z</time>
      </trkpt>
      <trkpt lat="45.59825" lon="24.75666">
        <ele>2023.34</ele>
        <time>2024-07-06T08:46:54Z</time>
      </trkpt>
      <trkpt lat="45.59828" lon="24.75664">
        <ele>2023.32</ele>
        <time>2024-07-06T08:46:59Z</time>
      </trkpt>
      <trkpt lat="45.59829" lon="24.75663">
        <ele>2023.26</ele>
        <time>2024-07-06T08:47:02Z</time>
      </trkpt>
      <trkpt lat="45.5983" lon="24.7566">
        <ele>2022.94</ele>
        <time>2024-07-06T08:47:09Z</time>
      </trkpt>
      <trkpt lat="45.59831" lon="24.75655">
        <ele>2022.33</ele>
        <time>2024-07-06T08:47:14Z</time>
      </trkpt>
      <trkpt lat="45.59833" lon="24.75646">
        <ele>2021.04</ele>
        <time>2024-07-06T08:47:22Z</time>
      </trkpt>
      <trkpt lat="45.59833" lon="24.75645">
        <ele>2020.9</ele>
        <time>2024-07-06T08:47:30Z</time>
      </trkpt>
      <trkpt lat="45.59833" lon="24.75645">
        <ele>2020.9</ele>
        <time>2024-07-06T08:47:31Z</time>
      </trkpt>
      <trkpt lat="45.59833" lon="24.75645">
        <ele>2020.9</ele>
        <time>2024-07-06T08:47:35Z</time>
      </trkpt>
      <trkpt lat="45.59833" lon="24.75645">
        <ele>2020.9</ele>
        <time>2024-07-06T08:47:55Z</time>
      </trkpt>
      <trkpt lat="45.59836" lon="24.75628">
        <ele>2018.08</ele>
        <time>2024-07-06T08:48:01Z</time>
      </trkpt>
      <trkpt lat="45.59837" lon="24.75625">
        <ele>2017.57</ele>
        <time>2024-07-06T08:48:02Z</time>
      </trkpt>
      <trkpt lat="45.59837" lon="24.75621">
        <ele>2016.87</ele>
        <time>2024-07-06T08:48:05Z</time>
      </trkpt>
      <trkpt lat="45.59838" lon="24.75621">
        <ele>2016.89</ele>
        <time>2024-07-06T08:48:06Z</time>
      </trkpt>
      <trkpt lat="45.59838" lon="24.75621">
        <ele>2016.89</ele>
        <time>2024-07-06T08:48:07Z</time>
      </trkpt>
      <trkpt lat="45.59841" lon="24.75616">
        <ele>2016.11</ele>
        <time>2024-07-06T08:48:13Z</time>
      </trkpt>
      <trkpt lat="45.59846" lon="24.75612">
        <ele>2015.6</ele>
        <time>2024-07-06T08:48:20Z</time>
      </trkpt>
      <trkpt lat="45.5985" lon="24.75613">
        <ele>2015.9</ele>
        <time>2024-07-06T08:48:27Z</time>
      </trkpt>
      <trkpt lat="45.59856" lon="24.75617">
        <ele>2016.7</ele>
        <time>2024-07-06T08:48:33Z</time>
      </trkpt>
      <trkpt lat="45.5986" lon="24.75612">
        <ele>2016.09</ele>
        <time>2024-07-06T08:48:38Z</time>
      </trkpt>
      <trkpt lat="45.59861" lon="24.75609">
        <ele>2015.92</ele>
        <time>2024-07-06T08:48:41Z</time>
      </trkpt>
      <trkpt lat="45.59862" lon="24.75605">
        <ele>2016.01</ele>
        <time>2024-07-06T08:48:45Z</time>
      </trkpt>
      <trkpt lat="45.59866" lon="24.75594">
        <ele>2016.72</ele>
        <time>2024-07-06T08:48:55Z</time>
      </trkpt>
      <trkpt lat="45.59866" lon="24.75584">
        <ele>2016.43</ele>
        <time>2024-07-06T08:49:01Z</time>
      </trkpt>
      <trkpt lat="45.5987" lon="24.75571">
        <ele>2017.58</ele>
        <time>2024-07-06T08:49:09Z</time>
      </trkpt>
      <trkpt lat="45.59871" lon="24.75568">
        <ele>2017.81</ele>
        <time>2024-07-06T08:49:11Z</time>
      </trkpt>
      <trkpt lat="45.59875" lon="24.75555">
        <ele>2018.53</ele>
        <time>2024-07-06T08:49:19Z</time>
      </trkpt>
      <trkpt lat="45.59877" lon="24.7555">
        <ele>2019.15</ele>
        <time>2024-07-06T08:49:22Z</time>
      </trkpt>
      <trkpt lat="45.59879" lon="24.7554">
        <ele>2019.98</ele>
        <time>2024-07-06T08:49:29Z</time>
      </trkpt>
      <trkpt lat="45.59881" lon="24.75534">
        <ele>2020.58</ele>
        <time>2024-07-06T08:49:32Z</time>
      </trkpt>
      <trkpt lat="45.59884" lon="24.75522">
        <ele>2020.99</ele>
        <time>2024-07-06T08:49:41Z</time>
      </trkpt>
      <trkpt lat="45.59889" lon="24.75504">
        <ele>2020.29</ele>
        <time>2024-07-06T08:49:52Z</time>
      </trkpt>
      <trkpt lat="45.59892" lon="24.75492">
        <ele>2021.73</ele>
        <time>2024-07-06T08:50:02Z</time>
      </trkpt>
      <trkpt lat="45.59895" lon="24.75484">
        <ele>2023.46</ele>
        <time>2024-07-06T08:50:08Z</time>
      </trkpt>
      <trkpt lat="45.59896" lon="24.75481">
        <ele>2024.1</ele>
        <time>2024-07-06T08:50:11Z</time>
      </trkpt>
      <trkpt lat="45.59898" lon="24.75475">
        <ele>2025.4</ele>
        <time>2024-07-06T08:50:16Z</time>
      </trkpt>
      <trkpt lat="45.599" lon="24.75471">
        <ele>2026.06</ele>
        <time>2024-07-06T08:50:19Z</time>
      </trkpt>
      <trkpt lat="45.59902" lon="24.75462">
        <ele>2026.54</ele>
        <time>2024-07-06T08:50:26Z</time>
      </trkpt>
      <trkpt lat="45.59903" lon="24.75461">
        <ele>2026.61</ele>
        <time>2024-07-06T08:50:27Z</time>
      </trkpt>
      <trkpt lat="45.59902" lon="24.75452">
        <ele>2027.07</ele>
        <time>2024-07-06T08:50:35Z</time>
      </trkpt>
      <trkpt lat="45.59903" lon="24.7545">
        <ele>2027.21</ele>
        <time>2024-07-06T08:50:36Z</time>
      </trkpt>
      <trkpt lat="45.59907" lon="24.75444">
        <ele>2027.66</ele>
        <time>2024-07-06T08:50:42Z</time>
      </trkpt>
      <trkpt lat="45.59911" lon="24.75442">
        <ele>2027.87</ele>
        <time>2024-07-06T08:50:47Z</time>
      </trkpt>
      <trkpt lat="45.59913" lon="24.75442">
        <ele>2027.94</ele>
        <time>2024-07-06T08:50:50Z</time>
      </trkpt>
      <trkpt lat="45.59914" lon="24.75441">
        <ele>2028.02</ele>
        <time>2024-07-06T08:50:52Z</time>
      </trkpt>
      <trkpt lat="45.59915" lon="24.75439">
        <ele>2028.12</ele>
        <time>2024-07-06T08:50:54Z</time>
      </trkpt>
      <trkpt lat="45.59916" lon="24.75435">
        <ele>2028.31</ele>
        <time>2024-07-06T08:50:59Z</time>
      </trkpt>
      <trkpt lat="45.5992" lon="24.7543">
        <ele>2028.76</ele>
        <time>2024-07-06T08:51:05Z</time>
      </trkpt>
      <trkpt lat="45.59923" lon="24.75425">
        <ele>2029.06</ele>
        <time>2024-07-06T08:51:12Z</time>
      </trkpt>
      <trkpt lat="45.59928" lon="24.7542">
        <ele>2029.39</ele>
        <time>2024-07-06T08:51:20Z</time>
      </trkpt>
      <trkpt lat="45.59929" lon="24.75418">
        <ele>2029.44</ele>
        <time>2024-07-06T08:51:22Z</time>
      </trkpt>
      <trkpt lat="45.59933" lon="24.75409">
        <ele>2029.21</ele>
        <time>2024-07-06T08:51:30Z</time>
      </trkpt>
      <trkpt lat="45.59932" lon="24.75406">
        <ele>2029.09</ele>
        <time>2024-07-06T08:51:35Z</time>
      </trkpt>
      <trkpt lat="45.5993" lon="24.75402">
        <ele>2028.99</ele>
        <time>2024-07-06T08:51:41Z</time>
      </trkpt>
      <trkpt lat="45.59931" lon="24.75399">
        <ele>2028.84</ele>
        <time>2024-07-06T08:51:43Z</time>
      </trkpt>
      <trkpt lat="45.59932" lon="24.75397">
        <ele>2028.7</ele>
        <time>2024-07-06T08:51:45Z</time>
      </trkpt>
      <trkpt lat="45.59935" lon="24.75391">
        <ele>2028.14</ele>
        <time>2024-07-06T08:51:50Z</time>
      </trkpt>
      <trkpt lat="45.59936" lon="24.75389">
        <ele>2027.92</ele>
        <time>2024-07-06T08:51:52Z</time>
      </trkpt>
      <trkpt lat="45.59943" lon="24.75379">
        <ele>2026.73</ele>
        <time>2024-07-06T08:52:02Z</time>
      </trkpt>
      <trkpt lat="45.59945" lon="24.75377">
        <ele>2026.75</ele>
        <time>2024-07-06T08:52:05Z</time>
      </trkpt>
      <trkpt lat="45.59946" lon="24.75377">
        <ele>2027.08</ele>
        <time>2024-07-06T08:52:06Z</time>
      </trkpt>
      <trkpt lat="45.59948" lon="24.75377">
        <ele>2027.74</ele>
        <time>2024-07-06T08:52:08Z</time>
      </trkpt>
      <trkpt lat="45.59949" lon="24.75376">
        <ele>2028.02</ele>
        <time>2024-07-06T08:52:10Z</time>
      </trkpt>
      <trkpt lat="45.59953" lon="24.75376">
        <ele>2029.33</ele>
        <time>2024-07-06T08:52:16Z</time>
      </trkpt>
      <trkpt lat="45.59955" lon="24.75376">
        <ele>2029.98</ele>
        <time>2024-07-06T08:52:19Z</time>
      </trkpt>
      <trkpt lat="45.59956" lon="24.75375">
        <ele>2030.24</ele>
        <time>2024-07-06T08:52:21Z</time>
      </trkpt>
      <trkpt lat="45.59957" lon="24.75374">
        <ele>2030.5</ele>
        <time>2024-07-06T08:52:23Z</time>
      </trkpt>
      <trkpt lat="45.59959" lon="24.75374">
        <ele>2031.14</ele>
        <time>2024-07-06T08:52:26Z</time>
      </trkpt>
      <trkpt lat="45.5996" lon="24.75374">
        <ele>2031.46</ele>
        <time>2024-07-06T08:52:27Z</time>
      </trkpt>
      <trkpt lat="45.59961" lon="24.75373">
        <ele>2031.71</ele>
        <time>2024-07-06T08:52:29Z</time>
      </trkpt>
      <trkpt lat="45.59965" lon="24.7537">
        <ele>2032.71</ele>
        <time>2024-07-06T08:52:35Z</time>
      </trkpt>
      <trkpt lat="45.59966" lon="24.75368">
        <ele>2032.84</ele>
        <time>2024-07-06T08:52:38Z</time>
      </trkpt>
      <trkpt lat="45.59968" lon="24.75366">
        <ele>2033.26</ele>
        <time>2024-07-06T08:52:42Z</time>
      </trkpt>
      <trkpt lat="45.59974" lon="24.75362">
        <ele>2034.67</ele>
        <time>2024-07-06T08:52:50Z</time>
      </trkpt>
      <trkpt lat="45.59974" lon="24.75361">
        <ele>2034.57</ele>
        <time>2024-07-06T08:52:51Z</time>
      </trkpt>
      <trkpt lat="45.59981" lon="24.75359">
        <ele>2036.62</ele>
        <time>2024-07-06T08:52:59Z</time>
      </trkpt>
      <trkpt lat="45.59982" lon="24.75358">
        <ele>2036.83</ele>
        <time>2024-07-06T08:53:02Z</time>
      </trkpt>
      <trkpt lat="45.59986" lon="24.75354">
        <ele>2037.57</ele>
        <time>2024-07-06T08:53:10Z</time>
      </trkpt>
      <trkpt lat="45.59988" lon="24.7535">
        <ele>2037.63</ele>
        <time>2024-07-06T08:53:16Z</time>
      </trkpt>
      <trkpt lat="45.59989" lon="24.75349">
        <ele>2037.77</ele>
        <time>2024-07-06T08:53:18Z</time>
      </trkpt>
      <trkpt lat="45.5999" lon="24.75347">
        <ele>2037.77</ele>
        <time>2024-07-06T08:53:24Z</time>
      </trkpt>
      <trkpt lat="45.59991" lon="24.75344">
        <ele>2037.6</ele>
        <time>2024-07-06T08:53:27Z</time>
      </trkpt>
      <trkpt lat="45.59991" lon="24.75343">
        <ele>2037.46</ele>
        <time>2024-07-06T08:53:28Z</time>
      </trkpt>
      <trkpt lat="45.59994" lon="24.75339">
        <ele>2037.59</ele>
        <time>2024-07-06T08:53:33Z</time>
      </trkpt>
      <trkpt lat="45.59996" lon="24.75336">
        <ele>2037.57</ele>
        <time>2024-07-06T08:53:37Z</time>
      </trkpt>
      <trkpt lat="45.6" lon="24.75328">
        <ele>2036.27</ele>
        <time>2024-07-06T08:53:46Z</time>
      </trkpt>
      <trkpt lat="45.60002" lon="24.75326">
        <ele>2035.9</ele>
        <time>2024-07-06T08:53:48Z</time>
      </trkpt>
      <trkpt lat="45.60003" lon="24.75325">
        <ele>2035.72</ele>
        <time>2024-07-06T08:53:50Z</time>
      </trkpt>
      <trkpt lat="45.60005" lon="24.75317">
        <ele>2033.57</ele>
        <time>2024-07-06T08:53:57Z</time>
      </trkpt>
      <trkpt lat="45.60006" lon="24.75314">
        <ele>2032.84</ele>
        <time>2024-07-06T08:54:01Z</time>
      </trkpt>
      <trkpt lat="45.60008" lon="24.75307">
        <ele>2031.15</ele>
        <time>2024-07-06T08:54:08Z</time>
      </trkpt>
      <trkpt lat="45.60008" lon="24.75306">
        <ele>2030.86</ele>
        <time>2024-07-06T08:54:10Z</time>
      </trkpt>
      <trkpt lat="45.60008" lon="24.75301">
        <ele>2030.66</ele>
        <time>2024-07-06T08:54:15Z</time>
      </trkpt>
      <trkpt lat="45.60008" lon="24.75299">
        <ele>2030.62</ele>
        <time>2024-07-06T08:54:17Z</time>
      </trkpt>
      <trkpt lat="45.6001" lon="24.75297">
        <ele>2030.91</ele>
        <time>2024-07-06T08:54:21Z</time>
      </trkpt>
      <trkpt lat="45.60011" lon="24.7529">
        <ele>2030.83</ele>
        <time>2024-07-06T08:54:27Z</time>
      </trkpt>
      <trkpt lat="45.60013" lon="24.75289">
        <ele>2031.01</ele>
        <time>2024-07-06T08:54:29Z</time>
      </trkpt>
      <trkpt lat="45.60015" lon="24.75282">
        <ele>2030.8</ele>
        <time>2024-07-06T08:54:34Z</time>
      </trkpt>
      <trkpt lat="45.60023" lon="24.75266">
        <ele>2030.77</ele>
        <time>2024-07-06T08:54:46Z</time>
      </trkpt>
      <trkpt lat="45.6003" lon="24.75258">
        <ele>2031.93</ele>
        <time>2024-07-06T08:54:54Z</time>
      </trkpt>
      <trkpt lat="45.60031" lon="24.75257">
        <ele>2032.63</ele>
        <time>2024-07-06T08:54:55Z</time>
      </trkpt>
      <trkpt lat="45.60033" lon="24.75252">
        <ele>2033.86</ele>
        <time>2024-07-06T08:55:01Z</time>
      </trkpt>
      <trkpt lat="45.60036" lon="24.75243">
        <ele>2036.88</ele>
        <time>2024-07-06T08:55:09Z</time>
      </trkpt>
      <trkpt lat="45.60039" lon="24.7523">
        <ele>2040.52</ele>
        <time>2024-07-06T08:55:19Z</time>
      </trkpt>
      <trkpt lat="45.6004" lon="24.75221">
        <ele>2042.23</ele>
        <time>2024-07-06T08:55:26Z</time>
      </trkpt>
      <trkpt lat="45.6004" lon="24.75205">
        <ele>2044.67</ele>
        <time>2024-07-06T08:55:38Z</time>
      </trkpt>
      <trkpt lat="45.60039" lon="24.75197">
        <ele>2045.44</ele>
        <time>2024-07-06T08:55:45Z</time>
      </trkpt>
      <trkpt lat="45.60036" lon="24.75191">
        <ele>2044.7</ele>
        <time>2024-07-06T08:55:51Z</time>
      </trkpt>
      <trkpt lat="45.60034" lon="24.75185">
        <ele>2044.25</ele>
        <time>2024-07-06T08:55:59Z</time>
      </trkpt>
      <trkpt lat="45.60036" lon="24.75183">
        <ele>2045.06</ele>
        <time>2024-07-06T08:56:01Z</time>
      </trkpt>
      <trkpt lat="45.60037" lon="24.75176">
        <ele>2045.65</ele>
        <time>2024-07-06T08:56:06Z</time>
      </trkpt>
      <trkpt lat="45.60039" lon="24.75168">
        <ele>2046.4</ele>
        <time>2024-07-06T08:56:13Z</time>
      </trkpt>
      <trkpt lat="45.60039" lon="24.75167">
        <ele>2046.42</ele>
        <time>2024-07-06T08:56:14Z</time>
      </trkpt>
      <trkpt lat="45.60041" lon="24.75161">
        <ele>2046.55</ele>
        <time>2024-07-06T08:56:19Z</time>
      </trkpt>
      <trkpt lat="45.60042" lon="24.75158">
        <ele>2046.6</ele>
        <time>2024-07-06T08:56:21Z</time>
      </trkpt>
      <trkpt lat="45.60044" lon="24.75154">
        <ele>2046.78</ele>
        <time>2024-07-06T08:56:26Z</time>
      </trkpt>
      <trkpt lat="45.60046" lon="24.75151">
        <ele>2047.0</ele>
        <time>2024-07-06T08:56:31Z</time>
      </trkpt>
      <trkpt lat="45.60046" lon="24.75149">
        <ele>2046.88</ele>
        <time>2024-07-06T08:56:34Z</time>
      </trkpt>
      <trkpt lat="45.60045" lon="24.75145">
        <ele>2046.46</ele>
        <time>2024-07-06T08:56:37Z</time>
      </trkpt>
      <trkpt lat="45.60043" lon="24.7514">
        <ele>2045.8</ele>
        <time>2024-07-06T08:56:41Z</time>
      </trkpt>
      <trkpt lat="45.60042" lon="24.75129">
        <ele>2045.03</ele>
        <time>2024-07-06T08:56:50Z</time>
      </trkpt>
      <trkpt lat="45.60042" lon="24.75126">
        <ele>2044.87</ele>
        <time>2024-07-06T08:56:52Z</time>
      </trkpt>
      <trkpt lat="45.60042" lon="24.75118">
        <ele>2044.44</ele>
        <time>2024-07-06T08:56:59Z</time>
      </trkpt>
      <trkpt lat="45.60042" lon="24.75117">
        <ele>2044.39</ele>
        <time>2024-07-06T08:57:00Z</time>
      </trkpt>
      <trkpt lat="45.60042" lon="24.75111">
        <ele>2044.06</ele>
        <time>2024-07-06T08:57:05Z</time>
      </trkpt>
      <trkpt lat="45.60042" lon="24.75108">
        <ele>2043.73</ele>
        <time>2024-07-06T08:57:08Z</time>
      </trkpt>
      <trkpt lat="45.60042" lon="24.75107">
        <ele>2043.62</ele>
        <time>2024-07-06T08:57:09Z</time>
      </trkpt>
      <trkpt lat="45.60041" lon="24.75106">
        <ele>2043.31</ele>
        <time>2024-07-06T08:57:11Z</time>
      </trkpt>
      <trkpt lat="45.60042" lon="24.75099">
        <ele>2042.75</ele>
        <time>2024-07-06T08:57:17Z</time>
      </trkpt>
      <trkpt lat="45.60043" lon="24.75098">
        <ele>2042.83</ele>
        <time>2024-07-06T08:57:19Z</time>
      </trkpt>
      <trkpt lat="45.60043" lon="24.75095">
        <ele>2042.49</ele>
        <time>2024-07-06T08:57:23Z</time>
      </trkpt>
      <trkpt lat="45.60043" lon="24.75092">
        <ele>2042.16</ele>
        <time>2024-07-06T08:57:27Z</time>
      </trkpt>
      <trkpt lat="45.60046" lon="24.7509">
        <ele>2042.42</ele>
        <time>2024-07-06T08:57:33Z</time>
      </trkpt>
      <trkpt lat="45.60046" lon="24.75088">
        <ele>2042.18</ele>
        <time>2024-07-06T08:57:35Z</time>
      </trkpt>
      <trkpt lat="45.60047" lon="24.75079">
        <ele>2042.45</ele>
        <time>2024-07-06T08:57:43Z</time>
      </trkpt>
      <trkpt lat="45.60046" lon="24.75076">
        <ele>2042.76</ele>
        <time>2024-07-06T08:57:47Z</time>
      </trkpt>
      <trkpt lat="45.60046" lon="24.75074">
        <ele>2043.07</ele>
        <time>2024-07-06T08:57:51Z</time>
      </trkpt>
      <trkpt lat="45.60043" lon="24.75073">
        <ele>2042.72</ele>
        <time>2024-07-06T08:57:57Z</time>
      </trkpt>
      <trkpt lat="45.60043" lon="24.75073">
        <ele>2042.72</ele>
        <time>2024-07-06T08:57:58Z</time>
      </trkpt>
      <trkpt lat="45.60043" lon="24.75066">
        <ele>2043.75</ele>
        <time>2024-07-06T08:58:06Z</time>
      </trkpt>
      <trkpt lat="45.60044" lon="24.75065">
        <ele>2044.09</ele>
        <time>2024-07-06T08:58:08Z</time>
      </trkpt>
      <trkpt lat="45.60045" lon="24.75062">
        <ele>2044.74</ele>
        <time>2024-07-06T08:58:10Z</time>
      </trkpt>
      <trkpt lat="45.60047" lon="24.75056">
        <ele>2046.08</ele>
        <time>2024-07-06T08:58:15Z</time>
      </trkpt>
      <trkpt lat="45.60047" lon="24.75057">
        <ele>2045.92</ele>
        <time>2024-07-06T08:58:21Z</time>
      </trkpt>
      <trkpt lat="45.60046" lon="24.75056">
        <ele>2045.87</ele>
        <time>2024-07-06T08:58:24Z</time>
      </trkpt>
      <trkpt lat="45.60046" lon="24.75051">
        <ele>2046.76</ele>
        <time>2024-07-06T08:58:30Z</time>
      </trkpt>
      <trkpt lat="45.60046" lon="24.75051">
        <ele>2046.76</ele>
        <time>2024-07-06T08:58:33Z</time>
      </trkpt>
      <trkpt lat="45.60048" lon="24.75043">
        <ele>2048.54</ele>
        <time>2024-07-06T08:58:42Z</time>
      </trkpt>
      <trkpt lat="45.60047" lon="24.75043">
        <ele>2048.38</ele>
        <time>2024-07-06T08:58:43Z</time>
      </trkpt>
      <trkpt lat="45.60047" lon="24.75038">
        <ele>2049.26</ele>
        <time>2024-07-06T08:58:50Z</time>
      </trkpt>
      <trkpt lat="45.60047" lon="24.75037">
        <ele>2049.44</ele>
        <time>2024-07-06T08:58:52Z</time>
      </trkpt>
      <trkpt lat="45.60048" lon="24.75032">
        <ele>2050.45</ele>
        <time>2024-07-06T08:58:58Z</time>
      </trkpt>
      <trkpt lat="45.60048" lon="24.75031">
        <ele>2050.63</ele>
        <time>2024-07-06T08:59:01Z</time>
      </trkpt>
      <trkpt lat="45.6005" lon="24.75029">
        <ele>2051.2</ele>
        <time>2024-07-06T08:59:06Z</time>
      </trkpt>
      <trkpt lat="45.60052" lon="24.75027">
        <ele>2051.67</ele>
        <time>2024-07-06T08:59:11Z</time>
      </trkpt>
      <trkpt lat="45.60053" lon="24.75026">
        <ele>2051.85</ele>
        <time>2024-07-06T08:59:12Z</time>
      </trkpt>
      <trkpt lat="45.60054" lon="24.75024">
        <ele>2052.1</ele>
        <time>2024-07-06T08:59:15Z</time>
      </trkpt>
      <trkpt lat="45.60054" lon="24.75024">
        <ele>2052.1</ele>
        <time>2024-07-06T08:59:16Z</time>
      </trkpt>
      <trkpt lat="45.60054" lon="24.7502">
        <ele>2052.39</ele>
        <time>2024-07-06T08:59:21Z</time>
      </trkpt>
      <trkpt lat="45.60055" lon="24.75019">
        <ele>2052.57</ele>
        <time>2024-07-06T08:59:22Z</time>
      </trkpt>
      <trkpt lat="45.60057" lon="24.75014">
        <ele>2053.3</ele>
        <time>2024-07-06T08:59:29Z</time>
      </trkpt>
      <trkpt lat="45.6006" lon="24.7501">
        <ele>2054.24</ele>
        <time>2024-07-06T08:59:37Z</time>
      </trkpt>
      <trkpt lat="45.60062" lon="24.75007">
        <ele>2054.89</ele>
        <time>2024-07-06T08:59:40Z</time>
      </trkpt>
      <trkpt lat="45.60063" lon="24.75006">
        <ele>2055.18</ele>
        <time>2024-07-06T08:59:43Z</time>
      </trkpt>
      <trkpt lat="45.60063" lon="24.75005">
        <ele>2055.25</ele>
        <time>2024-07-06T08:59:44Z</time>
      </trkpt>
      <trkpt lat="45.60064" lon="24.75005">
        <ele>2055.46</ele>
        <time>2024-07-06T08:59:46Z</time>
      </trkpt>
      <trkpt lat="45.60064" lon="24.74998">
        <ele>2056.22</ele>
        <time>2024-07-06T08:59:52Z</time>
      </trkpt>
      <trkpt lat="45.60064" lon="24.74996">
        <ele>2056.62</ele>
        <time>2024-07-06T08:59:53Z</time>
      </trkpt>
      <trkpt lat="45.60064" lon="24.74993">
        <ele>2057.22</ele>
        <time>2024-07-06T08:59:55Z</time>
      </trkpt>
      <trkpt lat="45.60064" lon="24.74992">
        <ele>2057.41</ele>
        <time>2024-07-06T08:59:56Z</time>
      </trkpt>
      <trkpt lat="45.60063" lon="24.74988">
        <ele>2057.91</ele>
        <time>2024-07-06T08:59:59Z</time>
      </trkpt>
      <trkpt lat="45.60063" lon="24.74986">
        <ele>2058.3</ele>
        <time>2024-07-06T09:00:01Z</time>
      </trkpt>
      <trkpt lat="45.60063" lon="24.74985">
        <ele>2058.49</ele>
        <time>2024-07-06T09:00:02Z</time>
      </trkpt>
      <trkpt lat="45.60066" lon="24.74979">
        <ele>2060.7</ele>
        <time>2024-07-06T09:00:08Z</time>
      </trkpt>
      <trkpt lat="45.60069" lon="24.74973">
        <ele>2063.14</ele>
        <time>2024-07-06T09:00:16Z</time>
      </trkpt>
      <trkpt lat="45.6007" lon="24.74966">
        <ele>2063.84</ele>
        <time>2024-07-06T09:00:22Z</time>
      </trkpt>
      <trkpt lat="45.60072" lon="24.74962">
        <ele>2064.73</ele>
        <time>2024-07-06T09:00:27Z</time>
      </trkpt>
      <trkpt lat="45.60073" lon="24.74959">
        <ele>2065.21</ele>
        <time>2024-07-06T09:00:30Z</time>
      </trkpt>
      <trkpt lat="45.60074" lon="24.74954">
        <ele>2065.74</ele>
        <time>2024-07-06T09:00:35Z</time>
      </trkpt>
      <trkpt lat="45.60075" lon="24.74952">
        <ele>2066.21</ele>
        <time>2024-07-06T09:00:40Z</time>
      </trkpt>
      <trkpt lat="45.60074" lon="24.74949">
        <ele>2065.86</ele>
        <time>2024-07-06T09:00:43Z</time>
      </trkpt>
      <trkpt lat="45.60073" lon="24.74941">
        <ele>2065.75</ele>
        <time>2024-07-06T09:00:52Z</time>
      </trkpt>
      <trkpt lat="45.60073" lon="24.74935">
        <ele>2066.13</ele>
        <time>2024-07-06T09:00:55Z</time>
      </trkpt>
      <trkpt lat="45.60074" lon="24.74928">
        <ele>2066.96</ele>
        <time>2024-07-06T09:01:01Z</time>
      </trkpt>
      <trkpt lat="45.60074" lon="24.74921">
        <ele>2067.38</ele>
        <time>2024-07-06T09:01:07Z</time>
      </trkpt>
      <trkpt lat="45.60074" lon="24.74915">
        <ele>2067.68</ele>
        <time>2024-07-06T09:01:14Z</time>
      </trkpt>
      <trkpt lat="45.60074" lon="24.7491">
        <ele>2067.8</ele>
        <time>2024-07-06T09:01:20Z</time>
      </trkpt>
      <trkpt lat="45.60073" lon="24.74906">
        <ele>2067.57</ele>
        <time>2024-07-06T09:01:24Z</time>
      </trkpt>
      <trkpt lat="45.60073" lon="24.749">
        <ele>2067.73</ele>
        <time>2024-07-06T09:01:31Z</time>
      </trkpt>
      <trkpt lat="45.60074" lon="24.74899">
        <ele>2068.07</ele>
        <time>2024-07-06T09:01:33Z</time>
      </trkpt>
      <trkpt lat="45.60075" lon="24.74892">
        <ele>2068.53</ele>
        <time>2024-07-06T09:01:39Z</time>
      </trkpt>
      <trkpt lat="45.60075" lon="24.74887">
        <ele>2068.62</ele>
        <time>2024-07-06T09:01:43Z</time>
      </trkpt>
      <trkpt lat="45.60073" lon="24.74881">
        <ele>2068.13</ele>
        <time>2024-07-06T09:01:51Z</time>
      </trkpt>
      <trkpt lat="45.60073" lon="24.7488">
        <ele>2068.14</ele>
        <time>2024-07-06T09:01:52Z</time>
      </trkpt>
      <trkpt lat="45.60073" lon="24.74872">
        <ele>2068.25</ele>
        <time>2024-07-06T09:02:00Z</time>
      </trkpt>
      <trkpt lat="45.60074" lon="24.74871">
        <ele>2068.53</ele>
        <time>2024-07-06T09:02:01Z</time>
      </trkpt>
      <trkpt lat="45.60074" lon="24.74864">
        <ele>2068.61</ele>
        <time>2024-07-06T09:02:07Z</time>
      </trkpt>
      <trkpt lat="45.60074" lon="24.74863">
        <ele>2068.63</ele>
        <time>2024-07-06T09:02:09Z</time>
      </trkpt>
      <trkpt lat="45.60073" lon="24.74861">
        <ele>2068.4</ele>
        <time>2024-07-06T09:02:13Z</time>
      </trkpt>
      <trkpt lat="45.60074" lon="24.74857">
        <ele>2068.8</ele>
        <time>2024-07-06T09:02:17Z</time>
      </trkpt>
      <trkpt lat="45.60073" lon="24.74853">
        <ele>2068.69</ele>
        <time>2024-07-06T09:02:23Z</time>
      </trkpt>
      <trkpt lat="45.60073" lon="24.74847">
        <ele>2068.9</ele>
        <time>2024-07-06T09:02:29Z</time>
      </trkpt>
      <trkpt lat="45.60073" lon="24.74846">
        <ele>2068.94</ele>
        <time>2024-07-06T09:02:30Z</time>
      </trkpt>
      <trkpt lat="45.60075" lon="24.7484">
        <ele>2069.66</ele>
        <time>2024-07-06T09:02:38Z</time>
      </trkpt>
      <trkpt lat="45.60072" lon="24.74831">
        <ele>2069.33</ele>
        <time>2024-07-06T09:02:47Z</time>
      </trkpt>
      <trkpt lat="45.60073" lon="24.7483">
        <ele>2069.63</ele>
        <time>2024-07-06T09:02:48Z</time>
      </trkpt>
      <trkpt lat="45.60079" lon="24.74823">
        <ele>2071.0</ele>
        <time>2024-07-06T09:02:57Z</time>
      </trkpt>
      <trkpt lat="45.60078" lon="24.74822">
        <ele>2070.87</ele>
        <time>2024-07-06T09:02:59Z</time>
      </trkpt>
      <trkpt lat="45.60078" lon="24.74816">
        <ele>2070.99</ele>
        <time>2024-07-06T09:03:05Z</time>
      </trkpt>
      <trkpt lat="45.60078" lon="24.74815">
        <ele>2071.01</ele>
        <time>2024-07-06T09:03:06Z</time>
      </trkpt>
      <trkpt lat="45.60078" lon="24.74807">
        <ele>2071.16</ele>
        <time>2024-07-06T09:03:14Z</time>
      </trkpt>
      <trkpt lat="45.60078" lon="24.74804">
        <ele>2071.56</ele>
        <time>2024-07-06T09:03:16Z</time>
      </trkpt>
      <trkpt lat="45.60078" lon="24.748">
        <ele>2072.52</ele>
        <time>2024-07-06T09:03:23Z</time>
      </trkpt>
      <trkpt lat="45.6008" lon="24.74795">
        <ele>2073.69</ele>
        <time>2024-07-06T09:03:32Z</time>
      </trkpt>
      <trkpt lat="45.60082" lon="24.7479">
        <ele>2074.91</ele>
        <time>2024-07-06T09:03:41Z</time>
      </trkpt>
      <trkpt lat="45.60086" lon="24.74783">
        <ele>2076.83</ele>
        <time>2024-07-06T09:03:49Z</time>
      </trkpt>
      <trkpt lat="45.60087" lon="24.74781">
        <ele>2077.31</ele>
        <time>2024-07-06T09:03:50Z</time>
      </trkpt>
      <trkpt lat="45.60088" lon="24.7477">
        <ele>2078.65</ele>
        <time>2024-07-06T09:04:01Z</time>
      </trkpt>
      <trkpt lat="45.60088" lon="24.7477">
        <ele>2078.65</ele>
        <time>2024-07-06T09:04:02Z</time>
      </trkpt>
      <trkpt lat="45.60089" lon="24.74763">
        <ele>2079.16</ele>
        <time>2024-07-06T09:04:08Z</time>
      </trkpt>
      <trkpt lat="45.6009" lon="24.74762">
        <ele>2079.16</ele>
        <time>2024-07-06T09:04:09Z</time>
      </trkpt>
      <trkpt lat="45.60088" lon="24.7476">
        <ele>2079.49</ele>
        <time>2024-07-06T09:04:10Z</time>
      </trkpt>
      <trkpt lat="45.60092" lon="24.74751">
        <ele>2079.69</ele>
        <time>2024-07-06T09:04:18Z</time>
      </trkpt>
      <trkpt lat="45.60092" lon="24.74748">
        <ele>2079.82</ele>
        <time>2024-07-06T09:04:24Z</time>
      </trkpt>
      <trkpt lat="45.60092" lon="24.74744">
        <ele>2079.97</ele>
        <time>2024-07-06T09:04:31Z</time>
      </trkpt>
      <trkpt lat="45.60092" lon="24.74743">
        <ele>2080.0</ele>
        <time>2024-07-06T09:04:38Z</time>
      </trkpt>
      <trkpt lat="45.60092" lon="24.74743">
        <ele>2080.0</ele>
        <time>2024-07-06T09:04:44Z</time>
      </trkpt>
      <trkpt lat="45.60092" lon="24.74742">
        <ele>2080.04</ele>
        <time>2024-07-06T09:04:45Z</time>
      </trkpt>
      <trkpt lat="45.60091" lon="24.74739">
        <ele>2080.29</ele>
        <time>2024-07-06T09:04:49Z</time>
      </trkpt>
      <trkpt lat="45.6009" lon="24.74736">
        <ele>2080.54</ele>
        <time>2024-07-06T09:04:55Z</time>
      </trkpt>
      <trkpt lat="45.60091" lon="24.74733">
        <ele>2080.51</ele>
        <time>2024-07-06T09:05:02Z</time>
      </trkpt>
      <trkpt lat="45.60091" lon="24.74733">
        <ele>2080.51</ele>
        <time>2024-07-06T09:05:11Z</time>
      </trkpt>
      <trkpt lat="45.60091" lon="24.74733">
        <ele>2080.51</ele>
        <time>2024-07-06T09:05:19Z</time>
      </trkpt>
      <trkpt lat="45.60092" lon="24.74734">
        <ele>2080.33</ele>
        <time>2024-07-06T09:05:33Z</time>
      </trkpt>
      <trkpt lat="45.60092" lon="24.74735">
        <ele>2080.29</ele>
        <time>2024-07-06T09:05:39Z</time>
      </trkpt>
      <trkpt lat="45.60092" lon="24.74735">
        <ele>2080.29</ele>
        <time>2024-07-06T09:05:41Z</time>
      </trkpt>
      <trkpt lat="45.60092" lon="24.74735">
        <ele>2080.29</ele>
        <time>2024-07-06T09:05:46Z</time>
      </trkpt>
      <trkpt lat="45.60092" lon="24.74734">
        <ele>2080.33</ele>
        <time>2024-07-06T09:05:52Z</time>
      </trkpt>
      <trkpt lat="45.60092" lon="24.74734">
        <ele>2080.33</ele>
        <time>2024-07-06T09:05:59Z</time>
      </trkpt>
      <trkpt lat="45.60092" lon="24.74733">
        <ele>2080.36</ele>
        <time>2024-07-06T09:06:25Z</time>
      </trkpt>
      <trkpt lat="45.60092" lon="24.74733">
        <ele>2080.36</ele>
        <time>2024-07-06T09:06:35Z</time>
      </trkpt>
      <trkpt lat="45.60092" lon="24.74733">
        <ele>2080.36</ele>
        <time>2024-07-06T09:06:39Z</time>
      </trkpt>
      <trkpt lat="45.60092" lon="24.74733">
        <ele>2080.36</ele>
        <time>2024-07-06T09:06:40Z</time>
      </trkpt>
      <trkpt lat="45.60093" lon="24.74734">
        <ele>2080.18</ele>
        <time>2024-07-06T09:07:00Z</time>
      </trkpt>
      <trkpt lat="45.60093" lon="24.74733">
        <ele>2080.22</ele>
        <time>2024-07-06T09:07:12Z</time>
      </trkpt>
      <trkpt lat="45.60093" lon="24.74733">
        <ele>2080.22</ele>
        <time>2024-07-06T09:07:14Z</time>
      </trkpt>
      <trkpt lat="45.60094" lon="24.74733">
        <ele>2080.08</ele>
        <time>2024-07-06T09:07:33Z</time>
      </trkpt>
      <trkpt lat="45.60094" lon="24.74733">
        <ele>2080.08</ele>
        <time>2024-07-06T09:07:35Z</time>
      </trkpt>
      <trkpt lat="45.60094" lon="24.74733">
        <ele>2080.08</ele>
        <time>2024-07-06T09:07:36Z</time>
      </trkpt>
      <trkpt lat="45.60094" lon="24.74733">
        <ele>2080.08</ele>
        <time>2024-07-06T09:07:39Z</time>
      </trkpt>
      <trkpt lat="45.60094" lon="24.74733">
        <ele>2080.08</ele>
        <time>2024-07-06T09:07:50Z</time>
      </trkpt>
      <trkpt lat="45.60094" lon="24.74733">
        <ele>2080.08</ele>
        <time>2024-07-06T09:07:53Z</time>
      </trkpt>
      <trkpt lat="45.60094" lon="24.74733">
        <ele>2080.08</ele>
        <time>2024-07-06T09:07:55Z</time>
      </trkpt>
      <trkpt lat="45.60096" lon="24.7473">
        <ele>2079.9</ele>
        <time>2024-07-06T09:08:28Z</time>
      </trkpt>
      <trkpt lat="45.60096" lon="24.7473">
        <ele>2079.9</ele>
        <time>2024-07-06T09:08:49Z</time>
      </trkpt>
      <trkpt lat="45.60096" lon="24.7473">
        <ele>2079.9</ele>
        <time>2024-07-06T09:08:53Z</time>
      </trkpt>
      <trkpt lat="45.60092" lon="24.7473">
        <ele>2080.47</ele>
        <time>2024-07-06T09:09:04Z</time>
      </trkpt>
      <trkpt lat="45.6009" lon="24.74731">
        <ele>2080.72</ele>
        <time>2024-07-06T09:09:07Z</time>
      </trkpt>
      <trkpt lat="45.60088" lon="24.74732">
        <ele>2080.98</ele>
        <time>2024-07-06T09:09:16Z</time>
      </trkpt>
      <trkpt lat="45.60087" lon="24.74733">
        <ele>2081.08</ele>
        <time>2024-07-06T09:09:19Z</time>
      </trkpt>
      <trkpt lat="45.60087" lon="24.74734">
        <ele>2081.05</ele>
        <time>2024-07-06T09:09:20Z</time>
      </trkpt>
      <trkpt lat="45.60084" lon="24.74735">
        <ele>2081.44</ele>
        <time>2024-07-06T09:09:25Z</time>
      </trkpt>
      <trkpt lat="45.60083" lon="24.7474">
        <ele>2081.36</ele>
        <time>2024-07-06T09:09:32Z</time>
      </trkpt>
      <trkpt lat="45.60083" lon="24.74745">
        <ele>2081.18</ele>
        <time>2024-07-06T09:10:25Z</time>
      </trkpt>
      <trkpt lat="45.60084" lon="24.74745">
        <ele>2081.08</ele>
        <time>2024-07-06T09:10:39Z</time>
      </trkpt>
      <trkpt lat="45.60084" lon="24.74739">
        <ele>2081.3</ele>
        <time>2024-07-06T09:10:57Z</time>
      </trkpt>
      <trkpt lat="45.60086" lon="24.74735">
        <ele>2081.16</ele>
        <time>2024-07-06T09:11:01Z</time>
      </trkpt>
      <trkpt lat="45.60086" lon="24.74734">
        <ele>2081.19</ele>
        <time>2024-07-06T09:11:02Z</time>
      </trkpt>
      <trkpt lat="45.60089" lon="24.74734">
        <ele>2080.76</ele>
        <time>2024-07-06T09:11:06Z</time>
      </trkpt>
      <trkpt lat="45.60091" lon="24.74731">
        <ele>2080.58</ele>
        <time>2024-07-06T09:11:10Z</time>
      </trkpt>
      <trkpt lat="45.60094" lon="24.74731">
        <ele>2080.15</ele>
        <time>2024-07-06T09:11:14Z</time>
      </trkpt>
      <trkpt lat="45.60094" lon="24.74732">
        <ele>2080.11</ele>
        <time>2024-07-06T09:11:16Z</time>
      </trkpt>
      <trkpt lat="45.60094" lon="24.74731">
        <ele>2080.15</ele>
        <time>2024-07-06T09:11:22Z</time>
      </trkpt>
      <trkpt lat="45.60094" lon="24.74731">
        <ele>2080.15</ele>
        <time>2024-07-06T09:11:25Z</time>
      </trkpt>
      <trkpt lat="45.60094" lon="24.74731">
        <ele>2080.15</ele>
        <time>2024-07-06T09:11:51Z</time>
      </trkpt>
      <trkpt lat="45.60095" lon="24.74731">
        <ele>2080.0</ele>
        <time>2024-07-06T09:11:56Z</time>
      </trkpt>
      <trkpt lat="45.60095" lon="24.74731">
        <ele>2080.0</ele>
        <time>2024-07-06T09:12:05Z</time>
      </trkpt>
      <trkpt lat="45.60095" lon="24.74732">
        <ele>2079.97</ele>
        <time>2024-07-06T09:12:16Z</time>
      </trkpt>
      <trkpt lat="45.60096" lon="24.74732">
        <ele>2079.82</ele>
        <time>2024-07-06T09:12:32Z</time>
      </trkpt>
      <trkpt lat="45.60097" lon="24.74733">
        <ele>2079.64</ele>
        <time>2024-07-06T09:12:46Z</time>
      </trkpt>
      <trkpt lat="45.60097" lon="24.74733">
        <ele>2079.64</ele>
        <time>2024-07-06T09:13:15Z</time>
      </trkpt>
      <trkpt lat="45.60097" lon="24.74733">
        <ele>2079.64</ele>
        <time>2024-07-06T09:13:21Z</time>
      </trkpt>
      <trkpt lat="45.60097" lon="24.74733">
        <ele>2079.64</ele>
        <time>2024-07-06T09:13:23Z</time>
      </trkpt>
      <trkpt lat="45.60097" lon="24.74732">
        <ele>2079.68</ele>
        <time>2024-07-06T09:13:24Z</time>
      </trkpt>
      <trkpt lat="45.60097" lon="24.74732">
        <ele>2079.68</ele>
        <time>2024-07-06T09:13:26Z</time>
      </trkpt>
      <trkpt lat="45.60098" lon="24.74731">
        <ele>2079.57</ele>
        <time>2024-07-06T09:13:32Z</time>
      </trkpt>
      <trkpt lat="45.60097" lon="24.74731">
        <ele>2079.72</ele>
        <time>2024-07-06T09:13:50Z</time>
      </trkpt>
      <trkpt lat="45.60097" lon="24.74731">
        <ele>2079.72</ele>
        <time>2024-07-06T09:13:51Z</time>
      </trkpt>
      <trkpt lat="45.60096" lon="24.74731">
        <ele>2079.86</ele>
        <time>2024-07-06T09:14:10Z</time>
      </trkpt>
      <trkpt lat="45.60096" lon="24.74731">
        <ele>2079.86</ele>
        <time>2024-07-06T09:14:27Z</time>
      </trkpt>
      <trkpt lat="45.60097" lon="24.74731">
        <ele>2079.72</ele>
        <time>2024-07-06T09:14:34Z</time>
      </trkpt>
      <trkpt lat="45.60097" lon="24.74731">
        <ele>2079.72</ele>
        <time>2024-07-06T09:14:43Z</time>
      </trkpt>
      <trkpt lat="45.60097" lon="24.74731">
        <ele>2079.72</ele>
        <time>2024-07-06T09:14:49Z</time>
      </trkpt>
      <trkpt lat="45.60097" lon="24.74731">
        <ele>2079.72</ele>
        <time>2024-07-06T09:15:14Z</time>
      </trkpt>
      <trkpt lat="45.60097" lon="24.74731">
        <ele>2079.72</ele>
        <time>2024-07-06T09:15:18Z</time>
      </trkpt>
      <trkpt lat="45.60097" lon="24.74731">
        <ele>2079.72</ele>
        <time>2024-07-06T09:15:19Z</time>
      </trkpt>
      <trkpt lat="45.60096" lon="24.74731">
        <ele>2079.86</ele>
        <time>2024-07-06T09:15:27Z</time>
      </trkpt>
      <trkpt lat="45.60096" lon="24.74731">
        <ele>2079.86</ele>
        <time>2024-07-06T09:16:00Z</time>
      </trkpt>
      <trkpt lat="45.60096" lon="24.74731">
        <ele>2079.86</ele>
        <time>2024-07-06T09:16:05Z</time>
      </trkpt>
      <trkpt lat="45.60096" lon="24.74731">
        <ele>2079.86</ele>
        <time>2024-07-06T09:16:28Z</time>
      </trkpt>
      <trkpt lat="45.60096" lon="24.74731">
        <ele>2079.86</ele>
        <time>2024-07-06T09:16:49Z</time>
      </trkpt>
      <trkpt lat="45.60096" lon="24.74731">
        <ele>2079.86</ele>
        <time>2024-07-06T09:17:01Z</time>
      </trkpt>
      <trkpt lat="45.60096" lon="24.74731">
        <ele>2079.86</ele>
        <time>2024-07-06T09:17:08Z</time>
      </trkpt>
      <trkpt lat="45.60096" lon="24.74731">
        <ele>2079.86</ele>
        <time>2024-07-06T09:17:21Z</time>
      </trkpt>
      <trkpt lat="45.60096" lon="24.74731">
        <ele>2079.86</ele>
        <time>2024-07-06T09:17:28Z</time>
      </trkpt>
      <trkpt lat="45.60096" lon="24.74731">
        <ele>2079.86</ele>
        <time>2024-07-06T09:17:40Z</time>
      </trkpt>
      <trkpt lat="45.60096" lon="24.74731">
        <ele>2079.86</ele>
        <time>2024-07-06T09:18:19Z</time>
      </trkpt>
      <trkpt lat="45.60096" lon="24.74732">
        <ele>2079.82</ele>
        <time>2024-07-06T09:18:33Z</time>
      </trkpt>
      <trkpt lat="45.60096" lon="24.74732">
        <ele>2079.82</ele>
        <time>2024-07-06T09:18:38Z</time>
      </trkpt>
      <trkpt lat="45.60096" lon="24.74731">
        <ele>2079.86</ele>
        <time>2024-07-06T09:18:47Z</time>
      </trkpt>
      <trkpt lat="45.60096" lon="24.74731">
        <ele>2079.86</ele>
        <time>2024-07-06T09:18:48Z</time>
      </trkpt>
      <trkpt lat="45.60096" lon="24.74731">
        <ele>2079.86</ele>
        <time>2024-07-06T09:18:50Z</time>
      </trkpt>
      <trkpt lat="45.60096" lon="24.74731">
        <ele>2079.86</ele>
        <time>2024-07-06T09:18:52Z</time>
      </trkpt>
      <trkpt lat="45.60096" lon="24.74731">
        <ele>2079.86</ele>
        <time>2024-07-06T09:18:55Z</time>
      </trkpt>
      <trkpt lat="45.60096" lon="24.74731">
        <ele>2079.86</ele>
        <time>2024-07-06T09:18:57Z</time>
      </trkpt>
      <trkpt lat="45.60096" lon="24.74731">
        <ele>2079.86</ele>
        <time>2024-07-06T09:19:04Z</time>
      </trkpt>
      <trkpt lat="45.60096" lon="24.74731">
        <ele>2079.86</ele>
        <time>2024-07-06T09:19:13Z</time>
      </trkpt>
      <trkpt lat="45.60096" lon="24.74729">
        <ele>2079.93</ele>
        <time>2024-07-06T09:19:21Z</time>
      </trkpt>
      <trkpt lat="45.60096" lon="24.74725">
        <ele>2080.08</ele>
        <time>2024-07-06T09:19:23Z</time>
      </trkpt>
      <trkpt lat="45.60096" lon="24.74715">
        <ele>2080.93</ele>
        <time>2024-07-06T09:19:28Z</time>
      </trkpt>
      <trkpt lat="45.60095" lon="24.74712">
        <ele>2081.37</ele>
        <time>2024-07-06T09:19:29Z</time>
      </trkpt>
      <trkpt lat="45.60099" lon="24.74701">
        <ele>2082.13</ele>
        <time>2024-07-06T09:19:37Z</time>
      </trkpt>
      <trkpt lat="45.60102" lon="24.74695">
        <ele>2082.59</ele>
        <time>2024-07-06T09:19:44Z</time>
      </trkpt>
      <trkpt lat="45.60102" lon="24.74694">
        <ele>2082.7</ele>
        <time>2024-07-06T09:19:45Z</time>
      </trkpt>
      <trkpt lat="45.60102" lon="24.74691">
        <ele>2082.99</ele>
        <time>2024-07-06T09:19:52Z</time>
      </trkpt>
      <trkpt lat="45.60104" lon="24.74691">
        <ele>2082.82</ele>
        <time>2024-07-06T09:19:57Z</time>
      </trkpt>
      <trkpt lat="45.60106" lon="24.7469">
        <ele>2082.75</ele>
        <time>2024-07-06T09:20:02Z</time>
      </trkpt>
      <trkpt lat="45.60107" lon="24.74687">
        <ele>2082.91</ele>
        <time>2024-07-06T09:20:08Z</time>
      </trkpt>
      <trkpt lat="45.60108" lon="24.74685">
        <ele>2082.98</ele>
        <time>2024-07-06T09:20:11Z</time>
      </trkpt>
      <trkpt lat="45.60108" lon="24.7468">
        <ele>2083.38</ele>
        <time>2024-07-06T09:20:15Z</time>
      </trkpt>
      <trkpt lat="45.60108" lon="24.74677">
        <ele>2083.62</ele>
        <time>2024-07-06T09:20:18Z</time>
      </trkpt>
      <trkpt lat="45.60107" lon="24.74671">
        <ele>2084.23</ele>
        <time>2024-07-06T09:20:25Z</time>
      </trkpt>
      <trkpt lat="45.60108" lon="24.74663">
        <ele>2085.24</ele>
        <time>2024-07-06T09:20:32Z</time>
      </trkpt>
      <trkpt lat="45.60108" lon="24.74661">
        <ele>2085.67</ele>
        <time>2024-07-06T09:20:35Z</time>
      </trkpt>
      <trkpt lat="45.60109" lon="24.74658">
        <ele>2086.18</ele>
        <time>2024-07-06T09:20:38Z</time>
      </trkpt>
      <trkpt lat="45.60109" lon="24.74656">
        <ele>2086.61</ele>
        <time>2024-07-06T09:20:39Z</time>
      </trkpt>
      <trkpt lat="45.60109" lon="24.74647">
        <ele>2088.55</ele>
        <time>2024-07-06T09:20:44Z</time>
      </trkpt>
      <trkpt lat="45.60109" lon="24.74646">
        <ele>2088.77</ele>
        <time>2024-07-06T09:20:45Z</time>
      </trkpt>
      <trkpt lat="45.6011" lon="24.74643">
        <ele>2089.27</ele>
        <time>2024-07-06T09:20:47Z</time>
      </trkpt>
      <trkpt lat="45.60114" lon="24.74637">
        <ele>2092.21</ele>
        <time>2024-07-06T09:20:51Z</time>
      </trkpt>
      <trkpt lat="45.60115" lon="24.74637">
        <ele>2092.74</ele>
        <time>2024-07-06T09:20:52Z</time>
      </trkpt>
      <trkpt lat="45.60116" lon="24.74635">
        <ele>2093.94</ele>
        <time>2024-07-06T09:20:54Z</time>
      </trkpt>
      <trkpt lat="45.60115" lon="24.7463">
        <ele>2095.12</ele>
        <time>2024-07-06T09:20:57Z</time>
      </trkpt>
      <trkpt lat="45.60114" lon="24.74629">
        <ele>2094.97</ele>
        <time>2024-07-06T09:20:58Z</time>
      </trkpt>
      <trkpt lat="45.60112" lon="24.74624">
        <ele>2095.77</ele>
        <time>2024-07-06T09:21:02Z</time>
      </trkpt>
      <trkpt lat="45.60112" lon="24.74619">
        <ele>2097.55</ele>
        <time>2024-07-06T09:21:06Z</time>
      </trkpt>
      <trkpt lat="45.60111" lon="24.74609">
        <ele>2100.84</ele>
        <time>2024-07-06T09:21:14Z</time>
      </trkpt>
      <trkpt lat="45.60109" lon="24.74603">
        <ele>2103.24</ele>
        <time>2024-07-06T09:21:18Z</time>
      </trkpt>
      <trkpt lat="45.60109" lon="24.74599">
        <ele>2104.81</ele>
        <time>2024-07-06T09:21:21Z</time>
      </trkpt>
      <trkpt lat="45.60109" lon="24.74597">
        <ele>2105.59</ele>
        <time>2024-07-06T09:21:27Z</time>
      </trkpt>
      <trkpt lat="45.6011" lon="24.74591">
        <ele>2107.95</ele>
        <time>2024-07-06T09:21:34Z</time>
      </trkpt>
      <trkpt lat="45.6011" lon="24.7459">
        <ele>2108.34</ele>
        <time>2024-07-06T09:21:35Z</time>
      </trkpt>
      <trkpt lat="45.60111" lon="24.7459">
        <ele>2108.36</ele>
        <time>2024-07-06T09:21:37Z</time>
      </trkpt>
      <trkpt lat="45.60114" lon="24.74589">
        <ele>2109.4</ele>
        <time>2024-07-06T09:21:42Z</time>
      </trkpt>
      <trkpt lat="45.60114" lon="24.7459">
        <ele>2109.03</ele>
        <time>2024-07-06T09:21:43Z</time>
      </trkpt>
      <trkpt lat="45.60116" lon="24.74586">
        <ele>2110.93</ele>
        <time>2024-07-06T09:21:48Z</time>
      </trkpt>
      <trkpt lat="45.60117" lon="24.74587">
        <ele>2110.78</ele>
        <time>2024-07-06T09:21:51Z</time>
      </trkpt>
      <trkpt lat="45.60119" lon="24.74584">
        <ele>2112.2</ele>
        <time>2024-07-06T09:21:55Z</time>
      </trkpt>
      <trkpt lat="45.60121" lon="24.74581">
        <ele>2113.17</ele>
        <time>2024-07-06T09:21:59Z</time>
      </trkpt>
      <trkpt lat="45.60121" lon="24.7458">
        <ele>2113.34</ele>
        <time>2024-07-06T09:22:01Z</time>
      </trkpt>
      <trkpt lat="45.60122" lon="24.74575">
        <ele>2114.34</ele>
        <time>2024-07-06T09:22:08Z</time>
      </trkpt>
      <trkpt lat="45.60122" lon="24.74573">
        <ele>2114.67</ele>
        <time>2024-07-06T09:22:11Z</time>
      </trkpt>
      <trkpt lat="45.60123" lon="24.74567">
        <ele>2115.83</ele>
        <time>2024-07-06T09:22:16Z</time>
      </trkpt>
      <trkpt lat="45.60123" lon="24.74566">
        <ele>2115.99</ele>
        <time>2024-07-06T09:22:18Z</time>
      </trkpt>
      <trkpt lat="45.60123" lon="24.74565">
        <ele>2116.16</ele>
        <time>2024-07-06T09:22:19Z</time>
      </trkpt>
      <trkpt lat="45.60124" lon="24.74562">
        <ele>2116.8</ele>
        <time>2024-07-06T09:22:24Z</time>
      </trkpt>
      <trkpt lat="45.60127" lon="24.74562">
        <ele>2117.26</ele>
        <time>2024-07-06T09:22:28Z</time>
      </trkpt>
      <trkpt lat="45.60128" lon="24.7456">
        <ele>2117.73</ele>
        <time>2024-07-06T09:22:33Z</time>
      </trkpt>
      <trkpt lat="45.60128" lon="24.74558">
        <ele>2118.05</ele>
        <time>2024-07-06T09:22:39Z</time>
      </trkpt>
      <trkpt lat="45.60128" lon="24.74557">
        <ele>2118.2</ele>
        <time>2024-07-06T09:22:41Z</time>
      </trkpt>
      <trkpt lat="45.60128" lon="24.74557">
        <ele>2118.2</ele>
        <time>2024-07-06T09:22:42Z</time>
      </trkpt>
      <trkpt lat="45.60128" lon="24.74553">
        <ele>2118.84</ele>
        <time>2024-07-06T09:22:49Z</time>
      </trkpt>
      <trkpt lat="45.60127" lon="24.74551">
        <ele>2119.01</ele>
        <time>2024-07-06T09:22:54Z</time>
      </trkpt>
      <trkpt lat="45.60127" lon="24.7455">
        <ele>2119.17</ele>
        <time>2024-07-06T09:22:57Z</time>
      </trkpt>
      <trkpt lat="45.60128" lon="24.74549">
        <ele>2119.47</ele>
        <time>2024-07-06T09:23:03Z</time>
      </trkpt>
      <trkpt lat="45.60128" lon="24.74548">
        <ele>2119.63</ele>
        <time>2024-07-06T09:23:05Z</time>
      </trkpt>
      <trkpt lat="45.60128" lon="24.74545">
        <ele>2120.1</ele>
        <time>2024-07-06T09:23:11Z</time>
      </trkpt>
      <trkpt lat="45.60127" lon="24.74543">
        <ele>2120.29</ele>
        <time>2024-07-06T09:23:18Z</time>
      </trkpt>
      <trkpt lat="45.60127" lon="24.74542">
        <ele>2120.45</ele>
        <time>2024-07-06T09:23:22Z</time>
      </trkpt>
      <trkpt lat="45.60128" lon="24.74539">
        <ele>2121.05</ele>
        <time>2024-07-06T09:23:26Z</time>
      </trkpt>
      <trkpt lat="45.60128" lon="24.74536">
        <ele>2121.52</ele>
        <time>2024-07-06T09:23:28Z</time>
      </trkpt>
      <trkpt lat="45.60131" lon="24.74532">
        <ele>2122.5</ele>
        <time>2024-07-06T09:23:33Z</time>
      </trkpt>
      <trkpt lat="45.60131" lon="24.74531">
        <ele>2122.65</ele>
        <time>2024-07-06T09:23:35Z</time>
      </trkpt>
      <trkpt lat="45.6013" lon="24.74526">
        <ele>2123.38</ele>
        <time>2024-07-06T09:23:41Z</time>
      </trkpt>
      <trkpt lat="45.6013" lon="24.74522">
        <ele>2124.15</ele>
        <time>2024-07-06T09:23:47Z</time>
      </trkpt>
      <trkpt lat="45.6013" lon="24.74522">
        <ele>2124.15</ele>
        <time>2024-07-06T09:23:49Z</time>
      </trkpt>
      <trkpt lat="45.60129" lon="24.74522">
        <ele>2124.03</ele>
        <time>2024-07-06T09:23:50Z</time>
      </trkpt>
      <trkpt lat="45.60131" lon="24.74518">
        <ele>2125.06</ele>
        <time>2024-07-06T09:23:58Z</time>
      </trkpt>
      <trkpt lat="45.60131" lon="24.74518">
        <ele>2125.06</ele>
        <time>2024-07-06T09:23:59Z</time>
      </trkpt>
      <trkpt lat="45.6013" lon="24.74518">
        <ele>2124.93</ele>
        <time>2024-07-06T09:24:00Z</time>
      </trkpt>
      <trkpt lat="45.60131" lon="24.74513">
        <ele>2126.04</ele>
        <time>2024-07-06T09:24:07Z</time>
      </trkpt>
      <trkpt lat="45.60133" lon="24.74508">
        <ele>2127.33</ele>
        <time>2024-07-06T09:24:12Z</time>
      </trkpt>
      <trkpt lat="45.60132" lon="24.74507">
        <ele>2127.37</ele>
        <time>2024-07-06T09:24:13Z</time>
      </trkpt>
      <trkpt lat="45.60132" lon="24.74504">
        <ele>2127.97</ele>
        <time>2024-07-06T09:24:15Z</time>
      </trkpt>
      <trkpt lat="45.6013" lon="24.74504">
        <ele>2127.63</ele>
        <time>2024-07-06T09:24:19Z</time>
      </trkpt>
      <trkpt lat="45.6013" lon="24.74502">
        <ele>2128.01</ele>
        <time>2024-07-06T09:24:22Z</time>
      </trkpt>
      <trkpt lat="45.60129" lon="24.74501">
        <ele>2128.03</ele>
        <time>2024-07-06T09:24:25Z</time>
      </trkpt>
      <trkpt lat="45.60129" lon="24.74501">
        <ele>2128.03</ele>
        <time>2024-07-06T09:24:26Z</time>
      </trkpt>
      <trkpt lat="45.60129" lon="24.74501">
        <ele>2128.03</ele>
        <time>2024-07-06T09:24:27Z</time>
      </trkpt>
      <trkpt lat="45.60126" lon="24.74499">
        <ele>2127.92</ele>
        <time>2024-07-06T09:24:36Z</time>
      </trkpt>
      <trkpt lat="45.60125" lon="24.74499">
        <ele>2127.73</ele>
        <time>2024-07-06T09:24:37Z</time>
      </trkpt>
      <trkpt lat="45.60125" lon="24.74495">
        <ele>2128.67</ele>
        <time>2024-07-06T09:24:42Z</time>
      </trkpt>
      <trkpt lat="45.60125" lon="24.74493">
        <ele>2129.14</ele>
        <time>2024-07-06T09:24:44Z</time>
      </trkpt>
      <trkpt lat="45.60126" lon="24.74491">
        <ele>2129.8</ele>
        <time>2024-07-06T09:24:46Z</time>
      </trkpt>
      <trkpt lat="45.60126" lon="24.74491">
        <ele>2129.8</ele>
        <time>2024-07-06T09:24:47Z</time>
      </trkpt>
      <trkpt lat="45.60126" lon="24.74491">
        <ele>2129.8</ele>
        <time>2024-07-06T09:24:48Z</time>
      </trkpt>
      <trkpt lat="45.60126" lon="24.7449">
        <ele>2130.03</ele>
        <time>2024-07-06T09:24:50Z</time>
      </trkpt>
      <trkpt lat="45.60125" lon="24.74486">
        <ele>2130.78</ele>
        <time>2024-07-06T09:24:55Z</time>
      </trkpt>
      <trkpt lat="45.60124" lon="24.74483">
        <ele>2131.28</ele>
        <time>2024-07-06T09:24:59Z</time>
      </trkpt>
      <trkpt lat="45.60124" lon="24.74477">
        <ele>2132.67</ele>
        <time>2024-07-06T09:25:04Z</time>
      </trkpt>
      <trkpt lat="45.60124" lon="24.74477">
        <ele>2132.67</ele>
        <time>2024-07-06T09:25:05Z</time>
      </trkpt>
      <trkpt lat="45.60124" lon="24.74471">
        <ele>2133.85</ele>
        <time>2024-07-06T09:25:11Z</time>
      </trkpt>
      <trkpt lat="45.60126" lon="24.7447">
        <ele>2134.34</ele>
        <time>2024-07-06T09:25:13Z</time>
      </trkpt>
      <trkpt lat="45.60127" lon="24.74469">
        <ele>2134.61</ele>
        <time>2024-07-06T09:25:14Z</time>
      </trkpt>
      <trkpt lat="45.60128" lon="24.74468">
        <ele>2134.89</ele>
        <time>2024-07-06T09:25:18Z</time>
      </trkpt>
      <trkpt lat="45.60128" lon="24.74466">
        <ele>2135.01</ele>
        <time>2024-07-06T09:25:24Z</time>
      </trkpt>
      <trkpt lat="45.60128" lon="24.74466">
        <ele>2135.01</ele>
        <time>2024-07-06T09:25:26Z</time>
      </trkpt>
      <trkpt lat="45.60128" lon="24.74466">
        <ele>2135.01</ele>
        <time>2024-07-06T09:25:27Z</time>
      </trkpt>
      <trkpt lat="45.60128" lon="24.74466">
        <ele>2135.01</ele>
        <time>2024-07-06T09:25:28Z</time>
      </trkpt>
      <trkpt lat="45.60128" lon="24.74465">
        <ele>2135.07</ele>
        <time>2024-07-06T09:25:31Z</time>
      </trkpt>
      <trkpt lat="45.60129" lon="24.74464">
        <ele>2135.35</ele>
        <time>2024-07-06T09:25:36Z</time>
      </trkpt>
      <trkpt lat="45.6013" lon="24.74462">
        <ele>2135.7</ele>
        <time>2024-07-06T09:25:45Z</time>
      </trkpt>
      <trkpt lat="45.60131" lon="24.74462">
        <ele>2135.93</ele>
        <time>2024-07-06T09:25:46Z</time>
      </trkpt>
      <trkpt lat="45.60132" lon="24.7446">
        <ele>2136.28</ele>
        <time>2024-07-06T09:25:51Z</time>
      </trkpt>
      <trkpt lat="45.60132" lon="24.74458">
        <ele>2136.41</ele>
        <time>2024-07-06T09:25:56Z</time>
      </trkpt>
      <trkpt lat="45.60133" lon="24.74456">
        <ele>2136.77</ele>
        <time>2024-07-06T09:26:00Z</time>
      </trkpt>
      <trkpt lat="45.60131" lon="24.74455">
        <ele>2136.36</ele>
        <time>2024-07-06T09:26:04Z</time>
      </trkpt>
      <trkpt lat="45.60131" lon="24.74455">
        <ele>2136.36</ele>
        <time>2024-07-06T09:26:05Z</time>
      </trkpt>
      <trkpt lat="45.60131" lon="24.74452">
        <ele>2136.55</ele>
        <time>2024-07-06T09:26:12Z</time>
      </trkpt>
      <trkpt lat="45.60131" lon="24.74452">
        <ele>2136.55</ele>
        <time>2024-07-06T09:26:13Z</time>
      </trkpt>
      <trkpt lat="45.60131" lon="24.74451">
        <ele>2136.61</ele>
        <time>2024-07-06T09:26:15Z</time>
      </trkpt>
      <trkpt lat="45.60131" lon="24.7445">
        <ele>2136.67</ele>
        <time>2024-07-06T09:26:18Z</time>
      </trkpt>
      <trkpt lat="45.60131" lon="24.7445">
        <ele>2136.67</ele>
        <time>2024-07-06T09:26:19Z</time>
      </trkpt>
      <trkpt lat="45.60132" lon="24.74449">
        <ele>2136.98</ele>
        <time>2024-07-06T09:26:22Z</time>
      </trkpt>
      <trkpt lat="45.60131" lon="24.74448">
        <ele>2136.79</ele>
        <time>2024-07-06T09:26:24Z</time>
      </trkpt>
      <trkpt lat="45.60131" lon="24.74448">
        <ele>2136.79</ele>
        <time>2024-07-06T09:26:27Z</time>
      </trkpt>
      <trkpt lat="45.60131" lon="24.74446">
        <ele>2136.92</ele>
        <time>2024-07-06T09:26:33Z</time>
      </trkpt>
      <trkpt lat="45.60131" lon="24.74446">
        <ele>2136.92</ele>
        <time>2024-07-06T09:26:34Z</time>
      </trkpt>
      <trkpt lat="45.60132" lon="24.74443">
        <ele>2137.09</ele>
        <time>2024-07-06T09:26:40Z</time>
      </trkpt>
      <trkpt lat="45.60132" lon="24.74442">
        <ele>2136.98</ele>
        <time>2024-07-06T09:26:42Z</time>
      </trkpt>
      <trkpt lat="45.60133" lon="24.74439">
        <ele>2136.83</ele>
        <time>2024-07-06T09:26:49Z</time>
      </trkpt>
      <trkpt lat="45.60134" lon="24.74438">
        <ele>2136.89</ele>
        <time>2024-07-06T09:26:53Z</time>
      </trkpt>
      <trkpt lat="45.60135" lon="24.74437">
        <ele>2136.94</ele>
        <time>2024-07-06T09:26:54Z</time>
      </trkpt>
      <trkpt lat="45.60137" lon="24.74434">
        <ele>2136.82</ele>
        <time>2024-07-06T09:27:01Z</time>
      </trkpt>
      <trkpt lat="45.60138" lon="24.74431">
        <ele>2136.46</ele>
        <time>2024-07-06T09:27:09Z</time>
      </trkpt>
      <trkpt lat="45.60139" lon="24.7443">
        <ele>2136.48</ele>
        <time>2024-07-06T09:27:10Z</time>
      </trkpt>
      <trkpt lat="45.60141" lon="24.74426">
        <ele>2137.4</ele>
        <time>2024-07-06T09:27:18Z</time>
      </trkpt>
      <trkpt lat="45.60141" lon="24.74425">
        <ele>2137.25</ele>
        <time>2024-07-06T09:27:20Z</time>
      </trkpt>
      <trkpt lat="45.60141" lon="24.74424">
        <ele>2137.1</ele>
        <time>2024-07-06T09:27:22Z</time>
      </trkpt>
      <trkpt lat="45.60142" lon="24.74421">
        <ele>2137.52</ele>
        <time>2024-07-06T09:27:26Z</time>
      </trkpt>
      <trkpt lat="45.60142" lon="24.7442">
        <ele>2137.38</ele>
        <time>2024-07-06T09:27:28Z</time>
      </trkpt>
      <trkpt lat="45.60142" lon="24.74419">
        <ele>2137.24</ele>
        <time>2024-07-06T09:27:29Z</time>
      </trkpt>
      <trkpt lat="45.60142" lon="24.74417">
        <ele>2136.96</ele>
        <time>2024-07-06T09:27:37Z</time>
      </trkpt>
      <trkpt lat="45.60141" lon="24.74415">
        <ele>2136.77</ele>
        <time>2024-07-06T09:27:41Z</time>
      </trkpt>
      <trkpt lat="45.60141" lon="24.74413">
        <ele>2137.72</ele>
        <time>2024-07-06T09:27:46Z</time>
      </trkpt>
      <trkpt lat="45.60142" lon="24.74412">
        <ele>2139.08</ele>
        <time>2024-07-06T09:27:51Z</time>
      </trkpt>
      <trkpt lat="45.60141" lon="24.7441">
        <ele>2139.15</ele>
        <time>2024-07-06T09:27:58Z</time>
      </trkpt>
      <trkpt lat="45.60141" lon="24.7441">
        <ele>2139.15</ele>
        <time>2024-07-06T09:28:00Z</time>
      </trkpt>
      <trkpt lat="45.60141" lon="24.74407">
        <ele>2140.58</ele>
        <time>2024-07-06T09:28:07Z</time>
      </trkpt>
      <trkpt lat="45.60141" lon="24.74406">
        <ele>2141.06</ele>
        <time>2024-07-06T09:28:10Z</time>
      </trkpt>
      <trkpt lat="45.6014" lon="24.74404">
        <ele>2141.24</ele>
        <time>2024-07-06T09:28:15Z</time>
      </trkpt>
      <trkpt lat="45.60139" lon="24.74402">
        <ele>2141.47</ele>
        <time>2024-07-06T09:28:19Z</time>
      </trkpt>
      <trkpt lat="45.60139" lon="24.744">
        <ele>2142.48</ele>
        <time>2024-07-06T09:28:25Z</time>
      </trkpt>
      <trkpt lat="45.60138" lon="24.744">
        <ele>2142.25</ele>
        <time>2024-07-06T09:28:27Z</time>
      </trkpt>
      <trkpt lat="45.60137" lon="24.74397">
        <ele>2143.53</ele>
        <time>2024-07-06T09:28:34Z</time>
      </trkpt>
      <trkpt lat="45.60136" lon="24.74397">
        <ele>2143.32</ele>
        <time>2024-07-06T09:28:35Z</time>
      </trkpt>
      <trkpt lat="45.60132" lon="24.74394">
        <ele>2143.81</ele>
        <time>2024-07-06T09:28:42Z</time>
      </trkpt>
      <trkpt lat="45.60131" lon="24.74393">
        <ele>2143.99</ele>
        <time>2024-07-06T09:28:45Z</time>
      </trkpt>
      <trkpt lat="45.6013" lon="24.74392">
        <ele>2144.16</ele>
        <time>2024-07-06T09:28:47Z</time>
      </trkpt>
      <trkpt lat="45.60128" lon="24.74389">
        <ele>2144.82</ele>
        <time>2024-07-06T09:28:55Z</time>
      </trkpt>
      <trkpt lat="45.60128" lon="24.74389">
        <ele>2144.82</ele>
        <time>2024-07-06T09:28:56Z</time>
      </trkpt>
      <trkpt lat="45.60128" lon="24.74386">
        <ele>2145.76</ele>
        <time>2024-07-06T09:29:02Z</time>
      </trkpt>
      <trkpt lat="45.60128" lon="24.74385">
        <ele>2146.07</ele>
        <time>2024-07-06T09:29:05Z</time>
      </trkpt>
      <trkpt lat="45.6013" lon="24.74381">
        <ele>2147.91</ele>
        <time>2024-07-06T09:29:11Z</time>
      </trkpt>
      <trkpt lat="45.60131" lon="24.7438">
        <ele>2148.52</ele>
        <time>2024-07-06T09:29:12Z</time>
      </trkpt>
      <trkpt lat="45.60133" lon="24.7438">
        <ele>2149.12</ele>
        <time>2024-07-06T09:29:18Z</time>
      </trkpt>
      <trkpt lat="45.60132" lon="24.74379">
        <ele>2149.13</ele>
        <time>2024-07-06T09:29:21Z</time>
      </trkpt>
      <trkpt lat="45.60134" lon="24.74375">
        <ele>2151.0</ele>
        <time>2024-07-06T09:29:28Z</time>
      </trkpt>
      <trkpt lat="45.60134" lon="24.74375">
        <ele>2151.0</ele>
        <time>2024-07-06T09:29:29Z</time>
      </trkpt>
      <trkpt lat="45.60135" lon="24.74374">
        <ele>2151.63</ele>
        <time>2024-07-06T09:29:34Z</time>
      </trkpt>
      <trkpt lat="45.60135" lon="24.74374">
        <ele>2151.63</ele>
        <time>2024-07-06T09:29:35Z</time>
      </trkpt>
      <trkpt lat="45.60136" lon="24.74374">
        <ele>2151.94</ele>
        <time>2024-07-06T09:29:55Z</time>
      </trkpt>
      <trkpt lat="45.60139" lon="24.74369">
        <ele>2154.49</ele>
        <time>2024-07-06T09:30:02Z</time>
      </trkpt>
      <trkpt lat="45.60144" lon="24.74362">
        <ele>2158.59</ele>
        <time>2024-07-06T09:30:09Z</time>
      </trkpt>
      <trkpt lat="45.60145" lon="24.74361">
        <ele>2159.2</ele>
        <time>2024-07-06T09:30:11Z</time>
      </trkpt>
      <trkpt lat="45.60146" lon="24.74357">
        <ele>2159.67</ele>
        <time>2024-07-06T09:30:17Z</time>
      </trkpt>
      <trkpt lat="45.60147" lon="24.74357">
        <ele>2160.02</ele>
        <time>2024-07-06T09:30:18Z</time>
      </trkpt>
      <trkpt lat="45.60148" lon="24.74355">
        <ele>2160.43</ele>
        <time>2024-07-06T09:30:24Z</time>
      </trkpt>
      <trkpt lat="45.60149" lon="24.74352">
        <ele>2160.85</ele>
        <time>2024-07-06T09:30:27Z</time>
      </trkpt>
      <trkpt lat="45.60152" lon="24.7435">
        <ele>2161.93</ele>
        <time>2024-07-06T09:30:33Z</time>
      </trkpt>
      <trkpt lat="45.60152" lon="24.74349">
        <ele>2161.95</ele>
        <time>2024-07-06T09:30:34Z</time>
      </trkpt>
      <trkpt lat="45.60151" lon="24.74347">
        <ele>2161.65</ele>
        <time>2024-07-06T09:30:40Z</time>
      </trkpt>
      <trkpt lat="45.60151" lon="24.74346">
        <ele>2161.67</ele>
        <time>2024-07-06T09:30:41Z</time>
      </trkpt>
      <trkpt lat="45.60151" lon="24.74344">
        <ele>2161.71</ele>
        <time>2024-07-06T09:30:46Z</time>
      </trkpt>
      <trkpt lat="45.6015" lon="24.74343">
        <ele>2161.39</ele>
        <time>2024-07-06T09:30:48Z</time>
      </trkpt>
      <trkpt lat="45.60151" lon="24.74341">
        <ele>2161.77</ele>
        <time>2024-07-06T09:30:50Z</time>
      </trkpt>
      <trkpt lat="45.60153" lon="24.74337">
        <ele>2162.51</ele>
        <time>2024-07-06T09:30:56Z</time>
      </trkpt>
      <trkpt lat="45.60153" lon="24.74337">
        <ele>2162.51</ele>
        <time>2024-07-06T09:30:58Z</time>
      </trkpt>
      <trkpt lat="45.60154" lon="24.74335">
        <ele>2162.87</ele>
        <time>2024-07-06T09:31:00Z</time>
      </trkpt>
      <trkpt lat="45.60155" lon="24.74333">
        <ele>2163.21</ele>
        <time>2024-07-06T09:31:05Z</time>
      </trkpt>
      <trkpt lat="45.60156" lon="24.74332">
        <ele>2163.49</ele>
        <time>2024-07-06T09:31:06Z</time>
      </trkpt>
      <trkpt lat="45.60156" lon="24.74332">
        <ele>2163.49</ele>
        <time>2024-07-06T09:31:07Z</time>
      </trkpt>
      <trkpt lat="45.60156" lon="24.74331">
        <ele>2163.45</ele>
        <time>2024-07-06T09:31:08Z</time>
      </trkpt>
      <trkpt lat="45.60159" lon="24.7433">
        <ele>2164.32</ele>
        <time>2024-07-06T09:31:12Z</time>
      </trkpt>
      <trkpt lat="45.60162" lon="24.74327">
        <ele>2165.0</ele>
        <time>2024-07-06T09:31:16Z</time>
      </trkpt>
      <trkpt lat="45.60165" lon="24.74325">
        <ele>2165.65</ele>
        <time>2024-07-06T09:31:21Z</time>
      </trkpt>
      <trkpt lat="45.60166" lon="24.74325">
        <ele>2165.92</ele>
        <time>2024-07-06T09:31:28Z</time>
      </trkpt>
      <trkpt lat="45.60168" lon="24.74325">
        <ele>2166.34</ele>
        <time>2024-07-06T09:31:32Z</time>
      </trkpt>
      <trkpt lat="45.60169" lon="24.74324">
        <ele>2166.41</ele>
        <time>2024-07-06T09:31:35Z</time>
      </trkpt>
      <trkpt lat="45.60169" lon="24.74318">
        <ele>2165.82</ele>
        <time>2024-07-06T09:31:42Z</time>
      </trkpt>
      <trkpt lat="45.60169" lon="24.74316">
        <ele>2165.62</ele>
        <time>2024-07-06T09:31:44Z</time>
      </trkpt>
      <trkpt lat="45.60167" lon="24.74312">
        <ele>2164.77</ele>
        <time>2024-07-06T09:31:47Z</time>
      </trkpt>
      <trkpt lat="45.60167" lon="24.74308">
        <ele>2164.34</ele>
        <time>2024-07-06T09:31:50Z</time>
      </trkpt>
      <trkpt lat="45.60167" lon="24.74306">
        <ele>2164.13</ele>
        <time>2024-07-06T09:31:52Z</time>
      </trkpt>
      <trkpt lat="45.60167" lon="24.74302">
        <ele>2164.08</ele>
        <time>2024-07-06T09:31:56Z</time>
      </trkpt>
      <trkpt lat="45.60167" lon="24.743">
        <ele>2164.08</ele>
        <time>2024-07-06T09:31:59Z</time>
      </trkpt>
      <trkpt lat="45.60165" lon="24.74298">
        <ele>2163.74</ele>
        <time>2024-07-06T09:32:05Z</time>
      </trkpt>
      <trkpt lat="45.60165" lon="24.74297">
        <ele>2163.74</ele>
        <time>2024-07-06T09:32:12Z</time>
      </trkpt>
      <trkpt lat="45.60165" lon="24.74297">
        <ele>2163.74</ele>
        <time>2024-07-06T09:32:24Z</time>
      </trkpt>
      <trkpt lat="45.60165" lon="24.74297">
        <ele>2163.74</ele>
        <time>2024-07-06T09:32:25Z</time>
      </trkpt>
      <trkpt lat="45.60165" lon="24.74297">
        <ele>2163.74</ele>
        <time>2024-07-06T09:32:31Z</time>
      </trkpt>
      <trkpt lat="45.60165" lon="24.74297">
        <ele>2163.74</ele>
        <time>2024-07-06T09:32:35Z</time>
      </trkpt>
      <trkpt lat="45.60165" lon="24.74297">
        <ele>2163.74</ele>
        <time>2024-07-06T09:32:36Z</time>
      </trkpt>
      <trkpt lat="45.60165" lon="24.74297">
        <ele>2163.74</ele>
        <time>2024-07-06T09:32:38Z</time>
      </trkpt>
      <trkpt lat="45.60166" lon="24.74294">
        <ele>2163.89</ele>
        <time>2024-07-06T09:32:46Z</time>
      </trkpt>
      <trkpt lat="45.60168" lon="24.74293">
        <ele>2164.29</ele>
        <time>2024-07-06T09:32:59Z</time>
      </trkpt>
      <trkpt lat="45.60168" lon="24.74293">
        <ele>2164.29</ele>
        <time>2024-07-06T09:33:11Z</time>
      </trkpt>
      <trkpt lat="45.60169" lon="24.74292">
        <ele>2164.51</ele>
        <time>2024-07-06T09:33:28Z</time>
      </trkpt>
      <trkpt lat="45.60171" lon="24.74284">
        <ele>2164.85</ele>
        <time>2024-07-06T09:33:46Z</time>
      </trkpt>
      <trkpt lat="45.60173" lon="24.74278">
        <ele>2165.14</ele>
        <time>2024-07-06T09:34:00Z</time>
      </trkpt>
      <trkpt lat="45.60175" lon="24.74272">
        <ele>2166.42</ele>
        <time>2024-07-06T09:34:10Z</time>
      </trkpt>
      <trkpt lat="45.60175" lon="24.74267">
        <ele>2167.21</ele>
        <time>2024-07-06T09:34:17Z</time>
      </trkpt>
      <trkpt lat="45.60176" lon="24.74265">
        <ele>2167.67</ele>
        <time>2024-07-06T09:34:20Z</time>
      </trkpt>
      <trkpt lat="45.60176" lon="24.74263">
        <ele>2167.98</ele>
        <time>2024-07-06T09:34:24Z</time>
      </trkpt>
      <trkpt lat="45.60177" lon="24.74263">
        <ele>2168.12</ele>
        <time>2024-07-06T09:34:26Z</time>
      </trkpt>
      <trkpt lat="45.60177" lon="24.74263">
        <ele>2168.12</ele>
        <time>2024-07-06T09:34:29Z</time>
      </trkpt>
      <trkpt lat="45.60178" lon="24.74263">
        <ele>2168.27</ele>
        <time>2024-07-06T09:34:31Z</time>
      </trkpt>
      <trkpt lat="45.60178" lon="24.74263">
        <ele>2168.27</ele>
        <time>2024-07-06T09:34:33Z</time>
      </trkpt>
      <trkpt lat="45.60178" lon="24.74262">
        <ele>2168.42</ele>
        <time>2024-07-06T09:34:35Z</time>
      </trkpt>
      <trkpt lat="45.60178" lon="24.74261">
        <ele>2168.57</ele>
        <time>2024-07-06T09:34:38Z</time>
      </trkpt>
      <trkpt lat="45.60178" lon="24.7426">
        <ele>2168.72</ele>
        <time>2024-07-06T09:34:42Z</time>
      </trkpt>
      <trkpt lat="45.60178" lon="24.74258">
        <ele>2169.02</ele>
        <time>2024-07-06T09:34:47Z</time>
      </trkpt>
      <trkpt lat="45.60179" lon="24.74256">
        <ele>2169.44</ele>
        <time>2024-07-06T09:34:56Z</time>
      </trkpt>
      <trkpt lat="45.6018" lon="24.74254">
        <ele>2169.86</ele>
        <time>2024-07-06T09:35:02Z</time>
      </trkpt>
      <trkpt lat="45.6018" lon="24.74252">
        <ele>2170.15</ele>
        <time>2024-07-06T09:35:08Z</time>
      </trkpt>
      <trkpt lat="45.6018" lon="24.74249">
        <ele>2170.65</ele>
        <time>2024-07-06T09:35:18Z</time>
      </trkpt>
      <trkpt lat="45.6018" lon="24.74248">
        <ele>2170.86</ele>
        <time>2024-07-06T09:35:21Z</time>
      </trkpt>
      <trkpt lat="45.6018" lon="24.74247">
        <ele>2171.07</ele>
        <time>2024-07-06T09:35:25Z</time>
      </trkpt>
      <trkpt lat="45.60181" lon="24.74247">
        <ele>2171.21</ele>
        <time>2024-07-06T09:35:28Z</time>
      </trkpt>
      <trkpt lat="45.60181" lon="24.74246">
        <ele>2171.44</ele>
        <time>2024-07-06T09:35:30Z</time>
      </trkpt>
      <trkpt lat="45.6018" lon="24.74246">
        <ele>2171.28</ele>
        <time>2024-07-06T09:35:33Z</time>
      </trkpt>
      <trkpt lat="45.60181" lon="24.74246">
        <ele>2171.44</ele>
        <time>2024-07-06T09:35:38Z</time>
      </trkpt>
      <trkpt lat="45.60181" lon="24.74246">
        <ele>2171.44</ele>
        <time>2024-07-06T09:35:44Z</time>
      </trkpt>
      <trkpt lat="45.60181" lon="24.74246">
        <ele>2171.44</ele>
        <time>2024-07-06T09:35:49Z</time>
      </trkpt>
      <trkpt lat="45.60186" lon="24.7424">
        <ele>2173.95</ele>
        <time>2024-07-06T09:35:56Z</time>
      </trkpt>
      <trkpt lat="45.60192" lon="24.74236">
        <ele>2176.84</ele>
        <time>2024-07-06T09:35:59Z</time>
      </trkpt>
      <trkpt lat="45.60195" lon="24.74234">
        <ele>2178.66</ele>
        <time>2024-07-06T09:36:02Z</time>
      </trkpt>
      <trkpt lat="45.60196" lon="24.74234">
        <ele>2179.25</ele>
        <time>2024-07-06T09:36:03Z</time>
      </trkpt>
      <trkpt lat="45.60196" lon="24.74234">
        <ele>2179.25</ele>
        <time>2024-07-06T09:36:05Z</time>
      </trkpt>
      <trkpt lat="45.60196" lon="24.74234">
        <ele>2179.25</ele>
        <time>2024-07-06T09:36:07Z</time>
      </trkpt>
      <trkpt lat="45.60197" lon="24.74233">
        <ele>2180.22</ele>
        <time>2024-07-06T09:36:10Z</time>
      </trkpt>
      <trkpt lat="45.60197" lon="24.74233">
        <ele>2180.22</ele>
        <time>2024-07-06T09:36:13Z</time>
      </trkpt>
      <trkpt lat="45.60198" lon="24.74234">
        <ele>2180.42</ele>
        <time>2024-07-06T09:36:14Z</time>
      </trkpt>
      <trkpt lat="45.60197" lon="24.7423">
        <ele>2181.38</ele>
        <time>2024-07-06T09:36:21Z</time>
      </trkpt>
      <trkpt lat="45.60199" lon="24.74227">
        <ele>2183.65</ele>
        <time>2024-07-06T09:36:25Z</time>
      </trkpt>
      <trkpt lat="45.60202" lon="24.74228">
        <ele>2184.96</ele>
        <time>2024-07-06T09:36:31Z</time>
      </trkpt>
      <trkpt lat="45.60206" lon="24.74226">
        <ele>2187.91</ele>
        <time>2024-07-06T09:36:40Z</time>
      </trkpt>
      <trkpt lat="45.60208" lon="24.74226">
        <ele>2189.02</ele>
        <time>2024-07-06T09:36:42Z</time>
      </trkpt>
      <trkpt lat="45.60209" lon="24.74224">
        <ele>2190.26</ele>
        <time>2024-07-06T09:36:45Z</time>
      </trkpt>
      <trkpt lat="45.60211" lon="24.74221">
        <ele>2192.09</ele>
        <time>2024-07-06T09:36:50Z</time>
      </trkpt>
      <trkpt lat="45.60211" lon="24.7422">
        <ele>2192.21</ele>
        <time>2024-07-06T09:36:51Z</time>
      </trkpt>
      <trkpt lat="45.60212" lon="24.7422">
        <ele>2192.75</ele>
        <time>2024-07-06T09:36:56Z</time>
      </trkpt>
      <trkpt lat="45.60213" lon="24.74219">
        <ele>2193.41</ele>
        <time>2024-07-06T09:36:58Z</time>
      </trkpt>
      <trkpt lat="45.60215" lon="24.74215">
        <ele>2194.95</ele>
        <time>2024-07-06T09:37:04Z</time>
      </trkpt>
      <trkpt lat="45.60216" lon="24.74214">
        <ele>2195.59</ele>
        <time>2024-07-06T09:37:10Z</time>
      </trkpt>
      <trkpt lat="45.60216" lon="24.74212">
        <ele>2195.83</ele>
        <time>2024-07-06T09:37:12Z</time>
      </trkpt>
      <trkpt lat="45.60217" lon="24.74211">
        <ele>2196.47</ele>
        <time>2024-07-06T09:37:13Z</time>
      </trkpt>
      <trkpt lat="45.60219" lon="24.74212">
        <ele>2197.41</ele>
        <time>2024-07-06T09:37:16Z</time>
      </trkpt>
      <trkpt lat="45.60222" lon="24.74212">
        <ele>2198.99</ele>
        <time>2024-07-06T09:37:23Z</time>
      </trkpt>
      <trkpt lat="45.60222" lon="24.74212">
        <ele>2198.99</ele>
        <time>2024-07-06T09:37:27Z</time>
      </trkpt>
      <trkpt lat="45.60224" lon="24.7421">
        <ele>2200.77</ele>
        <time>2024-07-06T09:37:31Z</time>
      </trkpt>
      <trkpt lat="45.60225" lon="24.74209">
        <ele>2201.71</ele>
        <time>2024-07-06T09:37:35Z</time>
      </trkpt>
      <trkpt lat="45.60226" lon="24.74208">
        <ele>2202.67</ele>
        <time>2024-07-06T09:37:39Z</time>
      </trkpt>
      <trkpt lat="45.60225" lon="24.74206">
        <ele>2202.1</ele>
        <time>2024-07-06T09:37:47Z</time>
      </trkpt>
      <trkpt lat="45.60226" lon="24.74206">
        <ele>2202.95</ele>
        <time>2024-07-06T09:37:58Z</time>
      </trkpt>
      <trkpt lat="45.60226" lon="24.74206">
        <ele>2202.95</ele>
        <time>2024-07-06T09:38:02Z</time>
      </trkpt>
      <trkpt lat="45.60229" lon="24.74206">
        <ele>2205.49</ele>
        <time>2024-07-06T09:38:16Z</time>
      </trkpt>
      <trkpt lat="45.60232" lon="24.74206">
        <ele>2208.03</ele>
        <time>2024-07-06T09:38:28Z</time>
      </trkpt>
      <trkpt lat="45.60234" lon="24.74206">
        <ele>2209.72</ele>
        <time>2024-07-06T09:38:36Z</time>
      </trkpt>
      <trkpt lat="45.60235" lon="24.74206">
        <ele>2210.56</ele>
        <time>2024-07-06T09:38:42Z</time>
      </trkpt>
      <trkpt lat="45.60236" lon="24.74205">
        <ele>2211.63</ele>
        <time>2024-07-06T09:38:44Z</time>
      </trkpt>
      <trkpt lat="45.60236" lon="24.74205">
        <ele>2211.63</ele>
        <time>2024-07-06T09:38:49Z</time>
      </trkpt>
      <trkpt lat="45.60237" lon="24.74204">
        <ele>2212.7</ele>
        <time>2024-07-06T09:38:54Z</time>
      </trkpt>
      <trkpt lat="45.60237" lon="24.74202">
        <ele>2213.15</ele>
        <time>2024-07-06T09:39:03Z</time>
      </trkpt>
      <trkpt lat="45.60238" lon="24.74202">
        <ele>2214.03</ele>
        <time>2024-07-06T09:39:10Z</time>
      </trkpt>
      <trkpt lat="45.6024" lon="24.74202">
        <ele>2215.78</ele>
        <time>2024-07-06T09:39:18Z</time>
      </trkpt>
      <trkpt lat="45.6024" lon="24.74201">
        <ele>2216.03</ele>
        <time>2024-07-06T09:39:25Z</time>
      </trkpt>
      <trkpt lat="45.6024" lon="24.74201">
        <ele>2216.03</ele>
        <time>2024-07-06T09:39:28Z</time>
      </trkpt>
      <trkpt lat="45.6024" lon="24.742">
        <ele>2216.27</ele>
        <time>2024-07-06T09:39:37Z</time>
      </trkpt>
      <trkpt lat="45.60239" lon="24.74198">
        <ele>2215.86</ele>
        <time>2024-07-06T09:39:43Z</time>
      </trkpt>
      <trkpt lat="45.60238" lon="24.74194">
        <ele>2215.87</ele>
        <time>2024-07-06T09:39:53Z</time>
      </trkpt>
      <trkpt lat="45.60238" lon="24.74193">
        <ele>2216.11</ele>
        <time>2024-07-06T09:39:55Z</time>
      </trkpt>
      <trkpt lat="45.60237" lon="24.74187">
        <ele>2216.66</ele>
        <time>2024-07-06T09:39:59Z</time>
      </trkpt>
      <trkpt lat="45.60236" lon="24.74184">
        <ele>2216.54</ele>
        <time>2024-07-06T09:40:01Z</time>
      </trkpt>
      <trkpt lat="45.60236" lon="24.74178">
        <ele>2218.05</ele>
        <time>2024-07-06T09:40:08Z</time>
      </trkpt>
      <trkpt lat="45.60237" lon="24.74178">
        <ele>2218.86</ele>
        <time>2024-07-06T09:40:09Z</time>
      </trkpt>
      <trkpt lat="45.60239" lon="24.74178">
        <ele>2220.48</ele>
        <time>2024-07-06T09:40:13Z</time>
      </trkpt>
      <trkpt lat="45.60239" lon="24.74178">
        <ele>2220.48</ele>
        <time>2024-07-06T09:40:16Z</time>
      </trkpt>
      <trkpt lat="45.6024" lon="24.74178">
        <ele>2221.29</ele>
        <time>2024-07-06T09:40:17Z</time>
      </trkpt>
      <trkpt lat="45.6024" lon="24.74177">
        <ele>2221.51</ele>
        <time>2024-07-06T09:40:30Z</time>
      </trkpt>
      <trkpt lat="45.6024" lon="24.74177">
        <ele>2221.51</ele>
        <time>2024-07-06T09:40:31Z</time>
      </trkpt>
      <trkpt lat="45.60239" lon="24.74176">
        <ele>2220.94</ele>
        <time>2024-07-06T09:40:38Z</time>
      </trkpt>
      <trkpt lat="45.60239" lon="24.74174">
        <ele>2221.4</ele>
        <time>2024-07-06T09:40:42Z</time>
      </trkpt>
      <trkpt lat="45.60239" lon="24.74172">
        <ele>2221.86</ele>
        <time>2024-07-06T09:40:45Z</time>
      </trkpt>
      <trkpt lat="45.60239" lon="24.74171">
        <ele>2222.09</ele>
        <time>2024-07-06T09:40:47Z</time>
      </trkpt>
      <trkpt lat="45.60239" lon="24.7417">
        <ele>2222.31</ele>
        <time>2024-07-06T09:40:49Z</time>
      </trkpt>
      <trkpt lat="45.60239" lon="24.7417">
        <ele>2222.31</ele>
        <time>2024-07-06T09:40:50Z</time>
      </trkpt>
      <trkpt lat="45.60239" lon="24.7417">
        <ele>2222.31</ele>
        <time>2024-07-06T09:40:51Z</time>
      </trkpt>
      <trkpt lat="45.60239" lon="24.7417">
        <ele>2222.31</ele>
        <time>2024-07-06T09:40:56Z</time>
      </trkpt>
      <trkpt lat="45.6024" lon="24.7417">
        <ele>2223.06</ele>
        <time>2024-07-06T09:40:59Z</time>
      </trkpt>
      <trkpt lat="45.60244" lon="24.74171">
        <ele>2225.85</ele>
        <time>2024-07-06T09:41:12Z</time>
      </trkpt>
      <trkpt lat="45.60245" lon="24.74171">
        <ele>2226.61</ele>
        <time>2024-07-06T09:41:15Z</time>
      </trkpt>
      <trkpt lat="45.60246" lon="24.74172">
        <ele>2227.19</ele>
        <time>2024-07-06T09:41:20Z</time>
      </trkpt>
      <trkpt lat="45.60247" lon="24.74172">
        <ele>2227.95</ele>
        <time>2024-07-06T09:41:23Z</time>
      </trkpt>
      <trkpt lat="45.60247" lon="24.74173">
        <ele>2227.78</ele>
        <time>2024-07-06T09:41:24Z</time>
      </trkpt>
      <trkpt lat="45.60248" lon="24.74173">
        <ele>2228.55</ele>
        <time>2024-07-06T09:41:29Z</time>
      </trkpt>
      <trkpt lat="45.60249" lon="24.74173">
        <ele>2229.32</ele>
        <time>2024-07-06T09:41:34Z</time>
      </trkpt>
      <trkpt lat="45.60255" lon="24.74175">
        <ele>2231.78</ele>
        <time>2024-07-06T09:41:56Z</time>
      </trkpt>
      <trkpt lat="45.60256" lon="24.74175">
        <ele>2232.18</ele>
        <time>2024-07-06T09:42:06Z</time>
      </trkpt>
      <trkpt lat="45.60257" lon="24.74175">
        <ele>2232.57</ele>
        <time>2024-07-06T09:42:11Z</time>
      </trkpt>
      <trkpt lat="45.60259" lon="24.74176">
        <ele>2233.22</ele>
        <time>2024-07-06T09:42:15Z</time>
      </trkpt>
      <trkpt lat="45.60261" lon="24.74178">
        <ele>2233.72</ele>
        <time>2024-07-06T09:42:20Z</time>
      </trkpt>
      <trkpt lat="45.60262" lon="24.74179">
        <ele>2233.98</ele>
        <time>2024-07-06T09:42:25Z</time>
      </trkpt>
      <trkpt lat="45.60263" lon="24.7418">
        <ele>2234.23</ele>
        <time>2024-07-06T09:42:28Z</time>
      </trkpt>
      <trkpt lat="45.60265" lon="24.74182">
        <ele>2234.73</ele>
        <time>2024-07-06T09:42:32Z</time>
      </trkpt>
      <trkpt lat="45.60265" lon="24.74183">
        <ele>2234.59</ele>
        <time>2024-07-06T09:42:34Z</time>
      </trkpt>
      <trkpt lat="45.60266" lon="24.74184">
        <ele>2234.84</ele>
        <time>2024-07-06T09:42:40Z</time>
      </trkpt>
      <trkpt lat="45.60267" lon="24.74185">
        <ele>2235.09</ele>
        <time>2024-07-06T09:42:46Z</time>
      </trkpt>
      <trkpt lat="45.6027" lon="24.74186">
        <ele>2236.14</ele>
        <time>2024-07-06T09:42:56Z</time>
      </trkpt>
      <trkpt lat="45.60272" lon="24.74188">
        <ele>2236.64</ele>
        <time>2024-07-06T09:43:04Z</time>
      </trkpt>
      <trkpt lat="45.60274" lon="24.74189">
        <ele>2237.29</ele>
        <time>2024-07-06T09:43:15Z</time>
      </trkpt>
      <trkpt lat="45.60276" lon="24.74188">
        <ele>2238.22</ele>
        <time>2024-07-06T09:43:24Z</time>
      </trkpt>
      <trkpt lat="45.60278" lon="24.74187">
        <ele>2239.11</ele>
        <time>2024-07-06T09:43:27Z</time>
      </trkpt>
      <trkpt lat="45.60278" lon="24.74186">
        <ele>2239.25</ele>
        <time>2024-07-06T09:43:28Z</time>
      </trkpt>
      <trkpt lat="45.60281" lon="24.74184">
        <ele>2240.11</ele>
        <time>2024-07-06T09:43:32Z</time>
      </trkpt>
      <trkpt lat="45.60282" lon="24.74184">
        <ele>2240.3</ele>
        <time>2024-07-06T09:43:36Z</time>
      </trkpt>
      <trkpt lat="45.60283" lon="24.74184">
        <ele>2240.49</ele>
        <time>2024-07-06T09:43:37Z</time>
      </trkpt>
      <trkpt lat="45.60285" lon="24.74185">
        <ele>2240.67</ele>
        <time>2024-07-06T09:43:45Z</time>
      </trkpt>
      <trkpt lat="45.60285" lon="24.74185">
        <ele>2240.67</ele>
        <time>2024-07-06T09:44:18Z</time>
      </trkpt>
      <trkpt lat="45.60285" lon="24.74185">
        <ele>2240.67</ele>
        <time>2024-07-06T09:44:27Z</time>
      </trkpt>
      <trkpt lat="45.60285" lon="24.74185">
        <ele>2240.67</ele>
        <time>2024-07-06T09:44:35Z</time>
      </trkpt>
      <trkpt lat="45.60286" lon="24.74185">
        <ele>2240.85</ele>
        <time>2024-07-06T09:44:39Z</time>
      </trkpt>
      <trkpt lat="45.60286" lon="24.74186">
        <ele>2240.64</ele>
        <time>2024-07-06T09:44:46Z</time>
      </trkpt>
      <trkpt lat="45.60286" lon="24.74186">
        <ele>2240.64</ele>
        <time>2024-07-06T09:45:03Z</time>
      </trkpt>
      <trkpt lat="45.60286" lon="24.74187">
        <ele>2240.44</ele>
        <time>2024-07-06T09:45:13Z</time>
      </trkpt>
      <trkpt lat="45.60286" lon="24.74184">
        <ele>2241.06</ele>
        <time>2024-07-06T09:45:46Z</time>
      </trkpt>
      <trkpt lat="45.60286" lon="24.74182">
        <ele>2241.48</ele>
        <time>2024-07-06T09:46:02Z</time>
      </trkpt>
      <trkpt lat="45.60286" lon="24.74181">
        <ele>2241.68</ele>
        <time>2024-07-06T09:46:17Z</time>
      </trkpt>
      <trkpt lat="45.60287" lon="24.74181">
        <ele>2241.9</ele>
        <time>2024-07-06T09:46:22Z</time>
      </trkpt>
      <trkpt lat="45.60287" lon="24.74179">
        <ele>2242.33</ele>
        <time>2024-07-06T09:46:30Z</time>
      </trkpt>
      <trkpt lat="45.60286" lon="24.74174">
        <ele>2243.14</ele>
        <time>2024-07-06T09:46:37Z</time>
      </trkpt>
      <trkpt lat="45.60289" lon="24.74168">
        <ele>2245.33</ele>
        <time>2024-07-06T09:46:55Z</time>
      </trkpt>
      <trkpt lat="45.60291" lon="24.74168">
        <ele>2245.95</ele>
        <time>2024-07-06T09:47:06Z</time>
      </trkpt>
      <trkpt lat="45.60293" lon="24.74169">
        <ele>2246.32</ele>
        <time>2024-07-06T09:47:13Z</time>
      </trkpt>
      <trkpt lat="45.60295" lon="24.74169">
        <ele>2246.93</ele>
        <time>2024-07-06T09:47:29Z</time>
      </trkpt>
      <trkpt lat="45.60295" lon="24.74169">
        <ele>2246.93</ele>
        <time>2024-07-06T09:47:30Z</time>
      </trkpt>
      <trkpt lat="45.60298" lon="24.74171">
        <ele>2247.25</ele>
        <time>2024-07-06T09:47:40Z</time>
      </trkpt>
      <trkpt lat="45.60302" lon="24.74174">
        <ele>2247.41</ele>
        <time>2024-07-06T09:47:44Z</time>
      </trkpt>
      <trkpt lat="45.60305" lon="24.74177">
        <ele>2247.14</ele>
        <time>2024-07-06T09:47:48Z</time>
      </trkpt>
      <trkpt lat="45.60306" lon="24.74177">
        <ele>2247.64</ele>
        <time>2024-07-06T09:47:51Z</time>
      </trkpt>
      <trkpt lat="45.60307" lon="24.74178">
        <ele>2248.11</ele>
        <time>2024-07-06T09:47:52Z</time>
      </trkpt>
      <trkpt lat="45.60313" lon="24.74181">
        <ele>2252.32</ele>
        <time>2024-07-06T09:48:01Z</time>
      </trkpt>
      <trkpt lat="45.60314" lon="24.74181">
        <ele>2253.19</ele>
        <time>2024-07-06T09:48:02Z</time>
      </trkpt>
      <trkpt lat="45.60319" lon="24.74184">
        <ele>2257.1</ele>
        <time>2024-07-06T09:48:07Z</time>
      </trkpt>
      <trkpt lat="45.60319" lon="24.74184">
        <ele>2257.1</ele>
        <time>2024-07-06T09:48:08Z</time>
      </trkpt>
      <trkpt lat="45.60319" lon="24.74184">
        <ele>2257.1</ele>
        <time>2024-07-06T09:48:09Z</time>
      </trkpt>
      <trkpt lat="45.60322" lon="24.74184">
        <ele>2259.85</ele>
        <time>2024-07-06T09:48:16Z</time>
      </trkpt>
      <trkpt lat="45.60323" lon="24.74184">
        <ele>2260.77</ele>
        <time>2024-07-06T09:48:18Z</time>
      </trkpt>
      <trkpt lat="45.60323" lon="24.74184">
        <ele>2260.77</ele>
        <time>2024-07-06T09:48:19Z</time>
      </trkpt>
      <trkpt lat="45.60323" lon="24.74183">
        <ele>2260.86</ele>
        <time>2024-07-06T09:48:24Z</time>
      </trkpt>
      <trkpt lat="45.60324" lon="24.74183">
        <ele>2261.76</ele>
        <time>2024-07-06T09:48:27Z</time>
      </trkpt>
      <trkpt lat="45.60324" lon="24.74182">
        <ele>2261.83</ele>
        <time>2024-07-06T09:48:32Z</time>
      </trkpt>
      <trkpt lat="45.60325" lon="24.74182">
        <ele>2262.72</ele>
        <time>2024-07-06T09:48:36Z</time>
      </trkpt>
      <trkpt lat="45.60325" lon="24.74182">
        <ele>2262.72</ele>
        <time>2024-07-06T09:48:55Z</time>
      </trkpt>
      <trkpt lat="45.60331" lon="24.74183">
        <ele>2268.07</ele>
        <time>2024-07-06T09:49:17Z</time>
      </trkpt>
      <trkpt lat="45.60331" lon="24.74183">
        <ele>2268.07</ele>
        <time>2024-07-06T09:49:21Z</time>
      </trkpt>
      <trkpt lat="45.60332" lon="24.74182">
        <ele>2268.92</ele>
        <time>2024-07-06T09:49:28Z</time>
      </trkpt>
      <trkpt lat="45.60332" lon="24.7418">
        <ele>2268.82</ele>
        <time>2024-07-06T09:49:33Z</time>
      </trkpt>
      <trkpt lat="45.60333" lon="24.74174">
        <ele>2269.27</ele>
        <time>2024-07-06T09:49:48Z</time>
      </trkpt>
      <trkpt lat="45.60333" lon="24.7417">
        <ele>2269.01</ele>
        <time>2024-07-06T09:49:56Z</time>
      </trkpt>
      <trkpt lat="45.60333" lon="24.7417">
        <ele>2269.01</ele>
        <time>2024-07-06T09:49:57Z</time>
      </trkpt>
      <trkpt lat="45.60332" lon="24.74166">
        <ele>2268.28</ele>
        <time>2024-07-06T09:50:02Z</time>
      </trkpt>
      <trkpt lat="45.60332" lon="24.74166">
        <ele>2268.28</ele>
        <time>2024-07-06T09:50:05Z</time>
      </trkpt>
      <trkpt lat="45.60332" lon="24.74163">
        <ele>2268.95</ele>
        <time>2024-07-06T09:50:10Z</time>
      </trkpt>
      <trkpt lat="45.60332" lon="24.74161">
        <ele>2269.39</ele>
        <time>2024-07-06T09:50:12Z</time>
      </trkpt>
      <trkpt lat="45.60332" lon="24.7416">
        <ele>2269.61</ele>
        <time>2024-07-06T09:50:14Z</time>
      </trkpt>
      <trkpt lat="45.60332" lon="24.74159">
        <ele>2269.83</ele>
        <time>2024-07-06T09:50:16Z</time>
      </trkpt>
      <trkpt lat="45.60332" lon="24.74159">
        <ele>2269.83</ele>
        <time>2024-07-06T09:50:17Z</time>
      </trkpt>
      <trkpt lat="45.60332" lon="24.74159">
        <ele>2269.83</ele>
        <time>2024-07-06T09:50:18Z</time>
      </trkpt>
      <trkpt lat="45.60332" lon="24.74158">
        <ele>2270.05</ele>
        <time>2024-07-06T09:50:19Z</time>
      </trkpt>
      <trkpt lat="45.60332" lon="24.74158">
        <ele>2270.05</ele>
        <time>2024-07-06T09:50:20Z</time>
      </trkpt>
      <trkpt lat="45.60332" lon="24.74157">
        <ele>2270.27</ele>
        <time>2024-07-06T09:50:21Z</time>
      </trkpt>
      <trkpt lat="45.60333" lon="24.74156">
        <ele>2271.1</ele>
        <time>2024-07-06T09:50:28Z</time>
      </trkpt>
      <trkpt lat="45.60333" lon="24.74155">
        <ele>2271.32</ele>
        <time>2024-07-06T09:50:30Z</time>
      </trkpt>
      <trkpt lat="45.60333" lon="24.74154">
        <ele>2271.54</ele>
        <time>2024-07-06T09:50:32Z</time>
      </trkpt>
      <trkpt lat="45.60334" lon="24.74147">
        <ele>2273.65</ele>
        <time>2024-07-06T09:50:43Z</time>
      </trkpt>
      <trkpt lat="45.60334" lon="24.74145">
        <ele>2274.1</ele>
        <time>2024-07-06T09:50:46Z</time>
      </trkpt>
      <trkpt lat="45.60334" lon="24.74142">
        <ele>2274.77</ele>
        <time>2024-07-06T09:50:53Z</time>
      </trkpt>
      <trkpt lat="45.60334" lon="24.74141">
        <ele>2274.99</ele>
        <time>2024-07-06T09:50:55Z</time>
      </trkpt>
      <trkpt lat="45.60334" lon="24.74139">
        <ele>2275.43</ele>
        <time>2024-07-06T09:51:02Z</time>
      </trkpt>
      <trkpt lat="45.60334" lon="24.74137">
        <ele>2276.2</ele>
        <time>2024-07-06T09:51:09Z</time>
      </trkpt>
      <trkpt lat="45.60334" lon="24.74129">
        <ele>2279.33</ele>
        <time>2024-07-06T09:51:24Z</time>
      </trkpt>
      <trkpt lat="45.60334" lon="24.74121">
        <ele>2282.46</ele>
        <time>2024-07-06T09:51:40Z</time>
      </trkpt>
      <trkpt lat="45.60334" lon="24.7412">
        <ele>2282.85</ele>
        <time>2024-07-06T09:51:44Z</time>
      </trkpt>
      <trkpt lat="45.60334" lon="24.74119">
        <ele>2283.25</ele>
        <time>2024-07-06T09:51:49Z</time>
      </trkpt>
      <trkpt lat="45.60334" lon="24.74118">
        <ele>2283.64</ele>
        <time>2024-07-06T09:51:53Z</time>
      </trkpt>
      <trkpt lat="45.60335" lon="24.74118">
        <ele>2284.19</ele>
        <time>2024-07-06T09:52:17Z</time>
      </trkpt>
      <trkpt lat="45.60335" lon="24.74118">
        <ele>2284.19</ele>
        <time>2024-07-06T09:52:23Z</time>
      </trkpt>
      <trkpt lat="45.60335" lon="24.74118">
        <ele>2284.19</ele>
        <time>2024-07-06T09:52:26Z</time>
      </trkpt>
      <trkpt lat="45.60335" lon="24.74118">
        <ele>2284.19</ele>
        <time>2024-07-06T09:52:29Z</time>
      </trkpt>
      <trkpt lat="45.60335" lon="24.74118">
        <ele>2284.19</ele>
        <time>2024-07-06T09:52:34Z</time>
      </trkpt>
      <trkpt lat="45.60335" lon="24.74118">
        <ele>2284.19</ele>
        <time>2024-07-06T09:52:39Z</time>
      </trkpt>
      <trkpt lat="45.60335" lon="24.74119">
        <ele>2283.8</ele>
        <time>2024-07-06T09:52:40Z</time>
      </trkpt>
      <trkpt lat="45.60335" lon="24.74119">
        <ele>2283.8</ele>
        <time>2024-07-06T09:52:44Z</time>
      </trkpt>
      <trkpt lat="45.60336" lon="24.74119">
        <ele>2284.36</ele>
        <time>2024-07-06T09:52:51Z</time>
      </trkpt>
      <trkpt lat="45.60336" lon="24.74119">
        <ele>2284.36</ele>
        <time>2024-07-06T09:52:52Z</time>
      </trkpt>
      <trkpt lat="45.60336" lon="24.74119">
        <ele>2284.36</ele>
        <time>2024-07-06T09:52:53Z</time>
      </trkpt>
      <trkpt lat="45.60336" lon="24.74119">
        <ele>2284.36</ele>
        <time>2024-07-06T09:52:55Z</time>
      </trkpt>
      <trkpt lat="45.60336" lon="24.74119">
        <ele>2284.36</ele>
        <time>2024-07-06T09:53:05Z</time>
      </trkpt>
      <trkpt lat="45.60336" lon="24.74119">
        <ele>2284.36</ele>
        <time>2024-07-06T09:53:13Z</time>
      </trkpt>
      <trkpt lat="45.60337" lon="24.74119">
        <ele>2284.91</ele>
        <time>2024-07-06T09:53:25Z</time>
      </trkpt>
      <trkpt lat="45.60337" lon="24.74119">
        <ele>2284.91</ele>
        <time>2024-07-06T09:53:29Z</time>
      </trkpt>
      <trkpt lat="45.60337" lon="24.74119">
        <ele>2284.91</ele>
        <time>2024-07-06T09:53:33Z</time>
      </trkpt>
      <trkpt lat="45.60337" lon="24.74119">
        <ele>2284.91</ele>
        <time>2024-07-06T09:53:36Z</time>
      </trkpt>
      <trkpt lat="45.60337" lon="24.74119">
        <ele>2284.91</ele>
        <time>2024-07-06T09:53:40Z</time>
      </trkpt>
      <trkpt lat="45.60338" lon="24.74119">
        <ele>2285.47</ele>
        <time>2024-07-06T09:53:53Z</time>
      </trkpt>
      <trkpt lat="45.60338" lon="24.7412">
        <ele>2285.1</ele>
        <time>2024-07-06T09:54:05Z</time>
      </trkpt>
      <trkpt lat="45.60338" lon="24.7412">
        <ele>2285.1</ele>
        <time>2024-07-06T09:54:07Z</time>
      </trkpt>
      <trkpt lat="45.60338" lon="24.7412">
        <ele>2285.1</ele>
        <time>2024-07-06T09:54:08Z</time>
      </trkpt>
      <trkpt lat="45.60338" lon="24.7412">
        <ele>2285.1</ele>
        <time>2024-07-06T09:54:17Z</time>
      </trkpt>
      <trkpt lat="45.60338" lon="24.7412">
        <ele>2285.1</ele>
        <time>2024-07-06T09:54:22Z</time>
      </trkpt>
      <trkpt lat="45.60339" lon="24.7412">
        <ele>2285.66</ele>
        <time>2024-07-06T09:54:48Z</time>
      </trkpt>
      <trkpt lat="45.6034" lon="24.7412">
        <ele>2286.22</ele>
        <time>2024-07-06T09:55:03Z</time>
      </trkpt>
      <trkpt lat="45.6034" lon="24.7412">
        <ele>2286.22</ele>
        <time>2024-07-06T09:55:06Z</time>
      </trkpt>
      <trkpt lat="45.6034" lon="24.7412">
        <ele>2286.22</ele>
        <time>2024-07-06T09:55:12Z</time>
      </trkpt>
      <trkpt lat="45.60341" lon="24.7412">
        <ele>2286.79</ele>
        <time>2024-07-06T09:55:20Z</time>
      </trkpt>
      <trkpt lat="45.60341" lon="24.7412">
        <ele>2286.79</ele>
        <time>2024-07-06T09:55:25Z</time>
      </trkpt>
      <trkpt lat="45.60341" lon="24.7412">
        <ele>2286.79</ele>
        <time>2024-07-06T09:55:42Z</time>
      </trkpt>
      <trkpt lat="45.60342" lon="24.7412">
        <ele>2287.35</ele>
        <time>2024-07-06T09:55:48Z</time>
      </trkpt>
      <trkpt lat="45.60342" lon="24.74121">
        <ele>2287.01</ele>
        <time>2024-07-06T09:55:58Z</time>
      </trkpt>
      <trkpt lat="45.60342" lon="24.74121">
        <ele>2287.01</ele>
        <time>2024-07-06T09:55:59Z</time>
      </trkpt>
      <trkpt lat="45.60342" lon="24.74121">
        <ele>2287.01</ele>
        <time>2024-07-06T09:56:02Z</time>
      </trkpt>
      <trkpt lat="45.60351" lon="24.74123">
        <ele>2291.56</ele>
        <time>2024-07-06T09:56:08Z</time>
      </trkpt>
      <trkpt lat="45.60373" lon="24.74129">
        <ele>2301.09</ele>
        <time>2024-07-06T09:56:13Z</time>
      </trkpt>
      <trkpt lat="45.60385" lon="24.74133">
        <ele>2305.72</ele>
        <time>2024-07-06T09:56:16Z</time>
      </trkpt>
      <trkpt lat="45.60387" lon="24.74133">
        <ele>2306.6</ele>
        <time>2024-07-06T09:56:22Z</time>
      </trkpt>
      <trkpt lat="45.60388" lon="24.74133">
        <ele>2307.04</ele>
        <time>2024-07-06T09:56:26Z</time>
      </trkpt>
      <trkpt lat="45.60389" lon="24.74134">
        <ele>2307.4</ele>
        <time>2024-07-06T09:56:29Z</time>
      </trkpt>
      <trkpt lat="45.60389" lon="24.74134">
        <ele>2307.4</ele>
        <time>2024-07-06T09:56:30Z</time>
      </trkpt>
      <trkpt lat="45.6039" lon="24.74132">
        <ele>2308.0</ele>
        <time>2024-07-06T09:56:34Z</time>
      </trkpt>
      <trkpt lat="45.60391" lon="24.74132">
        <ele>2308.45</ele>
        <time>2024-07-06T09:56:36Z</time>
      </trkpt>
      <trkpt lat="45.60392" lon="24.74132">
        <ele>2308.9</ele>
        <time>2024-07-06T09:56:37Z</time>
      </trkpt>
      <trkpt lat="45.60394" lon="24.74133">
        <ele>2309.74</ele>
        <time>2024-07-06T09:56:42Z</time>
      </trkpt>
      <trkpt lat="45.60395" lon="24.74132">
        <ele>2310.25</ele>
        <time>2024-07-06T09:56:44Z</time>
      </trkpt>
      <trkpt lat="45.60398" lon="24.74133">
        <ele>2311.55</ele>
        <time>2024-07-06T09:56:51Z</time>
      </trkpt>
      <trkpt lat="45.60398" lon="24.74133">
        <ele>2311.55</ele>
        <time>2024-07-06T09:56:52Z</time>
      </trkpt>
      <trkpt lat="45.60398" lon="24.74133">
        <ele>2311.55</ele>
        <time>2024-07-06T09:57:00Z</time>
      </trkpt>
      <trkpt lat="45.60399" lon="24.74134">
        <ele>2311.96</ele>
        <time>2024-07-06T09:57:15Z</time>
      </trkpt>
      <trkpt lat="45.60402" lon="24.74134">
        <ele>2313.32</ele>
        <time>2024-07-06T09:57:18Z</time>
      </trkpt>
      <trkpt lat="45.60403" lon="24.74135">
        <ele>2313.74</ele>
        <time>2024-07-06T09:57:19Z</time>
      </trkpt>
      <trkpt lat="45.60406" lon="24.74135">
        <ele>2315.12</ele>
        <time>2024-07-06T09:57:23Z</time>
      </trkpt>
      <trkpt lat="45.60407" lon="24.74134">
        <ele>2315.6</ele>
        <time>2024-07-06T09:57:24Z</time>
      </trkpt>
      <trkpt lat="45.60407" lon="24.74134">
        <ele>2315.6</ele>
        <time>2024-07-06T09:57:25Z</time>
      </trkpt>
      <trkpt lat="45.60409" lon="24.74131">
        <ele>2316.57</ele>
        <time>2024-07-06T09:57:35Z</time>
      </trkpt>
      <trkpt lat="45.60409" lon="24.74131">
        <ele>2316.57</ele>
        <time>2024-07-06T09:57:45Z</time>
      </trkpt>
      <trkpt lat="45.60409" lon="24.74131">
        <ele>2316.57</ele>
        <time>2024-07-06T09:57:57Z</time>
      </trkpt>
      <trkpt lat="45.60409" lon="24.74131">
        <ele>2316.57</ele>
        <time>2024-07-06T09:57:58Z</time>
      </trkpt>
      <trkpt lat="45.60409" lon="24.7413">
        <ele>2316.59</ele>
        <time>2024-07-06T09:58:12Z</time>
      </trkpt>
      <trkpt lat="45.60409" lon="24.7413">
        <ele>2316.59</ele>
        <time>2024-07-06T09:58:15Z</time>
      </trkpt>
      <trkpt lat="45.60408" lon="24.74129">
        <ele>2316.17</ele>
        <time>2024-07-06T09:58:42Z</time>
      </trkpt>
      <trkpt lat="45.60408" lon="24.7413">
        <ele>2316.14</ele>
        <time>2024-07-06T09:58:47Z</time>
      </trkpt>
      <trkpt lat="45.60409" lon="24.7413">
        <ele>2316.59</ele>
        <time>2024-07-06T09:58:50Z</time>
      </trkpt>
      <trkpt lat="45.60409" lon="24.74131">
        <ele>2316.57</ele>
        <time>2024-07-06T09:58:58Z</time>
      </trkpt>
      <trkpt lat="45.60409" lon="24.74131">
        <ele>2316.57</ele>
        <time>2024-07-06T09:59:07Z</time>
      </trkpt>
      <trkpt lat="45.60409" lon="24.74131">
        <ele>2316.57</ele>
        <time>2024-07-06T09:59:19Z</time>
      </trkpt>
      <trkpt lat="45.60409" lon="24.74131">
        <ele>2316.57</ele>
        <time>2024-07-06T09:59:21Z</time>
      </trkpt>
      <trkpt lat="45.60409" lon="24.74132">
        <ele>2316.55</ele>
        <time>2024-07-06T09:59:29Z</time>
      </trkpt>
      <trkpt lat="45.60409" lon="24.74133">
        <ele>2316.53</ele>
        <time>2024-07-06T09:59:30Z</time>
      </trkpt>
      <trkpt lat="45.60409" lon="24.74133">
        <ele>2316.53</ele>
        <time>2024-07-06T09:59:31Z</time>
      </trkpt>
      <trkpt lat="45.60409" lon="24.74133">
        <ele>2316.53</ele>
        <time>2024-07-06T09:59:32Z</time>
      </trkpt>
      <trkpt lat="45.60405" lon="24.74131">
        <ele>2314.78</ele>
        <time>2024-07-06T09:59:37Z</time>
      </trkpt>
      <trkpt lat="45.604" lon="24.74128">
        <ele>2312.67</ele>
        <time>2024-07-06T09:59:41Z</time>
      </trkpt>
      <trkpt lat="45.60398" lon="24.74126">
        <ele>2311.89</ele>
        <time>2024-07-06T09:59:43Z</time>
      </trkpt>
      <trkpt lat="45.60398" lon="24.74125">
        <ele>2311.94</ele>
        <time>2024-07-06T09:59:44Z</time>
      </trkpt>
      <trkpt lat="45.60395" lon="24.74121">
        <ele>2310.86</ele>
        <time>2024-07-06T09:59:50Z</time>
      </trkpt>
      <trkpt lat="45.60393" lon="24.74115">
        <ele>2310.39</ele>
        <time>2024-07-06T09:59:58Z</time>
      </trkpt>
      <trkpt lat="45.60393" lon="24.74115">
        <ele>2310.39</ele>
        <time>2024-07-06T10:00:00Z</time>
      </trkpt>
      <trkpt lat="45.60392" lon="24.74113">
        <ele>2310.11</ele>
        <time>2024-07-06T10:00:04Z</time>
      </trkpt>
      <trkpt lat="45.60392" lon="24.74112">
        <ele>2310.18</ele>
        <time>2024-07-06T10:00:05Z</time>
      </trkpt>
      <trkpt lat="45.60392" lon="24.7411">
        <ele>2310.34</ele>
        <time>2024-07-06T10:00:07Z</time>
      </trkpt>
      <trkpt lat="45.60393" lon="24.74106">
        <ele>2311.1</ele>
        <time>2024-07-06T10:00:14Z</time>
      </trkpt>
      <trkpt lat="45.60394" lon="24.74103">
        <ele>2311.74</ele>
        <time>2024-07-06T10:00:18Z</time>
      </trkpt>
      <trkpt lat="45.60397" lon="24.74098">
        <ele>2313.21</ele>
        <time>2024-07-06T10:00:24Z</time>
      </trkpt>
      <trkpt lat="45.60397" lon="24.74097">
        <ele>2313.29</ele>
        <time>2024-07-06T10:00:30Z</time>
      </trkpt>
      <trkpt lat="45.60397" lon="24.74097">
        <ele>2313.29</ele>
        <time>2024-07-06T10:00:31Z</time>
      </trkpt>
      <trkpt lat="45.60397" lon="24.74095">
        <ele>2313.44</ele>
        <time>2024-07-06T10:00:33Z</time>
      </trkpt>
      <trkpt lat="45.60397" lon="24.74093">
        <ele>2313.6</ele>
        <time>2024-07-06T10:00:35Z</time>
      </trkpt>
      <trkpt lat="45.60397" lon="24.74092">
        <ele>2313.67</ele>
        <time>2024-07-06T10:00:36Z</time>
      </trkpt>
      <trkpt lat="45.60398" lon="24.7409">
        <ele>2314.14</ele>
        <time>2024-07-06T10:00:38Z</time>
      </trkpt>
      <trkpt lat="45.60398" lon="24.7409">
        <ele>2314.14</ele>
        <time>2024-07-06T10:00:39Z</time>
      </trkpt>
      <trkpt lat="45.60399" lon="24.74087">
        <ele>2314.66</ele>
        <time>2024-07-06T10:00:42Z</time>
      </trkpt>
      <trkpt lat="45.60399" lon="24.74086">
        <ele>2314.73</ele>
        <time>2024-07-06T10:00:43Z</time>
      </trkpt>
      <trkpt lat="45.60399" lon="24.74085">
        <ele>2314.8</ele>
        <time>2024-07-06T10:00:45Z</time>
      </trkpt>
      <trkpt lat="45.604" lon="24.74081">
        <ele>2315.27</ele>
        <time>2024-07-06T10:00:52Z</time>
      </trkpt>
      <trkpt lat="45.604" lon="24.74078">
        <ele>2315.35</ele>
        <time>2024-07-06T10:00:55Z</time>
      </trkpt>
      <trkpt lat="45.604" lon="24.74076">
        <ele>2315.41</ele>
        <time>2024-07-06T10:00:57Z</time>
      </trkpt>
      <trkpt lat="45.604" lon="24.74074">
        <ele>2315.47</ele>
        <time>2024-07-06T10:01:00Z</time>
      </trkpt>
      <trkpt lat="45.60401" lon="24.74071">
        <ele>2315.8</ele>
        <time>2024-07-06T10:01:05Z</time>
      </trkpt>
      <trkpt lat="45.60402" lon="24.74067">
        <ele>2316.12</ele>
        <time>2024-07-06T10:01:10Z</time>
      </trkpt>
      <trkpt lat="45.60403" lon="24.74066">
        <ele>2316.36</ele>
        <time>2024-07-06T10:01:11Z</time>
      </trkpt>
      <trkpt lat="45.60403" lon="24.74065">
        <ele>2316.38</ele>
        <time>2024-07-06T10:01:14Z</time>
      </trkpt>
      <trkpt lat="45.60405" lon="24.74064">
        <ele>2316.82</ele>
        <time>2024-07-06T10:01:17Z</time>
      </trkpt>
      <trkpt lat="45.60406" lon="24.74063">
        <ele>2317.04</ele>
        <time>2024-07-06T10:01:19Z</time>
      </trkpt>
      <trkpt lat="45.60408" lon="24.74063">
        <ele>2317.46</ele>
        <time>2024-07-06T10:01:23Z</time>
      </trkpt>
      <trkpt lat="45.60408" lon="24.7406">
        <ele>2317.45</ele>
        <time>2024-07-06T10:01:27Z</time>
      </trkpt>
      <trkpt lat="45.60408" lon="24.74057">
        <ele>2317.44</ele>
        <time>2024-07-06T10:01:30Z</time>
      </trkpt>
      <trkpt lat="45.60407" lon="24.74056">
        <ele>2317.26</ele>
        <time>2024-07-06T10:01:31Z</time>
      </trkpt>
      <trkpt lat="45.60408" lon="24.74055">
        <ele>2317.62</ele>
        <time>2024-07-06T10:01:32Z</time>
      </trkpt>
      <trkpt lat="45.60409" lon="24.74053">
        <ele>2318.43</ele>
        <time>2024-07-06T10:01:35Z</time>
      </trkpt>
      <trkpt lat="45.6041" lon="24.74052">
        <ele>2318.88</ele>
        <time>2024-07-06T10:01:38Z</time>
      </trkpt>
      <trkpt lat="45.6041" lon="24.74051">
        <ele>2319.18</ele>
        <time>2024-07-06T10:01:43Z</time>
      </trkpt>
      <trkpt lat="45.6041" lon="24.74047">
        <ele>2320.39</ele>
        <time>2024-07-06T10:01:50Z</time>
      </trkpt>
      <trkpt lat="45.6041" lon="24.74047">
        <ele>2320.39</ele>
        <time>2024-07-06T10:01:55Z</time>
      </trkpt>
      <trkpt lat="45.6041" lon="24.74047">
        <ele>2320.39</ele>
        <time>2024-07-06T10:02:05Z</time>
      </trkpt>
      <trkpt lat="45.6041" lon="24.74045">
        <ele>2320.99</ele>
        <time>2024-07-06T10:02:11Z</time>
      </trkpt>
      <trkpt lat="45.6041" lon="24.7404">
        <ele>2322.5</ele>
        <time>2024-07-06T10:02:19Z</time>
      </trkpt>
      <trkpt lat="45.60409" lon="24.74036">
        <ele>2323.79</ele>
        <time>2024-07-06T10:02:28Z</time>
      </trkpt>
      <trkpt lat="45.60409" lon="24.74035">
        <ele>2324.1</ele>
        <time>2024-07-06T10:02:33Z</time>
      </trkpt>
      <trkpt lat="45.60408" lon="24.74032">
        <ele>2325.17</ele>
        <time>2024-07-06T10:02:41Z</time>
      </trkpt>
      <trkpt lat="45.60407" lon="24.74031">
        <ele>2325.64</ele>
        <time>2024-07-06T10:02:43Z</time>
      </trkpt>
      <trkpt lat="45.60407" lon="24.7403">
        <ele>2325.98</ele>
        <time>2024-07-06T10:02:45Z</time>
      </trkpt>
      <trkpt lat="45.60406" lon="24.74025">
        <ele>2328.4</ele>
        <time>2024-07-06T10:03:02Z</time>
      </trkpt>
      <trkpt lat="45.60406" lon="24.74024">
        <ele>2328.93</ele>
        <time>2024-07-06T10:03:11Z</time>
      </trkpt>
      <trkpt lat="45.60406" lon="24.74023">
        <ele>2329.46</ele>
        <time>2024-07-06T10:03:18Z</time>
      </trkpt>
      <trkpt lat="45.60406" lon="24.74023">
        <ele>2329.46</ele>
        <time>2024-07-06T10:03:19Z</time>
      </trkpt>
      <trkpt lat="45.60403" lon="24.74021">
        <ele>2331.12</ele>
        <time>2024-07-06T10:03:26Z</time>
      </trkpt>
      <trkpt lat="45.60403" lon="24.74018">
        <ele>2332.73</ele>
        <time>2024-07-06T10:03:34Z</time>
      </trkpt>
      <trkpt lat="45.60403" lon="24.74015">
        <ele>2334.35</ele>
        <time>2024-07-06T10:03:40Z</time>
      </trkpt>
      <trkpt lat="45.60401" lon="24.74012">
        <ele>2336.41</ele>
        <time>2024-07-06T10:03:58Z</time>
      </trkpt>
      <trkpt lat="45.60399" lon="24.74011">
        <ele>2337.4</ele>
        <time>2024-07-06T10:04:04Z</time>
      </trkpt>
      <trkpt lat="45.60396" lon="24.74009">
        <ele>2339.19</ele>
        <time>2024-07-06T10:04:15Z</time>
      </trkpt>
      <trkpt lat="45.60396" lon="24.74009">
        <ele>2339.19</ele>
        <time>2024-07-06T10:04:17Z</time>
      </trkpt>
      <trkpt lat="45.60396" lon="24.74008">
        <ele>2339.75</ele>
        <time>2024-07-06T10:04:18Z</time>
      </trkpt>
      <trkpt lat="45.60396" lon="24.74008">
        <ele>2339.75</ele>
        <time>2024-07-06T10:04:21Z</time>
      </trkpt>
      <trkpt lat="45.60393" lon="24.74004">
        <ele>2342.7</ele>
        <time>2024-07-06T10:04:36Z</time>
      </trkpt>
      <trkpt lat="45.60393" lon="24.74004">
        <ele>2342.7</ele>
        <time>2024-07-06T10:04:39Z</time>
      </trkpt>
      <trkpt lat="45.60392" lon="24.74003">
        <ele>2343.51</ele>
        <time>2024-07-06T10:04:52Z</time>
      </trkpt>
      <trkpt lat="45.60392" lon="24.74002">
        <ele>2344.08</ele>
        <time>2024-07-06T10:04:54Z</time>
      </trkpt>
      <trkpt lat="45.60392" lon="24.74002">
        <ele>2344.08</ele>
        <time>2024-07-06T10:04:58Z</time>
      </trkpt>
      <trkpt lat="45.60392" lon="24.74">
        <ele>2345.22</ele>
        <time>2024-07-06T10:05:19Z</time>
      </trkpt>
      <trkpt lat="45.60392" lon="24.74">
        <ele>2345.22</ele>
        <time>2024-07-06T10:05:20Z</time>
      </trkpt>
      <trkpt lat="45.60392" lon="24.74">
        <ele>2345.22</ele>
        <time>2024-07-06T10:05:22Z</time>
      </trkpt>
      <trkpt lat="45.60392" lon="24.74">
        <ele>2345.22</ele>
        <time>2024-07-06T10:05:23Z</time>
      </trkpt>
      <trkpt lat="45.60392" lon="24.74">
        <ele>2345.22</ele>
        <time>2024-07-06T10:05:25Z</time>
      </trkpt>
      <trkpt lat="45.60392" lon="24.74">
        <ele>2345.22</ele>
        <time>2024-07-06T10:05:27Z</time>
      </trkpt>
      <trkpt lat="45.60395" lon="24.73996">
        <ele>2345.84</ele>
        <time>2024-07-06T10:05:41Z</time>
      </trkpt>
      <trkpt lat="45.60396" lon="24.73994">
        <ele>2346.26</ele>
        <time>2024-07-06T10:05:44Z</time>
      </trkpt>
      <trkpt lat="45.60396" lon="24.73994">
        <ele>2346.26</ele>
        <time>2024-07-06T10:05:51Z</time>
      </trkpt>
      <trkpt lat="45.60396" lon="24.73994">
        <ele>2346.26</ele>
        <time>2024-07-06T10:05:57Z</time>
      </trkpt>
      <trkpt lat="45.60397" lon="24.73994">
        <ele>2345.99</ele>
        <time>2024-07-06T10:06:06Z</time>
      </trkpt>
      <trkpt lat="45.60397" lon="24.73995">
        <ele>2345.65</ele>
        <time>2024-07-06T10:06:16Z</time>
      </trkpt>
      <trkpt lat="45.60398" lon="24.73995">
        <ele>2345.39</ele>
        <time>2024-07-06T10:06:21Z</time>
      </trkpt>
      <trkpt lat="45.60398" lon="24.73995">
        <ele>2345.39</ele>
        <time>2024-07-06T10:06:32Z</time>
      </trkpt>
      <trkpt lat="45.60398" lon="24.7399">
        <ele>2347.07</ele>
        <time>2024-07-06T10:06:44Z</time>
      </trkpt>
      <trkpt lat="45.60398" lon="24.7399">
        <ele>2347.07</ele>
        <time>2024-07-06T10:06:48Z</time>
      </trkpt>
      <trkpt lat="45.60398" lon="24.73989">
        <ele>2347.4</ele>
        <time>2024-07-06T10:06:57Z</time>
      </trkpt>
      <trkpt lat="45.60398" lon="24.73987">
        <ele>2348.08</ele>
        <time>2024-07-06T10:07:09Z</time>
      </trkpt>
      <trkpt lat="45.60399" lon="24.73986">
        <ele>2348.13</ele>
        <time>2024-07-06T10:07:16Z</time>
      </trkpt>
      <trkpt lat="45.60399" lon="24.73986">
        <ele>2348.13</ele>
        <time>2024-07-06T10:07:20Z</time>
      </trkpt>
      <trkpt lat="45.60399" lon="24.73985">
        <ele>2348.46</ele>
        <time>2024-07-06T10:07:25Z</time>
      </trkpt>
      <trkpt lat="45.60399" lon="24.73984">
        <ele>2348.79</ele>
        <time>2024-07-06T10:07:32Z</time>
      </trkpt>
      <trkpt lat="45.60399" lon="24.73984">
        <ele>2348.79</ele>
        <time>2024-07-06T10:07:34Z</time>
      </trkpt>
      <trkpt lat="45.604" lon="24.7398">
        <ele>2349.82</ele>
        <time>2024-07-06T10:07:47Z</time>
      </trkpt>
      <trkpt lat="45.604" lon="24.73978">
        <ele>2350.49</ele>
        <time>2024-07-06T10:07:56Z</time>
      </trkpt>
      <trkpt lat="45.604" lon="24.73978">
        <ele>2350.49</ele>
        <time>2024-07-06T10:07:58Z</time>
      </trkpt>
      <trkpt lat="45.604" lon="24.73976">
        <ele>2351.15</ele>
        <time>2024-07-06T10:08:11Z</time>
      </trkpt>
      <trkpt lat="45.604" lon="24.73975">
        <ele>2351.48</ele>
        <time>2024-07-06T10:08:21Z</time>
      </trkpt>
      <trkpt lat="45.60399" lon="24.7397">
        <ele>2354.47</ele>
        <time>2024-07-06T10:08:42Z</time>
      </trkpt>
      <trkpt lat="45.60398" lon="24.73967">
        <ele>2357.12</ele>
        <time>2024-07-06T10:08:51Z</time>
      </trkpt>
      <trkpt lat="45.60398" lon="24.73967">
        <ele>2357.12</ele>
        <time>2024-07-06T10:08:53Z</time>
      </trkpt>
      <trkpt lat="45.60398" lon="24.73967">
        <ele>2357.12</ele>
        <time>2024-07-06T10:08:55Z</time>
      </trkpt>
      <trkpt lat="45.60398" lon="24.73967">
        <ele>2357.12</ele>
        <time>2024-07-06T10:09:09Z</time>
      </trkpt>
      <trkpt lat="45.60398" lon="24.73966">
        <ele>2357.9</ele>
        <time>2024-07-06T10:09:15Z</time>
      </trkpt>
      <trkpt lat="45.60398" lon="24.73965">
        <ele>2358.67</ele>
        <time>2024-07-06T10:09:19Z</time>
      </trkpt>
      <trkpt lat="45.60398" lon="24.73965">
        <ele>2358.67</ele>
        <time>2024-07-06T10:09:24Z</time>
      </trkpt>
      <trkpt lat="45.60398" lon="24.73963">
        <ele>2360.23</ele>
        <time>2024-07-06T10:09:26Z</time>
      </trkpt>
      <trkpt lat="45.60398" lon="24.73962">
        <ele>2361.01</ele>
        <time>2024-07-06T10:09:29Z</time>
      </trkpt>
      <trkpt lat="45.60397" lon="24.73961">
        <ele>2362.04</ele>
        <time>2024-07-06T10:09:37Z</time>
      </trkpt>
      <trkpt lat="45.60396" lon="24.73959">
        <ele>2363.83</ele>
        <time>2024-07-06T10:09:46Z</time>
      </trkpt>
      <trkpt lat="45.60392" lon="24.73956">
        <ele>2367.0</ele>
        <time>2024-07-06T10:09:57Z</time>
      </trkpt>
      <trkpt lat="45.60389" lon="24.73955">
        <ele>2368.38</ele>
        <time>2024-07-06T10:10:07Z</time>
      </trkpt>
      <trkpt lat="45.60387" lon="24.73953">
        <ele>2370.73</ele>
        <time>2024-07-06T10:10:16Z</time>
      </trkpt>
      <trkpt lat="45.60385" lon="24.73952">
        <ele>2372.41</ele>
        <time>2024-07-06T10:10:21Z</time>
      </trkpt>
      <trkpt lat="45.60385" lon="24.73949">
        <ele>2374.61</ele>
        <time>2024-07-06T10:10:28Z</time>
      </trkpt>
      <trkpt lat="45.60385" lon="24.73948">
        <ele>2375.35</ele>
        <time>2024-07-06T10:10:33Z</time>
      </trkpt>
      <trkpt lat="45.60386" lon="24.73946">
        <ele>2376.32</ele>
        <time>2024-07-06T10:10:40Z</time>
      </trkpt>
      <trkpt lat="45.60388" lon="24.73944">
        <ele>2376.7</ele>
        <time>2024-07-06T10:10:48Z</time>
      </trkpt>
      <trkpt lat="45.60389" lon="24.73944">
        <ele>2376.24</ele>
        <time>2024-07-06T10:10:51Z</time>
      </trkpt>
      <trkpt lat="45.6039" lon="24.73943">
        <ele>2376.65</ele>
        <time>2024-07-06T10:10:57Z</time>
      </trkpt>
      <trkpt lat="45.6039" lon="24.73939">
        <ele>2378.91</ele>
        <time>2024-07-06T10:11:06Z</time>
      </trkpt>
      <trkpt lat="45.6039" lon="24.73938">
        <ele>2379.47</ele>
        <time>2024-07-06T10:11:09Z</time>
      </trkpt>
      <trkpt lat="45.60389" lon="24.73934">
        <ele>2381.99</ele>
        <time>2024-07-06T10:11:23Z</time>
      </trkpt>
      <trkpt lat="45.60389" lon="24.73934">
        <ele>2381.99</ele>
        <time>2024-07-06T10:11:25Z</time>
      </trkpt>
      <trkpt lat="45.60386" lon="24.73933">
        <ele>2383.66</ele>
        <time>2024-07-06T10:11:32Z</time>
      </trkpt>
      <trkpt lat="45.60383" lon="24.73932">
        <ele>2385.28</ele>
        <time>2024-07-06T10:11:41Z</time>
      </trkpt>
      <trkpt lat="45.60381" lon="24.73931">
        <ele>2386.48</ele>
        <time>2024-07-06T10:11:46Z</time>
      </trkpt>
      <trkpt lat="45.6038" lon="24.73928">
        <ele>2388.25</ele>
        <time>2024-07-06T10:12:01Z</time>
      </trkpt>
      <trkpt lat="45.6038" lon="24.73927">
        <ele>2388.72</ele>
        <time>2024-07-06T10:12:07Z</time>
      </trkpt>
      <trkpt lat="45.6038" lon="24.73927">
        <ele>2388.72</ele>
        <time>2024-07-06T10:12:12Z</time>
      </trkpt>
      <trkpt lat="45.60381" lon="24.73926">
        <ele>2388.9</ele>
        <time>2024-07-06T10:12:20Z</time>
      </trkpt>
      <trkpt lat="45.60381" lon="24.73926">
        <ele>2388.9</ele>
        <time>2024-07-06T10:12:24Z</time>
      </trkpt>
      <trkpt lat="45.60381" lon="24.73926">
        <ele>2388.9</ele>
        <time>2024-07-06T10:12:42Z</time>
      </trkpt>
      <trkpt lat="45.60381" lon="24.73926">
        <ele>2388.9</ele>
        <time>2024-07-06T10:12:45Z</time>
      </trkpt>
      <trkpt lat="45.6038" lon="24.73926">
        <ele>2389.19</ele>
        <time>2024-07-06T10:12:50Z</time>
      </trkpt>
      <trkpt lat="45.6038" lon="24.73926">
        <ele>2389.19</ele>
        <time>2024-07-06T10:12:52Z</time>
      </trkpt>
      <trkpt lat="45.6038" lon="24.73924">
        <ele>2390.14</ele>
        <time>2024-07-06T10:12:55Z</time>
      </trkpt>
      <trkpt lat="45.6038" lon="24.73923">
        <ele>2390.61</ele>
        <time>2024-07-06T10:12:56Z</time>
      </trkpt>
      <trkpt lat="45.60378" lon="24.73917">
        <ele>2393.81</ele>
        <time>2024-07-06T10:13:00Z</time>
      </trkpt>
      <trkpt lat="45.60378" lon="24.73912">
        <ele>2396.14</ele>
        <time>2024-07-06T10:13:07Z</time>
      </trkpt>
      <trkpt lat="45.60378" lon="24.73911">
        <ele>2396.6</ele>
        <time>2024-07-06T10:13:12Z</time>
      </trkpt>
      <trkpt lat="45.60379" lon="24.73909">
        <ele>2397.31</ele>
        <time>2024-07-06T10:13:17Z</time>
      </trkpt>
      <trkpt lat="45.6038" lon="24.73909">
        <ele>2397.08</ele>
        <time>2024-07-06T10:13:22Z</time>
      </trkpt>
      <trkpt lat="45.6038" lon="24.73908">
        <ele>2397.53</ele>
        <time>2024-07-06T10:13:25Z</time>
      </trkpt>
      <trkpt lat="45.60379" lon="24.73908">
        <ele>2397.77</ele>
        <time>2024-07-06T10:13:32Z</time>
      </trkpt>
      <trkpt lat="45.60377" lon="24.73907">
        <ele>2398.71</ele>
        <time>2024-07-06T10:13:39Z</time>
      </trkpt>
      <trkpt lat="45.60377" lon="24.73904">
        <ele>2400.13</ele>
        <time>2024-07-06T10:13:59Z</time>
      </trkpt>
      <trkpt lat="45.60377" lon="24.73901">
        <ele>2401.55</ele>
        <time>2024-07-06T10:14:08Z</time>
      </trkpt>
      <trkpt lat="45.60376" lon="24.739">
        <ele>2402.31</ele>
        <time>2024-07-06T10:14:11Z</time>
      </trkpt>
      <trkpt lat="45.60375" lon="24.73898">
        <ele>2403.57</ele>
        <time>2024-07-06T10:14:15Z</time>
      </trkpt>
      <trkpt lat="45.60374" lon="24.73896">
        <ele>2404.86</ele>
        <time>2024-07-06T10:14:17Z</time>
      </trkpt>
      <trkpt lat="45.60373" lon="24.73893">
        <ele>2406.67</ele>
        <time>2024-07-06T10:14:20Z</time>
      </trkpt>
      <trkpt lat="45.60373" lon="24.73893">
        <ele>2406.67</ele>
        <time>2024-07-06T10:14:42Z</time>
      </trkpt>
      <trkpt lat="45.60372" lon="24.73893">
        <ele>2407.0</ele>
        <time>2024-07-06T10:15:07Z</time>
      </trkpt>
      <trkpt lat="45.60372" lon="24.73892">
        <ele>2407.51</ele>
        <time>2024-07-06T10:15:08Z</time>
      </trkpt>
      <trkpt lat="45.60371" lon="24.73892">
        <ele>2407.85</ele>
        <time>2024-07-06T10:15:13Z</time>
      </trkpt>
      <trkpt lat="45.6037" lon="24.7389">
        <ele>2409.22</ele>
        <time>2024-07-06T10:15:19Z</time>
      </trkpt>
      <trkpt lat="45.6037" lon="24.73888">
        <ele>2410.39</ele>
        <time>2024-07-06T10:15:24Z</time>
      </trkpt>
      <trkpt lat="45.6037" lon="24.73885">
        <ele>2412.38</ele>
        <time>2024-07-06T10:15:30Z</time>
      </trkpt>
      <trkpt lat="45.60369" lon="24.73883">
        <ele>2414.13</ele>
        <time>2024-07-06T10:15:33Z</time>
      </trkpt>
      <trkpt lat="45.60369" lon="24.73882">
        <ele>2414.8</ele>
        <time>2024-07-06T10:15:34Z</time>
      </trkpt>
      <trkpt lat="45.60368" lon="24.73881">
        <ele>2415.92</ele>
        <time>2024-07-06T10:15:36Z</time>
      </trkpt>
      <trkpt lat="45.60367" lon="24.73877">
        <ele>2419.14</ele>
        <time>2024-07-06T10:15:42Z</time>
      </trkpt>
      <trkpt lat="45.60366" lon="24.73875">
        <ele>2421.04</ele>
        <time>2024-07-06T10:15:45Z</time>
      </trkpt>
      <trkpt lat="45.60366" lon="24.73868">
        <ele>2425.97</ele>
        <time>2024-07-06T10:15:58Z</time>
      </trkpt>
      <trkpt lat="45.60365" lon="24.73866">
        <ele>2427.98</ele>
        <time>2024-07-06T10:16:05Z</time>
      </trkpt>
      <trkpt lat="45.60364" lon="24.73861">
        <ele>2432.17</ele>
        <time>2024-07-06T10:16:17Z</time>
      </trkpt>
      <trkpt lat="45.60364" lon="24.73858">
        <ele>2433.22</ele>
        <time>2024-07-06T10:16:28Z</time>
      </trkpt>
      <trkpt lat="45.60364" lon="24.73855">
        <ele>2434.27</ele>
        <time>2024-07-06T10:16:36Z</time>
      </trkpt>
      <trkpt lat="45.60363" lon="24.73854">
        <ele>2435.2</ele>
        <time>2024-07-06T10:16:38Z</time>
      </trkpt>
      <trkpt lat="45.60363" lon="24.73854">
        <ele>2435.2</ele>
        <time>2024-07-06T10:16:42Z</time>
      </trkpt>
      <trkpt lat="45.60362" lon="24.73852">
        <ele>2436.45</ele>
        <time>2024-07-06T10:16:49Z</time>
      </trkpt>
      <trkpt lat="45.6036" lon="24.7385">
        <ele>2437.53</ele>
        <time>2024-07-06T10:16:54Z</time>
      </trkpt>
      <trkpt lat="45.6036" lon="24.73849">
        <ele>2437.84</ele>
        <time>2024-07-06T10:16:58Z</time>
      </trkpt>
      <trkpt lat="45.60359" lon="24.73848">
        <ele>2438.07</ele>
        <time>2024-07-06T10:17:02Z</time>
      </trkpt>
      <trkpt lat="45.60357" lon="24.73843">
        <ele>2439.34</ele>
        <time>2024-07-06T10:17:17Z</time>
      </trkpt>
      <trkpt lat="45.60357" lon="24.73842">
        <ele>2439.63</ele>
        <time>2024-07-06T10:17:18Z</time>
      </trkpt>
      <trkpt lat="45.60356" lon="24.73841">
        <ele>2439.77</ele>
        <time>2024-07-06T10:17:23Z</time>
      </trkpt>
      <trkpt lat="45.60355" lon="24.7384">
        <ele>2439.89</ele>
        <time>2024-07-06T10:17:28Z</time>
      </trkpt>
      <trkpt lat="45.60355" lon="24.7384">
        <ele>2439.89</ele>
        <time>2024-07-06T10:17:33Z</time>
      </trkpt>
      <trkpt lat="45.60354" lon="24.73839">
        <ele>2439.99</ele>
        <time>2024-07-06T10:17:38Z</time>
      </trkpt>
      <trkpt lat="45.60354" lon="24.73839">
        <ele>2439.99</ele>
        <time>2024-07-06T10:17:44Z</time>
      </trkpt>
      <trkpt lat="45.60354" lon="24.73839">
        <ele>2439.99</ele>
        <time>2024-07-06T10:17:57Z</time>
      </trkpt>
      <trkpt lat="45.60354" lon="24.73839">
        <ele>2439.99</ele>
        <time>2024-07-06T10:18:05Z</time>
      </trkpt>
      <trkpt lat="45.60354" lon="24.73838">
        <ele>2440.25</ele>
        <time>2024-07-06T10:18:12Z</time>
      </trkpt>
      <trkpt lat="45.60354" lon="24.73838">
        <ele>2440.25</ele>
        <time>2024-07-06T10:18:17Z</time>
      </trkpt>
      <trkpt lat="45.60354" lon="24.73838">
        <ele>2440.25</ele>
        <time>2024-07-06T10:18:27Z</time>
      </trkpt>
      <trkpt lat="45.60354" lon="24.73837">
        <ele>2440.51</ele>
        <time>2024-07-06T10:18:44Z</time>
      </trkpt>
      <trkpt lat="45.60354" lon="24.73837">
        <ele>2440.51</ele>
        <time>2024-07-06T10:18:58Z</time>
      </trkpt>
      <trkpt lat="45.60353" lon="24.73836">
        <ele>2440.58</ele>
        <time>2024-07-06T10:19:10Z</time>
      </trkpt>
      <trkpt lat="45.60353" lon="24.73836">
        <ele>2440.58</ele>
        <time>2024-07-06T10:19:15Z</time>
      </trkpt>
      <trkpt lat="45.60353" lon="24.73836">
        <ele>2440.58</ele>
        <time>2024-07-06T10:19:19Z</time>
      </trkpt>
      <trkpt lat="45.60353" lon="24.73836">
        <ele>2440.58</ele>
        <time>2024-07-06T10:19:22Z</time>
      </trkpt>
      <trkpt lat="45.60353" lon="24.73836">
        <ele>2440.58</ele>
        <time>2024-07-06T10:19:23Z</time>
      </trkpt>
      <trkpt lat="45.60353" lon="24.73836">
        <ele>2440.58</ele>
        <time>2024-07-06T10:19:28Z</time>
      </trkpt>
      <trkpt lat="45.60353" lon="24.73836">
        <ele>2440.58</ele>
        <time>2024-07-06T10:19:29Z</time>
      </trkpt>
      <trkpt lat="45.60353" lon="24.73835">
        <ele>2440.83</ele>
        <time>2024-07-06T10:19:38Z</time>
      </trkpt>
      <trkpt lat="45.60353" lon="24.73835">
        <ele>2440.83</ele>
        <time>2024-07-06T10:19:42Z</time>
      </trkpt>
      <trkpt lat="45.60353" lon="24.73835">
        <ele>2440.83</ele>
        <time>2024-07-06T10:19:44Z</time>
      </trkpt>
      <trkpt lat="45.60353" lon="24.73835">
        <ele>2440.83</ele>
        <time>2024-07-06T10:19:49Z</time>
      </trkpt>
      <trkpt lat="45.60353" lon="24.73835">
        <ele>2440.83</ele>
        <time>2024-07-06T10:19:58Z</time>
      </trkpt>
      <trkpt lat="45.60353" lon="24.73834">
        <ele>2441.08</ele>
        <time>2024-07-06T10:20:07Z</time>
      </trkpt>
      <trkpt lat="45.60353" lon="24.73834">
        <ele>2441.08</ele>
        <time>2024-07-06T10:20:14Z</time>
      </trkpt>
      <trkpt lat="45.60353" lon="24.73834">
        <ele>2441.08</ele>
        <time>2024-07-06T10:20:17Z</time>
      </trkpt>
      <trkpt lat="45.60353" lon="24.73834">
        <ele>2441.08</ele>
        <time>2024-07-06T10:20:18Z</time>
      </trkpt>
      <trkpt lat="45.60352" lon="24.73834">
        <ele>2440.87</ele>
        <time>2024-07-06T10:20:24Z</time>
      </trkpt>
      <trkpt lat="45.60352" lon="24.73834">
        <ele>2440.87</ele>
        <time>2024-07-06T10:20:25Z</time>
      </trkpt>
      <trkpt lat="45.60352" lon="24.73833">
        <ele>2441.05</ele>
        <time>2024-07-06T10:20:29Z</time>
      </trkpt>
      <trkpt lat="45.60352" lon="24.73832">
        <ele>2441.09</ele>
        <time>2024-07-06T10:20:45Z</time>
      </trkpt>
      <trkpt lat="45.60352" lon="24.73832">
        <ele>2441.09</ele>
        <time>2024-07-06T10:20:53Z</time>
      </trkpt>
      <trkpt lat="45.60352" lon="24.73832">
        <ele>2441.09</ele>
        <time>2024-07-06T10:21:00Z</time>
      </trkpt>
      <trkpt lat="45.60352" lon="24.73831">
        <ele>2441.14</ele>
        <time>2024-07-06T10:21:09Z</time>
      </trkpt>
      <trkpt lat="45.60352" lon="24.73831">
        <ele>2441.14</ele>
        <time>2024-07-06T10:21:13Z</time>
      </trkpt>
      <trkpt lat="45.60351" lon="24.7383">
        <ele>2441.01</ele>
        <time>2024-07-06T10:21:22Z</time>
      </trkpt>
      <trkpt lat="45.60351" lon="24.7383">
        <ele>2441.01</ele>
        <time>2024-07-06T10:21:32Z</time>
      </trkpt>
      <trkpt lat="45.60351" lon="24.73829">
        <ele>2441.07</ele>
        <time>2024-07-06T10:21:37Z</time>
      </trkpt>
      <trkpt lat="45.60351" lon="24.73828">
        <ele>2441.13</ele>
        <time>2024-07-06T10:21:56Z</time>
      </trkpt>
      <trkpt lat="45.6035" lon="24.73827">
        <ele>2441.06</ele>
        <time>2024-07-06T10:22:09Z</time>
      </trkpt>
      <trkpt lat="45.6035" lon="24.73827">
        <ele>2441.06</ele>
        <time>2024-07-06T10:22:13Z</time>
      </trkpt>
      <trkpt lat="45.6035" lon="24.73827">
        <ele>2441.06</ele>
        <time>2024-07-06T10:22:16Z</time>
      </trkpt>
      <trkpt lat="45.6035" lon="24.73826">
        <ele>2441.13</ele>
        <time>2024-07-06T10:22:28Z</time>
      </trkpt>
      <trkpt lat="45.6035" lon="24.73826">
        <ele>2441.13</ele>
        <time>2024-07-06T10:22:30Z</time>
      </trkpt>
      <trkpt lat="45.6035" lon="24.73826">
        <ele>2441.13</ele>
        <time>2024-07-06T10:22:35Z</time>
      </trkpt>
      <trkpt lat="45.6035" lon="24.73825">
        <ele>2441.2</ele>
        <time>2024-07-06T10:22:39Z</time>
      </trkpt>
      <trkpt lat="45.6035" lon="24.73825">
        <ele>2441.2</ele>
        <time>2024-07-06T10:22:42Z</time>
      </trkpt>
      <trkpt lat="45.6035" lon="24.73825">
        <ele>2441.2</ele>
        <time>2024-07-06T10:22:51Z</time>
      </trkpt>
      <trkpt lat="45.6035" lon="24.73824">
        <ele>2441.27</ele>
        <time>2024-07-06T10:23:02Z</time>
      </trkpt>
      <trkpt lat="45.60349" lon="24.73824">
        <ele>2441.18</ele>
        <time>2024-07-06T10:23:12Z</time>
      </trkpt>
      <trkpt lat="45.60349" lon="24.73823">
        <ele>2441.26</ele>
        <time>2024-07-06T10:23:16Z</time>
      </trkpt>
      <trkpt lat="45.60349" lon="24.73823">
        <ele>2441.26</ele>
        <time>2024-07-06T10:23:26Z</time>
      </trkpt>
      <trkpt lat="45.60349" lon="24.73823">
        <ele>2441.26</ele>
        <time>2024-07-06T10:23:31Z</time>
      </trkpt>
      <trkpt lat="45.60349" lon="24.73822">
        <ele>2441.35</ele>
        <time>2024-07-06T10:23:44Z</time>
      </trkpt>
    </trkseg>
    <trkseg>
      <trkpt lat="45.60349" lon="24.73822">
        <ele>2441.35</ele>
        <time>2024-07-06T10:23:46Z</time>
      </trkpt>
    </trkseg>
    <trkseg>
      <trkpt lat="45.60349" lon="24.73822">
        <ele>2441.35</ele>
        <time>2024-07-06T10:23:47Z</time>
      </trkpt>
      <trkpt lat="45.60349" lon="24.73822">
        <ele>2441.35</ele>
        <time>2024-07-06T10:23:49Z</time>
      </trkpt>
      <trkpt lat="45.60349" lon="24.73822">
        <ele>2441.35</ele>
        <time>2024-07-06T10:23:50Z</time>
      </trkpt>
      <trkpt lat="45.60349" lon="24.73822">
        <ele>2441.35</ele>
        <time>2024-07-06T10:23:53Z</time>
      </trkpt>
      <trkpt lat="45.60349" lon="24.73822">
        <ele>2441.35</ele>
        <time>2024-07-06T10:23:55Z</time>
      </trkpt>
      <trkpt lat="45.60349" lon="24.73822">
        <ele>2441.35</ele>
        <time>2024-07-06T10:23:56Z</time>
      </trkpt>
      <trkpt lat="45.60349" lon="24.73821">
        <ele>2441.43</ele>
        <time>2024-07-06T10:24:09Z</time>
      </trkpt>
      <trkpt lat="45.60348" lon="24.73819">
        <ele>2441.57</ele>
        <time>2024-07-06T10:24:41Z</time>
      </trkpt>
      <trkpt lat="45.60348" lon="24.73818">
        <ele>2441.67</ele>
        <time>2024-07-06T10:25:07Z</time>
      </trkpt>
      <trkpt lat="45.60348" lon="24.73818">
        <ele>2441.67</ele>
        <time>2024-07-06T10:25:12Z</time>
      </trkpt>
      <trkpt lat="45.60348" lon="24.73818">
        <ele>2441.67</ele>
        <time>2024-07-06T10:25:18Z</time>
      </trkpt>
      <trkpt lat="45.60348" lon="24.73817">
        <ele>2441.77</ele>
        <time>2024-07-06T10:25:30Z</time>
      </trkpt>
      <trkpt lat="45.60348" lon="24.73817">
        <ele>2441.77</ele>
        <time>2024-07-06T10:25:33Z</time>
      </trkpt>
      <trkpt lat="45.60348" lon="24.73817">
        <ele>2441.77</ele>
        <time>2024-07-06T10:25:35Z</time>
      </trkpt>
      <trkpt lat="45.60348" lon="24.73817">
        <ele>2441.77</ele>
        <time>2024-07-06T10:25:43Z</time>
      </trkpt>
      <trkpt lat="45.60347" lon="24.73816">
        <ele>2441.87</ele>
        <time>2024-07-06T10:25:54Z</time>
      </trkpt>
      <trkpt lat="45.60347" lon="24.73816">
        <ele>2441.87</ele>
        <time>2024-07-06T10:25:58Z</time>
      </trkpt>
      <trkpt lat="45.60347" lon="24.73816">
        <ele>2441.87</ele>
        <time>2024-07-06T10:26:03Z</time>
      </trkpt>
      <trkpt lat="45.60347" lon="24.73816">
        <ele>2441.87</ele>
        <time>2024-07-06T10:26:05Z</time>
      </trkpt>
      <trkpt lat="45.60347" lon="24.73815">
        <ele>2441.98</ele>
        <time>2024-07-06T10:26:26Z</time>
      </trkpt>
      <trkpt lat="45.60347" lon="24.73815">
        <ele>2441.98</ele>
        <time>2024-07-06T10:26:33Z</time>
      </trkpt>
      <trkpt lat="45.60347" lon="24.73815">
        <ele>2441.98</ele>
        <time>2024-07-06T10:26:36Z</time>
      </trkpt>
      <trkpt lat="45.60347" lon="24.73814">
        <ele>2442.1</ele>
        <time>2024-07-06T10:27:06Z</time>
      </trkpt>
      <trkpt lat="45.60347" lon="24.73814">
        <ele>2442.1</ele>
        <time>2024-07-06T10:27:12Z</time>
      </trkpt>
      <trkpt lat="45.60347" lon="24.73813">
        <ele>2442.21</ele>
        <time>2024-07-06T10:27:20Z</time>
      </trkpt>
      <trkpt lat="45.60347" lon="24.73813">
        <ele>2442.21</ele>
        <time>2024-07-06T10:27:23Z</time>
      </trkpt>
      <trkpt lat="45.60346" lon="24.73812">
        <ele>2442.38</ele>
        <time>2024-07-06T10:27:45Z</time>
      </trkpt>
      <trkpt lat="45.60346" lon="24.73812">
        <ele>2442.38</ele>
        <time>2024-07-06T10:27:51Z</time>
      </trkpt>
      <trkpt lat="45.60346" lon="24.73812">
        <ele>2442.38</ele>
        <time>2024-07-06T10:27:56Z</time>
      </trkpt>
      <trkpt lat="45.60346" lon="24.73812">
        <ele>2442.38</ele>
        <time>2024-07-06T10:28:01Z</time>
      </trkpt>
      <trkpt lat="45.60346" lon="24.73812">
        <ele>2442.38</ele>
        <time>2024-07-06T10:28:04Z</time>
      </trkpt>
      <trkpt lat="45.60346" lon="24.73812">
        <ele>2442.38</ele>
        <time>2024-07-06T10:28:11Z</time>
      </trkpt>
      <trkpt lat="45.60346" lon="24.73811">
        <ele>2442.5</ele>
        <time>2024-07-06T10:28:19Z</time>
      </trkpt>
      <trkpt lat="45.60346" lon="24.73811">
        <ele>2442.5</ele>
        <time>2024-07-06T10:28:21Z</time>
      </trkpt>
      <trkpt lat="45.60346" lon="24.73811">
        <ele>2442.5</ele>
        <time>2024-07-06T10:28:39Z</time>
      </trkpt>
      <trkpt lat="45.60346" lon="24.7381">
        <ele>2442.63</ele>
        <time>2024-07-06T10:28:52Z</time>
      </trkpt>
      <trkpt lat="45.60346" lon="24.7381">
        <ele>2442.63</ele>
        <time>2024-07-06T10:28:56Z</time>
      </trkpt>
      <trkpt lat="45.60346" lon="24.7381">
        <ele>2442.63</ele>
        <time>2024-07-06T10:29:01Z</time>
      </trkpt>
      <trkpt lat="45.60346" lon="24.73809">
        <ele>2442.75</ele>
        <time>2024-07-06T10:29:18Z</time>
      </trkpt>
      <trkpt lat="45.60346" lon="24.73809">
        <ele>2442.75</ele>
        <time>2024-07-06T10:29:20Z</time>
      </trkpt>
      <trkpt lat="45.60346" lon="24.73809">
        <ele>2442.75</ele>
        <time>2024-07-06T10:29:26Z</time>
      </trkpt>
      <trkpt lat="45.60346" lon="24.73809">
        <ele>2442.75</ele>
        <time>2024-07-06T10:29:29Z</time>
      </trkpt>
      <trkpt lat="45.60346" lon="24.73809">
        <ele>2442.75</ele>
        <time>2024-07-06T10:29:30Z</time>
      </trkpt>
      <trkpt lat="45.60346" lon="24.73808">
        <ele>2442.87</ele>
        <time>2024-07-06T10:29:38Z</time>
      </trkpt>
      <trkpt lat="45.60346" lon="24.73808">
        <ele>2442.87</ele>
        <time>2024-07-06T10:29:43Z</time>
      </trkpt>
      <trkpt lat="45.60346" lon="24.73808">
        <ele>2442.87</ele>
        <time>2024-07-06T10:29:46Z</time>
      </trkpt>
      <trkpt lat="45.60346" lon="24.73808">
        <ele>2442.87</ele>
        <time>2024-07-06T10:29:48Z</time>
      </trkpt>
      <trkpt lat="45.60346" lon="24.73808">
        <ele>2442.87</ele>
        <time>2024-07-06T10:29:57Z</time>
      </trkpt>
      <trkpt lat="45.60346" lon="24.73807">
        <ele>2443.0</ele>
        <time>2024-07-06T10:30:01Z</time>
      </trkpt>
      <trkpt lat="45.60344" lon="24.73801">
        <ele>2444.02</ele>
        <time>2024-07-06T10:30:04Z</time>
      </trkpt>
      <trkpt lat="45.60341" lon="24.73786">
        <ele>2446.2</ele>
        <time>2024-07-06T10:30:06Z</time>
      </trkpt>
      <trkpt lat="45.60336" lon="24.73757">
        <ele>2449.11</ele>
        <time>2024-07-06T10:30:10Z</time>
      </trkpt>
      <trkpt lat="45.60334" lon="24.73749">
        <ele>2449.53</ele>
        <time>2024-07-06T10:30:11Z</time>
      </trkpt>
      <trkpt lat="45.60333" lon="24.73742">
        <ele>2452.12</ele>
        <time>2024-07-06T10:30:12Z</time>
      </trkpt>
      <trkpt lat="45.60331" lon="24.73734">
        <ele>2454.88</ele>
        <time>2024-07-06T10:30:14Z</time>
      </trkpt>
      <trkpt lat="45.60327" lon="24.73731">
        <ele>2455.13</ele>
        <time>2024-07-06T10:30:22Z</time>
      </trkpt>
      <trkpt lat="45.60326" lon="24.73729">
        <ele>2455.59</ele>
        <time>2024-07-06T10:30:28Z</time>
      </trkpt>
      <trkpt lat="45.60325" lon="24.73728">
        <ele>2455.69</ele>
        <time>2024-07-06T10:30:30Z</time>
      </trkpt>
      <trkpt lat="45.60324" lon="24.73726">
        <ele>2456.09</ele>
        <time>2024-07-06T10:30:34Z</time>
      </trkpt>
      <trkpt lat="45.60321" lon="24.73724">
        <ele>2455.91</ele>
        <time>2024-07-06T10:30:39Z</time>
      </trkpt>
      <trkpt lat="45.60321" lon="24.73723">
        <ele>2456.21</ele>
        <time>2024-07-06T10:30:40Z</time>
      </trkpt>
      <trkpt lat="45.60318" lon="24.7372">
        <ele>2457.2</ele>
        <time>2024-07-06T10:30:44Z</time>
      </trkpt>
      <trkpt lat="45.60317" lon="24.73717">
        <ele>2459.23</ele>
        <time>2024-07-06T10:30:47Z</time>
      </trkpt>
      <trkpt lat="45.60316" lon="24.73717">
        <ele>2459.09</ele>
        <time>2024-07-06T10:30:48Z</time>
      </trkpt>
      <trkpt lat="45.60316" lon="24.73716">
        <ele>2459.88</ele>
        <time>2024-07-06T10:30:49Z</time>
      </trkpt>
      <trkpt lat="45.60316" lon="24.73714">
        <ele>2461.44</ele>
        <time>2024-07-06T10:30:52Z</time>
      </trkpt>
      <trkpt lat="45.60316" lon="24.73714">
        <ele>2461.44</ele>
        <time>2024-07-06T10:30:56Z</time>
      </trkpt>
      <trkpt lat="45.60314" lon="24.73713">
        <ele>2462.17</ele>
        <time>2024-07-06T10:31:00Z</time>
      </trkpt>
      <trkpt lat="45.60313" lon="24.73711">
        <ele>2463.88</ele>
        <time>2024-07-06T10:31:03Z</time>
      </trkpt>
      <trkpt lat="45.60312" lon="24.73708">
        <ele>2466.6</ele>
        <time>2024-07-06T10:31:08Z</time>
      </trkpt>
      <trkpt lat="45.60311" lon="24.73706">
        <ele>2468.57</ele>
        <time>2024-07-06T10:31:12Z</time>
      </trkpt>
      <trkpt lat="45.60309" lon="24.73704">
        <ele>2470.88</ele>
        <time>2024-07-06T10:31:16Z</time>
      </trkpt>
      <trkpt lat="45.60308" lon="24.73702">
        <ele>2473.13</ele>
        <time>2024-07-06T10:31:19Z</time>
      </trkpt>
      <trkpt lat="45.60307" lon="24.73701">
        <ele>2474.46</ele>
        <time>2024-07-06T10:31:21Z</time>
      </trkpt>
      <trkpt lat="45.60305" lon="24.73699">
        <ele>2477.0</ele>
        <time>2024-07-06T10:31:24Z</time>
      </trkpt>
      <trkpt lat="45.60305" lon="24.73699">
        <ele>2477.0</ele>
        <time>2024-07-06T10:31:25Z</time>
      </trkpt>
      <trkpt lat="45.60304" lon="24.73697">
        <ele>2478.99</ele>
        <time>2024-07-06T10:31:28Z</time>
      </trkpt>
      <trkpt lat="45.60303" lon="24.73697">
        <ele>2478.82</ele>
        <time>2024-07-06T10:31:29Z</time>
      </trkpt>
      <trkpt lat="45.60303" lon="24.73696">
        <ele>2479.89</ele>
        <time>2024-07-06T10:31:30Z</time>
      </trkpt>
      <trkpt lat="45.60302" lon="24.73694">
        <ele>2481.39</ele>
        <time>2024-07-06T10:31:34Z</time>
      </trkpt>
      <trkpt lat="45.60299" lon="24.73692">
        <ele>2481.09</ele>
        <time>2024-07-06T10:31:42Z</time>
      </trkpt>
      <trkpt lat="45.60298" lon="24.73692">
        <ele>2480.94</ele>
        <time>2024-07-06T10:31:46Z</time>
      </trkpt>
      <trkpt lat="45.60297" lon="24.73691">
        <ele>2480.93</ele>
        <time>2024-07-06T10:31:48Z</time>
      </trkpt>
      <trkpt lat="45.60296" lon="24.73691">
        <ele>2480.79</ele>
        <time>2024-07-06T10:31:50Z</time>
      </trkpt>
      <trkpt lat="45.60294" lon="24.73689">
        <ele>2480.85</ele>
        <time>2024-07-06T10:31:55Z</time>
      </trkpt>
      <trkpt lat="45.60293" lon="24.73688">
        <ele>2480.92</ele>
        <time>2024-07-06T10:31:58Z</time>
      </trkpt>
      <trkpt lat="45.60292" lon="24.73687">
        <ele>2481.01</ele>
        <time>2024-07-06T10:32:00Z</time>
      </trkpt>
      <trkpt lat="45.60291" lon="24.73686">
        <ele>2481.12</ele>
        <time>2024-07-06T10:32:03Z</time>
      </trkpt>
      <trkpt lat="45.60291" lon="24.73685">
        <ele>2481.32</ele>
        <time>2024-07-06T10:32:06Z</time>
      </trkpt>
      <trkpt lat="45.6029" lon="24.73684">
        <ele>2481.47</ele>
        <time>2024-07-06T10:32:09Z</time>
      </trkpt>
      <trkpt lat="45.6029" lon="24.73683">
        <ele>2481.69</ele>
        <time>2024-07-06T10:32:10Z</time>
      </trkpt>
      <trkpt lat="45.60289" lon="24.73681">
        <ele>2482.1</ele>
        <time>2024-07-06T10:32:17Z</time>
      </trkpt>
      <trkpt lat="45.60289" lon="24.7368">
        <ele>2482.33</ele>
        <time>2024-07-06T10:32:18Z</time>
      </trkpt>
      <trkpt lat="45.60287" lon="24.73678">
        <ele>2482.81</ele>
        <time>2024-07-06T10:32:25Z</time>
      </trkpt>
      <trkpt lat="45.60287" lon="24.73677">
        <ele>2483.06</ele>
        <time>2024-07-06T10:32:29Z</time>
      </trkpt>
      <trkpt lat="45.60287" lon="24.73677">
        <ele>2483.06</ele>
        <time>2024-07-06T10:32:39Z</time>
      </trkpt>
      <trkpt lat="45.60288" lon="24.73676">
        <ele>2483.28</ele>
        <time>2024-07-06T10:32:45Z</time>
      </trkpt>
      <trkpt lat="45.60288" lon="24.73675">
        <ele>2483.52</ele>
        <time>2024-07-06T10:32:49Z</time>
      </trkpt>
      <trkpt lat="45.60287" lon="24.73674">
        <ele>2483.82</ele>
        <time>2024-07-06T10:32:52Z</time>
      </trkpt>
      <trkpt lat="45.60287" lon="24.73673">
        <ele>2484.07</ele>
        <time>2024-07-06T10:32:53Z</time>
      </trkpt>
      <trkpt lat="45.60287" lon="24.73672">
        <ele>2484.33</ele>
        <time>2024-07-06T10:32:56Z</time>
      </trkpt>
      <trkpt lat="45.60287" lon="24.7367">
        <ele>2484.83</ele>
        <time>2024-07-06T10:33:05Z</time>
      </trkpt>
      <trkpt lat="45.60286" lon="24.7367">
        <ele>2484.94</ele>
        <time>2024-07-06T10:33:17Z</time>
      </trkpt>
      <trkpt lat="45.60286" lon="24.73669">
        <ele>2485.2</ele>
        <time>2024-07-06T10:33:23Z</time>
      </trkpt>
      <trkpt lat="45.60284" lon="24.73667">
        <ele>2486.01</ele>
        <time>2024-07-06T10:33:28Z</time>
      </trkpt>
      <trkpt lat="45.60283" lon="24.73665">
        <ele>2486.64</ele>
        <time>2024-07-06T10:33:33Z</time>
      </trkpt>
      <trkpt lat="45.60282" lon="24.73663">
        <ele>2487.24</ele>
        <time>2024-07-06T10:33:39Z</time>
      </trkpt>
      <trkpt lat="45.6028" lon="24.73659">
        <ele>2488.4</ele>
        <time>2024-07-06T10:33:46Z</time>
      </trkpt>
      <trkpt lat="45.60278" lon="24.73655">
        <ele>2489.5</ele>
        <time>2024-07-06T10:33:51Z</time>
      </trkpt>
      <trkpt lat="45.60277" lon="24.73654">
        <ele>2489.66</ele>
        <time>2024-07-06T10:33:55Z</time>
      </trkpt>
      <trkpt lat="45.60276" lon="24.73651">
        <ele>2490.24</ele>
        <time>2024-07-06T10:34:02Z</time>
      </trkpt>
      <trkpt lat="45.60276" lon="24.7365">
        <ele>2490.47</ele>
        <time>2024-07-06T10:34:05Z</time>
      </trkpt>
      <trkpt lat="45.60276" lon="24.73647">
        <ele>2491.15</ele>
        <time>2024-07-06T10:34:11Z</time>
      </trkpt>
      <trkpt lat="45.60275" lon="24.73645">
        <ele>2491.57</ele>
        <time>2024-07-06T10:34:16Z</time>
      </trkpt>
      <trkpt lat="45.60273" lon="24.73643">
        <ele>2491.98</ele>
        <time>2024-07-06T10:34:22Z</time>
      </trkpt>
      <trkpt lat="45.60269" lon="24.73638">
        <ele>2493.06</ele>
        <time>2024-07-06T10:34:33Z</time>
      </trkpt>
      <trkpt lat="45.60267" lon="24.73636">
        <ele>2493.13</ele>
        <time>2024-07-06T10:34:38Z</time>
      </trkpt>
      <trkpt lat="45.60266" lon="24.73635">
        <ele>2493.14</ele>
        <time>2024-07-06T10:34:42Z</time>
      </trkpt>
      <trkpt lat="45.60266" lon="24.73634">
        <ele>2493.18</ele>
        <time>2024-07-06T10:34:44Z</time>
      </trkpt>
      <trkpt lat="45.60264" lon="24.73632">
        <ele>2493.13</ele>
        <time>2024-07-06T10:34:49Z</time>
      </trkpt>
      <trkpt lat="45.60262" lon="24.73629">
        <ele>2493.01</ele>
        <time>2024-07-06T10:34:56Z</time>
      </trkpt>
      <trkpt lat="45.60261" lon="24.73628">
        <ele>2492.91</ele>
        <time>2024-07-06T10:35:02Z</time>
      </trkpt>
      <trkpt lat="45.6026" lon="24.73627">
        <ele>2492.79</ele>
        <time>2024-07-06T10:35:06Z</time>
      </trkpt>
      <trkpt lat="45.60259" lon="24.73624">
        <ele>2492.61</ele>
        <time>2024-07-06T10:35:12Z</time>
      </trkpt>
      <trkpt lat="45.60256" lon="24.7362">
        <ele>2491.99</ele>
        <time>2024-07-06T10:35:24Z</time>
      </trkpt>
      <trkpt lat="45.60254" lon="24.73618">
        <ele>2491.5</ele>
        <time>2024-07-06T10:35:28Z</time>
      </trkpt>
      <trkpt lat="45.60242" lon="24.73611">
        <ele>2488.25</ele>
        <time>2024-07-06T10:35:51Z</time>
      </trkpt>
      <trkpt lat="45.60241" lon="24.7361">
        <ele>2487.89</ele>
        <time>2024-07-06T10:35:52Z</time>
      </trkpt>
      <trkpt lat="45.60237" lon="24.73608">
        <ele>2486.83</ele>
        <time>2024-07-06T10:35:55Z</time>
      </trkpt>
      <trkpt lat="45.60237" lon="24.73609">
        <ele>2486.95</ele>
        <time>2024-07-06T10:35:58Z</time>
      </trkpt>
      <trkpt lat="45.60237" lon="24.73609">
        <ele>2486.95</ele>
        <time>2024-07-06T10:36:02Z</time>
      </trkpt>
      <trkpt lat="45.60236" lon="24.73608">
        <ele>2486.64</ele>
        <time>2024-07-06T10:36:09Z</time>
      </trkpt>
      <trkpt lat="45.60234" lon="24.73607">
        <ele>2486.17</ele>
        <time>2024-07-06T10:36:11Z</time>
      </trkpt>
      <trkpt lat="45.60229" lon="24.73604">
        <ele>2485.09</ele>
        <time>2024-07-06T10:36:16Z</time>
      </trkpt>
      <trkpt lat="45.60227" lon="24.73602">
        <ele>2484.69</ele>
        <time>2024-07-06T10:36:19Z</time>
      </trkpt>
      <trkpt lat="45.60227" lon="24.73602">
        <ele>2484.69</ele>
        <time>2024-07-06T10:36:20Z</time>
      </trkpt>
      <trkpt lat="45.60227" lon="24.73602">
        <ele>2484.69</ele>
        <time>2024-07-06T10:36:26Z</time>
      </trkpt>
      <trkpt lat="45.60223" lon="24.73602">
        <ele>2484.11</ele>
        <time>2024-07-06T10:36:35Z</time>
      </trkpt>
      <trkpt lat="45.60215" lon="24.73601">
        <ele>2481.97</ele>
        <time>2024-07-06T10:36:43Z</time>
      </trkpt>
      <trkpt lat="45.60214" lon="24.73599">
        <ele>2481.58</ele>
        <time>2024-07-06T10:36:49Z</time>
      </trkpt>
      <trkpt lat="45.60213" lon="24.73599">
        <ele>2481.28</ele>
        <time>2024-07-06T10:37:02Z</time>
      </trkpt>
      <trkpt lat="45.60213" lon="24.73599">
        <ele>2481.28</ele>
        <time>2024-07-06T10:37:07Z</time>
      </trkpt>
      <trkpt lat="45.60208" lon="24.73597">
        <ele>2479.63</ele>
        <time>2024-07-06T10:37:11Z</time>
      </trkpt>
      <trkpt lat="45.60204" lon="24.73595">
        <ele>2478.16</ele>
        <time>2024-07-06T10:37:15Z</time>
      </trkpt>
      <trkpt lat="45.60202" lon="24.73595">
        <ele>2477.52</ele>
        <time>2024-07-06T10:37:19Z</time>
      </trkpt>
      <trkpt lat="45.602" lon="24.73594">
        <ele>2476.74</ele>
        <time>2024-07-06T10:37:23Z</time>
      </trkpt>
      <trkpt lat="45.602" lon="24.73594">
        <ele>2476.74</ele>
        <time>2024-07-06T10:37:26Z</time>
      </trkpt>
      <trkpt lat="45.602" lon="24.73594">
        <ele>2476.74</ele>
        <time>2024-07-06T10:37:37Z</time>
      </trkpt>
      <trkpt lat="45.602" lon="24.73594">
        <ele>2476.74</ele>
        <time>2024-07-06T10:37:44Z</time>
      </trkpt>
      <trkpt lat="45.602" lon="24.73594">
        <ele>2476.74</ele>
        <time>2024-07-06T10:37:46Z</time>
      </trkpt>
      <trkpt lat="45.60201" lon="24.73594">
        <ele>2477.06</ele>
        <time>2024-07-06T10:37:47Z</time>
      </trkpt>
      <trkpt lat="45.60205" lon="24.73597">
        <ele>2478.71</ele>
        <time>2024-07-06T10:37:50Z</time>
      </trkpt>
      <trkpt lat="45.60209" lon="24.73599">
        <ele>2480.11</ele>
        <time>2024-07-06T10:37:52Z</time>
      </trkpt>
      <trkpt lat="45.60217" lon="24.73602">
        <ele>2482.56</ele>
        <time>2024-07-06T10:37:58Z</time>
      </trkpt>
      <trkpt lat="45.60221" lon="24.73604">
        <ele>2483.68</ele>
        <time>2024-07-06T10:38:02Z</time>
      </trkpt>
      <trkpt lat="45.60222" lon="24.73604">
        <ele>2483.94</ele>
        <time>2024-07-06T10:38:03Z</time>
      </trkpt>
      <trkpt lat="45.60228" lon="24.73602">
        <ele>2484.84</ele>
        <time>2024-07-06T10:38:12Z</time>
      </trkpt>
      <trkpt lat="45.60231" lon="24.73603">
        <ele>2485.34</ele>
        <time>2024-07-06T10:38:17Z</time>
      </trkpt>
      <trkpt lat="45.60233" lon="24.73604">
        <ele>2485.73</ele>
        <time>2024-07-06T10:38:20Z</time>
      </trkpt>
      <trkpt lat="45.60238" lon="24.73605">
        <ele>2486.66</ele>
        <time>2024-07-06T10:38:29Z</time>
      </trkpt>
      <trkpt lat="45.60239" lon="24.73605">
        <ele>2486.83</ele>
        <time>2024-07-06T10:38:31Z</time>
      </trkpt>
      <trkpt lat="45.60243" lon="24.73607">
        <ele>2487.82</ele>
        <time>2024-07-06T10:38:39Z</time>
      </trkpt>
      <trkpt lat="45.60246" lon="24.73609">
        <ele>2488.75</ele>
        <time>2024-07-06T10:38:44Z</time>
      </trkpt>
      <trkpt lat="45.6025" lon="24.7361">
        <ele>2489.76</ele>
        <time>2024-07-06T10:38:49Z</time>
      </trkpt>
      <trkpt lat="45.60255" lon="24.7361">
        <ele>2490.99</ele>
        <time>2024-07-06T10:38:56Z</time>
      </trkpt>
      <trkpt lat="45.6026" lon="24.73608">
        <ele>2491.69</ele>
        <time>2024-07-06T10:39:02Z</time>
      </trkpt>
      <trkpt lat="45.60262" lon="24.73609">
        <ele>2492.44</ele>
        <time>2024-07-06T10:39:06Z</time>
      </trkpt>
      <trkpt lat="45.60265" lon="24.73609">
        <ele>2493.16</ele>
        <time>2024-07-06T10:39:12Z</time>
      </trkpt>
      <trkpt lat="45.60265" lon="24.73609">
        <ele>2493.16</ele>
        <time>2024-07-06T10:39:13Z</time>
      </trkpt>
      <trkpt lat="45.60266" lon="24.73609">
        <ele>2493.4</ele>
        <time>2024-07-06T10:39:15Z</time>
      </trkpt>
      <trkpt lat="45.60266" lon="24.73608">
        <ele>2493.1</ele>
        <time>2024-07-06T10:39:18Z</time>
      </trkpt>
      <trkpt lat="45.60266" lon="24.73608">
        <ele>2493.1</ele>
        <time>2024-07-06T10:39:21Z</time>
      </trkpt>
      <trkpt lat="45.60267" lon="24.73607">
        <ele>2493.03</ele>
        <time>2024-07-06T10:39:24Z</time>
      </trkpt>
      <trkpt lat="45.60267" lon="24.73606">
        <ele>2492.73</ele>
        <time>2024-07-06T10:39:28Z</time>
      </trkpt>
      <trkpt lat="45.60267" lon="24.73606">
        <ele>2492.73</ele>
        <time>2024-07-06T10:39:29Z</time>
      </trkpt>
      <trkpt lat="45.60267" lon="24.73606">
        <ele>2492.73</ele>
        <time>2024-07-06T10:39:33Z</time>
      </trkpt>
      <trkpt lat="45.60269" lon="24.73606">
        <ele>2493.18</ele>
        <time>2024-07-06T10:39:41Z</time>
      </trkpt>
      <trkpt lat="45.6027" lon="24.73606">
        <ele>2493.41</ele>
        <time>2024-07-06T10:39:42Z</time>
      </trkpt>
      <trkpt lat="45.60271" lon="24.73606">
        <ele>2493.63</ele>
        <time>2024-07-06T10:39:43Z</time>
      </trkpt>
      <trkpt lat="45.60273" lon="24.73606">
        <ele>2494.08</ele>
        <time>2024-07-06T10:39:45Z</time>
      </trkpt>
      <trkpt lat="45.60277" lon="24.73607">
        <ele>2495.34</ele>
        <time>2024-07-06T10:39:48Z</time>
      </trkpt>
      <trkpt lat="45.60279" lon="24.73607">
        <ele>2495.14</ele>
        <time>2024-07-06T10:39:50Z</time>
      </trkpt>
      <trkpt lat="45.60279" lon="24.73607">
        <ele>2495.14</ele>
        <time>2024-07-06T10:39:51Z</time>
      </trkpt>
      <trkpt lat="45.60279" lon="24.73607">
        <ele>2495.14</ele>
        <time>2024-07-06T10:39:52Z</time>
      </trkpt>
      <trkpt lat="45.6028" lon="24.73608">
        <ele>2495.19</ele>
        <time>2024-07-06T10:39:54Z</time>
      </trkpt>
      <trkpt lat="45.60281" lon="24.73608">
        <ele>2494.87</ele>
        <time>2024-07-06T10:39:55Z</time>
      </trkpt>
      <trkpt lat="45.60283" lon="24.73609">
        <ele>2494.59</ele>
        <time>2024-07-06T10:39:58Z</time>
      </trkpt>
      <trkpt lat="45.60284" lon="24.7361">
        <ele>2494.61</ele>
        <time>2024-07-06T10:40:00Z</time>
      </trkpt>
      <trkpt lat="45.60285" lon="24.7361">
        <ele>2494.29</ele>
        <time>2024-07-06T10:40:03Z</time>
      </trkpt>
      <trkpt lat="45.60285" lon="24.7361">
        <ele>2494.29</ele>
        <time>2024-07-06T10:40:06Z</time>
      </trkpt>
      <trkpt lat="45.60285" lon="24.7361">
        <ele>2494.29</ele>
        <time>2024-07-06T10:40:08Z</time>
      </trkpt>
      <trkpt lat="45.60286" lon="24.73611">
        <ele>2494.3</ele>
        <time>2024-07-06T10:40:14Z</time>
      </trkpt>
      <trkpt lat="45.60286" lon="24.7361">
        <ele>2493.97</ele>
        <time>2024-07-06T10:40:18Z</time>
      </trkpt>
      <trkpt lat="45.60286" lon="24.7361">
        <ele>2493.97</ele>
        <time>2024-07-06T10:40:31Z</time>
      </trkpt>
      <trkpt lat="45.60286" lon="24.7361">
        <ele>2493.97</ele>
        <time>2024-07-06T10:40:33Z</time>
      </trkpt>
      <trkpt lat="45.60287" lon="24.7361">
        <ele>2493.65</ele>
        <time>2024-07-06T10:40:40Z</time>
      </trkpt>
      <trkpt lat="45.60287" lon="24.7361">
        <ele>2493.65</ele>
        <time>2024-07-06T10:40:45Z</time>
      </trkpt>
      <trkpt lat="45.60287" lon="24.7361">
        <ele>2493.65</ele>
        <time>2024-07-06T10:40:53Z</time>
      </trkpt>
      <trkpt lat="45.60288" lon="24.73609">
        <ele>2493.01</ele>
        <time>2024-07-06T10:41:12Z</time>
      </trkpt>
      <trkpt lat="45.60288" lon="24.73609">
        <ele>2493.01</ele>
        <time>2024-07-06T10:41:15Z</time>
      </trkpt>
      <trkpt lat="45.60288" lon="24.73609">
        <ele>2493.01</ele>
        <time>2024-07-06T10:41:19Z</time>
      </trkpt>
      <trkpt lat="45.60288" lon="24.73609">
        <ele>2493.01</ele>
        <time>2024-07-06T10:41:21Z</time>
      </trkpt>
      <trkpt lat="45.60286" lon="24.73609">
        <ele>2493.64</ele>
        <time>2024-07-06T10:41:42Z</time>
      </trkpt>
      <trkpt lat="45.60286" lon="24.73609">
        <ele>2493.64</ele>
        <time>2024-07-06T10:41:50Z</time>
      </trkpt>
      <trkpt lat="45.60286" lon="24.73609">
        <ele>2493.64</ele>
        <time>2024-07-06T10:41:57Z</time>
      </trkpt>
      <trkpt lat="45.60285" lon="24.73609">
        <ele>2493.96</ele>
        <time>2024-07-06T10:42:12Z</time>
      </trkpt>
      <trkpt lat="45.60285" lon="24.73609">
        <ele>2493.96</ele>
        <time>2024-07-06T10:42:26Z</time>
      </trkpt>
      <trkpt lat="45.60285" lon="24.73609">
        <ele>2493.96</ele>
        <time>2024-07-06T10:42:28Z</time>
      </trkpt>
      <trkpt lat="45.60285" lon="24.73609">
        <ele>2493.96</ele>
        <time>2024-07-06T10:42:34Z</time>
      </trkpt>
      <trkpt lat="45.60285" lon="24.73609">
        <ele>2493.96</ele>
        <time>2024-07-06T10:42:58Z</time>
      </trkpt>
      <trkpt lat="45.60284" lon="24.73609">
        <ele>2494.28</ele>
        <time>2024-07-06T10:43:05Z</time>
      </trkpt>
      <trkpt lat="45.60284" lon="24.7361">
        <ele>2494.61</ele>
        <time>2024-07-06T10:43:06Z</time>
      </trkpt>
      <trkpt lat="45.60284" lon="24.7361">
        <ele>2494.61</ele>
        <time>2024-07-06T10:43:07Z</time>
      </trkpt>
      <trkpt lat="45.60283" lon="24.7361">
        <ele>2494.93</ele>
        <time>2024-07-06T10:43:09Z</time>
      </trkpt>
      <trkpt lat="45.60283" lon="24.7361">
        <ele>2494.93</ele>
        <time>2024-07-06T10:43:12Z</time>
      </trkpt>
      <trkpt lat="45.60283" lon="24.7361">
        <ele>2494.93</ele>
        <time>2024-07-06T10:43:14Z</time>
      </trkpt>
      <trkpt lat="45.60283" lon="24.7361">
        <ele>2494.93</ele>
        <time>2024-07-06T10:43:16Z</time>
      </trkpt>
      <trkpt lat="45.60282" lon="24.7361">
        <ele>2495.25</ele>
        <time>2024-07-06T10:43:35Z</time>
      </trkpt>
      <trkpt lat="45.60282" lon="24.7361">
        <ele>2495.25</ele>
        <time>2024-07-06T10:43:52Z</time>
      </trkpt>
      <trkpt lat="45.60283" lon="24.73609">
        <ele>2494.59</ele>
        <time>2024-07-06T10:44:36Z</time>
      </trkpt>
      <trkpt lat="45.60283" lon="24.73609">
        <ele>2494.59</ele>
        <time>2024-07-06T10:44:40Z</time>
      </trkpt>
      <trkpt lat="45.60283" lon="24.73609">
        <ele>2494.59</ele>
        <time>2024-07-06T10:44:59Z</time>
      </trkpt>
      <trkpt lat="45.60283" lon="24.73609">
        <ele>2494.59</ele>
        <time>2024-07-06T10:45:23Z</time>
      </trkpt>
      <trkpt lat="45.60283" lon="24.73609">
        <ele>2494.59</ele>
        <time>2024-07-06T10:45:32Z</time>
      </trkpt>
      <trkpt lat="45.60283" lon="24.73609">
        <ele>2494.59</ele>
        <time>2024-07-06T10:45:45Z</time>
      </trkpt>
      <trkpt lat="45.60283" lon="24.73609">
        <ele>2494.59</ele>
        <time>2024-07-06T10:45:49Z</time>
      </trkpt>
      <trkpt lat="45.60283" lon="24.73609">
        <ele>2494.59</ele>
        <time>2024-07-06T10:46:11Z</time>
      </trkpt>
      <trkpt lat="45.60283" lon="24.73609">
        <ele>2494.59</ele>
        <time>2024-07-06T10:46:35Z</time>
      </trkpt>
      <trkpt lat="45.60283" lon="24.73609">
        <ele>2494.59</ele>
        <time>2024-07-06T10:47:09Z</time>
      </trkpt>
      <trkpt lat="45.60283" lon="24.73609">
        <ele>2494.59</ele>
        <time>2024-07-06T10:47:21Z</time>
      </trkpt>
      <trkpt lat="45.60283" lon="24.73609">
        <ele>2494.59</ele>
        <time>2024-07-06T10:47:22Z</time>
      </trkpt>
      <trkpt lat="45.60283" lon="24.73609">
        <ele>2494.59</ele>
        <time>2024-07-06T10:47:25Z</time>
      </trkpt>
      <trkpt lat="45.60274" lon="24.73607">
        <ele>2494.65</ele>
        <time>2024-07-06T10:47:31Z</time>
      </trkpt>
      <trkpt lat="45.60268" lon="24.73606">
        <ele>2492.96</ele>
        <time>2024-07-06T10:47:38Z</time>
      </trkpt>
      <trkpt lat="45.60267" lon="24.73605">
        <ele>2492.43</ele>
        <time>2024-07-06T10:47:43Z</time>
      </trkpt>
      <trkpt lat="45.60267" lon="24.73605">
        <ele>2492.43</ele>
        <time>2024-07-06T10:47:46Z</time>
      </trkpt>
      <trkpt lat="45.60267" lon="24.73605">
        <ele>2492.43</ele>
        <time>2024-07-06T10:48:02Z</time>
      </trkpt>
      <trkpt lat="45.60264" lon="24.73607">
        <ele>2492.34</ele>
        <time>2024-07-06T10:48:13Z</time>
      </trkpt>
      <trkpt lat="45.60263" lon="24.73607">
        <ele>2492.11</ele>
        <time>2024-07-06T10:48:17Z</time>
      </trkpt>
      <trkpt lat="45.60254" lon="24.73607">
        <ele>2490.03</ele>
        <time>2024-07-06T10:48:25Z</time>
      </trkpt>
      <trkpt lat="45.6025" lon="24.73607">
        <ele>2489.11</ele>
        <time>2024-07-06T10:48:28Z</time>
      </trkpt>
      <trkpt lat="45.60247" lon="24.73607">
        <ele>2488.56</ele>
        <time>2024-07-06T10:48:31Z</time>
      </trkpt>
      <trkpt lat="45.60243" lon="24.73605">
        <ele>2487.5</ele>
        <time>2024-07-06T10:48:38Z</time>
      </trkpt>
      <trkpt lat="45.60242" lon="24.73605">
        <ele>2487.33</ele>
        <time>2024-07-06T10:48:39Z</time>
      </trkpt>
      <trkpt lat="45.60238" lon="24.73604">
        <ele>2486.54</ele>
        <time>2024-07-06T10:48:46Z</time>
      </trkpt>
      <trkpt lat="45.60237" lon="24.73604">
        <ele>2486.37</ele>
        <time>2024-07-06T10:48:47Z</time>
      </trkpt>
      <trkpt lat="45.60237" lon="24.73603">
        <ele>2486.26</ele>
        <time>2024-07-06T10:48:48Z</time>
      </trkpt>
      <trkpt lat="45.60233" lon="24.73604">
        <ele>2485.73</ele>
        <time>2024-07-06T10:48:54Z</time>
      </trkpt>
      <trkpt lat="45.60229" lon="24.73601">
        <ele>2484.93</ele>
        <time>2024-07-06T10:49:01Z</time>
      </trkpt>
      <trkpt lat="45.60226" lon="24.736">
        <ele>2484.49</ele>
        <time>2024-07-06T10:49:09Z</time>
      </trkpt>
      <trkpt lat="45.60226" lon="24.736">
        <ele>2484.49</ele>
        <time>2024-07-06T10:49:11Z</time>
      </trkpt>
      <trkpt lat="45.60224" lon="24.73602">
        <ele>2484.26</ele>
        <time>2024-07-06T10:49:15Z</time>
      </trkpt>
      <trkpt lat="45.60217" lon="24.73601">
        <ele>2482.53</ele>
        <time>2024-07-06T10:49:22Z</time>
      </trkpt>
      <trkpt lat="45.60211" lon="24.73601">
        <ele>2480.84</ele>
        <time>2024-07-06T10:49:28Z</time>
      </trkpt>
      <trkpt lat="45.60208" lon="24.73598">
        <ele>2479.72</ele>
        <time>2024-07-06T10:49:32Z</time>
      </trkpt>
      <trkpt lat="45.60205" lon="24.73595">
        <ele>2478.48</ele>
        <time>2024-07-06T10:49:37Z</time>
      </trkpt>
      <trkpt lat="45.60203" lon="24.73594">
        <ele>2477.72</ele>
        <time>2024-07-06T10:49:41Z</time>
      </trkpt>
      <trkpt lat="45.60202" lon="24.73594">
        <ele>2477.39</ele>
        <time>2024-07-06T10:49:43Z</time>
      </trkpt>
      <trkpt lat="45.602" lon="24.73592">
        <ele>2476.45</ele>
        <time>2024-07-06T10:49:46Z</time>
      </trkpt>
      <trkpt lat="45.60198" lon="24.73592">
        <ele>2475.77</ele>
        <time>2024-07-06T10:49:50Z</time>
      </trkpt>
      <trkpt lat="45.60198" lon="24.73591">
        <ele>2475.61</ele>
        <time>2024-07-06T10:49:53Z</time>
      </trkpt>
      <trkpt lat="45.60197" lon="24.73591">
        <ele>2475.27</ele>
        <time>2024-07-06T10:50:06Z</time>
      </trkpt>
      <trkpt lat="45.60197" lon="24.73591">
        <ele>2475.27</ele>
        <time>2024-07-06T10:50:14Z</time>
      </trkpt>
      <trkpt lat="45.60195" lon="24.73592">
        <ele>2474.75</ele>
        <time>2024-07-06T10:50:23Z</time>
      </trkpt>
      <trkpt lat="45.60193" lon="24.73592">
        <ele>2473.51</ele>
        <time>2024-07-06T10:50:32Z</time>
      </trkpt>
      <trkpt lat="45.60193" lon="24.73592">
        <ele>2473.51</ele>
        <time>2024-07-06T10:50:33Z</time>
      </trkpt>
      <trkpt lat="45.60193" lon="24.73589">
        <ele>2472.99</ele>
        <time>2024-07-06T10:50:45Z</time>
      </trkpt>
      <trkpt lat="45.60191" lon="24.73588">
        <ele>2471.4</ele>
        <time>2024-07-06T10:50:52Z</time>
      </trkpt>
      <trkpt lat="45.6019" lon="24.73587">
        <ele>2470.54</ele>
        <time>2024-07-06T10:51:02Z</time>
      </trkpt>
      <trkpt lat="45.60189" lon="24.73587">
        <ele>2469.83</ele>
        <time>2024-07-06T10:51:08Z</time>
      </trkpt>
      <trkpt lat="45.60189" lon="24.73587">
        <ele>2469.83</ele>
        <time>2024-07-06T10:51:11Z</time>
      </trkpt>
      <trkpt lat="45.60187" lon="24.73587">
        <ele>2468.43</ele>
        <time>2024-07-06T10:51:21Z</time>
      </trkpt>
      <trkpt lat="45.60185" lon="24.73587">
        <ele>2467.02</ele>
        <time>2024-07-06T10:51:32Z</time>
      </trkpt>
      <trkpt lat="45.60183" lon="24.73587">
        <ele>2465.61</ele>
        <time>2024-07-06T10:51:45Z</time>
      </trkpt>
      <trkpt lat="45.60183" lon="24.73587">
        <ele>2465.61</ele>
        <time>2024-07-06T10:51:50Z</time>
      </trkpt>
      <trkpt lat="45.60183" lon="24.73587">
        <ele>2465.61</ele>
        <time>2024-07-06T10:51:56Z</time>
      </trkpt>
      <trkpt lat="45.60183" lon="24.73586">
        <ele>2465.49</ele>
        <time>2024-07-06T10:52:07Z</time>
      </trkpt>
      <trkpt lat="45.60182" lon="24.73586">
        <ele>2464.8</ele>
        <time>2024-07-06T10:52:08Z</time>
      </trkpt>
      <trkpt lat="45.60182" lon="24.73585">
        <ele>2464.68</ele>
        <time>2024-07-06T10:52:16Z</time>
      </trkpt>
      <trkpt lat="45.6018" lon="24.73585">
        <ele>2463.3</ele>
        <time>2024-07-06T10:52:29Z</time>
      </trkpt>
      <trkpt lat="45.60179" lon="24.73585">
        <ele>2462.6</ele>
        <time>2024-07-06T10:52:42Z</time>
      </trkpt>
      <trkpt lat="45.60178" lon="24.73585">
        <ele>2461.91</ele>
        <time>2024-07-06T10:52:43Z</time>
      </trkpt>
      <trkpt lat="45.60178" lon="24.73585">
        <ele>2461.91</ele>
        <time>2024-07-06T10:52:51Z</time>
      </trkpt>
      <trkpt lat="45.60176" lon="24.73585">
        <ele>2460.52</ele>
        <time>2024-07-06T10:53:15Z</time>
      </trkpt>
      <trkpt lat="45.60175" lon="24.73585">
        <ele>2459.83</ele>
        <time>2024-07-06T10:53:34Z</time>
      </trkpt>
      <trkpt lat="45.60175" lon="24.73585">
        <ele>2459.83</ele>
        <time>2024-07-06T10:53:48Z</time>
      </trkpt>
      <trkpt lat="45.60175" lon="24.73585">
        <ele>2459.83</ele>
        <time>2024-07-06T10:53:51Z</time>
      </trkpt>
      <trkpt lat="45.60175" lon="24.73585">
        <ele>2459.83</ele>
        <time>2024-07-06T10:53:56Z</time>
      </trkpt>
      <trkpt lat="45.60175" lon="24.73585">
        <ele>2459.83</ele>
        <time>2024-07-06T10:54:01Z</time>
      </trkpt>
      <trkpt lat="45.60175" lon="24.73585">
        <ele>2459.83</ele>
        <time>2024-07-06T10:54:18Z</time>
      </trkpt>
      <trkpt lat="45.60175" lon="24.73585">
        <ele>2459.83</ele>
        <time>2024-07-06T10:54:24Z</time>
      </trkpt>
      <trkpt lat="45.60175" lon="24.73585">
        <ele>2459.83</ele>
        <time>2024-07-06T10:54:26Z</time>
      </trkpt>
      <trkpt lat="45.60174" lon="24.73585">
        <ele>2459.14</ele>
        <time>2024-07-06T10:54:33Z</time>
      </trkpt>
      <trkpt lat="45.60174" lon="24.73585">
        <ele>2459.14</ele>
        <time>2024-07-06T10:54:40Z</time>
      </trkpt>
      <trkpt lat="45.60174" lon="24.73585">
        <ele>2459.14</ele>
        <time>2024-07-06T10:54:47Z</time>
      </trkpt>
      <trkpt lat="45.60174" lon="24.73585">
        <ele>2459.14</ele>
        <time>2024-07-06T10:54:49Z</time>
      </trkpt>
      <trkpt lat="45.60174" lon="24.73585">
        <ele>2459.14</ele>
        <time>2024-07-06T10:54:51Z</time>
      </trkpt>
      <trkpt lat="45.60174" lon="24.73585">
        <ele>2459.14</ele>
        <time>2024-07-06T10:54:52Z</time>
      </trkpt>
      <trkpt lat="45.60174" lon="24.73585">
        <ele>2459.14</ele>
        <time>2024-07-06T10:54:55Z</time>
      </trkpt>
      <trkpt lat="45.60174" lon="24.73584">
        <ele>2459.07</ele>
        <time>2024-07-06T10:55:02Z</time>
      </trkpt>
      <trkpt lat="45.60173" lon="24.73584">
        <ele>2458.38</ele>
        <time>2024-07-06T10:55:19Z</time>
      </trkpt>
      <trkpt lat="45.60173" lon="24.73584">
        <ele>2458.38</ele>
        <time>2024-07-06T10:55:21Z</time>
      </trkpt>
      <trkpt lat="45.60173" lon="24.73584">
        <ele>2458.38</ele>
        <time>2024-07-06T10:55:27Z</time>
      </trkpt>
      <trkpt lat="45.60172" lon="24.73584">
        <ele>2457.69</ele>
        <time>2024-07-06T10:55:47Z</time>
      </trkpt>
      <trkpt lat="45.60172" lon="24.73584">
        <ele>2457.69</ele>
        <time>2024-07-06T10:55:54Z</time>
      </trkpt>
      <trkpt lat="45.60172" lon="24.73584">
        <ele>2457.69</ele>
        <time>2024-07-06T10:55:55Z</time>
      </trkpt>
      <trkpt lat="45.60172" lon="24.73583">
        <ele>2457.56</ele>
        <time>2024-07-06T10:56:06Z</time>
      </trkpt>
      <trkpt lat="45.60172" lon="24.73583">
        <ele>2457.56</ele>
        <time>2024-07-06T10:56:16Z</time>
      </trkpt>
      <trkpt lat="45.60171" lon="24.73583">
        <ele>2456.88</ele>
        <time>2024-07-06T10:56:27Z</time>
      </trkpt>
      <trkpt lat="45.60171" lon="24.73583">
        <ele>2456.88</ele>
        <time>2024-07-06T10:56:32Z</time>
      </trkpt>
      <trkpt lat="45.6017" lon="24.73582">
        <ele>2455.96</ele>
        <time>2024-07-06T10:56:51Z</time>
      </trkpt>
      <trkpt lat="45.6017" lon="24.73582">
        <ele>2455.96</ele>
        <time>2024-07-06T10:56:56Z</time>
      </trkpt>
      <trkpt lat="45.6017" lon="24.73582">
        <ele>2455.96</ele>
        <time>2024-07-06T10:56:57Z</time>
      </trkpt>
      <trkpt lat="45.60167" lon="24.7358">
        <ele>2453.5</ele>
        <time>2024-07-06T10:57:00Z</time>
      </trkpt>
      <trkpt lat="45.60155" lon="24.73573">
        <ele>2449.82</ele>
        <time>2024-07-06T10:57:03Z</time>
      </trkpt>
      <trkpt lat="45.60138" lon="24.73561">
        <ele>2445.22</ele>
        <time>2024-07-06T10:57:07Z</time>
      </trkpt>
      <trkpt lat="45.6013" lon="24.73555">
        <ele>2446.46</ele>
        <time>2024-07-06T10:57:09Z</time>
      </trkpt>
      <trkpt lat="45.60127" lon="24.73551">
        <ele>2446.56</ele>
        <time>2024-07-06T10:57:16Z</time>
      </trkpt>
      <trkpt lat="45.60126" lon="24.73551">
        <ele>2446.83</ele>
        <time>2024-07-06T10:57:17Z</time>
      </trkpt>
      <trkpt lat="45.60123" lon="24.73553">
        <ele>2448.05</ele>
        <time>2024-07-06T10:57:23Z</time>
      </trkpt>
      <trkpt lat="45.60123" lon="24.73554">
        <ele>2448.26</ele>
        <time>2024-07-06T10:57:24Z</time>
      </trkpt>
      <trkpt lat="45.60122" lon="24.73555">
        <ele>2448.75</ele>
        <time>2024-07-06T10:57:28Z</time>
      </trkpt>
      <trkpt lat="45.60121" lon="24.73556">
        <ele>2449.21</ele>
        <time>2024-07-06T10:57:32Z</time>
      </trkpt>
      <trkpt lat="45.60121" lon="24.73558">
        <ele>2449.48</ele>
        <time>2024-07-06T10:57:34Z</time>
      </trkpt>
      <trkpt lat="45.60121" lon="24.73558">
        <ele>2449.48</ele>
        <time>2024-07-06T10:57:35Z</time>
      </trkpt>
      <trkpt lat="45.60119" lon="24.73559">
        <ele>2450.17</ele>
        <time>2024-07-06T10:57:40Z</time>
      </trkpt>
      <trkpt lat="45.60119" lon="24.73559">
        <ele>2450.17</ele>
        <time>2024-07-06T10:57:41Z</time>
      </trkpt>
      <trkpt lat="45.60118" lon="24.73558">
        <ele>2450.32</ele>
        <time>2024-07-06T10:57:51Z</time>
      </trkpt>
      <trkpt lat="45.60116" lon="24.73558">
        <ele>2450.89</ele>
        <time>2024-07-06T10:57:53Z</time>
      </trkpt>
      <trkpt lat="45.6011" lon="24.73558">
        <ele>2452.53</ele>
        <time>2024-07-06T10:57:57Z</time>
      </trkpt>
      <trkpt lat="45.60109" lon="24.73558">
        <ele>2452.78</ele>
        <time>2024-07-06T10:57:58Z</time>
      </trkpt>
      <trkpt lat="45.60105" lon="24.73559">
        <ele>2453.83</ele>
        <time>2024-07-06T10:58:06Z</time>
      </trkpt>
      <trkpt lat="45.60102" lon="24.73558">
        <ele>2454.47</ele>
        <time>2024-07-06T10:58:14Z</time>
      </trkpt>
      <trkpt lat="45.601" lon="24.73559">
        <ele>2455.02</ele>
        <time>2024-07-06T10:58:18Z</time>
      </trkpt>
      <trkpt lat="45.60099" lon="24.7356">
        <ele>2455.32</ele>
        <time>2024-07-06T10:58:23Z</time>
      </trkpt>
      <trkpt lat="45.60098" lon="24.73561">
        <ele>2455.61</ele>
        <time>2024-07-06T10:58:27Z</time>
      </trkpt>
      <trkpt lat="45.60098" lon="24.73561">
        <ele>2455.61</ele>
        <time>2024-07-06T10:58:32Z</time>
      </trkpt>
      <trkpt lat="45.60098" lon="24.73561">
        <ele>2455.61</ele>
        <time>2024-07-06T10:58:44Z</time>
      </trkpt>
      <trkpt lat="45.60096" lon="24.73561">
        <ele>2456.08</ele>
        <time>2024-07-06T10:58:53Z</time>
      </trkpt>
      <trkpt lat="45.60096" lon="24.73561">
        <ele>2456.08</ele>
        <time>2024-07-06T10:58:54Z</time>
      </trkpt>
      <trkpt lat="45.60095" lon="24.73561">
        <ele>2456.31</ele>
        <time>2024-07-06T10:58:57Z</time>
      </trkpt>
      <trkpt lat="45.60094" lon="24.73561">
        <ele>2456.54</ele>
        <time>2024-07-06T10:58:59Z</time>
      </trkpt>
      <trkpt lat="45.60093" lon="24.73561">
        <ele>2456.77</ele>
        <time>2024-07-06T10:59:03Z</time>
      </trkpt>
      <trkpt lat="45.60091" lon="24.73563">
        <ele>2457.29</ele>
        <time>2024-07-06T10:59:08Z</time>
      </trkpt>
      <trkpt lat="45.60082" lon="24.73565">
        <ele>2459.08</ele>
        <time>2024-07-06T10:59:35Z</time>
      </trkpt>
      <trkpt lat="45.60082" lon="24.73565">
        <ele>2459.08</ele>
        <time>2024-07-06T10:59:47Z</time>
      </trkpt>
      <trkpt lat="45.60082" lon="24.73565">
        <ele>2459.08</ele>
        <time>2024-07-06T11:00:01Z</time>
      </trkpt>
      <trkpt lat="45.60077" lon="24.73571">
        <ele>2459.48</ele>
        <time>2024-07-06T11:00:12Z</time>
      </trkpt>
      <trkpt lat="45.60074" lon="24.73576">
        <ele>2459.83</ele>
        <time>2024-07-06T11:00:16Z</time>
      </trkpt>
      <trkpt lat="45.60073" lon="24.7358">
        <ele>2460.03</ele>
        <time>2024-07-06T11:00:19Z</time>
      </trkpt>
      <trkpt lat="45.6007" lon="24.7358">
        <ele>2460.32</ele>
        <time>2024-07-06T11:00:25Z</time>
      </trkpt>
      <trkpt lat="45.6007" lon="24.7358">
        <ele>2460.32</ele>
        <time>2024-07-06T11:00:29Z</time>
      </trkpt>
      <trkpt lat="45.60068" lon="24.73582">
        <ele>2460.6</ele>
        <time>2024-07-06T11:00:34Z</time>
      </trkpt>
      <trkpt lat="45.60065" lon="24.73584">
        <ele>2460.88</ele>
        <time>2024-07-06T11:00:39Z</time>
      </trkpt>
      <trkpt lat="45.60064" lon="24.73585">
        <ele>2460.82</ele>
        <time>2024-07-06T11:00:41Z</time>
      </trkpt>
      <trkpt lat="45.60063" lon="24.73586">
        <ele>2460.77</ele>
        <time>2024-07-06T11:00:45Z</time>
      </trkpt>
      <trkpt lat="45.60063" lon="24.73586">
        <ele>2460.77</ele>
        <time>2024-07-06T11:00:46Z</time>
      </trkpt>
      <trkpt lat="45.60062" lon="24.73585">
        <ele>2461.03</ele>
        <time>2024-07-06T11:00:48Z</time>
      </trkpt>
      <trkpt lat="45.60061" lon="24.73585">
        <ele>2461.14</ele>
        <time>2024-07-06T11:00:54Z</time>
      </trkpt>
      <trkpt lat="45.60059" lon="24.73586">
        <ele>2461.17</ele>
        <time>2024-07-06T11:01:01Z</time>
      </trkpt>
      <trkpt lat="45.60058" lon="24.73585">
        <ele>2461.45</ele>
        <time>2024-07-06T11:01:03Z</time>
      </trkpt>
      <trkpt lat="45.60057" lon="24.73585">
        <ele>2461.55</ele>
        <time>2024-07-06T11:01:07Z</time>
      </trkpt>
      <trkpt lat="45.60056" lon="24.73584">
        <ele>2461.83</ele>
        <time>2024-07-06T11:01:10Z</time>
      </trkpt>
      <trkpt lat="45.60057" lon="24.73584">
        <ele>2461.73</ele>
        <time>2024-07-06T11:01:15Z</time>
      </trkpt>
      <trkpt lat="45.60057" lon="24.73584">
        <ele>2461.73</ele>
        <time>2024-07-06T11:01:21Z</time>
      </trkpt>
      <trkpt lat="45.60057" lon="24.73584">
        <ele>2461.73</ele>
        <time>2024-07-06T11:01:30Z</time>
      </trkpt>
      <trkpt lat="45.60057" lon="24.73584">
        <ele>2461.73</ele>
        <time>2024-07-06T11:01:36Z</time>
      </trkpt>
      <trkpt lat="45.60055" lon="24.73584">
        <ele>2461.98</ele>
        <time>2024-07-06T11:01:47Z</time>
      </trkpt>
      <trkpt lat="45.60046" lon="24.73584">
        <ele>2463.62</ele>
        <time>2024-07-06T11:01:58Z</time>
      </trkpt>
      <trkpt lat="45.60043" lon="24.73584">
        <ele>2464.17</ele>
        <time>2024-07-06T11:02:00Z</time>
      </trkpt>
      <trkpt lat="45.60037" lon="24.73586">
        <ele>2465.05</ele>
        <time>2024-07-06T11:02:04Z</time>
      </trkpt>
      <trkpt lat="45.60036" lon="24.73587">
        <ele>2465.14</ele>
        <time>2024-07-06T11:02:06Z</time>
      </trkpt>
      <trkpt lat="45.60035" lon="24.73588">
        <ele>2465.23</ele>
        <time>2024-07-06T11:02:08Z</time>
      </trkpt>
      <trkpt lat="45.60034" lon="24.73588">
        <ele>2465.43</ele>
        <time>2024-07-06T11:02:09Z</time>
      </trkpt>
      <trkpt lat="45.60033" lon="24.73589">
        <ele>2465.54</ele>
        <time>2024-07-06T11:02:11Z</time>
      </trkpt>
      <trkpt lat="45.60031" lon="24.7359">
        <ele>2465.86</ele>
        <time>2024-07-06T11:02:17Z</time>
      </trkpt>
      <trkpt lat="45.6003" lon="24.7359">
        <ele>2466.06</ele>
        <time>2024-07-06T11:02:18Z</time>
      </trkpt>
      <trkpt lat="45.60029" lon="24.7359">
        <ele>2466.27</ele>
        <time>2024-07-06T11:02:22Z</time>
      </trkpt>
      <trkpt lat="45.60027" lon="24.7359">
        <ele>2467.06</ele>
        <time>2024-07-06T11:02:24Z</time>
      </trkpt>
      <trkpt lat="45.60026" lon="24.73589">
        <ele>2467.8</ele>
        <time>2024-07-06T11:02:26Z</time>
      </trkpt>
      <trkpt lat="45.60023" lon="24.73591">
        <ele>2469.8</ele>
        <time>2024-07-06T11:02:31Z</time>
      </trkpt>
      <trkpt lat="45.60017" lon="24.73594">
        <ele>2474.17</ele>
        <time>2024-07-06T11:02:42Z</time>
      </trkpt>
      <trkpt lat="45.60013" lon="24.73596">
        <ele>2477.32</ele>
        <time>2024-07-06T11:02:48Z</time>
      </trkpt>
      <trkpt lat="45.60011" lon="24.73598">
        <ele>2479.08</ele>
        <time>2024-07-06T11:02:51Z</time>
      </trkpt>
      <trkpt lat="45.60005" lon="24.73601">
        <ele>2484.36</ele>
        <time>2024-07-06T11:03:00Z</time>
      </trkpt>
      <trkpt lat="45.59998" lon="24.73599">
        <ele>2488.97</ele>
        <time>2024-07-06T11:03:07Z</time>
      </trkpt>
      <trkpt lat="45.59995" lon="24.73599">
        <ele>2490.51</ele>
        <time>2024-07-06T11:03:13Z</time>
      </trkpt>
      <trkpt lat="45.59994" lon="24.73602">
        <ele>2491.88</ele>
        <time>2024-07-06T11:03:19Z</time>
      </trkpt>
      <trkpt lat="45.59991" lon="24.73604">
        <ele>2494.06</ele>
        <time>2024-07-06T11:03:25Z</time>
      </trkpt>
      <trkpt lat="45.5999" lon="24.73605">
        <ele>2494.9</ele>
        <time>2024-07-06T11:03:28Z</time>
      </trkpt>
      <trkpt lat="45.59989" lon="24.73606">
        <ele>2495.76</ele>
        <time>2024-07-06T11:03:33Z</time>
      </trkpt>
      <trkpt lat="45.59988" lon="24.73606">
        <ele>2496.31</ele>
        <time>2024-07-06T11:03:35Z</time>
      </trkpt>
      <trkpt lat="45.59986" lon="24.73606">
        <ele>2497.41</ele>
        <time>2024-07-06T11:03:39Z</time>
      </trkpt>
      <trkpt lat="45.59985" lon="24.73607">
        <ele>2498.28</ele>
        <time>2024-07-06T11:03:41Z</time>
      </trkpt>
      <trkpt lat="45.59984" lon="24.73608">
        <ele>2499.17</ele>
        <time>2024-07-06T11:03:44Z</time>
      </trkpt>
      <trkpt lat="45.59983" lon="24.7361">
        <ele>2500.41</ele>
        <time>2024-07-06T11:03:48Z</time>
      </trkpt>
      <trkpt lat="45.59982" lon="24.7361">
        <ele>2500.98</ele>
        <time>2024-07-06T11:03:49Z</time>
      </trkpt>
      <trkpt lat="45.59982" lon="24.7361">
        <ele>2500.98</ele>
        <time>2024-07-06T11:03:50Z</time>
      </trkpt>
      <trkpt lat="45.59979" lon="24.73609">
        <ele>2502.33</ele>
        <time>2024-07-06T11:03:55Z</time>
      </trkpt>
      <trkpt lat="45.59979" lon="24.7361">
        <ele>2502.7</ele>
        <time>2024-07-06T11:03:57Z</time>
      </trkpt>
      <trkpt lat="45.59977" lon="24.73609">
        <ele>2503.46</ele>
        <time>2024-07-06T11:04:00Z</time>
      </trkpt>
      <trkpt lat="45.59977" lon="24.73609">
        <ele>2503.46</ele>
        <time>2024-07-06T11:04:02Z</time>
      </trkpt>
      <trkpt lat="45.59977" lon="24.73609">
        <ele>2503.46</ele>
        <time>2024-07-06T11:04:03Z</time>
      </trkpt>
      <trkpt lat="45.59976" lon="24.73609">
        <ele>2504.03</ele>
        <time>2024-07-06T11:04:06Z</time>
      </trkpt>
      <trkpt lat="45.59976" lon="24.73609">
        <ele>2504.03</ele>
        <time>2024-07-06T11:04:09Z</time>
      </trkpt>
      <trkpt lat="45.59976" lon="24.73609">
        <ele>2504.03</ele>
        <time>2024-07-06T11:04:31Z</time>
      </trkpt>
      <trkpt lat="45.59976" lon="24.73609">
        <ele>2504.03</ele>
        <time>2024-07-06T11:04:38Z</time>
      </trkpt>
      <trkpt lat="45.59976" lon="24.73609">
        <ele>2504.03</ele>
        <time>2024-07-06T11:04:48Z</time>
      </trkpt>
      <trkpt lat="45.59976" lon="24.73609">
        <ele>2504.03</ele>
        <time>2024-07-06T11:04:51Z</time>
      </trkpt>
      <trkpt lat="45.59974" lon="24.7361">
        <ele>2505.55</ele>
        <time>2024-07-06T11:05:20Z</time>
      </trkpt>
      <trkpt lat="45.59974" lon="24.7361">
        <ele>2505.55</ele>
        <time>2024-07-06T11:05:29Z</time>
      </trkpt>
      <trkpt lat="45.59974" lon="24.7361">
        <ele>2505.55</ele>
        <time>2024-07-06T11:05:35Z</time>
      </trkpt>
      <trkpt lat="45.59973" lon="24.7361">
        <ele>2506.12</ele>
        <time>2024-07-06T11:05:40Z</time>
      </trkpt>
      <trkpt lat="45.59973" lon="24.7361">
        <ele>2506.12</ele>
        <time>2024-07-06T11:05:44Z</time>
      </trkpt>
      <trkpt lat="45.59973" lon="24.7361">
        <ele>2506.12</ele>
        <time>2024-07-06T11:05:48Z</time>
      </trkpt>
      <trkpt lat="45.59973" lon="24.73611">
        <ele>2506.51</ele>
        <time>2024-07-06T11:05:53Z</time>
      </trkpt>
      <trkpt lat="45.59973" lon="24.73611">
        <ele>2506.51</ele>
        <time>2024-07-06T11:05:58Z</time>
      </trkpt>
      <trkpt lat="45.59973" lon="24.73611">
        <ele>2506.51</ele>
        <time>2024-07-06T11:06:07Z</time>
      </trkpt>
      <trkpt lat="45.59972" lon="24.73611">
        <ele>2507.04</ele>
        <time>2024-07-06T11:06:15Z</time>
      </trkpt>
      <trkpt lat="45.59972" lon="24.7361">
        <ele>2506.65</ele>
        <time>2024-07-06T11:06:44Z</time>
      </trkpt>
      <trkpt lat="45.59972" lon="24.7361">
        <ele>2506.65</ele>
        <time>2024-07-06T11:06:46Z</time>
      </trkpt>
      <trkpt lat="45.59972" lon="24.7361">
        <ele>2506.65</ele>
        <time>2024-07-06T11:06:54Z</time>
      </trkpt>
      <trkpt lat="45.59972" lon="24.7361">
        <ele>2506.65</ele>
        <time>2024-07-06T11:07:10Z</time>
      </trkpt>
      <trkpt lat="45.59972" lon="24.7361">
        <ele>2506.65</ele>
        <time>2024-07-06T11:07:33Z</time>
      </trkpt>
      <trkpt lat="45.59972" lon="24.7361">
        <ele>2506.65</ele>
        <time>2024-07-06T11:07:41Z</time>
      </trkpt>
      <trkpt lat="45.59972" lon="24.7361">
        <ele>2506.65</ele>
        <time>2024-07-06T11:07:50Z</time>
      </trkpt>
      <trkpt lat="45.59972" lon="24.7361">
        <ele>2506.65</ele>
        <time>2024-07-06T11:08:14Z</time>
      </trkpt>
      <trkpt lat="45.59972" lon="24.7361">
        <ele>2506.65</ele>
        <time>2024-07-06T11:08:23Z</time>
      </trkpt>
      <trkpt lat="45.59972" lon="24.7361">
        <ele>2506.65</ele>
        <time>2024-07-06T11:08:26Z</time>
      </trkpt>
      <trkpt lat="45.59972" lon="24.7361">
        <ele>2506.65</ele>
        <time>2024-07-06T11:08:43Z</time>
      </trkpt>
      <trkpt lat="45.59972" lon="24.7361">
        <ele>2506.65</ele>
        <time>2024-07-06T11:08:52Z</time>
      </trkpt>
      <trkpt lat="45.59971" lon="24.7361">
        <ele>2507.05</ele>
        <time>2024-07-06T11:08:56Z</time>
      </trkpt>
      <trkpt lat="45.59971" lon="24.7361">
        <ele>2507.05</ele>
        <time>2024-07-06T11:09:14Z</time>
      </trkpt>
      <trkpt lat="45.59971" lon="24.7361">
        <ele>2507.05</ele>
        <time>2024-07-06T11:09:35Z</time>
      </trkpt>
      <trkpt lat="45.59971" lon="24.7361">
        <ele>2507.05</ele>
        <time>2024-07-06T11:09:45Z</time>
      </trkpt>
      <trkpt lat="45.59971" lon="24.7361">
        <ele>2507.05</ele>
        <time>2024-07-06T11:10:00Z</time>
      </trkpt>
      <trkpt lat="45.59971" lon="24.7361">
        <ele>2507.05</ele>
        <time>2024-07-06T11:10:15Z</time>
      </trkpt>
      <trkpt lat="45.59967" lon="24.73605">
        <ele>2506.77</ele>
        <time>2024-07-06T11:10:44Z</time>
      </trkpt>
      <trkpt lat="45.59964" lon="24.73605">
        <ele>2508.03</ele>
        <time>2024-07-06T11:10:48Z</time>
      </trkpt>
      <trkpt lat="45.59966" lon="24.73607">
        <ele>2507.94</ele>
        <time>2024-07-06T11:10:53Z</time>
      </trkpt>
      <trkpt lat="45.59967" lon="24.73609">
        <ele>2508.27</ele>
        <time>2024-07-06T11:10:57Z</time>
      </trkpt>
      <trkpt lat="45.59967" lon="24.73609">
        <ele>2508.27</ele>
        <time>2024-07-06T11:11:08Z</time>
      </trkpt>
      <trkpt lat="45.59971" lon="24.73611">
        <ele>2507.44</ele>
        <time>2024-07-06T11:11:13Z</time>
      </trkpt>
      <trkpt lat="45.59972" lon="24.7361">
        <ele>2506.65</ele>
        <time>2024-07-06T11:11:18Z</time>
      </trkpt>
      <trkpt lat="45.59968" lon="24.73609">
        <ele>2507.87</ele>
        <time>2024-07-06T11:11:23Z</time>
      </trkpt>
      <trkpt lat="45.59969" lon="24.73609">
        <ele>2507.47</ele>
        <time>2024-07-06T11:11:27Z</time>
      </trkpt>
      <trkpt lat="45.59966" lon="24.7361">
        <ele>2509.05</ele>
        <time>2024-07-06T11:11:31Z</time>
      </trkpt>
      <trkpt lat="45.59968" lon="24.7361">
        <ele>2508.25</ele>
        <time>2024-07-06T11:11:36Z</time>
      </trkpt>
      <trkpt lat="45.59968" lon="24.7361">
        <ele>2508.25</ele>
        <time>2024-07-06T11:11:40Z</time>
      </trkpt>
      <trkpt lat="45.59967" lon="24.7361">
        <ele>2508.65</ele>
        <time>2024-07-06T11:11:49Z</time>
      </trkpt>
      <trkpt lat="45.59964" lon="24.73611">
        <ele>2510.22</ele>
        <time>2024-07-06T11:11:56Z</time>
      </trkpt>
      <trkpt lat="45.59965" lon="24.7361">
        <ele>2509.45</ele>
        <time>2024-07-06T11:12:04Z</time>
      </trkpt>
      <trkpt lat="45.59965" lon="24.73609">
        <ele>2509.08</ele>
        <time>2024-07-06T11:12:10Z</time>
      </trkpt>
      <trkpt lat="45.59965" lon="24.73608">
        <ele>2508.72</ele>
        <time>2024-07-06T11:12:21Z</time>
      </trkpt>
      <trkpt lat="45.59963" lon="24.7361">
        <ele>2510.25</ele>
        <time>2024-07-06T11:12:53Z</time>
      </trkpt>
      <trkpt lat="45.59963" lon="24.73611">
        <ele>2510.61</ele>
        <time>2024-07-06T11:13:10Z</time>
      </trkpt>
      <trkpt lat="45.59963" lon="24.7361">
        <ele>2510.25</ele>
        <time>2024-07-06T11:13:14Z</time>
      </trkpt>
      <trkpt lat="45.59963" lon="24.7361">
        <ele>2510.25</ele>
        <time>2024-07-06T11:13:28Z</time>
      </trkpt>
      <trkpt lat="45.59963" lon="24.7361">
        <ele>2510.25</ele>
        <time>2024-07-06T11:13:35Z</time>
      </trkpt>
      <trkpt lat="45.59963" lon="24.73609">
        <ele>2509.89</ele>
        <time>2024-07-06T11:13:43Z</time>
      </trkpt>
      <trkpt lat="45.59961" lon="24.73609">
        <ele>2510.7</ele>
        <time>2024-07-06T11:14:00Z</time>
      </trkpt>
      <trkpt lat="45.59958" lon="24.73608">
        <ele>2511.57</ele>
        <time>2024-07-06T11:14:21Z</time>
      </trkpt>
      <trkpt lat="45.59958" lon="24.73608">
        <ele>2511.57</ele>
        <time>2024-07-06T11:14:28Z</time>
      </trkpt>
      <trkpt lat="45.5996" lon="24.73608">
        <ele>2510.76</ele>
        <time>2024-07-06T11:14:37Z</time>
      </trkpt>
      <trkpt lat="45.59962" lon="24.73609">
        <ele>2510.3</ele>
        <time>2024-07-06T11:14:42Z</time>
      </trkpt>
      <trkpt lat="45.59963" lon="24.7361">
        <ele>2510.25</ele>
        <time>2024-07-06T11:14:50Z</time>
      </trkpt>
      <trkpt lat="45.59963" lon="24.7361">
        <ele>2510.25</ele>
        <time>2024-07-06T11:14:52Z</time>
      </trkpt>
      <trkpt lat="45.59964" lon="24.7361">
        <ele>2509.85</ele>
        <time>2024-07-06T11:14:55Z</time>
      </trkpt>
      <trkpt lat="45.59964" lon="24.7361">
        <ele>2509.85</ele>
        <time>2024-07-06T11:14:59Z</time>
      </trkpt>
      <trkpt lat="45.59964" lon="24.73608">
        <ele>2509.12</ele>
        <time>2024-07-06T11:15:09Z</time>
      </trkpt>
      <trkpt lat="45.59964" lon="24.73608">
        <ele>2509.12</ele>
        <time>2024-07-06T11:15:12Z</time>
      </trkpt>
      <trkpt lat="45.59964" lon="24.73607">
        <ele>2508.76</ele>
        <time>2024-07-06T11:15:21Z</time>
      </trkpt>
      <trkpt lat="45.59964" lon="24.73607">
        <ele>2508.76</ele>
        <time>2024-07-06T11:15:24Z</time>
      </trkpt>
      <trkpt lat="45.59964" lon="24.73607">
        <ele>2508.76</ele>
        <time>2024-07-06T11:15:47Z</time>
      </trkpt>
      <trkpt lat="45.59964" lon="24.73607">
        <ele>2508.76</ele>
        <time>2024-07-06T11:15:51Z</time>
      </trkpt>
      <trkpt lat="45.59964" lon="24.73607">
        <ele>2508.76</ele>
        <time>2024-07-06T11:16:02Z</time>
      </trkpt>
      <trkpt lat="45.59964" lon="24.73607">
        <ele>2508.76</ele>
        <time>2024-07-06T11:16:26Z</time>
      </trkpt>
      <trkpt lat="45.59964" lon="24.73607">
        <ele>2508.76</ele>
        <time>2024-07-06T11:16:40Z</time>
      </trkpt>
      <trkpt lat="45.59964" lon="24.73608">
        <ele>2509.12</ele>
        <time>2024-07-06T11:17:08Z</time>
      </trkpt>
      <trkpt lat="45.59964" lon="24.73608">
        <ele>2509.12</ele>
        <time>2024-07-06T11:17:11Z</time>
      </trkpt>
      <trkpt lat="45.59964" lon="24.73608">
        <ele>2509.12</ele>
        <time>2024-07-06T11:17:17Z</time>
      </trkpt>
      <trkpt lat="45.59964" lon="24.73608">
        <ele>2509.12</ele>
        <time>2024-07-06T11:17:20Z</time>
      </trkpt>
      <trkpt lat="45.59964" lon="24.73608">
        <ele>2509.12</ele>
        <time>2024-07-06T11:18:02Z</time>
      </trkpt>
      <trkpt lat="45.59964" lon="24.73608">
        <ele>2509.12</ele>
        <time>2024-07-06T11:18:15Z</time>
      </trkpt>
      <trkpt lat="45.59963" lon="24.73608">
        <ele>2509.53</ele>
        <time>2024-07-06T11:18:23Z</time>
      </trkpt>
      <trkpt lat="45.59963" lon="24.73608">
        <ele>2509.53</ele>
        <time>2024-07-06T11:18:30Z</time>
      </trkpt>
      <trkpt lat="45.59963" lon="24.73608">
        <ele>2509.53</ele>
        <time>2024-07-06T11:18:42Z</time>
      </trkpt>
      <trkpt lat="45.59963" lon="24.73608">
        <ele>2509.53</ele>
        <time>2024-07-06T11:18:43Z</time>
      </trkpt>
      <trkpt lat="45.59963" lon="24.73608">
        <ele>2509.53</ele>
        <time>2024-07-06T11:18:58Z</time>
      </trkpt>
      <trkpt lat="45.59963" lon="24.73608">
        <ele>2509.53</ele>
        <time>2024-07-06T11:19:02Z</time>
      </trkpt>
      <trkpt lat="45.59963" lon="24.73609">
        <ele>2509.89</ele>
        <time>2024-07-06T11:19:10Z</time>
      </trkpt>
      <trkpt lat="45.59963" lon="24.73609">
        <ele>2509.89</ele>
        <time>2024-07-06T11:19:16Z</time>
      </trkpt>
      <trkpt lat="45.59963" lon="24.73609">
        <ele>2509.89</ele>
        <time>2024-07-06T11:19:33Z</time>
      </trkpt>
      <trkpt lat="45.59963" lon="24.73609">
        <ele>2509.89</ele>
        <time>2024-07-06T11:19:35Z</time>
      </trkpt>
      <trkpt lat="45.59963" lon="24.73609">
        <ele>2509.89</ele>
        <time>2024-07-06T11:19:36Z</time>
      </trkpt>
      <trkpt lat="45.59963" lon="24.73609">
        <ele>2509.89</ele>
        <time>2024-07-06T11:19:38Z</time>
      </trkpt>
      <trkpt lat="45.59963" lon="24.73609">
        <ele>2509.89</ele>
        <time>2024-07-06T11:19:43Z</time>
      </trkpt>
      <trkpt lat="45.59963" lon="24.73609">
        <ele>2509.89</ele>
        <time>2024-07-06T11:19:58Z</time>
      </trkpt>
      <trkpt lat="45.59963" lon="24.73609">
        <ele>2509.89</ele>
        <time>2024-07-06T11:20:01Z</time>
      </trkpt>
      <trkpt lat="45.59963" lon="24.73609">
        <ele>2509.89</ele>
        <time>2024-07-06T11:20:12Z</time>
      </trkpt>
      <trkpt lat="45.59962" lon="24.73609">
        <ele>2510.3</ele>
        <time>2024-07-06T11:20:36Z</time>
      </trkpt>
      <trkpt lat="45.59962" lon="24.73609">
        <ele>2510.3</ele>
        <time>2024-07-06T11:20:56Z</time>
      </trkpt>
      <trkpt lat="45.59962" lon="24.73609">
        <ele>2510.3</ele>
        <time>2024-07-06T11:21:04Z</time>
      </trkpt>
      <trkpt lat="45.59962" lon="24.73609">
        <ele>2510.3</ele>
        <time>2024-07-06T11:21:07Z</time>
      </trkpt>
      <trkpt lat="45.59962" lon="24.73609">
        <ele>2510.3</ele>
        <time>2024-07-06T11:21:12Z</time>
      </trkpt>
      <trkpt lat="45.59962" lon="24.73609">
        <ele>2510.3</ele>
        <time>2024-07-06T11:21:35Z</time>
      </trkpt>
      <trkpt lat="45.59962" lon="24.73609">
        <ele>2510.3</ele>
        <time>2024-07-06T11:21:40Z</time>
      </trkpt>
      <trkpt lat="45.59962" lon="24.73609">
        <ele>2510.3</ele>
        <time>2024-07-06T11:22:00Z</time>
      </trkpt>
      <trkpt lat="45.59962" lon="24.73609">
        <ele>2510.3</ele>
        <time>2024-07-06T11:22:04Z</time>
      </trkpt>
      <trkpt lat="45.59961" lon="24.73609">
        <ele>2510.7</ele>
        <time>2024-07-06T11:22:30Z</time>
      </trkpt>
      <trkpt lat="45.59961" lon="24.7361">
        <ele>2511.05</ele>
        <time>2024-07-06T11:22:45Z</time>
      </trkpt>
      <trkpt lat="45.59961" lon="24.7361">
        <ele>2511.05</ele>
        <time>2024-07-06T11:22:57Z</time>
      </trkpt>
      <trkpt lat="45.59961" lon="24.7361">
        <ele>2511.05</ele>
        <time>2024-07-06T11:23:35Z</time>
      </trkpt>
      <trkpt lat="45.59961" lon="24.7361">
        <ele>2511.05</ele>
        <time>2024-07-06T11:24:08Z</time>
      </trkpt>
      <trkpt lat="45.59961" lon="24.7361">
        <ele>2511.05</ele>
        <time>2024-07-06T11:24:11Z</time>
      </trkpt>
      <trkpt lat="45.59961" lon="24.7361">
        <ele>2511.05</ele>
        <time>2024-07-06T11:24:17Z</time>
      </trkpt>
      <trkpt lat="45.59961" lon="24.7361">
        <ele>2511.05</ele>
        <time>2024-07-06T11:24:27Z</time>
      </trkpt>
      <trkpt lat="45.59961" lon="24.7361">
        <ele>2511.05</ele>
        <time>2024-07-06T11:24:39Z</time>
      </trkpt>
      <trkpt lat="45.5996" lon="24.7361">
        <ele>2511.45</ele>
        <time>2024-07-06T11:24:49Z</time>
      </trkpt>
      <trkpt lat="45.5996" lon="24.7361">
        <ele>2511.45</ele>
        <time>2024-07-06T11:25:09Z</time>
      </trkpt>
      <trkpt lat="45.5996" lon="24.7361">
        <ele>2511.45</ele>
        <time>2024-07-06T11:25:18Z</time>
      </trkpt>
      <trkpt lat="45.5996" lon="24.7361">
        <ele>2511.45</ele>
        <time>2024-07-06T11:25:22Z</time>
      </trkpt>
      <trkpt lat="45.5996" lon="24.7361">
        <ele>2511.45</ele>
        <time>2024-07-06T11:26:01Z</time>
      </trkpt>
      <trkpt lat="45.5996" lon="24.7361">
        <ele>2511.45</ele>
        <time>2024-07-06T11:26:10Z</time>
      </trkpt>
      <trkpt lat="45.5996" lon="24.7361">
        <ele>2511.45</ele>
        <time>2024-07-06T11:26:16Z</time>
      </trkpt>
      <trkpt lat="45.5996" lon="24.7361">
        <ele>2511.45</ele>
        <time>2024-07-06T11:26:42Z</time>
      </trkpt>
      <trkpt lat="45.5996" lon="24.7361">
        <ele>2511.45</ele>
        <time>2024-07-06T11:26:51Z</time>
      </trkpt>
      <trkpt lat="45.5996" lon="24.7361">
        <ele>2511.45</ele>
        <time>2024-07-06T11:27:00Z</time>
      </trkpt>
      <trkpt lat="45.5996" lon="24.7361">
        <ele>2511.45</ele>
        <time>2024-07-06T11:27:04Z</time>
      </trkpt>
      <trkpt lat="45.5996" lon="24.7361">
        <ele>2511.45</ele>
        <time>2024-07-06T11:27:18Z</time>
      </trkpt>
      <trkpt lat="45.5996" lon="24.7361">
        <ele>2511.45</ele>
        <time>2024-07-06T11:27:29Z</time>
      </trkpt>
      <trkpt lat="45.5996" lon="24.7361">
        <ele>2511.45</ele>
        <time>2024-07-06T11:27:32Z</time>
      </trkpt>
      <trkpt lat="45.5996" lon="24.7361">
        <ele>2511.45</ele>
        <time>2024-07-06T11:27:52Z</time>
      </trkpt>
      <trkpt lat="45.5996" lon="24.7361">
        <ele>2511.45</ele>
        <time>2024-07-06T11:27:55Z</time>
      </trkpt>
      <trkpt lat="45.5996" lon="24.7361">
        <ele>2511.45</ele>
        <time>2024-07-06T11:28:01Z</time>
      </trkpt>
      <trkpt lat="45.5996" lon="24.7361">
        <ele>2511.45</ele>
        <time>2024-07-06T11:28:09Z</time>
      </trkpt>
      <trkpt lat="45.5996" lon="24.7361">
        <ele>2511.45</ele>
        <time>2024-07-06T11:28:44Z</time>
      </trkpt>
      <trkpt lat="45.59959" lon="24.7361">
        <ele>2511.85</ele>
        <time>2024-07-06T11:28:57Z</time>
      </trkpt>
      <trkpt lat="45.59959" lon="24.7361">
        <ele>2511.85</ele>
        <time>2024-07-06T11:29:05Z</time>
      </trkpt>
      <trkpt lat="45.59959" lon="24.7361">
        <ele>2511.85</ele>
        <time>2024-07-06T11:29:06Z</time>
      </trkpt>
      <trkpt lat="45.59959" lon="24.7361">
        <ele>2511.85</ele>
        <time>2024-07-06T11:29:24Z</time>
      </trkpt>
      <trkpt lat="45.59959" lon="24.7361">
        <ele>2511.85</ele>
        <time>2024-07-06T11:29:34Z</time>
      </trkpt>
      <trkpt lat="45.59959" lon="24.7361">
        <ele>2511.85</ele>
        <time>2024-07-06T11:29:54Z</time>
      </trkpt>
      <trkpt lat="45.59959" lon="24.7361">
        <ele>2511.85</ele>
        <time>2024-07-06T11:30:50Z</time>
      </trkpt>
      <trkpt lat="45.59959" lon="24.7361">
        <ele>2511.85</ele>
        <time>2024-07-06T11:31:17Z</time>
      </trkpt>
      <trkpt lat="45.59959" lon="24.7361">
        <ele>2511.85</ele>
        <time>2024-07-06T11:31:33Z</time>
      </trkpt>
      <trkpt lat="45.59959" lon="24.7361">
        <ele>2511.85</ele>
        <time>2024-07-06T11:31:38Z</time>
      </trkpt>
      <trkpt lat="45.59959" lon="24.7361">
        <ele>2511.85</ele>
        <time>2024-07-06T11:31:50Z</time>
      </trkpt>
      <trkpt lat="45.59959" lon="24.73609">
        <ele>2511.51</ele>
        <time>2024-07-06T11:31:56Z</time>
      </trkpt>
      <trkpt lat="45.59959" lon="24.73609">
        <ele>2511.51</ele>
        <time>2024-07-06T11:32:14Z</time>
      </trkpt>
      <trkpt lat="45.59959" lon="24.73609">
        <ele>2511.51</ele>
        <time>2024-07-06T11:32:26Z</time>
      </trkpt>
      <trkpt lat="45.59959" lon="24.73609">
        <ele>2511.51</ele>
        <time>2024-07-06T11:32:30Z</time>
      </trkpt>
      <trkpt lat="45.59959" lon="24.73609">
        <ele>2511.51</ele>
        <time>2024-07-06T11:32:43Z</time>
      </trkpt>
      <trkpt lat="45.59959" lon="24.73609">
        <ele>2511.51</ele>
        <time>2024-07-06T11:33:07Z</time>
      </trkpt>
      <trkpt lat="45.59959" lon="24.73609">
        <ele>2511.51</ele>
        <time>2024-07-06T11:34:11Z</time>
      </trkpt>
      <trkpt lat="45.59959" lon="24.73609">
        <ele>2511.51</ele>
        <time>2024-07-06T11:34:57Z</time>
      </trkpt>
      <trkpt lat="45.59959" lon="24.73609">
        <ele>2511.51</ele>
        <time>2024-07-06T11:35:13Z</time>
      </trkpt>
      <trkpt lat="45.59959" lon="24.73609">
        <ele>2511.51</ele>
        <time>2024-07-06T11:35:21Z</time>
      </trkpt>
      <trkpt lat="45.59959" lon="24.73609">
        <ele>2511.51</ele>
        <time>2024-07-06T11:35:36Z</time>
      </trkpt>
      <trkpt lat="45.59959" lon="24.73609">
        <ele>2511.51</ele>
        <time>2024-07-06T11:35:53Z</time>
      </trkpt>
      <trkpt lat="45.59959" lon="24.73609">
        <ele>2511.51</ele>
        <time>2024-07-06T11:36:00Z</time>
      </trkpt>
      <trkpt lat="45.59959" lon="24.73609">
        <ele>2511.51</ele>
        <time>2024-07-06T11:36:10Z</time>
      </trkpt>
      <trkpt lat="45.59959" lon="24.73609">
        <ele>2511.51</ele>
        <time>2024-07-06T11:36:24Z</time>
      </trkpt>
      <trkpt lat="45.59959" lon="24.73609">
        <ele>2511.51</ele>
        <time>2024-07-06T11:36:32Z</time>
      </trkpt>
      <trkpt lat="45.59959" lon="24.73609">
        <ele>2511.51</ele>
        <time>2024-07-06T11:36:44Z</time>
      </trkpt>
      <trkpt lat="45.59959" lon="24.73609">
        <ele>2511.51</ele>
        <time>2024-07-06T11:36:47Z</time>
      </trkpt>
      <trkpt lat="45.59959" lon="24.73609">
        <ele>2511.51</ele>
        <time>2024-07-06T11:37:00Z</time>
      </trkpt>
      <trkpt lat="45.59959" lon="24.73609">
        <ele>2511.51</ele>
        <time>2024-07-06T11:37:10Z</time>
      </trkpt>
      <trkpt lat="45.59959" lon="24.73609">
        <ele>2511.51</ele>
        <time>2024-07-06T11:37:14Z</time>
      </trkpt>
      <trkpt lat="45.59959" lon="24.73609">
        <ele>2511.51</ele>
        <time>2024-07-06T11:37:23Z</time>
      </trkpt>
      <trkpt lat="45.59959" lon="24.73609">
        <ele>2511.51</ele>
        <time>2024-07-06T11:37:34Z</time>
      </trkpt>
      <trkpt lat="45.59958" lon="24.73609">
        <ele>2511.91</ele>
        <time>2024-07-06T11:38:03Z</time>
      </trkpt>
      <trkpt lat="45.59958" lon="24.73609">
        <ele>2511.91</ele>
        <time>2024-07-06T11:38:13Z</time>
      </trkpt>
      <trkpt lat="45.59958" lon="24.73609">
        <ele>2511.91</ele>
        <time>2024-07-06T11:38:18Z</time>
      </trkpt>
      <trkpt lat="45.59958" lon="24.73609">
        <ele>2511.91</ele>
        <time>2024-07-06T11:38:27Z</time>
      </trkpt>
      <trkpt lat="45.59958" lon="24.73609">
        <ele>2511.91</ele>
        <time>2024-07-06T11:38:33Z</time>
      </trkpt>
      <trkpt lat="45.59958" lon="24.73609">
        <ele>2511.91</ele>
        <time>2024-07-06T11:38:41Z</time>
      </trkpt>
      <trkpt lat="45.59958" lon="24.73609">
        <ele>2511.91</ele>
        <time>2024-07-06T11:38:56Z</time>
      </trkpt>
      <trkpt lat="45.59958" lon="24.73609">
        <ele>2511.91</ele>
        <time>2024-07-06T11:39:18Z</time>
      </trkpt>
      <trkpt lat="45.59958" lon="24.73609">
        <ele>2511.91</ele>
        <time>2024-07-06T11:39:23Z</time>
      </trkpt>
      <trkpt lat="45.59958" lon="24.73609">
        <ele>2511.91</ele>
        <time>2024-07-06T11:39:42Z</time>
      </trkpt>
      <trkpt lat="45.59958" lon="24.73609">
        <ele>2511.91</ele>
        <time>2024-07-06T11:39:46Z</time>
      </trkpt>
      <trkpt lat="45.59958" lon="24.73609">
        <ele>2511.91</ele>
        <time>2024-07-06T11:39:52Z</time>
      </trkpt>
      <trkpt lat="45.59958" lon="24.73609">
        <ele>2511.91</ele>
        <time>2024-07-06T11:40:17Z</time>
      </trkpt>
      <trkpt lat="45.59958" lon="24.73609">
        <ele>2511.91</ele>
        <time>2024-07-06T11:40:24Z</time>
      </trkpt>
      <trkpt lat="45.59958" lon="24.73609">
        <ele>2511.91</ele>
        <time>2024-07-06T11:40:34Z</time>
      </trkpt>
      <trkpt lat="45.59958" lon="24.73609">
        <ele>2511.91</ele>
        <time>2024-07-06T11:40:49Z</time>
      </trkpt>
      <trkpt lat="45.59958" lon="24.73609">
        <ele>2511.91</ele>
        <time>2024-07-06T11:41:51Z</time>
      </trkpt>
      <trkpt lat="45.59958" lon="24.73609">
        <ele>2511.91</ele>
        <time>2024-07-06T11:42:30Z</time>
      </trkpt>
      <trkpt lat="45.59958" lon="24.73609">
        <ele>2511.91</ele>
        <time>2024-07-06T11:42:37Z</time>
      </trkpt>
      <trkpt lat="45.59958" lon="24.73609">
        <ele>2511.91</ele>
        <time>2024-07-06T11:42:53Z</time>
      </trkpt>
      <trkpt lat="45.59958" lon="24.7361">
        <ele>2512.25</ele>
        <time>2024-07-06T11:43:11Z</time>
      </trkpt>
      <trkpt lat="45.59958" lon="24.7361">
        <ele>2512.25</ele>
        <time>2024-07-06T11:43:30Z</time>
      </trkpt>
      <trkpt lat="45.59958" lon="24.7361">
        <ele>2512.25</ele>
        <time>2024-07-06T11:43:45Z</time>
      </trkpt>
      <trkpt lat="45.59958" lon="24.7361">
        <ele>2512.25</ele>
        <time>2024-07-06T11:43:46Z</time>
      </trkpt>
      <trkpt lat="45.59958" lon="24.7361">
        <ele>2512.25</ele>
        <time>2024-07-06T11:43:59Z</time>
      </trkpt>
      <trkpt lat="45.59958" lon="24.7361">
        <ele>2512.25</ele>
        <time>2024-07-06T11:44:04Z</time>
      </trkpt>
      <trkpt lat="45.59958" lon="24.7361">
        <ele>2512.25</ele>
        <time>2024-07-06T11:44:18Z</time>
      </trkpt>
      <trkpt lat="45.59958" lon="24.7361">
        <ele>2512.25</ele>
        <time>2024-07-06T11:44:27Z</time>
      </trkpt>
      <trkpt lat="45.59958" lon="24.7361">
        <ele>2512.25</ele>
        <time>2024-07-06T11:44:30Z</time>
      </trkpt>
      <trkpt lat="45.59958" lon="24.7361">
        <ele>2512.25</ele>
        <time>2024-07-06T11:44:34Z</time>
      </trkpt>
      <trkpt lat="45.59958" lon="24.7361">
        <ele>2512.25</ele>
        <time>2024-07-06T11:44:59Z</time>
      </trkpt>
      <trkpt lat="45.59958" lon="24.7361">
        <ele>2512.25</ele>
        <time>2024-07-06T11:45:04Z</time>
      </trkpt>
      <trkpt lat="45.59958" lon="24.7361">
        <ele>2512.25</ele>
        <time>2024-07-06T11:45:11Z</time>
      </trkpt>
      <trkpt lat="45.59958" lon="24.7361">
        <ele>2512.25</ele>
        <time>2024-07-06T11:45:27Z</time>
      </trkpt>
      <trkpt lat="45.59958" lon="24.7361">
        <ele>2512.25</ele>
        <time>2024-07-06T11:45:54Z</time>
      </trkpt>
      <trkpt lat="45.59958" lon="24.7361">
        <ele>2512.25</ele>
        <time>2024-07-06T11:46:05Z</time>
      </trkpt>
      <trkpt lat="45.59958" lon="24.7361">
        <ele>2512.25</ele>
        <time>2024-07-06T11:46:07Z</time>
      </trkpt>
      <trkpt lat="45.59958" lon="24.7361">
        <ele>2512.25</ele>
        <time>2024-07-06T11:46:27Z</time>
      </trkpt>
      <trkpt lat="45.59958" lon="24.7361">
        <ele>2512.25</ele>
        <time>2024-07-06T11:46:34Z</time>
      </trkpt>
      <trkpt lat="45.59958" lon="24.7361">
        <ele>2512.25</ele>
        <time>2024-07-06T11:46:52Z</time>
      </trkpt>
      <trkpt lat="45.59958" lon="24.7361">
        <ele>2512.25</ele>
        <time>2024-07-06T11:47:02Z</time>
      </trkpt>
      <trkpt lat="45.59957" lon="24.7361">
        <ele>2512.65</ele>
        <time>2024-07-06T11:47:22Z</time>
      </trkpt>
      <trkpt lat="45.59957" lon="24.7361">
        <ele>2512.65</ele>
        <time>2024-07-06T11:47:49Z</time>
      </trkpt>
      <trkpt lat="45.59957" lon="24.7361">
        <ele>2512.65</ele>
        <time>2024-07-06T11:47:55Z</time>
      </trkpt>
      <trkpt lat="45.59957" lon="24.7361">
        <ele>2512.65</ele>
        <time>2024-07-06T11:48:39Z</time>
      </trkpt>
      <trkpt lat="45.59957" lon="24.7361">
        <ele>2512.65</ele>
        <time>2024-07-06T11:49:05Z</time>
      </trkpt>
      <trkpt lat="45.59957" lon="24.7361">
        <ele>2512.65</ele>
        <time>2024-07-06T11:49:38Z</time>
      </trkpt>
      <trkpt lat="45.59957" lon="24.7361">
        <ele>2512.65</ele>
        <time>2024-07-06T11:50:05Z</time>
      </trkpt>
      <trkpt lat="45.59957" lon="24.7361">
        <ele>2512.65</ele>
        <time>2024-07-06T11:50:11Z</time>
      </trkpt>
      <trkpt lat="45.59957" lon="24.7361">
        <ele>2512.65</ele>
        <time>2024-07-06T11:50:18Z</time>
      </trkpt>
      <trkpt lat="45.59957" lon="24.7361">
        <ele>2512.65</ele>
        <time>2024-07-06T11:50:29Z</time>
      </trkpt>
      <trkpt lat="45.59957" lon="24.7361">
        <ele>2512.65</ele>
        <time>2024-07-06T11:50:40Z</time>
      </trkpt>
      <trkpt lat="45.59957" lon="24.7361">
        <ele>2512.65</ele>
        <time>2024-07-06T11:50:53Z</time>
      </trkpt>
      <trkpt lat="45.59957" lon="24.7361">
        <ele>2512.65</ele>
        <time>2024-07-06T11:51:15Z</time>
      </trkpt>
      <trkpt lat="45.59957" lon="24.7361">
        <ele>2512.65</ele>
        <time>2024-07-06T11:51:49Z</time>
      </trkpt>
      <trkpt lat="45.59957" lon="24.7361">
        <ele>2512.65</ele>
        <time>2024-07-06T11:51:58Z</time>
      </trkpt>
      <trkpt lat="45.59957" lon="24.7361">
        <ele>2512.65</ele>
        <time>2024-07-06T11:52:11Z</time>
      </trkpt>
      <trkpt lat="45.59957" lon="24.7361">
        <ele>2512.65</ele>
        <time>2024-07-06T11:52:40Z</time>
      </trkpt>
      <trkpt lat="45.59957" lon="24.7361">
        <ele>2512.65</ele>
        <time>2024-07-06T11:52:59Z</time>
      </trkpt>
      <trkpt lat="45.59957" lon="24.7361">
        <ele>2512.65</ele>
        <time>2024-07-06T11:53:04Z</time>
      </trkpt>
      <trkpt lat="45.59957" lon="24.7361">
        <ele>2512.65</ele>
        <time>2024-07-06T11:53:12Z</time>
      </trkpt>
      <trkpt lat="45.59957" lon="24.7361">
        <ele>2512.65</ele>
        <time>2024-07-06T11:53:23Z</time>
      </trkpt>
      <trkpt lat="45.59957" lon="24.7361">
        <ele>2512.65</ele>
        <time>2024-07-06T11:53:29Z</time>
      </trkpt>
      <trkpt lat="45.59957" lon="24.7361">
        <ele>2512.65</ele>
        <time>2024-07-06T11:53:31Z</time>
      </trkpt>
      <trkpt lat="45.59957" lon="24.7361">
        <ele>2512.65</ele>
        <time>2024-07-06T11:53:35Z</time>
      </trkpt>
      <trkpt lat="45.59957" lon="24.7361">
        <ele>2512.65</ele>
        <time>2024-07-06T11:53:36Z</time>
      </trkpt>
      <trkpt lat="45.59957" lon="24.7361">
        <ele>2512.65</ele>
        <time>2024-07-06T11:53:39Z</time>
      </trkpt>
      <trkpt lat="45.59957" lon="24.7361">
        <ele>2512.65</ele>
        <time>2024-07-06T11:53:51Z</time>
      </trkpt>
      <trkpt lat="45.59957" lon="24.7361">
        <ele>2512.65</ele>
        <time>2024-07-06T11:53:56Z</time>
      </trkpt>
      <trkpt lat="45.59957" lon="24.7361">
        <ele>2512.65</ele>
        <time>2024-07-06T11:54:12Z</time>
      </trkpt>
      <trkpt lat="45.59957" lon="24.7361">
        <ele>2512.65</ele>
        <time>2024-07-06T11:54:29Z</time>
      </trkpt>
      <trkpt lat="45.59957" lon="24.7361">
        <ele>2512.65</ele>
        <time>2024-07-06T11:54:34Z</time>
      </trkpt>
      <trkpt lat="45.59957" lon="24.7361">
        <ele>2512.65</ele>
        <time>2024-07-06T11:54:41Z</time>
      </trkpt>
      <trkpt lat="45.59957" lon="24.7361">
        <ele>2512.65</ele>
        <time>2024-07-06T11:54:59Z</time>
      </trkpt>
      <trkpt lat="45.59957" lon="24.7361">
        <ele>2512.65</ele>
        <time>2024-07-06T11:55:04Z</time>
      </trkpt>
      <trkpt lat="45.59957" lon="24.7361">
        <ele>2512.65</ele>
        <time>2024-07-06T11:55:23Z</time>
      </trkpt>
      <trkpt lat="45.59957" lon="24.7361">
        <ele>2512.65</ele>
        <time>2024-07-06T11:55:38Z</time>
      </trkpt>
      <trkpt lat="45.59957" lon="24.7361">
        <ele>2512.65</ele>
        <time>2024-07-06T11:55:59Z</time>
      </trkpt>
      <trkpt lat="45.59957" lon="24.7361">
        <ele>2512.65</ele>
        <time>2024-07-06T11:56:02Z</time>
      </trkpt>
      <trkpt lat="45.59957" lon="24.7361">
        <ele>2512.65</ele>
        <time>2024-07-06T11:57:13Z</time>
      </trkpt>
      <trkpt lat="45.59957" lon="24.7361">
        <ele>2512.65</ele>
        <time>2024-07-06T11:57:41Z</time>
      </trkpt>
      <trkpt lat="45.59957" lon="24.7361">
        <ele>2512.65</ele>
        <time>2024-07-06T11:58:00Z</time>
      </trkpt>
      <trkpt lat="45.59957" lon="24.7361">
        <ele>2512.65</ele>
        <time>2024-07-06T11:58:07Z</time>
      </trkpt>
      <trkpt lat="45.59957" lon="24.7361">
        <ele>2512.65</ele>
        <time>2024-07-06T11:58:16Z</time>
      </trkpt>
      <trkpt lat="45.59957" lon="24.7361">
        <ele>2512.65</ele>
        <time>2024-07-06T11:58:29Z</time>
      </trkpt>
      <trkpt lat="45.59957" lon="24.7361">
        <ele>2512.65</ele>
        <time>2024-07-06T11:58:38Z</time>
      </trkpt>
      <trkpt lat="45.59957" lon="24.7361">
        <ele>2512.65</ele>
        <time>2024-07-06T11:58:59Z</time>
      </trkpt>
      <trkpt lat="45.59957" lon="24.7361">
        <ele>2512.65</ele>
        <time>2024-07-06T11:59:48Z</time>
      </trkpt>
      <trkpt lat="45.59957" lon="24.7361">
        <ele>2512.65</ele>
        <time>2024-07-06T12:00:23Z</time>
      </trkpt>
      <trkpt lat="45.59957" lon="24.7361">
        <ele>2512.65</ele>
        <time>2024-07-06T12:00:29Z</time>
      </trkpt>
      <trkpt lat="45.59957" lon="24.7361">
        <ele>2512.65</ele>
        <time>2024-07-06T12:00:40Z</time>
      </trkpt>
      <trkpt lat="45.59957" lon="24.7361">
        <ele>2512.65</ele>
        <time>2024-07-06T12:00:46Z</time>
      </trkpt>
      <trkpt lat="45.59957" lon="24.7361">
        <ele>2512.65</ele>
        <time>2024-07-06T12:01:13Z</time>
      </trkpt>
      <trkpt lat="45.59957" lon="24.7361">
        <ele>2512.65</ele>
        <time>2024-07-06T12:01:48Z</time>
      </trkpt>
      <trkpt lat="45.59957" lon="24.7361">
        <ele>2512.65</ele>
        <time>2024-07-06T12:01:59Z</time>
      </trkpt>
      <trkpt lat="45.59957" lon="24.7361">
        <ele>2512.65</ele>
        <time>2024-07-06T12:02:24Z</time>
      </trkpt>
      <trkpt lat="45.59957" lon="24.7361">
        <ele>2512.65</ele>
        <time>2024-07-06T12:02:32Z</time>
      </trkpt>
      <trkpt lat="45.59957" lon="24.7361">
        <ele>2512.65</ele>
        <time>2024-07-06T12:02:54Z</time>
      </trkpt>
      <trkpt lat="45.59957" lon="24.7361">
        <ele>2512.65</ele>
        <time>2024-07-06T12:03:01Z</time>
      </trkpt>
      <trkpt lat="45.59957" lon="24.7361">
        <ele>2512.65</ele>
        <time>2024-07-06T12:03:07Z</time>
      </trkpt>
      <trkpt lat="45.59957" lon="24.7361">
        <ele>2512.65</ele>
        <time>2024-07-06T12:03:13Z</time>
      </trkpt>
      <trkpt lat="45.59957" lon="24.7361">
        <ele>2512.65</ele>
        <time>2024-07-06T12:03:16Z</time>
      </trkpt>
      <trkpt lat="45.59957" lon="24.7361">
        <ele>2512.65</ele>
        <time>2024-07-06T12:03:21Z</time>
      </trkpt>
      <trkpt lat="45.59957" lon="24.7361">
        <ele>2512.65</ele>
        <time>2024-07-06T12:03:23Z</time>
      </trkpt>
      <trkpt lat="45.59957" lon="24.7361">
        <ele>2512.65</ele>
        <time>2024-07-06T12:03:25Z</time>
      </trkpt>
      <trkpt lat="45.59957" lon="24.7361">
        <ele>2512.65</ele>
        <time>2024-07-06T12:03:29Z</time>
      </trkpt>
      <trkpt lat="45.59957" lon="24.73611">
        <ele>2512.99</ele>
        <time>2024-07-06T12:03:38Z</time>
      </trkpt>
      <trkpt lat="45.59956" lon="24.73611">
        <ele>2513.39</ele>
        <time>2024-07-06T12:03:52Z</time>
      </trkpt>
      <trkpt lat="45.59956" lon="24.73611">
        <ele>2513.39</ele>
        <time>2024-07-06T12:03:54Z</time>
      </trkpt>
      <trkpt lat="45.59956" lon="24.73611">
        <ele>2513.39</ele>
        <time>2024-07-06T12:03:58Z</time>
      </trkpt>
      <trkpt lat="45.59956" lon="24.73611">
        <ele>2513.39</ele>
        <time>2024-07-06T12:04:03Z</time>
      </trkpt>
      <trkpt lat="45.59956" lon="24.73611">
        <ele>2513.39</ele>
        <time>2024-07-06T12:04:18Z</time>
      </trkpt>
      <trkpt lat="45.59956" lon="24.73611">
        <ele>2513.39</ele>
        <time>2024-07-06T12:04:19Z</time>
      </trkpt>
      <trkpt lat="45.59956" lon="24.73611">
        <ele>2513.39</ele>
        <time>2024-07-06T12:04:27Z</time>
      </trkpt>
      <trkpt lat="45.59939" lon="24.73632">
        <ele>2513.9</ele>
        <time>2024-07-06T12:04:31Z</time>
      </trkpt>
      <trkpt lat="45.59916" lon="24.73656">
        <ele>2506.43</ele>
        <time>2024-07-06T12:04:36Z</time>
      </trkpt>
      <trkpt lat="45.59911" lon="24.73661">
        <ele>2501.29</ele>
        <time>2024-07-06T12:04:37Z</time>
      </trkpt>
      <trkpt lat="45.59911" lon="24.73661">
        <ele>2501.29</ele>
        <time>2024-07-06T12:04:38Z</time>
      </trkpt>
      <trkpt lat="45.59908" lon="24.73662">
        <ele>2498.86</ele>
        <time>2024-07-06T12:04:44Z</time>
      </trkpt>
      <trkpt lat="45.59908" lon="24.73663">
        <ele>2498.41</ele>
        <time>2024-07-06T12:04:45Z</time>
      </trkpt>
      <trkpt lat="45.59907" lon="24.73664">
        <ele>2497.27</ele>
        <time>2024-07-06T12:04:47Z</time>
      </trkpt>
      <trkpt lat="45.59906" lon="24.73664">
        <ele>2496.57</ele>
        <time>2024-07-06T12:04:49Z</time>
      </trkpt>
      <trkpt lat="45.59905" lon="24.73665">
        <ele>2495.4</ele>
        <time>2024-07-06T12:04:53Z</time>
      </trkpt>
      <trkpt lat="45.59905" lon="24.73665">
        <ele>2495.4</ele>
        <time>2024-07-06T12:04:54Z</time>
      </trkpt>
      <trkpt lat="45.59903" lon="24.73664">
        <ele>2494.5</ele>
        <time>2024-07-06T12:05:00Z</time>
      </trkpt>
      <trkpt lat="45.59903" lon="24.73665">
        <ele>2494.0</ele>
        <time>2024-07-06T12:05:02Z</time>
      </trkpt>
      <trkpt lat="45.59901" lon="24.73667">
        <ele>2491.57</ele>
        <time>2024-07-06T12:05:09Z</time>
      </trkpt>
      <trkpt lat="45.599" lon="24.73667">
        <ele>2490.85</ele>
        <time>2024-07-06T12:05:13Z</time>
      </trkpt>
      <trkpt lat="45.599" lon="24.73667">
        <ele>2490.85</ele>
        <time>2024-07-06T12:05:14Z</time>
      </trkpt>
      <trkpt lat="45.59899" lon="24.73665">
        <ele>2491.19</ele>
        <time>2024-07-06T12:05:18Z</time>
      </trkpt>
      <trkpt lat="45.59898" lon="24.73666">
        <ele>2489.93</ele>
        <time>2024-07-06T12:05:24Z</time>
      </trkpt>
      <trkpt lat="45.59898" lon="24.73666">
        <ele>2489.93</ele>
        <time>2024-07-06T12:05:25Z</time>
      </trkpt>
      <trkpt lat="45.59896" lon="24.73666">
        <ele>2488.5</ele>
        <time>2024-07-06T12:05:29Z</time>
      </trkpt>
      <trkpt lat="45.59895" lon="24.73664">
        <ele>2488.96</ele>
        <time>2024-07-06T12:05:34Z</time>
      </trkpt>
      <trkpt lat="45.59894" lon="24.73666">
        <ele>2487.08</ele>
        <time>2024-07-06T12:05:40Z</time>
      </trkpt>
      <trkpt lat="45.59893" lon="24.73667">
        <ele>2485.84</ele>
        <time>2024-07-06T12:05:43Z</time>
      </trkpt>
      <trkpt lat="45.59893" lon="24.73667">
        <ele>2485.84</ele>
        <time>2024-07-06T12:05:46Z</time>
      </trkpt>
      <trkpt lat="45.59891" lon="24.73666">
        <ele>2484.94</ele>
        <time>2024-07-06T12:05:51Z</time>
      </trkpt>
      <trkpt lat="45.59891" lon="24.73667">
        <ele>2484.4</ele>
        <time>2024-07-06T12:06:04Z</time>
      </trkpt>
      <trkpt lat="45.59891" lon="24.73667">
        <ele>2484.4</ele>
        <time>2024-07-06T12:06:09Z</time>
      </trkpt>
      <trkpt lat="45.59885" lon="24.7367">
        <ele>2479.91</ele>
        <time>2024-07-06T12:06:15Z</time>
      </trkpt>
      <trkpt lat="45.5988" lon="24.73673">
        <ele>2476.25</ele>
        <time>2024-07-06T12:06:20Z</time>
      </trkpt>
      <trkpt lat="45.59877" lon="24.73675">
        <ele>2473.92</ele>
        <time>2024-07-06T12:06:27Z</time>
      </trkpt>
      <trkpt lat="45.59875" lon="24.73678">
        <ele>2471.72</ele>
        <time>2024-07-06T12:06:31Z</time>
      </trkpt>
      <trkpt lat="45.59873" lon="24.73679">
        <ele>2470.23</ele>
        <time>2024-07-06T12:06:36Z</time>
      </trkpt>
      <trkpt lat="45.59872" lon="24.73679">
        <ele>2469.68</ele>
        <time>2024-07-06T12:06:37Z</time>
      </trkpt>
      <trkpt lat="45.59869" lon="24.73682">
        <ele>2466.82</ele>
        <time>2024-07-06T12:06:42Z</time>
      </trkpt>
      <trkpt lat="45.59868" lon="24.73685">
        <ele>2465.04</ele>
        <time>2024-07-06T12:06:46Z</time>
      </trkpt>
      <trkpt lat="45.59864" lon="24.73687">
        <ele>2461.9</ele>
        <time>2024-07-06T12:06:51Z</time>
      </trkpt>
      <trkpt lat="45.59864" lon="24.73687">
        <ele>2461.9</ele>
        <time>2024-07-06T12:06:52Z</time>
      </trkpt>
      <trkpt lat="45.59861" lon="24.73689">
        <ele>2459.31</ele>
        <time>2024-07-06T12:06:57Z</time>
      </trkpt>
      <trkpt lat="45.59859" lon="24.73691">
        <ele>2457.71</ele>
        <time>2024-07-06T12:07:04Z</time>
      </trkpt>
      <trkpt lat="45.59859" lon="24.73692">
        <ele>2457.31</ele>
        <time>2024-07-06T12:07:06Z</time>
      </trkpt>
      <trkpt lat="45.59857" lon="24.73692">
        <ele>2456.59</ele>
        <time>2024-07-06T12:07:10Z</time>
      </trkpt>
      <trkpt lat="45.59855" lon="24.73692">
        <ele>2455.88</ele>
        <time>2024-07-06T12:07:16Z</time>
      </trkpt>
      <trkpt lat="45.59853" lon="24.73693">
        <ele>2454.84</ele>
        <time>2024-07-06T12:07:19Z</time>
      </trkpt>
      <trkpt lat="45.59853" lon="24.73693">
        <ele>2454.84</ele>
        <time>2024-07-06T12:07:20Z</time>
      </trkpt>
      <trkpt lat="45.59851" lon="24.73694">
        <ele>2453.86</ele>
        <time>2024-07-06T12:07:25Z</time>
      </trkpt>
      <trkpt lat="45.5985" lon="24.73695">
        <ele>2453.32</ele>
        <time>2024-07-06T12:07:26Z</time>
      </trkpt>
      <trkpt lat="45.59848" lon="24.73696">
        <ele>2452.5</ele>
        <time>2024-07-06T12:07:33Z</time>
      </trkpt>
      <trkpt lat="45.59848" lon="24.73696">
        <ele>2452.5</ele>
        <time>2024-07-06T12:07:40Z</time>
      </trkpt>
      <trkpt lat="45.59847" lon="24.73696">
        <ele>2452.17</ele>
        <time>2024-07-06T12:08:03Z</time>
      </trkpt>
      <trkpt lat="45.59846" lon="24.73696">
        <ele>2451.84</ele>
        <time>2024-07-06T12:08:04Z</time>
      </trkpt>
      <trkpt lat="45.59846" lon="24.73696">
        <ele>2451.84</ele>
        <time>2024-07-06T12:08:09Z</time>
      </trkpt>
      <trkpt lat="45.59846" lon="24.73696">
        <ele>2451.84</ele>
        <time>2024-07-06T12:08:10Z</time>
      </trkpt>
      <trkpt lat="45.59846" lon="24.73696">
        <ele>2451.84</ele>
        <time>2024-07-06T12:08:16Z</time>
      </trkpt>
      <trkpt lat="45.59846" lon="24.73696">
        <ele>2451.84</ele>
        <time>2024-07-06T12:08:18Z</time>
      </trkpt>
      <trkpt lat="45.59846" lon="24.73696">
        <ele>2451.84</ele>
        <time>2024-07-06T12:08:22Z</time>
      </trkpt>
      <trkpt lat="45.59845" lon="24.73696">
        <ele>2451.51</ele>
        <time>2024-07-06T12:08:24Z</time>
      </trkpt>
      <trkpt lat="45.59845" lon="24.73696">
        <ele>2451.51</ele>
        <time>2024-07-06T12:08:26Z</time>
      </trkpt>
      <trkpt lat="45.59844" lon="24.73697">
        <ele>2451.01</ele>
        <time>2024-07-06T12:08:29Z</time>
      </trkpt>
      <trkpt lat="45.59843" lon="24.73697">
        <ele>2450.68</ele>
        <time>2024-07-06T12:08:32Z</time>
      </trkpt>
      <trkpt lat="45.59842" lon="24.73697">
        <ele>2450.34</ele>
        <time>2024-07-06T12:08:33Z</time>
      </trkpt>
      <trkpt lat="45.5984" lon="24.73699">
        <ele>2449.29</ele>
        <time>2024-07-06T12:08:36Z</time>
      </trkpt>
      <trkpt lat="45.59837" lon="24.73702">
        <ele>2447.66</ele>
        <time>2024-07-06T12:08:40Z</time>
      </trkpt>
      <trkpt lat="45.59834" lon="24.73704">
        <ele>2446.18</ele>
        <time>2024-07-06T12:08:42Z</time>
      </trkpt>
      <trkpt lat="45.59833" lon="24.73705">
        <ele>2445.49</ele>
        <time>2024-07-06T12:08:43Z</time>
      </trkpt>
      <trkpt lat="45.5983" lon="24.73707">
        <ele>2442.98</ele>
        <time>2024-07-06T12:08:45Z</time>
      </trkpt>
      <trkpt lat="45.59829" lon="24.73708">
        <ele>2442.04</ele>
        <time>2024-07-06T12:08:46Z</time>
      </trkpt>
      <trkpt lat="45.59827" lon="24.73709">
        <ele>2440.38</ele>
        <time>2024-07-06T12:08:50Z</time>
      </trkpt>
      <trkpt lat="45.59826" lon="24.73709">
        <ele>2439.68</ele>
        <time>2024-07-06T12:08:53Z</time>
      </trkpt>
      <trkpt lat="45.59822" lon="24.73711">
        <ele>2436.27</ele>
        <time>2024-07-06T12:08:59Z</time>
      </trkpt>
      <trkpt lat="45.59821" lon="24.73713">
        <ele>2434.96</ele>
        <time>2024-07-06T12:09:01Z</time>
      </trkpt>
      <trkpt lat="45.59819" lon="24.73714">
        <ele>2433.19</ele>
        <time>2024-07-06T12:09:06Z</time>
      </trkpt>
      <trkpt lat="45.59818" lon="24.73715">
        <ele>2432.13</ele>
        <time>2024-07-06T12:09:11Z</time>
      </trkpt>
      <trkpt lat="45.59818" lon="24.73715">
        <ele>2432.13</ele>
        <time>2024-07-06T12:09:14Z</time>
      </trkpt>
      <trkpt lat="45.59816" lon="24.73716">
        <ele>2430.31</ele>
        <time>2024-07-06T12:09:19Z</time>
      </trkpt>
      <trkpt lat="45.59816" lon="24.73716">
        <ele>2430.31</ele>
        <time>2024-07-06T12:09:21Z</time>
      </trkpt>
      <trkpt lat="45.59815" lon="24.73716">
        <ele>2429.56</ele>
        <time>2024-07-06T12:09:27Z</time>
      </trkpt>
      <trkpt lat="45.59815" lon="24.73716">
        <ele>2429.56</ele>
        <time>2024-07-06T12:09:44Z</time>
      </trkpt>
      <trkpt lat="45.59814" lon="24.73716">
        <ele>2428.81</ele>
        <time>2024-07-06T12:09:49Z</time>
      </trkpt>
      <trkpt lat="45.59814" lon="24.73716">
        <ele>2428.81</ele>
        <time>2024-07-06T12:09:51Z</time>
      </trkpt>
      <trkpt lat="45.59814" lon="24.73716">
        <ele>2428.81</ele>
        <time>2024-07-06T12:09:57Z</time>
      </trkpt>
      <trkpt lat="45.59813" lon="24.73717">
        <ele>2427.71</ele>
        <time>2024-07-06T12:10:04Z</time>
      </trkpt>
      <trkpt lat="45.59813" lon="24.73718">
        <ele>2427.36</ele>
        <time>2024-07-06T12:10:07Z</time>
      </trkpt>
      <trkpt lat="45.5981" lon="24.73719">
        <ele>2424.7</ele>
        <time>2024-07-06T12:10:12Z</time>
      </trkpt>
      <trkpt lat="45.5981" lon="24.73719">
        <ele>2424.7</ele>
        <time>2024-07-06T12:10:13Z</time>
      </trkpt>
      <trkpt lat="45.59809" lon="24.73719">
        <ele>2423.93</ele>
        <time>2024-07-06T12:10:15Z</time>
      </trkpt>
      <trkpt lat="45.59808" lon="24.73719">
        <ele>2423.16</ele>
        <time>2024-07-06T12:10:17Z</time>
      </trkpt>
      <trkpt lat="45.59807" lon="24.73719">
        <ele>2422.39</ele>
        <time>2024-07-06T12:10:20Z</time>
      </trkpt>
      <trkpt lat="45.59805" lon="24.73717">
        <ele>2421.4</ele>
        <time>2024-07-06T12:10:29Z</time>
      </trkpt>
      <trkpt lat="45.59805" lon="24.73716">
        <ele>2421.79</ele>
        <time>2024-07-06T12:10:35Z</time>
      </trkpt>
      <trkpt lat="45.59805" lon="24.73716">
        <ele>2421.79</ele>
        <time>2024-07-06T12:10:38Z</time>
      </trkpt>
      <trkpt lat="45.59804" lon="24.73716">
        <ele>2420.57</ele>
        <time>2024-07-06T12:10:41Z</time>
      </trkpt>
      <trkpt lat="45.59802" lon="24.73715">
        <ele>2418.5</ele>
        <time>2024-07-06T12:10:48Z</time>
      </trkpt>
      <trkpt lat="45.598" lon="24.73715">
        <ele>2416.04</ele>
        <time>2024-07-06T12:10:54Z</time>
      </trkpt>
      <trkpt lat="45.59797" lon="24.73716">
        <ele>2412.06</ele>
        <time>2024-07-06T12:11:03Z</time>
      </trkpt>
      <trkpt lat="45.59796" lon="24.73718">
        <ele>2410.25</ele>
        <time>2024-07-06T12:11:08Z</time>
      </trkpt>
      <trkpt lat="45.59794" lon="24.73719">
        <ele>2407.58</ele>
        <time>2024-07-06T12:11:12Z</time>
      </trkpt>
      <trkpt lat="45.59791" lon="24.73722">
        <ele>2403.29</ele>
        <time>2024-07-06T12:11:16Z</time>
      </trkpt>
      <trkpt lat="45.59788" lon="24.73725">
        <ele>2398.8</ele>
        <time>2024-07-06T12:11:18Z</time>
      </trkpt>
      <trkpt lat="45.59784" lon="24.73729">
        <ele>2392.86</ele>
        <time>2024-07-06T12:11:22Z</time>
      </trkpt>
      <trkpt lat="45.59782" lon="24.73729">
        <ele>2390.59</ele>
        <time>2024-07-06T12:11:25Z</time>
      </trkpt>
      <trkpt lat="45.59782" lon="24.73726">
        <ele>2391.6</ele>
        <time>2024-07-06T12:11:30Z</time>
      </trkpt>
      <trkpt lat="45.59781" lon="24.73727">
        <ele>2390.12</ele>
        <time>2024-07-06T12:11:33Z</time>
      </trkpt>
      <trkpt lat="45.59781" lon="24.73727">
        <ele>2390.12</ele>
        <time>2024-07-06T12:11:34Z</time>
      </trkpt>
      <trkpt lat="45.5978" lon="24.73725">
        <ele>2389.64</ele>
        <time>2024-07-06T12:11:39Z</time>
      </trkpt>
      <trkpt lat="45.5978" lon="24.73724">
        <ele>2389.97</ele>
        <time>2024-07-06T12:11:42Z</time>
      </trkpt>
      <trkpt lat="45.59779" lon="24.73724">
        <ele>2388.83</ele>
        <time>2024-07-06T12:11:43Z</time>
      </trkpt>
      <trkpt lat="45.59779" lon="24.73723">
        <ele>2389.15</ele>
        <time>2024-07-06T12:11:44Z</time>
      </trkpt>
      <trkpt lat="45.59778" lon="24.73724">
        <ele>2387.68</ele>
        <time>2024-07-06T12:11:47Z</time>
      </trkpt>
      <trkpt lat="45.59776" lon="24.73725">
        <ele>2385.68</ele>
        <time>2024-07-06T12:11:49Z</time>
      </trkpt>
      <trkpt lat="45.59775" lon="24.73726">
        <ele>2384.58</ele>
        <time>2024-07-06T12:11:52Z</time>
      </trkpt>
      <trkpt lat="45.59774" lon="24.73726">
        <ele>2383.8</ele>
        <time>2024-07-06T12:11:53Z</time>
      </trkpt>
      <trkpt lat="45.59772" lon="24.73728">
        <ele>2381.69</ele>
        <time>2024-07-06T12:11:58Z</time>
      </trkpt>
      <trkpt lat="45.59771" lon="24.73729">
        <ele>2380.67</ele>
        <time>2024-07-06T12:12:00Z</time>
      </trkpt>
      <trkpt lat="45.59769" lon="24.7373">
        <ele>2378.92</ele>
        <time>2024-07-06T12:12:06Z</time>
      </trkpt>
      <trkpt lat="45.59768" lon="24.73731">
        <ele>2377.95</ele>
        <time>2024-07-06T12:12:08Z</time>
      </trkpt>
      <trkpt lat="45.59766" lon="24.73733">
        <ele>2376.07</ele>
        <time>2024-07-06T12:12:12Z</time>
      </trkpt>
      <trkpt lat="45.59765" lon="24.73733">
        <ele>2375.36</ele>
        <time>2024-07-06T12:12:14Z</time>
      </trkpt>
      <trkpt lat="45.59764" lon="24.73733">
        <ele>2374.64</ele>
        <time>2024-07-06T12:12:15Z</time>
      </trkpt>
      <trkpt lat="45.59764" lon="24.73734">
        <ele>2374.46</ele>
        <time>2024-07-06T12:12:16Z</time>
      </trkpt>
      <trkpt lat="45.59763" lon="24.73734">
        <ele>2373.75</ele>
        <time>2024-07-06T12:12:17Z</time>
      </trkpt>
      <trkpt lat="45.59763" lon="24.73734">
        <ele>2373.75</ele>
        <time>2024-07-06T12:12:18Z</time>
      </trkpt>
      <trkpt lat="45.59759" lon="24.73737">
        <ele>2370.54</ele>
        <time>2024-07-06T12:12:23Z</time>
      </trkpt>
      <trkpt lat="45.59759" lon="24.73737">
        <ele>2370.54</ele>
        <time>2024-07-06T12:12:24Z</time>
      </trkpt>
      <trkpt lat="45.59757" lon="24.73738">
        <ele>2369.08</ele>
        <time>2024-07-06T12:12:27Z</time>
      </trkpt>
      <trkpt lat="45.59756" lon="24.73738">
        <ele>2368.42</ele>
        <time>2024-07-06T12:12:29Z</time>
      </trkpt>
      <trkpt lat="45.59755" lon="24.73739">
        <ele>2367.67</ele>
        <time>2024-07-06T12:12:33Z</time>
      </trkpt>
      <trkpt lat="45.59755" lon="24.73739">
        <ele>2367.67</ele>
        <time>2024-07-06T12:12:35Z</time>
      </trkpt>
      <trkpt lat="45.59754" lon="24.73738">
        <ele>2367.09</ele>
        <time>2024-07-06T12:12:37Z</time>
      </trkpt>
      <trkpt lat="45.59754" lon="24.73738">
        <ele>2367.09</ele>
        <time>2024-07-06T12:12:39Z</time>
      </trkpt>
      <trkpt lat="45.59751" lon="24.73739">
        <ele>2365.05</ele>
        <time>2024-07-06T12:12:44Z</time>
      </trkpt>
      <trkpt lat="45.59747" lon="24.73739">
        <ele>2364.31</ele>
        <time>2024-07-06T12:12:50Z</time>
      </trkpt>
      <trkpt lat="45.59744" lon="24.73741">
        <ele>2364.18</ele>
        <time>2024-07-06T12:12:55Z</time>
      </trkpt>
      <trkpt lat="45.59743" lon="24.73742">
        <ele>2364.14</ele>
        <time>2024-07-06T12:12:57Z</time>
      </trkpt>
      <trkpt lat="45.59743" lon="24.73742">
        <ele>2364.14</ele>
        <time>2024-07-06T12:12:58Z</time>
      </trkpt>
      <trkpt lat="45.59742" lon="24.73742">
        <ele>2364.12</ele>
        <time>2024-07-06T12:13:02Z</time>
      </trkpt>
      <trkpt lat="45.59741" lon="24.73743">
        <ele>2364.09</ele>
        <time>2024-07-06T12:13:04Z</time>
      </trkpt>
      <trkpt lat="45.59736" lon="24.73747">
        <ele>2364.0</ele>
        <time>2024-07-06T12:13:12Z</time>
      </trkpt>
      <trkpt lat="45.59735" lon="24.73747">
        <ele>2363.99</ele>
        <time>2024-07-06T12:13:13Z</time>
      </trkpt>
      <trkpt lat="45.59734" lon="24.73747">
        <ele>2363.98</ele>
        <time>2024-07-06T12:13:15Z</time>
      </trkpt>
      <trkpt lat="45.5973" lon="24.7375">
        <ele>2364.0</ele>
        <time>2024-07-06T12:13:20Z</time>
      </trkpt>
      <trkpt lat="45.59727" lon="24.73753">
        <ele>2364.34</ele>
        <time>2024-07-06T12:13:25Z</time>
      </trkpt>
      <trkpt lat="45.59725" lon="24.73754">
        <ele>2364.45</ele>
        <time>2024-07-06T12:13:30Z</time>
      </trkpt>
      <trkpt lat="45.59724" lon="24.73754">
        <ele>2364.44</ele>
        <time>2024-07-06T12:13:32Z</time>
      </trkpt>
      <trkpt lat="45.59721" lon="24.73756">
        <ele>2364.86</ele>
        <time>2024-07-06T12:13:38Z</time>
      </trkpt>
      <trkpt lat="45.5972" lon="24.73756">
        <ele>2365.03</ele>
        <time>2024-07-06T12:13:39Z</time>
      </trkpt>
      <trkpt lat="45.5972" lon="24.73756">
        <ele>2365.03</ele>
        <time>2024-07-06T12:13:40Z</time>
      </trkpt>
      <trkpt lat="45.59717" lon="24.73759">
        <ele>2365.85</ele>
        <time>2024-07-06T12:13:45Z</time>
      </trkpt>
      <trkpt lat="45.59715" lon="24.7376">
        <ele>2366.29</ele>
        <time>2024-07-06T12:13:48Z</time>
      </trkpt>
      <trkpt lat="45.5971" lon="24.73765">
        <ele>2367.58</ele>
        <time>2024-07-06T12:13:55Z</time>
      </trkpt>
      <trkpt lat="45.59706" lon="24.73769">
        <ele>2368.57</ele>
        <time>2024-07-06T12:14:01Z</time>
      </trkpt>
      <trkpt lat="45.59705" lon="24.7377">
        <ele>2368.81</ele>
        <time>2024-07-06T12:14:02Z</time>
      </trkpt>
      <trkpt lat="45.59702" lon="24.73773">
        <ele>2369.52</ele>
        <time>2024-07-06T12:14:05Z</time>
      </trkpt>
      <trkpt lat="45.597" lon="24.73775">
        <ele>2369.98</ele>
        <time>2024-07-06T12:14:08Z</time>
      </trkpt>
      <trkpt lat="45.59694" lon="24.73778">
        <ele>2371.24</ele>
        <time>2024-07-06T12:14:15Z</time>
      </trkpt>
      <trkpt lat="45.59692" lon="24.7378">
        <ele>2372.37</ele>
        <time>2024-07-06T12:14:19Z</time>
      </trkpt>
      <trkpt lat="45.59688" lon="24.73784">
        <ele>2374.54</ele>
        <time>2024-07-06T12:14:23Z</time>
      </trkpt>
      <trkpt lat="45.59681" lon="24.73792">
        <ele>2378.06</ele>
        <time>2024-07-06T12:14:34Z</time>
      </trkpt>
      <trkpt lat="45.59678" lon="24.73797">
        <ele>2379.44</ele>
        <time>2024-07-06T12:14:41Z</time>
      </trkpt>
      <trkpt lat="45.59677" lon="24.73801">
        <ele>2379.89</ele>
        <time>2024-07-06T12:14:44Z</time>
      </trkpt>
      <trkpt lat="45.59676" lon="24.73802">
        <ele>2380.3</ele>
        <time>2024-07-06T12:14:45Z</time>
      </trkpt>
      <trkpt lat="45.59674" lon="24.73804">
        <ele>2381.11</ele>
        <time>2024-07-06T12:14:49Z</time>
      </trkpt>
      <trkpt lat="45.59669" lon="24.73807">
        <ele>2383.08</ele>
        <time>2024-07-06T12:14:57Z</time>
      </trkpt>
      <trkpt lat="45.59661" lon="24.73817">
        <ele>2385.8</ele>
        <time>2024-07-06T12:15:08Z</time>
      </trkpt>
      <trkpt lat="45.59655" lon="24.73824">
        <ele>2387.92</ele>
        <time>2024-07-06T12:15:14Z</time>
      </trkpt>
      <trkpt lat="45.59653" lon="24.73827">
        <ele>2388.7</ele>
        <time>2024-07-06T12:15:16Z</time>
      </trkpt>
      <trkpt lat="45.59649" lon="24.73829">
        <ele>2390.16</ele>
        <time>2024-07-06T12:15:20Z</time>
      </trkpt>
      <trkpt lat="45.59645" lon="24.73833">
        <ele>2391.78</ele>
        <time>2024-07-06T12:15:25Z</time>
      </trkpt>
      <trkpt lat="45.59642" lon="24.73835">
        <ele>2393.05</ele>
        <time>2024-07-06T12:15:31Z</time>
      </trkpt>
      <trkpt lat="45.5964" lon="24.73837">
        <ele>2394.08</ele>
        <time>2024-07-06T12:15:33Z</time>
      </trkpt>
      <trkpt lat="45.59639" lon="24.7384">
        <ele>2394.91</ele>
        <time>2024-07-06T12:15:36Z</time>
      </trkpt>
      <trkpt lat="45.59637" lon="24.73842">
        <ele>2395.45</ele>
        <time>2024-07-06T12:15:39Z</time>
      </trkpt>
      <trkpt lat="45.59636" lon="24.73843">
        <ele>2395.7</ele>
        <time>2024-07-06T12:15:40Z</time>
      </trkpt>
      <trkpt lat="45.59635" lon="24.73844">
        <ele>2395.96</ele>
        <time>2024-07-06T12:15:41Z</time>
      </trkpt>
      <trkpt lat="45.5963" lon="24.73853">
        <ele>2397.79</ele>
        <time>2024-07-06T12:15:48Z</time>
      </trkpt>
      <trkpt lat="45.59628" lon="24.73856">
        <ele>2398.44</ele>
        <time>2024-07-06T12:15:52Z</time>
      </trkpt>
      <trkpt lat="45.59628" lon="24.73859">
        <ele>2398.87</ele>
        <time>2024-07-06T12:15:54Z</time>
      </trkpt>
      <trkpt lat="45.59628" lon="24.73861">
        <ele>2399.16</ele>
        <time>2024-07-06T12:16:00Z</time>
      </trkpt>
      <trkpt lat="45.59625" lon="24.73866">
        <ele>2399.5</ele>
        <time>2024-07-06T12:16:08Z</time>
      </trkpt>
      <trkpt lat="45.59624" lon="24.73869">
        <ele>2399.67</ele>
        <time>2024-07-06T12:16:17Z</time>
      </trkpt>
      <trkpt lat="45.59621" lon="24.73873">
        <ele>2400.3</ele>
        <time>2024-07-06T12:16:29Z</time>
      </trkpt>
      <trkpt lat="45.59614" lon="24.73882">
        <ele>2402.47</ele>
        <time>2024-07-06T12:16:37Z</time>
      </trkpt>
      <trkpt lat="45.59613" lon="24.73883">
        <ele>2402.84</ele>
        <time>2024-07-06T12:16:39Z</time>
      </trkpt>
      <trkpt lat="45.59612" lon="24.73885">
        <ele>2403.32</ele>
        <time>2024-07-06T12:16:41Z</time>
      </trkpt>
      <trkpt lat="45.59611" lon="24.73887">
        <ele>2403.8</ele>
        <time>2024-07-06T12:16:43Z</time>
      </trkpt>
      <trkpt lat="45.59607" lon="24.73893">
        <ele>2404.07</ele>
        <time>2024-07-06T12:16:49Z</time>
      </trkpt>
      <trkpt lat="45.59606" lon="24.73893">
        <ele>2404.15</ele>
        <time>2024-07-06T12:16:50Z</time>
      </trkpt>
      <trkpt lat="45.59601" lon="24.739">
        <ele>2404.36</ele>
        <time>2024-07-06T12:16:56Z</time>
      </trkpt>
      <trkpt lat="45.596" lon="24.73901">
        <ele>2404.45</ele>
        <time>2024-07-06T12:16:57Z</time>
      </trkpt>
      <trkpt lat="45.59596" lon="24.73905">
        <ele>2404.87</ele>
        <time>2024-07-06T12:17:02Z</time>
      </trkpt>
      <trkpt lat="45.59593" lon="24.7391">
        <ele>2405.27</ele>
        <time>2024-07-06T12:17:06Z</time>
      </trkpt>
      <trkpt lat="45.5959" lon="24.73916">
        <ele>2405.79</ele>
        <time>2024-07-06T12:17:10Z</time>
      </trkpt>
      <trkpt lat="45.59589" lon="24.73919">
        <ele>2406.08</ele>
        <time>2024-07-06T12:17:13Z</time>
      </trkpt>
      <trkpt lat="45.59587" lon="24.73923">
        <ele>2406.68</ele>
        <time>2024-07-06T12:17:17Z</time>
      </trkpt>
      <trkpt lat="45.59583" lon="24.73931">
        <ele>2408.07</ele>
        <time>2024-07-06T12:17:25Z</time>
      </trkpt>
      <trkpt lat="45.59578" lon="24.73938">
        <ele>2409.11</ele>
        <time>2024-07-06T12:17:31Z</time>
      </trkpt>
      <trkpt lat="45.59576" lon="24.73941">
        <ele>2409.54</ele>
        <time>2024-07-06T12:17:34Z</time>
      </trkpt>
      <trkpt lat="45.59569" lon="24.73952">
        <ele>2411.09</ele>
        <time>2024-07-06T12:17:44Z</time>
      </trkpt>
      <trkpt lat="45.59561" lon="24.73964">
        <ele>2412.82</ele>
        <time>2024-07-06T12:17:54Z</time>
      </trkpt>
      <trkpt lat="45.59559" lon="24.73968">
        <ele>2413.32</ele>
        <time>2024-07-06T12:17:57Z</time>
      </trkpt>
      <trkpt lat="45.59556" lon="24.73973">
        <ele>2413.98</ele>
        <time>2024-07-06T12:18:02Z</time>
      </trkpt>
      <trkpt lat="45.59554" lon="24.73975">
        <ele>2414.43</ele>
        <time>2024-07-06T12:18:05Z</time>
      </trkpt>
      <trkpt lat="45.59552" lon="24.73978">
        <ele>2414.95</ele>
        <time>2024-07-06T12:18:07Z</time>
      </trkpt>
      <trkpt lat="45.59551" lon="24.73981">
        <ele>2415.25</ele>
        <time>2024-07-06T12:18:10Z</time>
      </trkpt>
      <trkpt lat="45.59547" lon="24.73986">
        <ele>2416.19</ele>
        <time>2024-07-06T12:18:16Z</time>
      </trkpt>
      <trkpt lat="45.59545" lon="24.73987">
        <ele>2416.61</ele>
        <time>2024-07-06T12:18:18Z</time>
      </trkpt>
      <trkpt lat="45.59545" lon="24.73989">
        <ele>2416.65</ele>
        <time>2024-07-06T12:18:20Z</time>
      </trkpt>
      <trkpt lat="45.59544" lon="24.73991">
        <ele>2416.89</ele>
        <time>2024-07-06T12:18:21Z</time>
      </trkpt>
      <trkpt lat="45.59544" lon="24.73992">
        <ele>2416.91</ele>
        <time>2024-07-06T12:18:22Z</time>
      </trkpt>
      <trkpt lat="45.59542" lon="24.73993">
        <ele>2417.31</ele>
        <time>2024-07-06T12:18:24Z</time>
      </trkpt>
      <trkpt lat="45.5954" lon="24.73996">
        <ele>2417.74</ele>
        <time>2024-07-06T12:18:27Z</time>
      </trkpt>
      <trkpt lat="45.59537" lon="24.74">
        <ele>2418.34</ele>
        <time>2024-07-06T12:18:32Z</time>
      </trkpt>
      <trkpt lat="45.59536" lon="24.74002">
        <ele>2418.45</ele>
        <time>2024-07-06T12:18:34Z</time>
      </trkpt>
      <trkpt lat="45.59535" lon="24.74004">
        <ele>2418.56</ele>
        <time>2024-07-06T12:18:36Z</time>
      </trkpt>
      <trkpt lat="45.59533" lon="24.74009">
        <ele>2418.74</ele>
        <time>2024-07-06T12:18:41Z</time>
      </trkpt>
      <trkpt lat="45.59532" lon="24.74011">
        <ele>2418.84</ele>
        <time>2024-07-06T12:18:43Z</time>
      </trkpt>
      <trkpt lat="45.59529" lon="24.74016">
        <ele>2419.2</ele>
        <time>2024-07-06T12:18:48Z</time>
      </trkpt>
      <trkpt lat="45.59528" lon="24.74024">
        <ele>2419.1</ele>
        <time>2024-07-06T12:18:56Z</time>
      </trkpt>
      <trkpt lat="45.59528" lon="24.74025">
        <ele>2419.06</ele>
        <time>2024-07-06T12:18:58Z</time>
      </trkpt>
      <trkpt lat="45.59528" lon="24.74025">
        <ele>2419.06</ele>
        <time>2024-07-06T12:19:05Z</time>
      </trkpt>
      <trkpt lat="45.59526" lon="24.74028">
        <ele>2419.31</ele>
        <time>2024-07-06T12:19:10Z</time>
      </trkpt>
      <trkpt lat="45.59523" lon="24.74034">
        <ele>2419.56</ele>
        <time>2024-07-06T12:19:15Z</time>
      </trkpt>
      <trkpt lat="45.59522" lon="24.74037">
        <ele>2419.57</ele>
        <time>2024-07-06T12:19:18Z</time>
      </trkpt>
      <trkpt lat="45.5952" lon="24.7404">
        <ele>2419.71</ele>
        <time>2024-07-06T12:19:20Z</time>
      </trkpt>
      <trkpt lat="45.59516" lon="24.74049">
        <ele>2419.71</ele>
        <time>2024-07-06T12:19:27Z</time>
      </trkpt>
      <trkpt lat="45.59509" lon="24.7406">
        <ele>2420.08</ele>
        <time>2024-07-06T12:19:38Z</time>
      </trkpt>
      <trkpt lat="45.59504" lon="24.74073">
        <ele>2420.66</ele>
        <time>2024-07-06T12:19:48Z</time>
      </trkpt>
      <trkpt lat="45.59504" lon="24.74074">
        <ele>2420.66</ele>
        <time>2024-07-06T12:19:49Z</time>
      </trkpt>
      <trkpt lat="45.59496" lon="24.74089">
        <ele>2420.45</ele>
        <time>2024-07-06T12:20:02Z</time>
      </trkpt>
      <trkpt lat="45.59493" lon="24.74097">
        <ele>2419.77</ele>
        <time>2024-07-06T12:20:09Z</time>
      </trkpt>
      <trkpt lat="45.59492" lon="24.741">
        <ele>2419.55</ele>
        <time>2024-07-06T12:20:12Z</time>
      </trkpt>
      <trkpt lat="45.59491" lon="24.74102">
        <ele>2419.42</ele>
        <time>2024-07-06T12:20:14Z</time>
      </trkpt>
      <trkpt lat="45.5949" lon="24.74105">
        <ele>2419.22</ele>
        <time>2024-07-06T12:20:17Z</time>
      </trkpt>
      <trkpt lat="45.5949" lon="24.74106">
        <ele>2419.14</ele>
        <time>2024-07-06T12:20:18Z</time>
      </trkpt>
      <trkpt lat="45.59486" lon="24.74112">
        <ele>2418.96</ele>
        <time>2024-07-06T12:20:25Z</time>
      </trkpt>
      <trkpt lat="45.59485" lon="24.74113">
        <ele>2418.99</ele>
        <time>2024-07-06T12:20:26Z</time>
      </trkpt>
      <trkpt lat="45.59481" lon="24.74117">
        <ele>2419.17</ele>
        <time>2024-07-06T12:20:31Z</time>
      </trkpt>
      <trkpt lat="45.59478" lon="24.74119">
        <ele>2419.41</ele>
        <time>2024-07-06T12:20:34Z</time>
      </trkpt>
      <trkpt lat="45.59476" lon="24.74121">
        <ele>2419.58</ele>
        <time>2024-07-06T12:20:38Z</time>
      </trkpt>
      <trkpt lat="45.59473" lon="24.74122">
        <ele>2419.91</ele>
        <time>2024-07-06T12:20:45Z</time>
      </trkpt>
      <trkpt lat="45.59471" lon="24.74124">
        <ele>2420.13</ele>
        <time>2024-07-06T12:20:49Z</time>
      </trkpt>
      <trkpt lat="45.5947" lon="24.74126">
        <ele>2420.24</ele>
        <time>2024-07-06T12:20:54Z</time>
      </trkpt>
      <trkpt lat="45.5947" lon="24.74126">
        <ele>2420.24</ele>
        <time>2024-07-06T12:20:55Z</time>
      </trkpt>
      <trkpt lat="45.59468" lon="24.74129">
        <ele>2420.46</ele>
        <time>2024-07-06T12:21:00Z</time>
      </trkpt>
      <trkpt lat="45.59468" lon="24.7413">
        <ele>2420.46</ele>
        <time>2024-07-06T12:21:03Z</time>
      </trkpt>
      <trkpt lat="45.59468" lon="24.74134">
        <ele>2420.46</ele>
        <time>2024-07-06T12:21:11Z</time>
      </trkpt>
      <trkpt lat="45.59468" lon="24.74142">
        <ele>2420.15</ele>
        <time>2024-07-06T12:21:20Z</time>
      </trkpt>
      <trkpt lat="45.59464" lon="24.74154">
        <ele>2419.58</ele>
        <time>2024-07-06T12:21:30Z</time>
      </trkpt>
      <trkpt lat="45.59461" lon="24.7416">
        <ele>2419.55</ele>
        <time>2024-07-06T12:21:35Z</time>
      </trkpt>
      <trkpt lat="45.59459" lon="24.74163">
        <ele>2419.65</ele>
        <time>2024-07-06T12:21:38Z</time>
      </trkpt>
      <trkpt lat="45.59458" lon="24.74167">
        <ele>2419.55</ele>
        <time>2024-07-06T12:21:41Z</time>
      </trkpt>
      <trkpt lat="45.59454" lon="24.74174">
        <ele>2420.11</ele>
        <time>2024-07-06T12:21:50Z</time>
      </trkpt>
      <trkpt lat="45.59454" lon="24.74176">
        <ele>2420.06</ele>
        <time>2024-07-06T12:21:51Z</time>
      </trkpt>
      <trkpt lat="45.59454" lon="24.74179">
        <ele>2419.99</ele>
        <time>2024-07-06T12:21:55Z</time>
      </trkpt>
      <trkpt lat="45.59454" lon="24.7418">
        <ele>2419.97</ele>
        <time>2024-07-06T12:21:57Z</time>
      </trkpt>
      <trkpt lat="45.59451" lon="24.74181">
        <ele>2420.43</ele>
        <time>2024-07-06T12:22:17Z</time>
      </trkpt>
      <trkpt lat="45.59446" lon="24.74182">
        <ele>2421.2</ele>
        <time>2024-07-06T12:22:22Z</time>
      </trkpt>
      <trkpt lat="45.59444" lon="24.74185">
        <ele>2421.2</ele>
        <time>2024-07-06T12:22:26Z</time>
      </trkpt>
      <trkpt lat="45.59444" lon="24.74185">
        <ele>2421.2</ele>
        <time>2024-07-06T12:22:27Z</time>
      </trkpt>
      <trkpt lat="45.59441" lon="24.74188">
        <ele>2420.18</ele>
        <time>2024-07-06T12:22:34Z</time>
      </trkpt>
      <trkpt lat="45.59439" lon="24.74192">
        <ele>2419.49</ele>
        <time>2024-07-06T12:22:38Z</time>
      </trkpt>
      <trkpt lat="45.59437" lon="24.74193">
        <ele>2418.88</ele>
        <time>2024-07-06T12:22:43Z</time>
      </trkpt>
      <trkpt lat="45.59436" lon="24.74193">
        <ele>2418.59</ele>
        <time>2024-07-06T12:22:46Z</time>
      </trkpt>
      <trkpt lat="45.59435" lon="24.74193">
        <ele>2418.3</ele>
        <time>2024-07-06T12:22:48Z</time>
      </trkpt>
      <trkpt lat="45.59434" lon="24.74194">
        <ele>2418.0</ele>
        <time>2024-07-06T12:22:52Z</time>
      </trkpt>
      <trkpt lat="45.59433" lon="24.74194">
        <ele>2417.71</ele>
        <time>2024-07-06T12:22:53Z</time>
      </trkpt>
      <trkpt lat="45.5943" lon="24.74196">
        <ele>2416.81</ele>
        <time>2024-07-06T12:22:58Z</time>
      </trkpt>
      <trkpt lat="45.59428" lon="24.74196">
        <ele>2416.24</ele>
        <time>2024-07-06T12:23:01Z</time>
      </trkpt>
      <trkpt lat="45.59428" lon="24.74196">
        <ele>2416.24</ele>
        <time>2024-07-06T12:23:02Z</time>
      </trkpt>
      <trkpt lat="45.59426" lon="24.74195">
        <ele>2415.68</ele>
        <time>2024-07-06T12:23:06Z</time>
      </trkpt>
      <trkpt lat="45.59424" lon="24.74197">
        <ele>2415.09</ele>
        <time>2024-07-06T12:23:11Z</time>
      </trkpt>
      <trkpt lat="45.59424" lon="24.74197">
        <ele>2415.09</ele>
        <time>2024-07-06T12:23:12Z</time>
      </trkpt>
      <trkpt lat="45.59422" lon="24.742">
        <ele>2414.5</ele>
        <time>2024-07-06T12:23:18Z</time>
      </trkpt>
      <trkpt lat="45.5942" lon="24.742">
        <ele>2413.94</ele>
        <time>2024-07-06T12:23:21Z</time>
      </trkpt>
      <trkpt lat="45.59418" lon="24.74202">
        <ele>2413.37</ele>
        <time>2024-07-06T12:23:24Z</time>
      </trkpt>
      <trkpt lat="45.59416" lon="24.74203">
        <ele>2412.14</ele>
        <time>2024-07-06T12:23:26Z</time>
      </trkpt>
      <trkpt lat="45.59414" lon="24.74203">
        <ele>2409.57</ele>
        <time>2024-07-06T12:23:31Z</time>
      </trkpt>
      <trkpt lat="45.59414" lon="24.74203">
        <ele>2409.57</ele>
        <time>2024-07-06T12:23:32Z</time>
      </trkpt>
      <trkpt lat="45.59412" lon="24.74201">
        <ele>2406.99</ele>
        <time>2024-07-06T12:23:36Z</time>
      </trkpt>
      <trkpt lat="45.59411" lon="24.74201">
        <ele>2405.7</ele>
        <time>2024-07-06T12:23:38Z</time>
      </trkpt>
      <trkpt lat="45.59408" lon="24.74203">
        <ele>2401.86</ele>
        <time>2024-07-06T12:23:44Z</time>
      </trkpt>
      <trkpt lat="45.59407" lon="24.74202">
        <ele>2400.57</ele>
        <time>2024-07-06T12:23:46Z</time>
      </trkpt>
      <trkpt lat="45.59405" lon="24.74203">
        <ele>2398.01</ele>
        <time>2024-07-06T12:23:52Z</time>
      </trkpt>
      <trkpt lat="45.59404" lon="24.74205">
        <ele>2396.76</ele>
        <time>2024-07-06T12:23:54Z</time>
      </trkpt>
      <trkpt lat="45.59401" lon="24.74205">
        <ele>2392.91</ele>
        <time>2024-07-06T12:24:00Z</time>
      </trkpt>
      <trkpt lat="45.59398" lon="24.74203">
        <ele>2389.01</ele>
        <time>2024-07-06T12:24:05Z</time>
      </trkpt>
      <trkpt lat="45.59396" lon="24.74202">
        <ele>2386.42</ele>
        <time>2024-07-06T12:24:10Z</time>
      </trkpt>
      <trkpt lat="45.59395" lon="24.74204">
        <ele>2385.19</ele>
        <time>2024-07-06T12:24:14Z</time>
      </trkpt>
      <trkpt lat="45.59393" lon="24.74204">
        <ele>2382.62</ele>
        <time>2024-07-06T12:24:19Z</time>
      </trkpt>
      <trkpt lat="45.59393" lon="24.74204">
        <ele>2382.62</ele>
        <time>2024-07-06T12:24:20Z</time>
      </trkpt>
      <trkpt lat="45.59391" lon="24.74202">
        <ele>2379.99</ele>
        <time>2024-07-06T12:24:25Z</time>
      </trkpt>
      <trkpt lat="45.5939" lon="24.74202">
        <ele>2378.7</ele>
        <time>2024-07-06T12:24:28Z</time>
      </trkpt>
      <trkpt lat="45.59388" lon="24.74202">
        <ele>2376.79</ele>
        <time>2024-07-06T12:24:33Z</time>
      </trkpt>
      <trkpt lat="45.59387" lon="24.74201">
        <ele>2376.25</ele>
        <time>2024-07-06T12:24:36Z</time>
      </trkpt>
      <trkpt lat="45.59387" lon="24.742">
        <ele>2376.25</ele>
        <time>2024-07-06T12:24:37Z</time>
      </trkpt>
      <trkpt lat="45.59385" lon="24.742">
        <ele>2375.24</ele>
        <time>2024-07-06T12:24:42Z</time>
      </trkpt>
      <trkpt lat="45.59383" lon="24.74201">
        <ele>2374.15</ele>
        <time>2024-07-06T12:24:48Z</time>
      </trkpt>
      <trkpt lat="45.59383" lon="24.74202">
        <ele>2374.08</ele>
        <time>2024-07-06T12:24:49Z</time>
      </trkpt>
      <trkpt lat="45.59382" lon="24.74202">
        <ele>2373.53</ele>
        <time>2024-07-06T12:24:55Z</time>
      </trkpt>
      <trkpt lat="45.59382" lon="24.74202">
        <ele>2373.53</ele>
        <time>2024-07-06T12:25:10Z</time>
      </trkpt>
      <trkpt lat="45.59382" lon="24.74202">
        <ele>2373.53</ele>
        <time>2024-07-06T12:25:17Z</time>
      </trkpt>
      <trkpt lat="45.59376" lon="24.74203">
        <ele>2370.06</ele>
        <time>2024-07-06T12:25:23Z</time>
      </trkpt>
      <trkpt lat="45.5937" lon="24.74203">
        <ele>2366.69</ele>
        <time>2024-07-06T12:25:28Z</time>
      </trkpt>
      <trkpt lat="45.59368" lon="24.74203">
        <ele>2365.56</ele>
        <time>2024-07-06T12:25:32Z</time>
      </trkpt>
      <trkpt lat="45.59367" lon="24.74205">
        <ele>2364.22</ele>
        <time>2024-07-06T12:25:35Z</time>
      </trkpt>
      <trkpt lat="45.59366" lon="24.74206">
        <ele>2363.21</ele>
        <time>2024-07-06T12:25:38Z</time>
      </trkpt>
      <trkpt lat="45.59365" lon="24.74206">
        <ele>2362.59</ele>
        <time>2024-07-06T12:25:40Z</time>
      </trkpt>
      <trkpt lat="45.59364" lon="24.74207">
        <ele>2361.52</ele>
        <time>2024-07-06T12:25:42Z</time>
      </trkpt>
      <trkpt lat="45.59362" lon="24.74208">
        <ele>2359.75</ele>
        <time>2024-07-06T12:25:47Z</time>
      </trkpt>
      <trkpt lat="45.59359" lon="24.74211">
        <ele>2357.41</ele>
        <time>2024-07-06T12:25:52Z</time>
      </trkpt>
      <trkpt lat="45.59359" lon="24.74211">
        <ele>2357.41</ele>
        <time>2024-07-06T12:25:53Z</time>
      </trkpt>
      <trkpt lat="45.59357" lon="24.7421">
        <ele>2357.64</ele>
        <time>2024-07-06T12:25:58Z</time>
      </trkpt>
      <trkpt lat="45.59356" lon="24.7421">
        <ele>2357.51</ele>
        <time>2024-07-06T12:26:01Z</time>
      </trkpt>
      <trkpt lat="45.59355" lon="24.74209">
        <ele>2357.83</ele>
        <time>2024-07-06T12:26:04Z</time>
      </trkpt>
      <trkpt lat="45.59354" lon="24.7421">
        <ele>2357.26</ele>
        <time>2024-07-06T12:26:06Z</time>
      </trkpt>
      <trkpt lat="45.59353" lon="24.74211">
        <ele>2356.71</ele>
        <time>2024-07-06T12:26:08Z</time>
      </trkpt>
      <trkpt lat="45.59352" lon="24.74212">
        <ele>2356.19</ele>
        <time>2024-07-06T12:26:10Z</time>
      </trkpt>
      <trkpt lat="45.5935" lon="24.74213">
        <ele>2355.59</ele>
        <time>2024-07-06T12:26:14Z</time>
      </trkpt>
      <trkpt lat="45.59348" lon="24.74212">
        <ele>2355.76</ele>
        <time>2024-07-06T12:26:18Z</time>
      </trkpt>
      <trkpt lat="45.59344" lon="24.74214">
        <ele>2354.69</ele>
        <time>2024-07-06T12:26:25Z</time>
      </trkpt>
      <trkpt lat="45.59344" lon="24.74215">
        <ele>2354.36</ele>
        <time>2024-07-06T12:26:26Z</time>
      </trkpt>
      <trkpt lat="45.5934" lon="24.74217">
        <ele>2353.49</ele>
        <time>2024-07-06T12:26:33Z</time>
      </trkpt>
      <trkpt lat="45.5934" lon="24.74217">
        <ele>2353.49</ele>
        <time>2024-07-06T12:26:34Z</time>
      </trkpt>
      <trkpt lat="45.59339" lon="24.7422">
        <ele>2352.61</ele>
        <time>2024-07-06T12:26:41Z</time>
      </trkpt>
      <trkpt lat="45.59337" lon="24.74221">
        <ele>2352.31</ele>
        <time>2024-07-06T12:26:45Z</time>
      </trkpt>
      <trkpt lat="45.59336" lon="24.74221">
        <ele>2352.3</ele>
        <time>2024-07-06T12:26:48Z</time>
      </trkpt>
      <trkpt lat="45.59334" lon="24.74221">
        <ele>2352.27</ele>
        <time>2024-07-06T12:26:54Z</time>
      </trkpt>
      <trkpt lat="45.59332" lon="24.74223">
        <ele>2351.11</ele>
        <time>2024-07-06T12:26:58Z</time>
      </trkpt>
      <trkpt lat="45.59331" lon="24.74224">
        <ele>2350.36</ele>
        <time>2024-07-06T12:27:00Z</time>
      </trkpt>
      <trkpt lat="45.59329" lon="24.74226">
        <ele>2348.84</ele>
        <time>2024-07-06T12:27:07Z</time>
      </trkpt>
      <trkpt lat="45.59329" lon="24.74226">
        <ele>2348.84</ele>
        <time>2024-07-06T12:27:08Z</time>
      </trkpt>
      <trkpt lat="45.59328" lon="24.74225">
        <ele>2348.52</ele>
        <time>2024-07-06T12:27:11Z</time>
      </trkpt>
      <trkpt lat="45.59325" lon="24.74224">
        <ele>2347.12</ele>
        <time>2024-07-06T12:27:17Z</time>
      </trkpt>
      <trkpt lat="45.59324" lon="24.74223">
        <ele>2346.79</ele>
        <time>2024-07-06T12:27:20Z</time>
      </trkpt>
      <trkpt lat="45.59323" lon="24.74222">
        <ele>2346.49</ele>
        <time>2024-07-06T12:27:22Z</time>
      </trkpt>
      <trkpt lat="45.59323" lon="24.74222">
        <ele>2346.49</ele>
        <time>2024-07-06T12:27:23Z</time>
      </trkpt>
      <trkpt lat="45.59321" lon="24.74222">
        <ele>2345.42</ele>
        <time>2024-07-06T12:27:29Z</time>
      </trkpt>
      <trkpt lat="45.5932" lon="24.74223">
        <ele>2344.63</ele>
        <time>2024-07-06T12:27:32Z</time>
      </trkpt>
      <trkpt lat="45.59318" lon="24.74221">
        <ele>2344.18</ele>
        <time>2024-07-06T12:27:37Z</time>
      </trkpt>
      <trkpt lat="45.59317" lon="24.7422">
        <ele>2344.04</ele>
        <time>2024-07-06T12:27:40Z</time>
      </trkpt>
      <trkpt lat="45.59316" lon="24.7422">
        <ele>2343.52</ele>
        <time>2024-07-06T12:27:44Z</time>
      </trkpt>
      <trkpt lat="45.59314" lon="24.74222">
        <ele>2341.65</ele>
        <time>2024-07-06T12:27:49Z</time>
      </trkpt>
      <trkpt lat="45.59314" lon="24.74222">
        <ele>2341.65</ele>
        <time>2024-07-06T12:27:51Z</time>
      </trkpt>
      <trkpt lat="45.59313" lon="24.74221">
        <ele>2341.54</ele>
        <time>2024-07-06T12:27:53Z</time>
      </trkpt>
      <trkpt lat="45.59312" lon="24.74221">
        <ele>2341.01</ele>
        <time>2024-07-06T12:27:58Z</time>
      </trkpt>
      <trkpt lat="45.59311" lon="24.74221">
        <ele>2340.49</ele>
        <time>2024-07-06T12:28:01Z</time>
      </trkpt>
      <trkpt lat="45.5931" lon="24.7422">
        <ele>2340.42</ele>
        <time>2024-07-06T12:28:05Z</time>
      </trkpt>
      <trkpt lat="45.59308" lon="24.7422">
        <ele>2339.38</ele>
        <time>2024-07-06T12:28:10Z</time>
      </trkpt>
      <trkpt lat="45.59307" lon="24.74219">
        <ele>2339.36</ele>
        <time>2024-07-06T12:28:13Z</time>
      </trkpt>
      <trkpt lat="45.59305" lon="24.74219">
        <ele>2338.32</ele>
        <time>2024-07-06T12:28:21Z</time>
      </trkpt>
      <trkpt lat="45.59305" lon="24.74219">
        <ele>2338.32</ele>
        <time>2024-07-06T12:28:23Z</time>
      </trkpt>
      <trkpt lat="45.59305" lon="24.74218">
        <ele>2338.82</ele>
        <time>2024-07-06T12:28:26Z</time>
      </trkpt>
      <trkpt lat="45.59303" lon="24.74219">
        <ele>2337.23</ele>
        <time>2024-07-06T12:28:32Z</time>
      </trkpt>
      <trkpt lat="45.59303" lon="24.74219">
        <ele>2337.23</ele>
        <time>2024-07-06T12:28:33Z</time>
      </trkpt>
      <trkpt lat="45.59302" lon="24.74218">
        <ele>2337.14</ele>
        <time>2024-07-06T12:28:35Z</time>
      </trkpt>
      <trkpt lat="45.59301" lon="24.74215">
        <ele>2337.92</ele>
        <time>2024-07-06T12:28:40Z</time>
      </trkpt>
      <trkpt lat="45.59301" lon="24.74216">
        <ele>2337.47</ele>
        <time>2024-07-06T12:28:41Z</time>
      </trkpt>
      <trkpt lat="45.59299" lon="24.74218">
        <ele>2335.47</ele>
        <time>2024-07-06T12:28:48Z</time>
      </trkpt>
      <trkpt lat="45.59299" lon="24.74218">
        <ele>2335.47</ele>
        <time>2024-07-06T12:28:49Z</time>
      </trkpt>
      <trkpt lat="45.59297" lon="24.74217">
        <ele>2334.74</ele>
        <time>2024-07-06T12:28:55Z</time>
      </trkpt>
      <trkpt lat="45.59296" lon="24.74217">
        <ele>2334.17</ele>
        <time>2024-07-06T12:28:56Z</time>
      </trkpt>
      <trkpt lat="45.59296" lon="24.74218">
        <ele>2333.79</ele>
        <time>2024-07-06T12:29:02Z</time>
      </trkpt>
      <trkpt lat="45.59295" lon="24.74219">
        <ele>2332.86</ele>
        <time>2024-07-06T12:29:03Z</time>
      </trkpt>
      <trkpt lat="45.59293" lon="24.74219">
        <ele>2331.77</ele>
        <time>2024-07-06T12:29:08Z</time>
      </trkpt>
      <trkpt lat="45.59293" lon="24.74218">
        <ele>2332.11</ele>
        <time>2024-07-06T12:29:11Z</time>
      </trkpt>
      <trkpt lat="45.5929" lon="24.74219">
        <ele>2330.13</ele>
        <time>2024-07-06T12:29:18Z</time>
      </trkpt>
      <trkpt lat="45.5929" lon="24.74219">
        <ele>2330.13</ele>
        <time>2024-07-06T12:29:21Z</time>
      </trkpt>
      <trkpt lat="45.59289" lon="24.74219">
        <ele>2329.59</ele>
        <time>2024-07-06T12:29:22Z</time>
      </trkpt>
      <trkpt lat="45.59288" lon="24.74218">
        <ele>2329.32</ele>
        <time>2024-07-06T12:29:26Z</time>
      </trkpt>
      <trkpt lat="45.59287" lon="24.7422">
        <ele>2328.23</ele>
        <time>2024-07-06T12:29:32Z</time>
      </trkpt>
      <trkpt lat="45.59286" lon="24.7422">
        <ele>2327.7</ele>
        <time>2024-07-06T12:29:34Z</time>
      </trkpt>
      <trkpt lat="45.59285" lon="24.74221">
        <ele>2326.93</ele>
        <time>2024-07-06T12:29:38Z</time>
      </trkpt>
      <trkpt lat="45.59283" lon="24.74221">
        <ele>2325.89</ele>
        <time>2024-07-06T12:29:43Z</time>
      </trkpt>
      <trkpt lat="45.59283" lon="24.74221">
        <ele>2325.89</ele>
        <time>2024-07-06T12:29:45Z</time>
      </trkpt>
      <trkpt lat="45.59281" lon="24.7422">
        <ele>2325.04</ele>
        <time>2024-07-06T12:29:51Z</time>
      </trkpt>
      <trkpt lat="45.59281" lon="24.7422">
        <ele>2325.04</ele>
        <time>2024-07-06T12:29:52Z</time>
      </trkpt>
      <trkpt lat="45.5928" lon="24.74221">
        <ele>2324.33</ele>
        <time>2024-07-06T12:29:55Z</time>
      </trkpt>
      <trkpt lat="45.59279" lon="24.74222">
        <ele>2323.65</ele>
        <time>2024-07-06T12:30:00Z</time>
      </trkpt>
      <trkpt lat="45.59277" lon="24.74223">
        <ele>2322.6</ele>
        <time>2024-07-06T12:30:07Z</time>
      </trkpt>
      <trkpt lat="45.59277" lon="24.74224">
        <ele>2322.6</ele>
        <time>2024-07-06T12:30:08Z</time>
      </trkpt>
      <trkpt lat="45.59276" lon="24.74225">
        <ele>2322.07</ele>
        <time>2024-07-06T12:30:11Z</time>
      </trkpt>
      <trkpt lat="45.59275" lon="24.74226">
        <ele>2321.52</ele>
        <time>2024-07-06T12:30:14Z</time>
      </trkpt>
      <trkpt lat="45.59275" lon="24.74225">
        <ele>2321.54</ele>
        <time>2024-07-06T12:30:17Z</time>
      </trkpt>
      <trkpt lat="45.59275" lon="24.74225">
        <ele>2321.54</ele>
        <time>2024-07-06T12:30:18Z</time>
      </trkpt>
      <trkpt lat="45.59273" lon="24.74223">
        <ele>2320.56</ele>
        <time>2024-07-06T12:30:24Z</time>
      </trkpt>
      <trkpt lat="45.59272" lon="24.7422">
        <ele>2320.34</ele>
        <time>2024-07-06T12:30:30Z</time>
      </trkpt>
      <trkpt lat="45.59271" lon="24.7422">
        <ele>2319.83</ele>
        <time>2024-07-06T12:30:31Z</time>
      </trkpt>
      <trkpt lat="45.5927" lon="24.74221">
        <ele>2319.21</ele>
        <time>2024-07-06T12:30:36Z</time>
      </trkpt>
      <trkpt lat="45.5927" lon="24.74222">
        <ele>2319.1</ele>
        <time>2024-07-06T12:30:38Z</time>
      </trkpt>
      <trkpt lat="45.59269" lon="24.74223">
        <ele>2318.52</ele>
        <time>2024-07-06T12:30:40Z</time>
      </trkpt>
      <trkpt lat="45.59267" lon="24.74222">
        <ele>2317.59</ele>
        <time>2024-07-06T12:30:46Z</time>
      </trkpt>
      <trkpt lat="45.59266" lon="24.74222">
        <ele>2317.08</ele>
        <time>2024-07-06T12:30:48Z</time>
      </trkpt>
      <trkpt lat="45.59264" lon="24.74221">
        <ele>2316.14</ele>
        <time>2024-07-06T12:30:56Z</time>
      </trkpt>
      <trkpt lat="45.59264" lon="24.74219">
        <ele>2316.29</ele>
        <time>2024-07-06T12:30:58Z</time>
      </trkpt>
      <trkpt lat="45.59263" lon="24.74217">
        <ele>2315.9</ele>
        <time>2024-07-06T12:31:02Z</time>
      </trkpt>
      <trkpt lat="45.59263" lon="24.74215">
        <ele>2316.04</ele>
        <time>2024-07-06T12:31:05Z</time>
      </trkpt>
      <trkpt lat="45.59262" lon="24.74214">
        <ele>2315.56</ele>
        <time>2024-07-06T12:31:10Z</time>
      </trkpt>
      <trkpt lat="45.59262" lon="24.74215">
        <ele>2315.5</ele>
        <time>2024-07-06T12:31:13Z</time>
      </trkpt>
      <trkpt lat="45.59261" lon="24.74218">
        <ele>2314.78</ele>
        <time>2024-07-06T12:31:17Z</time>
      </trkpt>
      <trkpt lat="45.5926" lon="24.7422">
        <ele>2314.16</ele>
        <time>2024-07-06T12:31:21Z</time>
      </trkpt>
      <trkpt lat="45.59259" lon="24.74223">
        <ele>2313.42</ele>
        <time>2024-07-06T12:31:26Z</time>
      </trkpt>
      <trkpt lat="45.59258" lon="24.74224">
        <ele>2312.76</ele>
        <time>2024-07-06T12:31:28Z</time>
      </trkpt>
      <trkpt lat="45.59257" lon="24.74227">
        <ele>2311.76</ele>
        <time>2024-07-06T12:31:32Z</time>
      </trkpt>
      <trkpt lat="45.59255" lon="24.74228">
        <ele>2310.5</ele>
        <time>2024-07-06T12:31:37Z</time>
      </trkpt>
      <trkpt lat="45.59254" lon="24.74228">
        <ele>2309.95</ele>
        <time>2024-07-06T12:31:39Z</time>
      </trkpt>
      <trkpt lat="45.59251" lon="24.74226">
        <ele>2308.72</ele>
        <time>2024-07-06T12:31:44Z</time>
      </trkpt>
      <trkpt lat="45.5925" lon="24.74226">
        <ele>2308.18</ele>
        <time>2024-07-06T12:31:46Z</time>
      </trkpt>
      <trkpt lat="45.59248" lon="24.74227">
        <ele>2307.41</ele>
        <time>2024-07-06T12:31:51Z</time>
      </trkpt>
      <trkpt lat="45.59244" lon="24.74228">
        <ele>2306.06</ele>
        <time>2024-07-06T12:31:56Z</time>
      </trkpt>
      <trkpt lat="45.59244" lon="24.74229">
        <ele>2305.81</ele>
        <time>2024-07-06T12:31:57Z</time>
      </trkpt>
      <trkpt lat="45.59242" lon="24.7423">
        <ele>2304.98</ele>
        <time>2024-07-06T12:32:02Z</time>
      </trkpt>
      <trkpt lat="45.59239" lon="24.74232">
        <ele>2303.56</ele>
        <time>2024-07-06T12:32:07Z</time>
      </trkpt>
      <trkpt lat="45.59237" lon="24.74232">
        <ele>2302.95</ele>
        <time>2024-07-06T12:32:11Z</time>
      </trkpt>
      <trkpt lat="45.59236" lon="24.74232">
        <ele>2302.65</ele>
        <time>2024-07-06T12:32:13Z</time>
      </trkpt>
      <trkpt lat="45.59233" lon="24.74234">
        <ele>2301.13</ele>
        <time>2024-07-06T12:32:18Z</time>
      </trkpt>
      <trkpt lat="45.5923" lon="24.74234">
        <ele>2300.19</ele>
        <time>2024-07-06T12:32:24Z</time>
      </trkpt>
      <trkpt lat="45.59223" lon="24.74236">
        <ele>2297.29</ele>
        <time>2024-07-06T12:32:32Z</time>
      </trkpt>
      <trkpt lat="45.59222" lon="24.74237">
        <ele>2296.62</ele>
        <time>2024-07-06T12:32:34Z</time>
      </trkpt>
      <trkpt lat="45.59219" lon="24.74237">
        <ele>2295.79</ele>
        <time>2024-07-06T12:32:39Z</time>
      </trkpt>
      <trkpt lat="45.59217" lon="24.74238">
        <ele>2294.94</ele>
        <time>2024-07-06T12:32:43Z</time>
      </trkpt>
      <trkpt lat="45.59216" lon="24.74238">
        <ele>2294.68</ele>
        <time>2024-07-06T12:32:45Z</time>
      </trkpt>
      <trkpt lat="45.59215" lon="24.74239">
        <ele>2294.15</ele>
        <time>2024-07-06T12:32:48Z</time>
      </trkpt>
      <trkpt lat="45.59214" lon="24.74239">
        <ele>2293.9</ele>
        <time>2024-07-06T12:32:51Z</time>
      </trkpt>
      <trkpt lat="45.59212" lon="24.74241">
        <ele>2292.94</ele>
        <time>2024-07-06T12:32:56Z</time>
      </trkpt>
      <trkpt lat="45.59211" lon="24.74241">
        <ele>2292.72</ele>
        <time>2024-07-06T12:32:58Z</time>
      </trkpt>
      <trkpt lat="45.59209" lon="24.7424">
        <ele>2292.46</ele>
        <time>2024-07-06T12:33:04Z</time>
      </trkpt>
      <trkpt lat="45.59206" lon="24.74241">
        <ele>2291.6</ele>
        <time>2024-07-06T12:33:08Z</time>
      </trkpt>
      <trkpt lat="45.59206" lon="24.74241">
        <ele>2291.6</ele>
        <time>2024-07-06T12:33:09Z</time>
      </trkpt>
      <trkpt lat="45.59202" lon="24.74241">
        <ele>2290.7</ele>
        <time>2024-07-06T12:33:16Z</time>
      </trkpt>
      <trkpt lat="45.59201" lon="24.74242">
        <ele>2290.39</ele>
        <time>2024-07-06T12:33:18Z</time>
      </trkpt>
      <trkpt lat="45.59198" lon="24.74244">
        <ele>2289.66</ele>
        <time>2024-07-06T12:33:22Z</time>
      </trkpt>
      <trkpt lat="45.59196" lon="24.74245">
        <ele>2289.27</ele>
        <time>2024-07-06T12:33:25Z</time>
      </trkpt>
      <trkpt lat="45.59194" lon="24.74243">
        <ele>2288.8</ele>
        <time>2024-07-06T12:33:29Z</time>
      </trkpt>
      <trkpt lat="45.59193" lon="24.74241">
        <ele>2288.37</ele>
        <time>2024-07-06T12:33:33Z</time>
      </trkpt>
      <trkpt lat="45.59193" lon="24.74241">
        <ele>2288.37</ele>
        <time>2024-07-06T12:33:36Z</time>
      </trkpt>
      <trkpt lat="45.59193" lon="24.74241">
        <ele>2288.37</ele>
        <time>2024-07-06T12:33:38Z</time>
      </trkpt>
      <trkpt lat="45.59192" lon="24.74242">
        <ele>2287.93</ele>
        <time>2024-07-06T12:33:41Z</time>
      </trkpt>
      <trkpt lat="45.59189" lon="24.74243">
        <ele>2286.6</ele>
        <time>2024-07-06T12:33:46Z</time>
      </trkpt>
      <trkpt lat="45.59187" lon="24.74244">
        <ele>2285.69</ele>
        <time>2024-07-06T12:33:49Z</time>
      </trkpt>
      <trkpt lat="45.59183" lon="24.74245">
        <ele>2283.87</ele>
        <time>2024-07-06T12:33:54Z</time>
      </trkpt>
      <trkpt lat="45.59181" lon="24.74246">
        <ele>2282.92</ele>
        <time>2024-07-06T12:33:56Z</time>
      </trkpt>
      <trkpt lat="45.5918" lon="24.74246">
        <ele>2282.46</ele>
        <time>2024-07-06T12:33:57Z</time>
      </trkpt>
      <trkpt lat="45.59178" lon="24.74247">
        <ele>2281.5</ele>
        <time>2024-07-06T12:34:00Z</time>
      </trkpt>
      <trkpt lat="45.59176" lon="24.74248">
        <ele>2280.51</ele>
        <time>2024-07-06T12:34:03Z</time>
      </trkpt>
      <trkpt lat="45.59175" lon="24.74248">
        <ele>2280.05</ele>
        <time>2024-07-06T12:34:06Z</time>
      </trkpt>
      <trkpt lat="45.59173" lon="24.74249">
        <ele>2279.05</ele>
        <time>2024-07-06T12:34:10Z</time>
      </trkpt>
      <trkpt lat="45.59172" lon="24.74249">
        <ele>2278.58</ele>
        <time>2024-07-06T12:34:12Z</time>
      </trkpt>
      <trkpt lat="45.59172" lon="24.74249">
        <ele>2278.58</ele>
        <time>2024-07-06T12:34:13Z</time>
      </trkpt>
      <trkpt lat="45.5917" lon="24.7425">
        <ele>2277.56</ele>
        <time>2024-07-06T12:34:15Z</time>
      </trkpt>
      <trkpt lat="45.59169" lon="24.7425">
        <ele>2277.09</ele>
        <time>2024-07-06T12:34:16Z</time>
      </trkpt>
      <trkpt lat="45.59169" lon="24.74251">
        <ele>2276.94</ele>
        <time>2024-07-06T12:34:17Z</time>
      </trkpt>
      <trkpt lat="45.59168" lon="24.74251">
        <ele>2276.47</ele>
        <time>2024-07-06T12:34:18Z</time>
      </trkpt>
      <trkpt lat="45.59164" lon="24.74253">
        <ele>2274.84</ele>
        <time>2024-07-06T12:34:24Z</time>
      </trkpt>
      <trkpt lat="45.59162" lon="24.74254">
        <ele>2274.18</ele>
        <time>2024-07-06T12:34:27Z</time>
      </trkpt>
      <trkpt lat="45.59158" lon="24.74255">
        <ele>2273.01</ele>
        <time>2024-07-06T12:34:31Z</time>
      </trkpt>
      <trkpt lat="45.59155" lon="24.74256">
        <ele>2272.14</ele>
        <time>2024-07-06T12:34:35Z</time>
      </trkpt>
      <trkpt lat="45.59153" lon="24.74256">
        <ele>2271.63</ele>
        <time>2024-07-06T12:34:37Z</time>
      </trkpt>
      <trkpt lat="45.59151" lon="24.74257">
        <ele>2271.05</ele>
        <time>2024-07-06T12:34:40Z</time>
      </trkpt>
      <trkpt lat="45.59149" lon="24.74257">
        <ele>2270.55</ele>
        <time>2024-07-06T12:34:45Z</time>
      </trkpt>
      <trkpt lat="45.59148" lon="24.74257">
        <ele>2270.29</ele>
        <time>2024-07-06T12:34:49Z</time>
      </trkpt>
      <trkpt lat="45.59147" lon="24.74257">
        <ele>2270.04</ele>
        <time>2024-07-06T12:34:52Z</time>
      </trkpt>
      <trkpt lat="45.59146" lon="24.74257">
        <ele>2269.79</ele>
        <time>2024-07-06T12:34:55Z</time>
      </trkpt>
      <trkpt lat="45.59144" lon="24.74258">
        <ele>2269.26</ele>
        <time>2024-07-06T12:34:59Z</time>
      </trkpt>
      <trkpt lat="45.59142" lon="24.74258">
        <ele>2268.77</ele>
        <time>2024-07-06T12:35:04Z</time>
      </trkpt>
      <trkpt lat="45.59139" lon="24.74259">
        <ele>2268.03</ele>
        <time>2024-07-06T12:35:08Z</time>
      </trkpt>
      <trkpt lat="45.59138" lon="24.74259">
        <ele>2268.23</ele>
        <time>2024-07-06T12:35:09Z</time>
      </trkpt>
      <trkpt lat="45.59131" lon="24.74262">
        <ele>2270.19</ele>
        <time>2024-07-06T12:35:16Z</time>
      </trkpt>
      <trkpt lat="45.59128" lon="24.74262">
        <ele>2271.03</ele>
        <time>2024-07-06T12:35:19Z</time>
      </trkpt>
      <trkpt lat="45.59125" lon="24.74263">
        <ele>2271.94</ele>
        <time>2024-07-06T12:35:23Z</time>
      </trkpt>
      <trkpt lat="45.59121" lon="24.74264">
        <ele>2273.16</ele>
        <time>2024-07-06T12:35:27Z</time>
      </trkpt>
      <trkpt lat="45.59119" lon="24.74264">
        <ele>2273.74</ele>
        <time>2024-07-06T12:35:29Z</time>
      </trkpt>
      <trkpt lat="45.59114" lon="24.74266">
        <ele>2275.44</ele>
        <time>2024-07-06T12:35:34Z</time>
      </trkpt>
      <trkpt lat="45.5911" lon="24.74269">
        <ele>2277.06</ele>
        <time>2024-07-06T12:35:38Z</time>
      </trkpt>
      <trkpt lat="45.59107" lon="24.74269">
        <ele>2277.93</ele>
        <time>2024-07-06T12:35:42Z</time>
      </trkpt>
      <trkpt lat="45.59105" lon="24.74271">
        <ele>2278.84</ele>
        <time>2024-07-06T12:35:46Z</time>
      </trkpt>
      <trkpt lat="45.59103" lon="24.74272">
        <ele>2279.61</ele>
        <time>2024-07-06T12:35:51Z</time>
      </trkpt>
      <trkpt lat="45.59103" lon="24.74272">
        <ele>2279.61</ele>
        <time>2024-07-06T12:35:53Z</time>
      </trkpt>
      <trkpt lat="45.59103" lon="24.74272">
        <ele>2279.61</ele>
        <time>2024-07-06T12:35:55Z</time>
      </trkpt>
      <trkpt lat="45.59102" lon="24.74272">
        <ele>2279.92</ele>
        <time>2024-07-06T12:36:04Z</time>
      </trkpt>
      <trkpt lat="45.59102" lon="24.74273">
        <ele>2280.09</ele>
        <time>2024-07-06T12:36:24Z</time>
      </trkpt>
      <trkpt lat="45.59101" lon="24.74273">
        <ele>2280.4</ele>
        <time>2024-07-06T12:36:40Z</time>
      </trkpt>
      <trkpt lat="45.59101" lon="24.74272">
        <ele>2280.22</ele>
        <time>2024-07-06T12:37:04Z</time>
      </trkpt>
      <trkpt lat="45.59101" lon="24.74272">
        <ele>2280.22</ele>
        <time>2024-07-06T12:37:07Z</time>
      </trkpt>
      <trkpt lat="45.59101" lon="24.74272">
        <ele>2280.22</ele>
        <time>2024-07-06T12:37:18Z</time>
      </trkpt>
      <trkpt lat="45.59101" lon="24.74272">
        <ele>2280.22</ele>
        <time>2024-07-06T12:37:21Z</time>
      </trkpt>
      <trkpt lat="45.59101" lon="24.74272">
        <ele>2280.22</ele>
        <time>2024-07-06T12:37:25Z</time>
      </trkpt>
      <trkpt lat="45.59101" lon="24.74272">
        <ele>2280.22</ele>
        <time>2024-07-06T12:37:40Z</time>
      </trkpt>
      <trkpt lat="45.59101" lon="24.74273">
        <ele>2280.4</ele>
        <time>2024-07-06T12:37:44Z</time>
      </trkpt>
      <trkpt lat="45.59101" lon="24.74273">
        <ele>2280.4</ele>
        <time>2024-07-06T12:37:54Z</time>
      </trkpt>
      <trkpt lat="45.591" lon="24.74273">
        <ele>2280.71</ele>
        <time>2024-07-06T12:37:58Z</time>
      </trkpt>
      <trkpt lat="45.591" lon="24.74273">
        <ele>2280.71</ele>
        <time>2024-07-06T12:38:18Z</time>
      </trkpt>
      <trkpt lat="45.59101" lon="24.74274">
        <ele>2280.58</ele>
        <time>2024-07-06T12:38:40Z</time>
      </trkpt>
      <trkpt lat="45.59101" lon="24.74274">
        <ele>2280.58</ele>
        <time>2024-07-06T12:39:03Z</time>
      </trkpt>
      <trkpt lat="45.59101" lon="24.74274">
        <ele>2280.58</ele>
        <time>2024-07-06T12:39:26Z</time>
      </trkpt>
      <trkpt lat="45.59101" lon="24.74274">
        <ele>2280.58</ele>
        <time>2024-07-06T12:39:38Z</time>
      </trkpt>
      <trkpt lat="45.59101" lon="24.74274">
        <ele>2280.58</ele>
        <time>2024-07-06T12:39:56Z</time>
      </trkpt>
      <trkpt lat="45.59101" lon="24.74274">
        <ele>2280.58</ele>
        <time>2024-07-06T12:40:23Z</time>
      </trkpt>
      <trkpt lat="45.59101" lon="24.74274">
        <ele>2280.58</ele>
        <time>2024-07-06T12:40:29Z</time>
      </trkpt>
      <trkpt lat="45.59101" lon="24.74274">
        <ele>2280.58</ele>
        <time>2024-07-06T12:40:34Z</time>
      </trkpt>
      <trkpt lat="45.59101" lon="24.74273">
        <ele>2280.4</ele>
        <time>2024-07-06T12:40:59Z</time>
      </trkpt>
      <trkpt lat="45.59101" lon="24.74273">
        <ele>2280.4</ele>
        <time>2024-07-06T12:41:22Z</time>
      </trkpt>
      <trkpt lat="45.59101" lon="24.74273">
        <ele>2280.4</ele>
        <time>2024-07-06T12:41:27Z</time>
      </trkpt>
      <trkpt lat="45.59101" lon="24.74273">
        <ele>2280.4</ele>
        <time>2024-07-06T12:41:30Z</time>
      </trkpt>
      <trkpt lat="45.59101" lon="24.74273">
        <ele>2280.4</ele>
        <time>2024-07-06T12:41:48Z</time>
      </trkpt>
      <trkpt lat="45.59101" lon="24.74273">
        <ele>2280.4</ele>
        <time>2024-07-06T12:42:00Z</time>
      </trkpt>
      <trkpt lat="45.59101" lon="24.74273">
        <ele>2280.4</ele>
        <time>2024-07-06T12:42:07Z</time>
      </trkpt>
      <trkpt lat="45.59101" lon="24.74273">
        <ele>2280.4</ele>
        <time>2024-07-06T12:42:08Z</time>
      </trkpt>
      <trkpt lat="45.59101" lon="24.74273">
        <ele>2280.4</ele>
        <time>2024-07-06T12:42:12Z</time>
      </trkpt>
      <trkpt lat="45.59092" lon="24.74273">
        <ele>2283.15</ele>
        <time>2024-07-06T12:42:19Z</time>
      </trkpt>
      <trkpt lat="45.59086" lon="24.74273">
        <ele>2284.98</ele>
        <time>2024-07-06T12:42:26Z</time>
      </trkpt>
      <trkpt lat="45.59084" lon="24.74273">
        <ele>2285.59</ele>
        <time>2024-07-06T12:42:29Z</time>
      </trkpt>
      <trkpt lat="45.59083" lon="24.74273">
        <ele>2285.88</ele>
        <time>2024-07-06T12:42:32Z</time>
      </trkpt>
      <trkpt lat="45.59082" lon="24.74274">
        <ele>2286.38</ele>
        <time>2024-07-06T12:42:33Z</time>
      </trkpt>
      <trkpt lat="45.59081" lon="24.74274">
        <ele>2286.63</ele>
        <time>2024-07-06T12:42:36Z</time>
      </trkpt>
      <trkpt lat="45.59081" lon="24.74275">
        <ele>2286.9</ele>
        <time>2024-07-06T12:42:37Z</time>
      </trkpt>
      <trkpt lat="45.59081" lon="24.74276">
        <ele>2287.18</ele>
        <time>2024-07-06T12:42:39Z</time>
      </trkpt>
      <trkpt lat="45.59081" lon="24.74279">
        <ele>2287.84</ele>
        <time>2024-07-06T12:42:44Z</time>
      </trkpt>
      <trkpt lat="45.59082" lon="24.74281">
        <ele>2287.84</ele>
        <time>2024-07-06T12:42:48Z</time>
      </trkpt>
      <trkpt lat="45.59081" lon="24.74282">
        <ele>2288.27</ele>
        <time>2024-07-06T12:42:49Z</time>
      </trkpt>
      <trkpt lat="45.5908" lon="24.74282">
        <ele>2288.55</ele>
        <time>2024-07-06T12:42:51Z</time>
      </trkpt>
      <trkpt lat="45.59078" lon="24.74283">
        <ele>2289.25</ele>
        <time>2024-07-06T12:42:55Z</time>
      </trkpt>
      <trkpt lat="45.59077" lon="24.74283">
        <ele>2289.53</ele>
        <time>2024-07-06T12:42:56Z</time>
      </trkpt>
      <trkpt lat="45.59077" lon="24.74283">
        <ele>2289.53</ele>
        <time>2024-07-06T12:42:58Z</time>
      </trkpt>
      <trkpt lat="45.59076" lon="24.74283">
        <ele>2289.81</ele>
        <time>2024-07-06T12:43:00Z</time>
      </trkpt>
      <trkpt lat="45.59076" lon="24.74283">
        <ele>2289.81</ele>
        <time>2024-07-06T12:43:02Z</time>
      </trkpt>
      <trkpt lat="45.59075" lon="24.74284">
        <ele>2290.23</ele>
        <time>2024-07-06T12:43:03Z</time>
      </trkpt>
      <trkpt lat="45.59075" lon="24.74284">
        <ele>2290.23</ele>
        <time>2024-07-06T12:43:04Z</time>
      </trkpt>
      <trkpt lat="45.59075" lon="24.74285">
        <ele>2290.36</ele>
        <time>2024-07-06T12:43:06Z</time>
      </trkpt>
      <trkpt lat="45.59075" lon="24.74288">
        <ele>2290.76</ele>
        <time>2024-07-06T12:43:11Z</time>
      </trkpt>
      <trkpt lat="45.59075" lon="24.7429">
        <ele>2291.03</ele>
        <time>2024-07-06T12:43:14Z</time>
      </trkpt>
      <trkpt lat="45.59072" lon="24.74292">
        <ele>2292.1</ele>
        <time>2024-07-06T12:43:18Z</time>
      </trkpt>
      <trkpt lat="45.59071" lon="24.74291">
        <ele>2292.24</ele>
        <time>2024-07-06T12:43:20Z</time>
      </trkpt>
      <trkpt lat="45.5907" lon="24.74289">
        <ele>2292.26</ele>
        <time>2024-07-06T12:43:23Z</time>
      </trkpt>
      <trkpt lat="45.5907" lon="24.74288">
        <ele>2292.14</ele>
        <time>2024-07-06T12:43:24Z</time>
      </trkpt>
      <trkpt lat="45.59069" lon="24.74288">
        <ele>2292.41</ele>
        <time>2024-07-06T12:43:26Z</time>
      </trkpt>
      <trkpt lat="45.59067" lon="24.74287">
        <ele>2292.84</ele>
        <time>2024-07-06T12:43:28Z</time>
      </trkpt>
      <trkpt lat="45.59066" lon="24.74286">
        <ele>2292.99</ele>
        <time>2024-07-06T12:43:30Z</time>
      </trkpt>
      <trkpt lat="45.59066" lon="24.74286">
        <ele>2292.99</ele>
        <time>2024-07-06T12:43:31Z</time>
      </trkpt>
      <trkpt lat="45.59063" lon="24.74284">
        <ele>2293.59</ele>
        <time>2024-07-06T12:43:37Z</time>
      </trkpt>
      <trkpt lat="45.59061" lon="24.74284">
        <ele>2294.15</ele>
        <time>2024-07-06T12:43:41Z</time>
      </trkpt>
      <trkpt lat="45.59059" lon="24.74284">
        <ele>2294.71</ele>
        <time>2024-07-06T12:43:44Z</time>
      </trkpt>
      <trkpt lat="45.59057" lon="24.74283">
        <ele>2295.16</ele>
        <time>2024-07-06T12:43:48Z</time>
      </trkpt>
      <trkpt lat="45.59056" lon="24.74283">
        <ele>2295.44</ele>
        <time>2024-07-06T12:43:50Z</time>
      </trkpt>
      <trkpt lat="45.59053" lon="24.7428">
        <ele>2296.27</ele>
        <time>2024-07-06T12:43:57Z</time>
      </trkpt>
      <trkpt lat="45.59052" lon="24.7428">
        <ele>2296.67</ele>
        <time>2024-07-06T12:43:59Z</time>
      </trkpt>
      <trkpt lat="45.59051" lon="24.74279">
        <ele>2297.03</ele>
        <time>2024-07-06T12:44:00Z</time>
      </trkpt>
      <trkpt lat="45.59047" lon="24.7428">
        <ele>2298.69</ele>
        <time>2024-07-06T12:44:07Z</time>
      </trkpt>
      <trkpt lat="45.59047" lon="24.7428">
        <ele>2298.69</ele>
        <time>2024-07-06T12:44:09Z</time>
      </trkpt>
      <trkpt lat="45.59045" lon="24.7428">
        <ele>2299.5</ele>
        <time>2024-07-06T12:44:14Z</time>
      </trkpt>
      <trkpt lat="45.59041" lon="24.74281">
        <ele>2301.03</ele>
        <time>2024-07-06T12:44:22Z</time>
      </trkpt>
      <trkpt lat="45.5904" lon="24.74281">
        <ele>2301.42</ele>
        <time>2024-07-06T12:44:24Z</time>
      </trkpt>
      <trkpt lat="45.59039" lon="24.74281">
        <ele>2301.81</ele>
        <time>2024-07-06T12:44:25Z</time>
      </trkpt>
      <trkpt lat="45.59037" lon="24.74281">
        <ele>2302.59</ele>
        <time>2024-07-06T12:44:30Z</time>
      </trkpt>
      <trkpt lat="45.59034" lon="24.74281">
        <ele>2303.76</ele>
        <time>2024-07-06T12:44:35Z</time>
      </trkpt>
      <trkpt lat="45.59032" lon="24.74281">
        <ele>2304.54</ele>
        <time>2024-07-06T12:44:39Z</time>
      </trkpt>
      <trkpt lat="45.5903" lon="24.74281">
        <ele>2305.32</ele>
        <time>2024-07-06T12:44:46Z</time>
      </trkpt>
      <trkpt lat="45.5903" lon="24.74281">
        <ele>2305.32</ele>
        <time>2024-07-06T12:44:48Z</time>
      </trkpt>
      <trkpt lat="45.59027" lon="24.74281">
        <ele>2306.33</ele>
        <time>2024-07-06T12:44:55Z</time>
      </trkpt>
      <trkpt lat="45.59026" lon="24.74281">
        <ele>2306.52</ele>
        <time>2024-07-06T12:45:03Z</time>
      </trkpt>
      <trkpt lat="45.59026" lon="24.74282">
        <ele>2306.28</ele>
        <time>2024-07-06T12:45:15Z</time>
      </trkpt>
      <trkpt lat="45.59027" lon="24.74284">
        <ele>2305.58</ele>
        <time>2024-07-06T12:45:22Z</time>
      </trkpt>
      <trkpt lat="45.59027" lon="24.74288">
        <ele>2304.58</ele>
        <time>2024-07-06T12:45:28Z</time>
      </trkpt>
      <trkpt lat="45.59027" lon="24.74292">
        <ele>2303.58</ele>
        <time>2024-07-06T12:45:35Z</time>
      </trkpt>
      <trkpt lat="45.59025" lon="24.74295">
        <ele>2303.28</ele>
        <time>2024-07-06T12:45:42Z</time>
      </trkpt>
      <trkpt lat="45.59025" lon="24.74295">
        <ele>2303.28</ele>
        <time>2024-07-06T12:45:43Z</time>
      </trkpt>
      <trkpt lat="45.59023" lon="24.74296">
        <ele>2303.49</ele>
        <time>2024-07-06T12:45:46Z</time>
      </trkpt>
      <trkpt lat="45.59022" lon="24.74297">
        <ele>2303.48</ele>
        <time>2024-07-06T12:45:48Z</time>
      </trkpt>
      <trkpt lat="45.59021" lon="24.74298">
        <ele>2303.48</ele>
        <time>2024-07-06T12:45:50Z</time>
      </trkpt>
      <trkpt lat="45.59019" lon="24.74301">
        <ele>2303.26</ele>
        <time>2024-07-06T12:45:59Z</time>
      </trkpt>
      <trkpt lat="45.59017" lon="24.74302">
        <ele>2303.51</ele>
        <time>2024-07-06T12:46:03Z</time>
      </trkpt>
      <trkpt lat="45.59013" lon="24.74302">
        <ele>2304.48</ele>
        <time>2024-07-06T12:46:12Z</time>
      </trkpt>
      <trkpt lat="45.59007" lon="24.74301">
        <ele>2306.14</ele>
        <time>2024-07-06T12:46:28Z</time>
      </trkpt>
      <trkpt lat="45.59004" lon="24.743">
        <ele>2307.05</ele>
        <time>2024-07-06T12:46:40Z</time>
      </trkpt>
      <trkpt lat="45.59004" lon="24.74298">
        <ele>2307.43</ele>
        <time>2024-07-06T12:46:48Z</time>
      </trkpt>
      <trkpt lat="45.59001" lon="24.74296">
        <ele>2308.49</ele>
        <time>2024-07-06T12:47:00Z</time>
      </trkpt>
      <trkpt lat="45.59001" lon="24.74296">
        <ele>2308.49</ele>
        <time>2024-07-06T12:47:02Z</time>
      </trkpt>
      <trkpt lat="45.59" lon="24.74296">
        <ele>2308.72</ele>
        <time>2024-07-06T12:47:08Z</time>
      </trkpt>
      <trkpt lat="45.58999" lon="24.74299">
        <ele>2308.49</ele>
        <time>2024-07-06T12:47:15Z</time>
      </trkpt>
      <trkpt lat="45.58996" lon="24.743">
        <ele>2309.27</ele>
        <time>2024-07-06T12:47:27Z</time>
      </trkpt>
      <trkpt lat="45.58995" lon="24.743">
        <ele>2309.58</ele>
        <time>2024-07-06T12:47:30Z</time>
      </trkpt>
      <trkpt lat="45.58993" lon="24.74298">
        <ele>2310.47</ele>
        <time>2024-07-06T12:47:36Z</time>
      </trkpt>
      <trkpt lat="45.58993" lon="24.74296">
        <ele>2310.72</ele>
        <time>2024-07-06T12:47:41Z</time>
      </trkpt>
      <trkpt lat="45.58992" lon="24.74294">
        <ele>2311.24</ele>
        <time>2024-07-06T12:47:47Z</time>
      </trkpt>
      <trkpt lat="45.58991" lon="24.74293">
        <ele>2311.62</ele>
        <time>2024-07-06T12:47:52Z</time>
      </trkpt>
      <trkpt lat="45.58987" lon="24.7429">
        <ele>2312.91</ele>
        <time>2024-07-06T12:48:02Z</time>
      </trkpt>
      <trkpt lat="45.58985" lon="24.74289">
        <ele>2313.45</ele>
        <time>2024-07-06T12:48:07Z</time>
      </trkpt>
      <trkpt lat="45.58983" lon="24.74289">
        <ele>2313.91</ele>
        <time>2024-07-06T12:48:17Z</time>
      </trkpt>
      <trkpt lat="45.58983" lon="24.74289">
        <ele>2313.91</ele>
        <time>2024-07-06T12:48:21Z</time>
      </trkpt>
      <trkpt lat="45.58983" lon="24.74289">
        <ele>2313.91</ele>
        <time>2024-07-06T12:48:25Z</time>
      </trkpt>
      <trkpt lat="45.58982" lon="24.74289">
        <ele>2314.14</ele>
        <time>2024-07-06T12:48:31Z</time>
      </trkpt>
      <trkpt lat="45.58982" lon="24.74289">
        <ele>2314.14</ele>
        <time>2024-07-06T12:48:35Z</time>
      </trkpt>
      <trkpt lat="45.58982" lon="24.74289">
        <ele>2314.14</ele>
        <time>2024-07-06T12:48:37Z</time>
      </trkpt>
      <trkpt lat="45.58982" lon="24.74289">
        <ele>2314.14</ele>
        <time>2024-07-06T12:48:42Z</time>
      </trkpt>
      <trkpt lat="45.58982" lon="24.74289">
        <ele>2314.14</ele>
        <time>2024-07-06T12:48:49Z</time>
      </trkpt>
      <trkpt lat="45.58981" lon="24.74289">
        <ele>2314.37</ele>
        <time>2024-07-06T12:48:53Z</time>
      </trkpt>
      <trkpt lat="45.58981" lon="24.74289">
        <ele>2314.37</ele>
        <time>2024-07-06T12:48:57Z</time>
      </trkpt>
      <trkpt lat="45.58981" lon="24.74289">
        <ele>2314.37</ele>
        <time>2024-07-06T12:49:04Z</time>
      </trkpt>
      <trkpt lat="45.58981" lon="24.74289">
        <ele>2314.37</ele>
        <time>2024-07-06T12:49:08Z</time>
      </trkpt>
      <trkpt lat="45.5898" lon="24.74289">
        <ele>2314.61</ele>
        <time>2024-07-06T12:49:18Z</time>
      </trkpt>
      <trkpt lat="45.58979" lon="24.74289">
        <ele>2314.84</ele>
        <time>2024-07-06T12:49:29Z</time>
      </trkpt>
      <trkpt lat="45.58979" lon="24.74289">
        <ele>2314.84</ele>
        <time>2024-07-06T12:49:33Z</time>
      </trkpt>
      <trkpt lat="45.58979" lon="24.74289">
        <ele>2314.84</ele>
        <time>2024-07-06T12:49:38Z</time>
      </trkpt>
      <trkpt lat="45.58978" lon="24.74289">
        <ele>2315.07</ele>
        <time>2024-07-06T12:49:46Z</time>
      </trkpt>
      <trkpt lat="45.58977" lon="24.74289">
        <ele>2315.3</ele>
        <time>2024-07-06T12:49:55Z</time>
      </trkpt>
      <trkpt lat="45.58977" lon="24.7429">
        <ele>2315.3</ele>
        <time>2024-07-06T12:50:03Z</time>
      </trkpt>
      <trkpt lat="45.58976" lon="24.7429">
        <ele>2315.54</ele>
        <time>2024-07-06T12:50:19Z</time>
      </trkpt>
      <trkpt lat="45.58952" lon="24.74295">
        <ele>2320.33</ele>
        <time>2024-07-06T12:50:26Z</time>
      </trkpt>
      <trkpt lat="45.5894" lon="24.74298">
        <ele>2323.21</ele>
        <time>2024-07-06T12:50:28Z</time>
      </trkpt>
      <trkpt lat="45.58916" lon="24.74304">
        <ele>2328.93</ele>
        <time>2024-07-06T12:50:32Z</time>
      </trkpt>
      <trkpt lat="45.58914" lon="24.74305">
        <ele>2329.76</ele>
        <time>2024-07-06T12:50:37Z</time>
      </trkpt>
      <trkpt lat="45.58914" lon="24.74305">
        <ele>2329.76</ele>
        <time>2024-07-06T12:50:40Z</time>
      </trkpt>
      <trkpt lat="45.58911" lon="24.74306">
        <ele>2330.87</ele>
        <time>2024-07-06T12:50:47Z</time>
      </trkpt>
      <trkpt lat="45.58911" lon="24.74307">
        <ele>2330.94</ele>
        <time>2024-07-06T12:50:49Z</time>
      </trkpt>
      <trkpt lat="45.5891" lon="24.74307">
        <ele>2331.28</ele>
        <time>2024-07-06T12:50:50Z</time>
      </trkpt>
      <trkpt lat="45.58909" lon="24.74307">
        <ele>2331.63</ele>
        <time>2024-07-06T12:50:55Z</time>
      </trkpt>
      <trkpt lat="45.58909" lon="24.74307">
        <ele>2331.63</ele>
        <time>2024-07-06T12:50:56Z</time>
      </trkpt>
      <trkpt lat="45.58908" lon="24.74308">
        <ele>2332.08</ele>
        <time>2024-07-06T12:51:07Z</time>
      </trkpt>
      <trkpt lat="45.58908" lon="24.74308">
        <ele>2332.08</ele>
        <time>2024-07-06T12:51:17Z</time>
      </trkpt>
      <trkpt lat="45.5891" lon="24.74313">
        <ele>2331.8</ele>
        <time>2024-07-06T12:51:27Z</time>
      </trkpt>
      <trkpt lat="45.58911" lon="24.74314">
        <ele>2331.46</ele>
        <time>2024-07-06T12:51:28Z</time>
      </trkpt>
      <trkpt lat="45.58914" lon="24.74319">
        <ele>2330.33</ele>
        <time>2024-07-06T12:51:36Z</time>
      </trkpt>
      <trkpt lat="45.58914" lon="24.74321">
        <ele>2330.4</ele>
        <time>2024-07-06T12:51:42Z</time>
      </trkpt>
      <trkpt lat="45.58914" lon="24.74326">
        <ele>2330.57</ele>
        <time>2024-07-06T12:51:52Z</time>
      </trkpt>
      <trkpt lat="45.58912" lon="24.74327">
        <ele>2331.81</ele>
        <time>2024-07-06T12:51:59Z</time>
      </trkpt>
      <trkpt lat="45.58908" lon="24.74327">
        <ele>2334.22</ele>
        <time>2024-07-06T12:52:10Z</time>
      </trkpt>
      <trkpt lat="45.58903" lon="24.74326">
        <ele>2337.05</ele>
        <time>2024-07-06T12:52:19Z</time>
      </trkpt>
      <trkpt lat="45.58899" lon="24.74323">
        <ele>2338.72</ele>
        <time>2024-07-06T12:52:29Z</time>
      </trkpt>
      <trkpt lat="45.58897" lon="24.74322">
        <ele>2339.56</ele>
        <time>2024-07-06T12:52:36Z</time>
      </trkpt>
      <trkpt lat="45.58892" lon="24.74322">
        <ele>2342.25</ele>
        <time>2024-07-06T12:52:51Z</time>
      </trkpt>
      <trkpt lat="45.58889" lon="24.74322">
        <ele>2343.86</ele>
        <time>2024-07-06T12:53:00Z</time>
      </trkpt>
      <trkpt lat="45.58887" lon="24.74323">
        <ele>2345.99</ele>
        <time>2024-07-06T12:53:11Z</time>
      </trkpt>
      <trkpt lat="45.58887" lon="24.74323">
        <ele>2345.99</ele>
        <time>2024-07-06T12:53:12Z</time>
      </trkpt>
      <trkpt lat="45.58885" lon="24.74324">
        <ele>2348.14</ele>
        <time>2024-07-06T12:53:18Z</time>
      </trkpt>
      <trkpt lat="45.58884" lon="24.74325">
        <ele>2349.38</ele>
        <time>2024-07-06T12:53:26Z</time>
      </trkpt>
      <trkpt lat="45.58884" lon="24.74327">
        <ele>2350.06</ele>
        <time>2024-07-06T12:53:31Z</time>
      </trkpt>
      <trkpt lat="45.58883" lon="24.74328">
        <ele>2351.29</ele>
        <time>2024-07-06T12:53:33Z</time>
      </trkpt>
      <trkpt lat="45.58882" lon="24.74328">
        <ele>2352.17</ele>
        <time>2024-07-06T12:53:37Z</time>
      </trkpt>
      <trkpt lat="45.58879" lon="24.74328">
        <ele>2354.83</ele>
        <time>2024-07-06T12:53:44Z</time>
      </trkpt>
      <trkpt lat="45.58878" lon="24.74328">
        <ele>2355.71</ele>
        <time>2024-07-06T12:53:50Z</time>
      </trkpt>
      <trkpt lat="45.58877" lon="24.74328">
        <ele>2356.6</ele>
        <time>2024-07-06T12:53:56Z</time>
      </trkpt>
      <trkpt lat="45.58875" lon="24.74328">
        <ele>2358.37</ele>
        <time>2024-07-06T12:54:01Z</time>
      </trkpt>
      <trkpt lat="45.58873" lon="24.74328">
        <ele>2360.14</ele>
        <time>2024-07-06T12:54:07Z</time>
      </trkpt>
      <trkpt lat="45.58872" lon="24.74328">
        <ele>2361.02</ele>
        <time>2024-07-06T12:54:14Z</time>
      </trkpt>
      <trkpt lat="45.58872" lon="24.74329">
        <ele>2361.32</ele>
        <time>2024-07-06T12:54:21Z</time>
      </trkpt>
      <trkpt lat="45.58872" lon="24.74329">
        <ele>2361.32</ele>
        <time>2024-07-06T12:54:24Z</time>
      </trkpt>
      <trkpt lat="45.58872" lon="24.74329">
        <ele>2361.32</ele>
        <time>2024-07-06T12:54:27Z</time>
      </trkpt>
      <trkpt lat="45.58872" lon="24.74329">
        <ele>2361.32</ele>
        <time>2024-07-06T12:54:30Z</time>
      </trkpt>
      <trkpt lat="45.58871" lon="24.74329">
        <ele>2362.2</ele>
        <time>2024-07-06T12:54:33Z</time>
      </trkpt>
      <trkpt lat="45.58871" lon="24.74329">
        <ele>2362.2</ele>
        <time>2024-07-06T12:54:35Z</time>
      </trkpt>
      <trkpt lat="45.58871" lon="24.74329">
        <ele>2362.2</ele>
        <time>2024-07-06T12:54:46Z</time>
      </trkpt>
      <trkpt lat="45.58871" lon="24.74329">
        <ele>2362.2</ele>
        <time>2024-07-06T12:54:51Z</time>
      </trkpt>
      <trkpt lat="45.58871" lon="24.74329">
        <ele>2362.2</ele>
        <time>2024-07-06T12:55:07Z</time>
      </trkpt>
      <trkpt lat="45.58871" lon="24.74329">
        <ele>2362.2</ele>
        <time>2024-07-06T12:55:11Z</time>
      </trkpt>
      <trkpt lat="45.58871" lon="24.74329">
        <ele>2362.2</ele>
        <time>2024-07-06T12:55:16Z</time>
      </trkpt>
      <trkpt lat="45.58871" lon="24.74329">
        <ele>2362.2</ele>
        <time>2024-07-06T12:55:21Z</time>
      </trkpt>
      <trkpt lat="45.5887" lon="24.74329">
        <ele>2363.08</ele>
        <time>2024-07-06T12:55:29Z</time>
      </trkpt>
      <trkpt lat="45.58859" lon="24.74329">
        <ele>2371.93</ele>
        <time>2024-07-06T12:55:45Z</time>
      </trkpt>
      <trkpt lat="45.58855" lon="24.7433">
        <ele>2374.1</ele>
        <time>2024-07-06T12:55:47Z</time>
      </trkpt>
      <trkpt lat="45.58851" lon="24.74333">
        <ele>2376.66</ele>
        <time>2024-07-06T12:55:53Z</time>
      </trkpt>
      <trkpt lat="45.58851" lon="24.74338">
        <ele>2377.08</ele>
        <time>2024-07-06T12:56:01Z</time>
      </trkpt>
      <trkpt lat="45.58851" lon="24.74339">
        <ele>2377.16</ele>
        <time>2024-07-06T12:56:02Z</time>
      </trkpt>
      <trkpt lat="45.58849" lon="24.74341">
        <ele>2378.09</ele>
        <time>2024-07-06T12:56:08Z</time>
      </trkpt>
      <trkpt lat="45.58849" lon="24.74343">
        <ele>2378.19</ele>
        <time>2024-07-06T12:56:11Z</time>
      </trkpt>
      <trkpt lat="45.58848" lon="24.74347">
        <ele>2378.74</ele>
        <time>2024-07-06T12:56:18Z</time>
      </trkpt>
      <trkpt lat="45.58847" lon="24.74349">
        <ele>2379.13</ele>
        <time>2024-07-06T12:56:21Z</time>
      </trkpt>
      <trkpt lat="45.58846" lon="24.74347">
        <ele>2379.39</ele>
        <time>2024-07-06T12:56:25Z</time>
      </trkpt>
      <trkpt lat="45.58846" lon="24.74345">
        <ele>2379.34</ele>
        <time>2024-07-06T12:56:28Z</time>
      </trkpt>
      <trkpt lat="45.58845" lon="24.74344">
        <ele>2379.68</ele>
        <time>2024-07-06T12:56:31Z</time>
      </trkpt>
      <trkpt lat="45.58843" lon="24.74344">
        <ele>2380.39</ele>
        <time>2024-07-06T12:56:39Z</time>
      </trkpt>
      <trkpt lat="45.58841" lon="24.74345">
        <ele>2381.08</ele>
        <time>2024-07-06T12:56:43Z</time>
      </trkpt>
      <trkpt lat="45.58838" lon="24.74343">
        <ele>2382.24</ele>
        <time>2024-07-06T12:56:49Z</time>
      </trkpt>
      <trkpt lat="45.58838" lon="24.74342">
        <ele>2382.3</ele>
        <time>2024-07-06T12:56:51Z</time>
      </trkpt>
      <trkpt lat="45.58835" lon="24.74341">
        <ele>2383.52</ele>
        <time>2024-07-06T12:56:56Z</time>
      </trkpt>
      <trkpt lat="45.58833" lon="24.7434">
        <ele>2384.37</ele>
        <time>2024-07-06T12:56:59Z</time>
      </trkpt>
      <trkpt lat="45.58829" lon="24.7434">
        <ele>2385.42</ele>
        <time>2024-07-06T12:57:05Z</time>
      </trkpt>
      <trkpt lat="45.58827" lon="24.74341">
        <ele>2385.81</ele>
        <time>2024-07-06T12:57:08Z</time>
      </trkpt>
      <trkpt lat="45.58825" lon="24.74343">
        <ele>2386.04</ele>
        <time>2024-07-06T12:57:11Z</time>
      </trkpt>
      <trkpt lat="45.58823" lon="24.74345">
        <ele>2386.25</ele>
        <time>2024-07-06T12:57:14Z</time>
      </trkpt>
      <trkpt lat="45.58819" lon="24.74345">
        <ele>2387.22</ele>
        <time>2024-07-06T12:57:18Z</time>
      </trkpt>
      <trkpt lat="45.58811" lon="24.74346">
        <ele>2388.96</ele>
        <time>2024-07-06T12:57:26Z</time>
      </trkpt>
      <trkpt lat="45.58804" lon="24.74347">
        <ele>2390.85</ele>
        <time>2024-07-06T12:57:34Z</time>
      </trkpt>
      <trkpt lat="45.58798" lon="24.74348">
        <ele>2393.88</ele>
        <time>2024-07-06T12:57:41Z</time>
      </trkpt>
      <trkpt lat="45.58794" lon="24.74351">
        <ele>2395.95</ele>
        <time>2024-07-06T12:57:46Z</time>
      </trkpt>
      <trkpt lat="45.58793" lon="24.74352">
        <ele>2396.53</ele>
        <time>2024-07-06T12:57:48Z</time>
      </trkpt>
      <trkpt lat="45.58786" lon="24.74354">
        <ele>2400.98</ele>
        <time>2024-07-06T12:57:55Z</time>
      </trkpt>
      <trkpt lat="45.5878" lon="24.74354">
        <ele>2404.79</ele>
        <time>2024-07-06T12:58:03Z</time>
      </trkpt>
      <trkpt lat="45.58779" lon="24.74355">
        <ele>2405.66</ele>
        <time>2024-07-06T12:58:05Z</time>
      </trkpt>
      <trkpt lat="45.58774" lon="24.74357">
        <ele>2406.74</ele>
        <time>2024-07-06T12:58:10Z</time>
      </trkpt>
      <trkpt lat="45.58773" lon="24.74362">
        <ele>2406.98</ele>
        <time>2024-07-06T12:58:14Z</time>
      </trkpt>
      <trkpt lat="45.58773" lon="24.74363">
        <ele>2406.42</ele>
        <time>2024-07-06T12:58:15Z</time>
      </trkpt>
      <trkpt lat="45.58772" lon="24.74366">
        <ele>2404.77</ele>
        <time>2024-07-06T12:58:18Z</time>
      </trkpt>
      <trkpt lat="45.58771" lon="24.74369">
        <ele>2403.32</ele>
        <time>2024-07-06T12:58:26Z</time>
      </trkpt>
      <trkpt lat="45.58771" lon="24.7437">
        <ele>2402.82</ele>
        <time>2024-07-06T12:58:29Z</time>
      </trkpt>
      <trkpt lat="45.5877" lon="24.7437">
        <ele>2403.0</ele>
        <time>2024-07-06T12:58:34Z</time>
      </trkpt>
      <trkpt lat="45.5877" lon="24.7437">
        <ele>2403.0</ele>
        <time>2024-07-06T12:58:58Z</time>
      </trkpt>
      <trkpt lat="45.58771" lon="24.74371">
        <ele>2402.32</ele>
        <time>2024-07-06T12:59:03Z</time>
      </trkpt>
      <trkpt lat="45.58771" lon="24.74372">
        <ele>2401.82</ele>
        <time>2024-07-06T12:59:09Z</time>
      </trkpt>
      <trkpt lat="45.58771" lon="24.74372">
        <ele>2401.82</ele>
        <time>2024-07-06T12:59:16Z</time>
      </trkpt>
      <trkpt lat="45.58771" lon="24.74372">
        <ele>2401.82</ele>
        <time>2024-07-06T12:59:20Z</time>
      </trkpt>
      <trkpt lat="45.58771" lon="24.74371">
        <ele>2402.32</ele>
        <time>2024-07-06T12:59:26Z</time>
      </trkpt>
      <trkpt lat="45.58771" lon="24.7437">
        <ele>2402.82</ele>
        <time>2024-07-06T12:59:29Z</time>
      </trkpt>
      <trkpt lat="45.58771" lon="24.7437">
        <ele>2402.82</ele>
        <time>2024-07-06T12:59:39Z</time>
      </trkpt>
      <trkpt lat="45.58773" lon="24.74374">
        <ele>2400.2</ele>
        <time>2024-07-06T12:59:54Z</time>
      </trkpt>
      <trkpt lat="45.58774" lon="24.74376">
        <ele>2398.69</ele>
        <time>2024-07-06T12:59:55Z</time>
      </trkpt>
      <trkpt lat="45.58778" lon="24.74381">
        <ele>2393.55</ele>
        <time>2024-07-06T13:00:01Z</time>
      </trkpt>
      <trkpt lat="45.58779" lon="24.74384">
        <ele>2390.81</ele>
        <time>2024-07-06T13:00:08Z</time>
      </trkpt>
      <trkpt lat="45.58779" lon="24.74385">
        <ele>2390.1</ele>
        <time>2024-07-06T13:00:09Z</time>
      </trkpt>
      <trkpt lat="45.5878" lon="24.74385">
        <ele>2389.53</ele>
        <time>2024-07-06T13:00:18Z</time>
      </trkpt>
      <trkpt lat="45.58779" lon="24.74385">
        <ele>2390.1</ele>
        <time>2024-07-06T13:00:38Z</time>
      </trkpt>
      <trkpt lat="45.58777" lon="24.74379">
        <ele>2395.49</ele>
        <time>2024-07-06T13:00:49Z</time>
      </trkpt>
      <trkpt lat="45.58775" lon="24.74377">
        <ele>2397.69</ele>
        <time>2024-07-06T13:00:51Z</time>
      </trkpt>
      <trkpt lat="45.58775" lon="24.74376">
        <ele>2398.32</ele>
        <time>2024-07-06T13:00:52Z</time>
      </trkpt>
      <trkpt lat="45.58773" lon="24.74373">
        <ele>2400.76</ele>
        <time>2024-07-06T13:01:08Z</time>
      </trkpt>
      <trkpt lat="45.58773" lon="24.74371">
        <ele>2401.89</ele>
        <time>2024-07-06T13:01:34Z</time>
      </trkpt>
      <trkpt lat="45.58773" lon="24.74371">
        <ele>2401.89</ele>
        <time>2024-07-06T13:01:42Z</time>
      </trkpt>
      <trkpt lat="45.58773" lon="24.74371">
        <ele>2401.89</ele>
        <time>2024-07-06T13:01:48Z</time>
      </trkpt>
      <trkpt lat="45.58773" lon="24.74371">
        <ele>2401.89</ele>
        <time>2024-07-06T13:01:54Z</time>
      </trkpt>
      <trkpt lat="45.58773" lon="24.74372">
        <ele>2401.33</ele>
        <time>2024-07-06T13:01:57Z</time>
      </trkpt>
      <trkpt lat="45.58773" lon="24.74372">
        <ele>2401.33</ele>
        <time>2024-07-06T13:02:02Z</time>
      </trkpt>
      <trkpt lat="45.58773" lon="24.74372">
        <ele>2401.33</ele>
        <time>2024-07-06T13:02:41Z</time>
      </trkpt>
      <trkpt lat="45.58773" lon="24.74372">
        <ele>2401.33</ele>
        <time>2024-07-06T13:02:56Z</time>
      </trkpt>
      <trkpt lat="45.58773" lon="24.74372">
        <ele>2401.33</ele>
        <time>2024-07-06T13:03:01Z</time>
      </trkpt>
      <trkpt lat="45.58773" lon="24.74372">
        <ele>2401.33</ele>
        <time>2024-07-06T13:03:11Z</time>
      </trkpt>
      <trkpt lat="45.58772" lon="24.74371">
        <ele>2402.11</ele>
        <time>2024-07-06T13:03:40Z</time>
      </trkpt>
      <trkpt lat="45.58772" lon="24.7437">
        <ele>2402.64</ele>
        <time>2024-07-06T13:03:42Z</time>
      </trkpt>
      <trkpt lat="45.58773" lon="24.7437">
        <ele>2402.46</ele>
        <time>2024-07-06T13:03:54Z</time>
      </trkpt>
      <trkpt lat="45.58773" lon="24.7437">
        <ele>2402.46</ele>
        <time>2024-07-06T13:03:57Z</time>
      </trkpt>
      <trkpt lat="45.58773" lon="24.7437">
        <ele>2402.46</ele>
        <time>2024-07-06T13:04:03Z</time>
      </trkpt>
      <trkpt lat="45.58773" lon="24.7437">
        <ele>2402.46</ele>
        <time>2024-07-06T13:04:08Z</time>
      </trkpt>
      <trkpt lat="45.58773" lon="24.7437">
        <ele>2402.46</ele>
        <time>2024-07-06T13:04:31Z</time>
      </trkpt>
      <trkpt lat="45.58773" lon="24.7437">
        <ele>2402.46</ele>
        <time>2024-07-06T13:04:33Z</time>
      </trkpt>
      <trkpt lat="45.58773" lon="24.7437">
        <ele>2402.46</ele>
        <time>2024-07-06T13:04:41Z</time>
      </trkpt>
      <trkpt lat="45.58772" lon="24.7437">
        <ele>2402.64</ele>
        <time>2024-07-06T13:05:07Z</time>
      </trkpt>
      <trkpt lat="45.58772" lon="24.7437">
        <ele>2402.64</ele>
        <time>2024-07-06T13:05:14Z</time>
      </trkpt>
      <trkpt lat="45.58772" lon="24.7437">
        <ele>2402.64</ele>
        <time>2024-07-06T13:05:22Z</time>
      </trkpt>
      <trkpt lat="45.58772" lon="24.7437">
        <ele>2402.64</ele>
        <time>2024-07-06T13:05:59Z</time>
      </trkpt>
      <trkpt lat="45.58772" lon="24.7437">
        <ele>2402.64</ele>
        <time>2024-07-06T13:06:10Z</time>
      </trkpt>
      <trkpt lat="45.58772" lon="24.7437">
        <ele>2402.64</ele>
        <time>2024-07-06T13:06:17Z</time>
      </trkpt>
      <trkpt lat="45.58772" lon="24.7437">
        <ele>2402.64</ele>
        <time>2024-07-06T13:06:21Z</time>
      </trkpt>
      <trkpt lat="45.58772" lon="24.7437">
        <ele>2402.64</ele>
        <time>2024-07-06T13:06:32Z</time>
      </trkpt>
      <trkpt lat="45.58772" lon="24.7437">
        <ele>2402.64</ele>
        <time>2024-07-06T13:06:38Z</time>
      </trkpt>
      <trkpt lat="45.58772" lon="24.7437">
        <ele>2402.64</ele>
        <time>2024-07-06T13:07:26Z</time>
      </trkpt>
      <trkpt lat="45.58772" lon="24.74369">
        <ele>2403.17</ele>
        <time>2024-07-06T13:07:51Z</time>
      </trkpt>
      <trkpt lat="45.58772" lon="24.74369">
        <ele>2403.17</ele>
        <time>2024-07-06T13:08:11Z</time>
      </trkpt>
      <trkpt lat="45.58772" lon="24.74369">
        <ele>2403.17</ele>
        <time>2024-07-06T13:08:16Z</time>
      </trkpt>
      <trkpt lat="45.58772" lon="24.74369">
        <ele>2403.17</ele>
        <time>2024-07-06T13:08:20Z</time>
      </trkpt>
      <trkpt lat="45.58772" lon="24.74369">
        <ele>2403.17</ele>
        <time>2024-07-06T13:08:43Z</time>
      </trkpt>
      <trkpt lat="45.58772" lon="24.74369">
        <ele>2403.17</ele>
        <time>2024-07-06T13:09:13Z</time>
      </trkpt>
      <trkpt lat="45.58766" lon="24.74358">
        <ele>2406.37</ele>
        <time>2024-07-06T13:09:34Z</time>
      </trkpt>
      <trkpt lat="45.58757" lon="24.74345">
        <ele>2405.6</ele>
        <time>2024-07-06T13:09:44Z</time>
      </trkpt>
      <trkpt lat="45.58753" lon="24.74339">
        <ele>2406.14</ele>
        <time>2024-07-06T13:09:51Z</time>
      </trkpt>
      <trkpt lat="45.58752" lon="24.74337">
        <ele>2406.39</ele>
        <time>2024-07-06T13:09:53Z</time>
      </trkpt>
      <trkpt lat="45.58751" lon="24.74333">
        <ele>2406.84</ele>
        <time>2024-07-06T13:09:57Z</time>
      </trkpt>
      <trkpt lat="45.58748" lon="24.74328">
        <ele>2408.18</ele>
        <time>2024-07-06T13:10:02Z</time>
      </trkpt>
      <trkpt lat="45.58745" lon="24.74322">
        <ele>2409.39</ele>
        <time>2024-07-06T13:10:10Z</time>
      </trkpt>
      <trkpt lat="45.58738" lon="24.74314">
        <ele>2410.7</ele>
        <time>2024-07-06T13:10:20Z</time>
      </trkpt>
      <trkpt lat="45.58732" lon="24.74304">
        <ele>2411.4</ele>
        <time>2024-07-06T13:10:31Z</time>
      </trkpt>
      <trkpt lat="45.58731" lon="24.74302">
        <ele>2411.46</ele>
        <time>2024-07-06T13:10:33Z</time>
      </trkpt>
      <trkpt lat="45.5873" lon="24.74301">
        <ele>2411.5</ele>
        <time>2024-07-06T13:10:34Z</time>
      </trkpt>
      <trkpt lat="45.58725" lon="24.74296">
        <ele>2411.93</ele>
        <time>2024-07-06T13:10:42Z</time>
      </trkpt>
      <trkpt lat="45.58722" lon="24.74293">
        <ele>2412.31</ele>
        <time>2024-07-06T13:10:46Z</time>
      </trkpt>
      <trkpt lat="45.58721" lon="24.74292">
        <ele>2412.2</ele>
        <time>2024-07-06T13:10:48Z</time>
      </trkpt>
      <trkpt lat="45.58718" lon="24.74288">
        <ele>2411.86</ele>
        <time>2024-07-06T13:10:53Z</time>
      </trkpt>
      <trkpt lat="45.58717" lon="24.74287">
        <ele>2411.69</ele>
        <time>2024-07-06T13:10:55Z</time>
      </trkpt>
      <trkpt lat="45.58715" lon="24.74277">
        <ele>2411.22</ele>
        <time>2024-07-06T13:11:02Z</time>
      </trkpt>
      <trkpt lat="45.58714" lon="24.74274">
        <ele>2409.24</ele>
        <time>2024-07-06T13:11:04Z</time>
      </trkpt>
      <trkpt lat="45.58709" lon="24.74265">
        <ele>2403.6</ele>
        <time>2024-07-06T13:11:13Z</time>
      </trkpt>
      <trkpt lat="45.58709" lon="24.74264">
        <ele>2403.13</ele>
        <time>2024-07-06T13:11:14Z</time>
      </trkpt>
      <trkpt lat="45.58705" lon="24.74265">
        <ele>2403.1</ele>
        <time>2024-07-06T13:11:18Z</time>
      </trkpt>
      <trkpt lat="45.58704" lon="24.74264">
        <ele>2402.58</ele>
        <time>2024-07-06T13:11:19Z</time>
      </trkpt>
      <trkpt lat="45.58703" lon="24.74263">
        <ele>2402.08</ele>
        <time>2024-07-06T13:11:21Z</time>
      </trkpt>
      <trkpt lat="45.587" lon="24.74262">
        <ele>2401.46</ele>
        <time>2024-07-06T13:11:24Z</time>
      </trkpt>
      <trkpt lat="45.58694" lon="24.74263">
        <ele>2401.12</ele>
        <time>2024-07-06T13:11:30Z</time>
      </trkpt>
      <trkpt lat="45.58687" lon="24.74257">
        <ele>2397.28</ele>
        <time>2024-07-06T13:11:39Z</time>
      </trkpt>
      <trkpt lat="45.58682" lon="24.74256">
        <ele>2395.38</ele>
        <time>2024-07-06T13:11:44Z</time>
      </trkpt>
      <trkpt lat="45.58679" lon="24.74252">
        <ele>2393.46</ele>
        <time>2024-07-06T13:11:49Z</time>
      </trkpt>
      <trkpt lat="45.58671" lon="24.74247">
        <ele>2389.46</ele>
        <time>2024-07-06T13:11:57Z</time>
      </trkpt>
      <trkpt lat="45.58664" lon="24.74243">
        <ele>2386.31</ele>
        <time>2024-07-06T13:12:07Z</time>
      </trkpt>
      <trkpt lat="45.58663" lon="24.74243">
        <ele>2386.06</ele>
        <time>2024-07-06T13:12:08Z</time>
      </trkpt>
      <trkpt lat="45.58657" lon="24.74241">
        <ele>2383.87</ele>
        <time>2024-07-06T13:12:15Z</time>
      </trkpt>
      <trkpt lat="45.58653" lon="24.74239">
        <ele>2382.1</ele>
        <time>2024-07-06T13:12:20Z</time>
      </trkpt>
      <trkpt lat="45.58649" lon="24.74238">
        <ele>2380.63</ele>
        <time>2024-07-06T13:12:25Z</time>
      </trkpt>
      <trkpt lat="45.58649" lon="24.74238">
        <ele>2380.63</ele>
        <time>2024-07-06T13:12:26Z</time>
      </trkpt>
      <trkpt lat="45.58643" lon="24.74234">
        <ele>2377.32</ele>
        <time>2024-07-06T13:12:33Z</time>
      </trkpt>
      <trkpt lat="45.58639" lon="24.74233">
        <ele>2375.69</ele>
        <time>2024-07-06T13:12:37Z</time>
      </trkpt>
      <trkpt lat="45.58637" lon="24.74233">
        <ele>2374.55</ele>
        <time>2024-07-06T13:12:39Z</time>
      </trkpt>
      <trkpt lat="45.58634" lon="24.74233">
        <ele>2372.78</ele>
        <time>2024-07-06T13:12:43Z</time>
      </trkpt>
      <trkpt lat="45.58632" lon="24.74233">
        <ele>2371.61</ele>
        <time>2024-07-06T13:12:45Z</time>
      </trkpt>
      <trkpt lat="45.58625" lon="24.74231">
        <ele>2366.84</ele>
        <time>2024-07-06T13:12:51Z</time>
      </trkpt>
      <trkpt lat="45.58617" lon="24.7423">
        <ele>2362.0</ele>
        <time>2024-07-06T13:13:00Z</time>
      </trkpt>
      <trkpt lat="45.58612" lon="24.7423">
        <ele>2359.18</ele>
        <time>2024-07-06T13:13:05Z</time>
      </trkpt>
      <trkpt lat="45.58607" lon="24.7423">
        <ele>2357.48</ele>
        <time>2024-07-06T13:13:11Z</time>
      </trkpt>
      <trkpt lat="45.58604" lon="24.7423">
        <ele>2356.6</ele>
        <time>2024-07-06T13:13:15Z</time>
      </trkpt>
      <trkpt lat="45.58599" lon="24.7423">
        <ele>2355.14</ele>
        <time>2024-07-06T13:13:20Z</time>
      </trkpt>
      <trkpt lat="45.58591" lon="24.74231">
        <ele>2352.91</ele>
        <time>2024-07-06T13:13:27Z</time>
      </trkpt>
      <trkpt lat="45.5859" lon="24.74231">
        <ele>2352.62</ele>
        <time>2024-07-06T13:13:28Z</time>
      </trkpt>
      <trkpt lat="45.58582" lon="24.74231">
        <ele>2350.77</ele>
        <time>2024-07-06T13:13:36Z</time>
      </trkpt>
      <trkpt lat="45.58581" lon="24.7423">
        <ele>2350.79</ele>
        <time>2024-07-06T13:13:38Z</time>
      </trkpt>
      <trkpt lat="45.58576" lon="24.7423">
        <ele>2351.27</ele>
        <time>2024-07-06T13:13:43Z</time>
      </trkpt>
      <trkpt lat="45.58574" lon="24.74229">
        <ele>2351.32</ele>
        <time>2024-07-06T13:13:45Z</time>
      </trkpt>
      <trkpt lat="45.58567" lon="24.74228">
        <ele>2351.74</ele>
        <time>2024-07-06T13:13:53Z</time>
      </trkpt>
      <trkpt lat="45.58565" lon="24.74229">
        <ele>2352.11</ele>
        <time>2024-07-06T13:13:56Z</time>
      </trkpt>
      <trkpt lat="45.58556" lon="24.7423">
        <ele>2353.2</ele>
        <time>2024-07-06T13:14:05Z</time>
      </trkpt>
      <trkpt lat="45.58552" lon="24.74231">
        <ele>2354.25</ele>
        <time>2024-07-06T13:14:09Z</time>
      </trkpt>
      <trkpt lat="45.58547" lon="24.74231">
        <ele>2355.26</ele>
        <time>2024-07-06T13:14:15Z</time>
      </trkpt>
      <trkpt lat="45.58541" lon="24.7423">
        <ele>2356.15</ele>
        <time>2024-07-06T13:14:22Z</time>
      </trkpt>
      <trkpt lat="45.58539" lon="24.74229">
        <ele>2356.22</ele>
        <time>2024-07-06T13:14:24Z</time>
      </trkpt>
      <trkpt lat="45.58537" lon="24.74229">
        <ele>2356.62</ele>
        <time>2024-07-06T13:14:27Z</time>
      </trkpt>
      <trkpt lat="45.58536" lon="24.74228">
        <ele>2356.48</ele>
        <time>2024-07-06T13:14:30Z</time>
      </trkpt>
      <trkpt lat="45.58529" lon="24.74226">
        <ele>2357.13</ele>
        <time>2024-07-06T13:14:37Z</time>
      </trkpt>
      <trkpt lat="45.58522" lon="24.74227">
        <ele>2359.69</ele>
        <time>2024-07-06T13:14:45Z</time>
      </trkpt>
      <trkpt lat="45.58517" lon="24.74228">
        <ele>2361.62</ele>
        <time>2024-07-06T13:14:51Z</time>
      </trkpt>
      <trkpt lat="45.58515" lon="24.74229">
        <ele>2362.49</ele>
        <time>2024-07-06T13:14:53Z</time>
      </trkpt>
      <trkpt lat="45.58513" lon="24.7423">
        <ele>2363.31</ele>
        <time>2024-07-06T13:14:55Z</time>
      </trkpt>
      <trkpt lat="45.5851" lon="24.7423">
        <ele>2364.23</ele>
        <time>2024-07-06T13:14:58Z</time>
      </trkpt>
      <trkpt lat="45.58508" lon="24.7423">
        <ele>2364.84</ele>
        <time>2024-07-06T13:15:00Z</time>
      </trkpt>
      <trkpt lat="45.58507" lon="24.7423">
        <ele>2365.14</ele>
        <time>2024-07-06T13:15:01Z</time>
      </trkpt>
      <trkpt lat="45.58498" lon="24.74228">
        <ele>2368.57</ele>
        <time>2024-07-06T13:15:10Z</time>
      </trkpt>
      <trkpt lat="45.58493" lon="24.7423">
        <ele>2371.97</ele>
        <time>2024-07-06T13:15:15Z</time>
      </trkpt>
      <trkpt lat="45.58491" lon="24.7423">
        <ele>2373.31</ele>
        <time>2024-07-06T13:15:18Z</time>
      </trkpt>
      <trkpt lat="45.58488" lon="24.74231">
        <ele>2375.27</ele>
        <time>2024-07-06T13:15:21Z</time>
      </trkpt>
      <trkpt lat="45.58483" lon="24.74232">
        <ele>2378.51</ele>
        <time>2024-07-06T13:15:27Z</time>
      </trkpt>
      <trkpt lat="45.58479" lon="24.74233">
        <ele>2381.04</ele>
        <time>2024-07-06T13:15:33Z</time>
      </trkpt>
      <trkpt lat="45.58476" lon="24.74233">
        <ele>2382.99</ele>
        <time>2024-07-06T13:15:37Z</time>
      </trkpt>
      <trkpt lat="45.58475" lon="24.74233">
        <ele>2383.64</ele>
        <time>2024-07-06T13:15:38Z</time>
      </trkpt>
      <trkpt lat="45.58474" lon="24.74233">
        <ele>2384.29</ele>
        <time>2024-07-06T13:15:40Z</time>
      </trkpt>
      <trkpt lat="45.58466" lon="24.74235">
        <ele>2387.44</ele>
        <time>2024-07-06T13:15:50Z</time>
      </trkpt>
      <trkpt lat="45.58462" lon="24.74237">
        <ele>2388.5</ele>
        <time>2024-07-06T13:15:57Z</time>
      </trkpt>
      <trkpt lat="45.58462" lon="24.74238">
        <ele>2388.31</ele>
        <time>2024-07-06T13:15:58Z</time>
      </trkpt>
      <trkpt lat="45.58459" lon="24.7424">
        <ele>2388.93</ele>
        <time>2024-07-06T13:16:05Z</time>
      </trkpt>
      <trkpt lat="45.58457" lon="24.74242">
        <ele>2389.17</ele>
        <time>2024-07-06T13:16:08Z</time>
      </trkpt>
      <trkpt lat="45.58454" lon="24.74246">
        <ele>2389.2</ele>
        <time>2024-07-06T13:16:15Z</time>
      </trkpt>
      <trkpt lat="45.58451" lon="24.74246">
        <ele>2390.13</ele>
        <time>2024-07-06T13:16:21Z</time>
      </trkpt>
      <trkpt lat="45.58449" lon="24.74247">
        <ele>2390.48</ele>
        <time>2024-07-06T13:16:25Z</time>
      </trkpt>
      <trkpt lat="45.58448" lon="24.74248">
        <ele>2390.52</ele>
        <time>2024-07-06T13:16:29Z</time>
      </trkpt>
      <trkpt lat="45.58447" lon="24.74252">
        <ele>2389.97</ele>
        <time>2024-07-06T13:16:36Z</time>
      </trkpt>
      <trkpt lat="45.58446" lon="24.74252">
        <ele>2390.26</ele>
        <time>2024-07-06T13:16:37Z</time>
      </trkpt>
      <trkpt lat="45.58446" lon="24.74253">
        <ele>2390.11</ele>
        <time>2024-07-06T13:16:39Z</time>
      </trkpt>
      <trkpt lat="45.58442" lon="24.74252">
        <ele>2391.53</ele>
        <time>2024-07-06T13:16:48Z</time>
      </trkpt>
      <trkpt lat="45.58442" lon="24.74252">
        <ele>2391.53</ele>
        <time>2024-07-06T13:16:49Z</time>
      </trkpt>
      <trkpt lat="45.58439" lon="24.74252">
        <ele>2392.54</ele>
        <time>2024-07-06T13:16:56Z</time>
      </trkpt>
      <trkpt lat="45.58439" lon="24.74252">
        <ele>2392.54</ele>
        <time>2024-07-06T13:17:03Z</time>
      </trkpt>
      <trkpt lat="45.58439" lon="24.74253">
        <ele>2392.34</ele>
        <time>2024-07-06T13:17:04Z</time>
      </trkpt>
      <trkpt lat="45.58439" lon="24.74256">
        <ele>2391.71</ele>
        <time>2024-07-06T13:17:10Z</time>
      </trkpt>
      <trkpt lat="45.58439" lon="24.74256">
        <ele>2391.71</ele>
        <time>2024-07-06T13:17:11Z</time>
      </trkpt>
      <trkpt lat="45.58438" lon="24.74258">
        <ele>2391.57</ele>
        <time>2024-07-06T13:17:15Z</time>
      </trkpt>
      <trkpt lat="45.58437" lon="24.7426">
        <ele>2391.37</ele>
        <time>2024-07-06T13:17:19Z</time>
      </trkpt>
      <trkpt lat="45.58436" lon="24.7426">
        <ele>2391.62</ele>
        <time>2024-07-06T13:17:24Z</time>
      </trkpt>
      <trkpt lat="45.58435" lon="24.7426">
        <ele>2391.86</ele>
        <time>2024-07-06T13:17:26Z</time>
      </trkpt>
      <trkpt lat="45.58434" lon="24.74261">
        <ele>2391.84</ele>
        <time>2024-07-06T13:17:28Z</time>
      </trkpt>
      <trkpt lat="45.58434" lon="24.74261">
        <ele>2391.84</ele>
        <time>2024-07-06T13:17:29Z</time>
      </trkpt>
      <trkpt lat="45.58432" lon="24.74262">
        <ele>2392.01</ele>
        <time>2024-07-06T13:17:33Z</time>
      </trkpt>
      <trkpt lat="45.58432" lon="24.74263">
        <ele>2391.72</ele>
        <time>2024-07-06T13:17:35Z</time>
      </trkpt>
      <trkpt lat="45.5843" lon="24.74263">
        <ele>2392.14</ele>
        <time>2024-07-06T13:17:38Z</time>
      </trkpt>
      <trkpt lat="45.58428" lon="24.74263">
        <ele>2392.55</ele>
        <time>2024-07-06T13:17:43Z</time>
      </trkpt>
      <trkpt lat="45.58427" lon="24.74263">
        <ele>2392.76</ele>
        <time>2024-07-06T13:17:44Z</time>
      </trkpt>
      <trkpt lat="45.58424" lon="24.74262">
        <ele>2393.77</ele>
        <time>2024-07-06T13:17:48Z</time>
      </trkpt>
      <trkpt lat="45.58422" lon="24.74262">
        <ele>2394.21</ele>
        <time>2024-07-06T13:17:51Z</time>
      </trkpt>
      <trkpt lat="45.5842" lon="24.74262">
        <ele>2394.65</ele>
        <time>2024-07-06T13:17:54Z</time>
      </trkpt>
      <trkpt lat="45.58418" lon="24.74262">
        <ele>2395.09</ele>
        <time>2024-07-06T13:17:57Z</time>
      </trkpt>
      <trkpt lat="45.58416" lon="24.74261">
        <ele>2395.8</ele>
        <time>2024-07-06T13:17:59Z</time>
      </trkpt>
      <trkpt lat="45.58413" lon="24.74262">
        <ele>2395.06</ele>
        <time>2024-07-06T13:18:05Z</time>
      </trkpt>
      <trkpt lat="45.58413" lon="24.74262">
        <ele>2395.06</ele>
        <time>2024-07-06T13:18:06Z</time>
      </trkpt>
      <trkpt lat="45.58411" lon="24.74263">
        <ele>2394.36</ele>
        <time>2024-07-06T13:18:10Z</time>
      </trkpt>
      <trkpt lat="45.5841" lon="24.74263">
        <ele>2394.26</ele>
        <time>2024-07-06T13:18:12Z</time>
      </trkpt>
      <trkpt lat="45.5841" lon="24.74263">
        <ele>2394.26</ele>
        <time>2024-07-06T13:18:13Z</time>
      </trkpt>
      <trkpt lat="45.58407" lon="24.74264">
        <ele>2393.39</ele>
        <time>2024-07-06T13:18:17Z</time>
      </trkpt>
      <trkpt lat="45.58406" lon="24.74265">
        <ele>2392.71</ele>
        <time>2024-07-06T13:18:21Z</time>
      </trkpt>
      <trkpt lat="45.58405" lon="24.74267">
        <ele>2391.41</ele>
        <time>2024-07-06T13:18:25Z</time>
      </trkpt>
      <trkpt lat="45.58405" lon="24.74268">
        <ele>2390.82</ele>
        <time>2024-07-06T13:18:27Z</time>
      </trkpt>
      <trkpt lat="45.58405" lon="24.74269">
        <ele>2390.23</ele>
        <time>2024-07-06T13:18:29Z</time>
      </trkpt>
      <trkpt lat="45.58405" lon="24.7427">
        <ele>2389.64</ele>
        <time>2024-07-06T13:18:32Z</time>
      </trkpt>
      <trkpt lat="45.58403" lon="24.74272">
        <ele>2388.08</ele>
        <time>2024-07-06T13:18:37Z</time>
      </trkpt>
      <trkpt lat="45.58402" lon="24.74275">
        <ele>2386.03</ele>
        <time>2024-07-06T13:18:43Z</time>
      </trkpt>
      <trkpt lat="45.58402" lon="24.74276">
        <ele>2385.41</ele>
        <time>2024-07-06T13:18:45Z</time>
      </trkpt>
      <trkpt lat="45.584" lon="24.7428">
        <ele>2383.18</ele>
        <time>2024-07-06T13:18:52Z</time>
      </trkpt>
      <trkpt lat="45.58401" lon="24.74282">
        <ele>2382.88</ele>
        <time>2024-07-06T13:18:54Z</time>
      </trkpt>
      <trkpt lat="45.58401" lon="24.74283">
        <ele>2382.61</ele>
        <time>2024-07-06T13:18:56Z</time>
      </trkpt>
      <trkpt lat="45.58399" lon="24.74285">
        <ele>2381.49</ele>
        <time>2024-07-06T13:19:00Z</time>
      </trkpt>
      <trkpt lat="45.58399" lon="24.74286">
        <ele>2381.21</ele>
        <time>2024-07-06T13:19:02Z</time>
      </trkpt>
      <trkpt lat="45.58398" lon="24.74287">
        <ele>2380.63</ele>
        <time>2024-07-06T13:19:04Z</time>
      </trkpt>
      <trkpt lat="45.58396" lon="24.74288">
        <ele>2379.76</ele>
        <time>2024-07-06T13:19:09Z</time>
      </trkpt>
      <trkpt lat="45.58394" lon="24.74288">
        <ele>2379.18</ele>
        <time>2024-07-06T13:19:12Z</time>
      </trkpt>
      <trkpt lat="45.58394" lon="24.74288">
        <ele>2379.18</ele>
        <time>2024-07-06T13:19:13Z</time>
      </trkpt>
      <trkpt lat="45.58392" lon="24.74289">
        <ele>2378.28</ele>
        <time>2024-07-06T13:19:18Z</time>
      </trkpt>
      <trkpt lat="45.58391" lon="24.7429">
        <ele>2377.67</ele>
        <time>2024-07-06T13:19:19Z</time>
      </trkpt>
      <trkpt lat="45.58391" lon="24.74291">
        <ele>2377.36</ele>
        <time>2024-07-06T13:19:20Z</time>
      </trkpt>
      <trkpt lat="45.58391" lon="24.74291">
        <ele>2377.36</ele>
        <time>2024-07-06T13:19:21Z</time>
      </trkpt>
      <trkpt lat="45.58391" lon="24.74292">
        <ele>2377.04</ele>
        <time>2024-07-06T13:19:22Z</time>
      </trkpt>
      <trkpt lat="45.5839" lon="24.74293">
        <ele>2376.41</ele>
        <time>2024-07-06T13:19:24Z</time>
      </trkpt>
      <trkpt lat="45.5839" lon="24.74297">
        <ele>2375.14</ele>
        <time>2024-07-06T13:19:28Z</time>
      </trkpt>
      <trkpt lat="45.5839" lon="24.74301">
        <ele>2373.86</ele>
        <time>2024-07-06T13:19:33Z</time>
      </trkpt>
      <trkpt lat="45.5839" lon="24.74302">
        <ele>2373.54</ele>
        <time>2024-07-06T13:19:34Z</time>
      </trkpt>
      <trkpt lat="45.5839" lon="24.74303">
        <ele>2373.22</ele>
        <time>2024-07-06T13:19:36Z</time>
      </trkpt>
      <trkpt lat="45.5839" lon="24.74305">
        <ele>2372.58</ele>
        <time>2024-07-06T13:19:38Z</time>
      </trkpt>
      <trkpt lat="45.58389" lon="24.74306">
        <ele>2371.83</ele>
        <time>2024-07-06T13:19:40Z</time>
      </trkpt>
      <trkpt lat="45.58389" lon="24.74307">
        <ele>2371.36</ele>
        <time>2024-07-06T13:19:42Z</time>
      </trkpt>
      <trkpt lat="45.58387" lon="24.74309">
        <ele>2369.1</ele>
        <time>2024-07-06T13:19:46Z</time>
      </trkpt>
      <trkpt lat="45.58385" lon="24.74315">
        <ele>2365.21</ele>
        <time>2024-07-06T13:19:55Z</time>
      </trkpt>
      <trkpt lat="45.58384" lon="24.74317">
        <ele>2363.78</ele>
        <time>2024-07-06T13:19:58Z</time>
      </trkpt>
      <trkpt lat="45.58384" lon="24.74318">
        <ele>2363.37</ele>
        <time>2024-07-06T13:19:59Z</time>
      </trkpt>
      <trkpt lat="45.58384" lon="24.74319">
        <ele>2362.95</ele>
        <time>2024-07-06T13:20:01Z</time>
      </trkpt>
      <trkpt lat="45.58382" lon="24.74323">
        <ele>2360.28</ele>
        <time>2024-07-06T13:20:06Z</time>
      </trkpt>
      <trkpt lat="45.58382" lon="24.74325">
        <ele>2359.5</ele>
        <time>2024-07-06T13:20:08Z</time>
      </trkpt>
      <trkpt lat="45.58381" lon="24.74329">
        <ele>2357.51</ele>
        <time>2024-07-06T13:20:12Z</time>
      </trkpt>
      <trkpt lat="45.58381" lon="24.74334">
        <ele>2355.61</ele>
        <time>2024-07-06T13:20:18Z</time>
      </trkpt>
      <trkpt lat="45.5838" lon="24.74336">
        <ele>2354.42</ele>
        <time>2024-07-06T13:20:20Z</time>
      </trkpt>
      <trkpt lat="45.58379" lon="24.74341">
        <ele>2352.05</ele>
        <time>2024-07-06T13:20:25Z</time>
      </trkpt>
      <trkpt lat="45.58377" lon="24.74345">
        <ele>2349.67</ele>
        <time>2024-07-06T13:20:31Z</time>
      </trkpt>
      <trkpt lat="45.58377" lon="24.74345">
        <ele>2349.67</ele>
        <time>2024-07-06T13:20:32Z</time>
      </trkpt>
      <trkpt lat="45.58375" lon="24.74349">
        <ele>2347.3</ele>
        <time>2024-07-06T13:20:38Z</time>
      </trkpt>
      <trkpt lat="45.58373" lon="24.74351">
        <ele>2345.71</ele>
        <time>2024-07-06T13:20:43Z</time>
      </trkpt>
      <trkpt lat="45.58373" lon="24.74351">
        <ele>2345.71</ele>
        <time>2024-07-06T13:20:44Z</time>
      </trkpt>
      <trkpt lat="45.58372" lon="24.74357">
        <ele>2342.94</ele>
        <time>2024-07-06T13:20:53Z</time>
      </trkpt>
      <trkpt lat="45.58373" lon="24.74365">
        <ele>2341.15</ele>
        <time>2024-07-06T13:21:01Z</time>
      </trkpt>
      <trkpt lat="45.58373" lon="24.74367">
        <ele>2340.86</ele>
        <time>2024-07-06T13:21:03Z</time>
      </trkpt>
      <trkpt lat="45.58372" lon="24.7437">
        <ele>2340.11</ele>
        <time>2024-07-06T13:21:09Z</time>
      </trkpt>
      <trkpt lat="45.5837" lon="24.74371">
        <ele>2339.37</ele>
        <time>2024-07-06T13:21:13Z</time>
      </trkpt>
      <trkpt lat="45.58367" lon="24.74371">
        <ele>2338.45</ele>
        <time>2024-07-06T13:21:16Z</time>
      </trkpt>
      <trkpt lat="45.58363" lon="24.74373">
        <ele>2337.12</ele>
        <time>2024-07-06T13:21:23Z</time>
      </trkpt>
      <trkpt lat="45.58362" lon="24.74375">
        <ele>2336.74</ele>
        <time>2024-07-06T13:21:25Z</time>
      </trkpt>
      <trkpt lat="45.58361" lon="24.7438">
        <ele>2336.29</ele>
        <time>2024-07-06T13:21:30Z</time>
      </trkpt>
      <trkpt lat="45.58361" lon="24.74381">
        <ele>2336.25</ele>
        <time>2024-07-06T13:21:32Z</time>
      </trkpt>
      <trkpt lat="45.58361" lon="24.74382">
        <ele>2336.22</ele>
        <time>2024-07-06T13:21:33Z</time>
      </trkpt>
      <trkpt lat="45.58358" lon="24.74389">
        <ele>2335.21</ele>
        <time>2024-07-06T13:21:41Z</time>
      </trkpt>
      <trkpt lat="45.58358" lon="24.7439">
        <ele>2335.19</ele>
        <time>2024-07-06T13:21:42Z</time>
      </trkpt>
      <trkpt lat="45.58355" lon="24.74396">
        <ele>2334.43</ele>
        <time>2024-07-06T13:21:49Z</time>
      </trkpt>
      <trkpt lat="45.58354" lon="24.74398">
        <ele>2334.22</ele>
        <time>2024-07-06T13:21:51Z</time>
      </trkpt>
      <trkpt lat="45.58354" lon="24.74398">
        <ele>2334.22</ele>
        <time>2024-07-06T13:21:52Z</time>
      </trkpt>
      <trkpt lat="45.58352" lon="24.74399">
        <ele>2333.82</ele>
        <time>2024-07-06T13:21:54Z</time>
      </trkpt>
      <trkpt lat="45.58351" lon="24.74399">
        <ele>2333.62</ele>
        <time>2024-07-06T13:21:55Z</time>
      </trkpt>
      <trkpt lat="45.58351" lon="24.74399">
        <ele>2333.62</ele>
        <time>2024-07-06T13:21:56Z</time>
      </trkpt>
      <trkpt lat="45.58349" lon="24.744">
        <ele>2333.25</ele>
        <time>2024-07-06T13:21:58Z</time>
      </trkpt>
      <trkpt lat="45.58346" lon="24.74404">
        <ele>2332.83</ele>
        <time>2024-07-06T13:22:04Z</time>
      </trkpt>
      <trkpt lat="45.58346" lon="24.74405">
        <ele>2332.87</ele>
        <time>2024-07-06T13:22:05Z</time>
      </trkpt>
      <trkpt lat="45.58346" lon="24.74405">
        <ele>2332.87</ele>
        <time>2024-07-06T13:22:06Z</time>
      </trkpt>
      <trkpt lat="45.58343" lon="24.74409">
        <ele>2332.6</ele>
        <time>2024-07-06T13:22:13Z</time>
      </trkpt>
      <trkpt lat="45.58342" lon="24.7441">
        <ele>2332.52</ele>
        <time>2024-07-06T13:22:14Z</time>
      </trkpt>
      <trkpt lat="45.58341" lon="24.74412">
        <ele>2332.51</ele>
        <time>2024-07-06T13:22:17Z</time>
      </trkpt>
      <trkpt lat="45.5834" lon="24.74414">
        <ele>2332.52</ele>
        <time>2024-07-06T13:22:22Z</time>
      </trkpt>
      <trkpt lat="45.5834" lon="24.74415">
        <ele>2332.6</ele>
        <time>2024-07-06T13:22:23Z</time>
      </trkpt>
      <trkpt lat="45.58339" lon="24.74415">
        <ele>2332.48</ele>
        <time>2024-07-06T13:22:24Z</time>
      </trkpt>
      <trkpt lat="45.58338" lon="24.74414">
        <ele>2332.28</ele>
        <time>2024-07-06T13:22:27Z</time>
      </trkpt>
      <trkpt lat="45.58337" lon="24.74414">
        <ele>2332.16</ele>
        <time>2024-07-06T13:22:31Z</time>
      </trkpt>
      <trkpt lat="45.58337" lon="24.74414">
        <ele>2332.16</ele>
        <time>2024-07-06T13:22:35Z</time>
      </trkpt>
      <trkpt lat="45.58337" lon="24.74414">
        <ele>2332.16</ele>
        <time>2024-07-06T13:22:45Z</time>
      </trkpt>
      <trkpt lat="45.58337" lon="24.74414">
        <ele>2332.16</ele>
        <time>2024-07-06T13:22:56Z</time>
      </trkpt>
      <trkpt lat="45.58337" lon="24.74416">
        <ele>2332.34</ele>
        <time>2024-07-06T13:23:04Z</time>
      </trkpt>
      <trkpt lat="45.58337" lon="24.74419">
        <ele>2332.36</ele>
        <time>2024-07-06T13:23:08Z</time>
      </trkpt>
      <trkpt lat="45.58337" lon="24.7442">
        <ele>2332.35</ele>
        <time>2024-07-06T13:23:09Z</time>
      </trkpt>
      <trkpt lat="45.58337" lon="24.74424">
        <ele>2332.29</ele>
        <time>2024-07-06T13:23:14Z</time>
      </trkpt>
      <trkpt lat="45.58337" lon="24.74428">
        <ele>2332.23</ele>
        <time>2024-07-06T13:23:19Z</time>
      </trkpt>
      <trkpt lat="45.58336" lon="24.74431">
        <ele>2332.14</ele>
        <time>2024-07-06T13:23:24Z</time>
      </trkpt>
      <trkpt lat="45.58336" lon="24.74434">
        <ele>2332.11</ele>
        <time>2024-07-06T13:23:29Z</time>
      </trkpt>
      <trkpt lat="45.58336" lon="24.74437">
        <ele>2332.08</ele>
        <time>2024-07-06T13:23:33Z</time>
      </trkpt>
      <trkpt lat="45.58336" lon="24.74444">
        <ele>2332.0</ele>
        <time>2024-07-06T13:23:41Z</time>
      </trkpt>
      <trkpt lat="45.58335" lon="24.74448">
        <ele>2331.22</ele>
        <time>2024-07-06T13:23:46Z</time>
      </trkpt>
      <trkpt lat="45.58335" lon="24.74449">
        <ele>2331.0</ele>
        <time>2024-07-06T13:23:48Z</time>
      </trkpt>
      <trkpt lat="45.58335" lon="24.7445">
        <ele>2330.78</ele>
        <time>2024-07-06T13:23:49Z</time>
      </trkpt>
      <trkpt lat="45.58334" lon="24.7445">
        <ele>2330.79</ele>
        <time>2024-07-06T13:23:51Z</time>
      </trkpt>
      <trkpt lat="45.58334" lon="24.74451">
        <ele>2330.57</ele>
        <time>2024-07-06T13:23:52Z</time>
      </trkpt>
      <trkpt lat="45.58334" lon="24.74451">
        <ele>2330.57</ele>
        <time>2024-07-06T13:23:53Z</time>
      </trkpt>
      <trkpt lat="45.58332" lon="24.74454">
        <ele>2330.14</ele>
        <time>2024-07-06T13:23:59Z</time>
      </trkpt>
      <trkpt lat="45.58332" lon="24.74456">
        <ele>2329.7</ele>
        <time>2024-07-06T13:24:02Z</time>
      </trkpt>
      <trkpt lat="45.58331" lon="24.74458">
        <ele>2329.41</ele>
        <time>2024-07-06T13:24:05Z</time>
      </trkpt>
      <trkpt lat="45.58329" lon="24.7446">
        <ele>2329.25</ele>
        <time>2024-07-06T13:24:10Z</time>
      </trkpt>
      <trkpt lat="45.58327" lon="24.74464">
        <ele>2328.59</ele>
        <time>2024-07-06T13:24:17Z</time>
      </trkpt>
      <trkpt lat="45.58327" lon="24.74465">
        <ele>2328.36</ele>
        <time>2024-07-06T13:24:18Z</time>
      </trkpt>
      <trkpt lat="45.58326" lon="24.74467">
        <ele>2328.02</ele>
        <time>2024-07-06T13:24:23Z</time>
      </trkpt>
      <trkpt lat="45.58324" lon="24.74472">
        <ele>2327.06</ele>
        <time>2024-07-06T13:24:34Z</time>
      </trkpt>
      <trkpt lat="45.58323" lon="24.74473">
        <ele>2326.93</ele>
        <time>2024-07-06T13:24:39Z</time>
      </trkpt>
      <trkpt lat="45.58322" lon="24.74474">
        <ele>2326.8</ele>
        <time>2024-07-06T13:24:45Z</time>
      </trkpt>
      <trkpt lat="45.58322" lon="24.74476">
        <ele>2326.33</ele>
        <time>2024-07-06T13:24:47Z</time>
      </trkpt>
      <trkpt lat="45.5832" lon="24.74484">
        <ele>2324.68</ele>
        <time>2024-07-06T13:24:51Z</time>
      </trkpt>
      <trkpt lat="45.58318" lon="24.74488">
        <ele>2323.99</ele>
        <time>2024-07-06T13:24:53Z</time>
      </trkpt>
      <trkpt lat="45.58316" lon="24.74494">
        <ele>2322.87</ele>
        <time>2024-07-06T13:24:59Z</time>
      </trkpt>
      <trkpt lat="45.58314" lon="24.74501">
        <ele>2321.48</ele>
        <time>2024-07-06T13:25:06Z</time>
      </trkpt>
      <trkpt lat="45.58314" lon="24.74501">
        <ele>2321.48</ele>
        <time>2024-07-06T13:25:07Z</time>
      </trkpt>
      <trkpt lat="45.58313" lon="24.74504">
        <ele>2320.71</ele>
        <time>2024-07-06T13:25:13Z</time>
      </trkpt>
      <trkpt lat="45.58312" lon="24.74505">
        <ele>2320.54</ele>
        <time>2024-07-06T13:25:14Z</time>
      </trkpt>
      <trkpt lat="45.58311" lon="24.74508">
        <ele>2319.74</ele>
        <time>2024-07-06T13:25:19Z</time>
      </trkpt>
      <trkpt lat="45.58309" lon="24.74509">
        <ele>2319.67</ele>
        <time>2024-07-06T13:25:23Z</time>
      </trkpt>
      <trkpt lat="45.58309" lon="24.74509">
        <ele>2319.67</ele>
        <time>2024-07-06T13:25:24Z</time>
      </trkpt>
      <trkpt lat="45.58308" lon="24.74514">
        <ele>2318.2</ele>
        <time>2024-07-06T13:25:32Z</time>
      </trkpt>
      <trkpt lat="45.58308" lon="24.74516">
        <ele>2317.57</ele>
        <time>2024-07-06T13:25:35Z</time>
      </trkpt>
      <trkpt lat="45.58307" lon="24.74516">
        <ele>2317.67</ele>
        <time>2024-07-06T13:25:37Z</time>
      </trkpt>
      <trkpt lat="45.58306" lon="24.74518">
        <ele>2317.12</ele>
        <time>2024-07-06T13:25:41Z</time>
      </trkpt>
      <trkpt lat="45.58305" lon="24.74519">
        <ele>2316.67</ele>
        <time>2024-07-06T13:25:42Z</time>
      </trkpt>
      <trkpt lat="45.58305" lon="24.74521">
        <ele>2316.02</ele>
        <time>2024-07-06T13:25:45Z</time>
      </trkpt>
      <trkpt lat="45.58304" lon="24.74522">
        <ele>2315.39</ele>
        <time>2024-07-06T13:25:47Z</time>
      </trkpt>
      <trkpt lat="45.58304" lon="24.74523">
        <ele>2315.07</ele>
        <time>2024-07-06T13:25:48Z</time>
      </trkpt>
      <trkpt lat="45.58303" lon="24.74527">
        <ele>2313.51</ele>
        <time>2024-07-06T13:25:54Z</time>
      </trkpt>
      <trkpt lat="45.58303" lon="24.74527">
        <ele>2313.51</ele>
        <time>2024-07-06T13:25:55Z</time>
      </trkpt>
      <trkpt lat="45.58302" lon="24.74532">
        <ele>2311.49</ele>
        <time>2024-07-06T13:26:01Z</time>
      </trkpt>
      <trkpt lat="45.58302" lon="24.74532">
        <ele>2311.49</ele>
        <time>2024-07-06T13:26:02Z</time>
      </trkpt>
      <trkpt lat="45.58301" lon="24.74537">
        <ele>2309.48</ele>
        <time>2024-07-06T13:26:08Z</time>
      </trkpt>
      <trkpt lat="45.58299" lon="24.7454">
        <ele>2307.92</ele>
        <time>2024-07-06T13:26:11Z</time>
      </trkpt>
      <trkpt lat="45.58299" lon="24.7454">
        <ele>2307.92</ele>
        <time>2024-07-06T13:26:12Z</time>
      </trkpt>
      <trkpt lat="45.58298" lon="24.7454">
        <ele>2307.66</ele>
        <time>2024-07-06T13:26:13Z</time>
      </trkpt>
      <trkpt lat="45.58295" lon="24.7454">
        <ele>2306.89</ele>
        <time>2024-07-06T13:26:20Z</time>
      </trkpt>
      <trkpt lat="45.58293" lon="24.74539">
        <ele>2306.71</ele>
        <time>2024-07-06T13:26:25Z</time>
      </trkpt>
      <trkpt lat="45.58292" lon="24.7454">
        <ele>2306.13</ele>
        <time>2024-07-06T13:26:31Z</time>
      </trkpt>
      <trkpt lat="45.58292" lon="24.7454">
        <ele>2306.13</ele>
        <time>2024-07-06T13:26:48Z</time>
      </trkpt>
      <trkpt lat="45.5829" lon="24.7454">
        <ele>2305.61</ele>
        <time>2024-07-06T13:26:53Z</time>
      </trkpt>
      <trkpt lat="45.5829" lon="24.7454">
        <ele>2305.61</ele>
        <time>2024-07-06T13:26:54Z</time>
      </trkpt>
      <trkpt lat="45.5829" lon="24.7454">
        <ele>2305.61</ele>
        <time>2024-07-06T13:26:55Z</time>
      </trkpt>
      <trkpt lat="45.58289" lon="24.7454">
        <ele>2305.36</ele>
        <time>2024-07-06T13:26:56Z</time>
      </trkpt>
      <trkpt lat="45.58289" lon="24.7454">
        <ele>2305.36</ele>
        <time>2024-07-06T13:26:57Z</time>
      </trkpt>
      <trkpt lat="45.58288" lon="24.7454">
        <ele>2305.1</ele>
        <time>2024-07-06T13:26:59Z</time>
      </trkpt>
      <trkpt lat="45.58286" lon="24.7454">
        <ele>2304.59</ele>
        <time>2024-07-06T13:27:13Z</time>
      </trkpt>
      <trkpt lat="45.58285" lon="24.7454">
        <ele>2304.33</ele>
        <time>2024-07-06T13:27:21Z</time>
      </trkpt>
      <trkpt lat="45.58285" lon="24.7454">
        <ele>2304.33</ele>
        <time>2024-07-06T13:27:25Z</time>
      </trkpt>
      <trkpt lat="45.58284" lon="24.7454">
        <ele>2304.07</ele>
        <time>2024-07-06T13:27:26Z</time>
      </trkpt>
      <trkpt lat="45.58281" lon="24.7454">
        <ele>2303.31</ele>
        <time>2024-07-06T13:27:30Z</time>
      </trkpt>
      <trkpt lat="45.58278" lon="24.7454">
        <ele>2302.54</ele>
        <time>2024-07-06T13:27:35Z</time>
      </trkpt>
      <trkpt lat="45.58277" lon="24.74539">
        <ele>2302.34</ele>
        <time>2024-07-06T13:27:37Z</time>
      </trkpt>
      <trkpt lat="45.58275" lon="24.74538">
        <ele>2301.53</ele>
        <time>2024-07-06T13:27:42Z</time>
      </trkpt>
      <trkpt lat="45.58274" lon="24.74538">
        <ele>2300.98</ele>
        <time>2024-07-06T13:27:45Z</time>
      </trkpt>
      <trkpt lat="45.58271" lon="24.74537">
        <ele>2299.6</ele>
        <time>2024-07-06T13:27:52Z</time>
      </trkpt>
      <trkpt lat="45.5827" lon="24.74537">
        <ele>2299.05</ele>
        <time>2024-07-06T13:27:53Z</time>
      </trkpt>
      <trkpt lat="45.58267" lon="24.74537">
        <ele>2297.39</ele>
        <time>2024-07-06T13:27:59Z</time>
      </trkpt>
      <trkpt lat="45.58265" lon="24.74536">
        <ele>2296.54</ele>
        <time>2024-07-06T13:28:02Z</time>
      </trkpt>
      <trkpt lat="45.58261" lon="24.74536">
        <ele>2294.33</ele>
        <time>2024-07-06T13:28:07Z</time>
      </trkpt>
      <trkpt lat="45.5826" lon="24.74536">
        <ele>2293.77</ele>
        <time>2024-07-06T13:28:08Z</time>
      </trkpt>
      <trkpt lat="45.58254" lon="24.74535">
        <ele>2290.67</ele>
        <time>2024-07-06T13:28:15Z</time>
      </trkpt>
      <trkpt lat="45.58251" lon="24.74534">
        <ele>2289.22</ele>
        <time>2024-07-06T13:28:19Z</time>
      </trkpt>
      <trkpt lat="45.5825" lon="24.74534">
        <ele>2288.66</ele>
        <time>2024-07-06T13:28:20Z</time>
      </trkpt>
      <trkpt lat="45.58249" lon="24.74535">
        <ele>2287.97</ele>
        <time>2024-07-06T13:28:23Z</time>
      </trkpt>
      <trkpt lat="45.58245" lon="24.74539">
        <ele>2285.35</ele>
        <time>2024-07-06T13:28:30Z</time>
      </trkpt>
      <trkpt lat="45.58244" lon="24.7454">
        <ele>2284.72</ele>
        <time>2024-07-06T13:28:32Z</time>
      </trkpt>
      <trkpt lat="45.58241" lon="24.74542">
        <ele>2283.06</ele>
        <time>2024-07-06T13:28:37Z</time>
      </trkpt>
      <trkpt lat="45.58238" lon="24.74542">
        <ele>2281.76</ele>
        <time>2024-07-06T13:28:41Z</time>
      </trkpt>
      <trkpt lat="45.58238" lon="24.74541">
        <ele>2281.92</ele>
        <time>2024-07-06T13:28:42Z</time>
      </trkpt>
      <trkpt lat="45.58237" lon="24.74541">
        <ele>2281.48</ele>
        <time>2024-07-06T13:28:44Z</time>
      </trkpt>
      <trkpt lat="45.58233" lon="24.74542">
        <ele>2279.61</ele>
        <time>2024-07-06T13:28:53Z</time>
      </trkpt>
      <trkpt lat="45.5823" lon="24.74542">
        <ele>2278.32</ele>
        <time>2024-07-06T13:28:59Z</time>
      </trkpt>
      <trkpt lat="45.58229" lon="24.74542">
        <ele>2277.89</ele>
        <time>2024-07-06T13:29:00Z</time>
      </trkpt>
      <trkpt lat="45.58228" lon="24.74546">
        <ele>2277.05</ele>
        <time>2024-07-06T13:29:03Z</time>
      </trkpt>
      <trkpt lat="45.58226" lon="24.74548">
        <ele>2276.05</ele>
        <time>2024-07-06T13:29:05Z</time>
      </trkpt>
      <trkpt lat="45.58224" lon="24.74549">
        <ele>2275.17</ele>
        <time>2024-07-06T13:29:07Z</time>
      </trkpt>
      <trkpt lat="45.58221" lon="24.7455">
        <ele>2273.89</ele>
        <time>2024-07-06T13:29:12Z</time>
      </trkpt>
      <trkpt lat="45.58219" lon="24.74551">
        <ele>2272.97</ele>
        <time>2024-07-06T13:29:14Z</time>
      </trkpt>
      <trkpt lat="45.58217" lon="24.74551">
        <ele>2272.13</ele>
        <time>2024-07-06T13:29:17Z</time>
      </trkpt>
      <trkpt lat="45.58213" lon="24.74553">
        <ele>2270.26</ele>
        <time>2024-07-06T13:29:23Z</time>
      </trkpt>
      <trkpt lat="45.58212" lon="24.74553">
        <ele>2269.84</ele>
        <time>2024-07-06T13:29:24Z</time>
      </trkpt>
      <trkpt lat="45.58207" lon="24.74556">
        <ele>2267.38</ele>
        <time>2024-07-06T13:29:30Z</time>
      </trkpt>
      <trkpt lat="45.58207" lon="24.74556">
        <ele>2267.38</ele>
        <time>2024-07-06T13:29:31Z</time>
      </trkpt>
      <trkpt lat="45.58206" lon="24.74558">
        <ele>2266.76</ele>
        <time>2024-07-06T13:29:33Z</time>
      </trkpt>
      <trkpt lat="45.58203" lon="24.74561">
        <ele>2265.17</ele>
        <time>2024-07-06T13:29:39Z</time>
      </trkpt>
      <trkpt lat="45.58202" lon="24.74562">
        <ele>2264.63</ele>
        <time>2024-07-06T13:29:42Z</time>
      </trkpt>
      <trkpt lat="45.58198" lon="24.74561">
        <ele>2262.97</ele>
        <time>2024-07-06T13:29:49Z</time>
      </trkpt>
      <trkpt lat="45.58197" lon="24.74558">
        <ele>2262.85</ele>
        <time>2024-07-06T13:29:54Z</time>
      </trkpt>
      <trkpt lat="45.58196" lon="24.74557">
        <ele>2262.52</ele>
        <time>2024-07-06T13:29:55Z</time>
      </trkpt>
      <trkpt lat="45.58195" lon="24.74556">
        <ele>2262.19</ele>
        <time>2024-07-06T13:29:57Z</time>
      </trkpt>
      <trkpt lat="45.58192" lon="24.74554">
        <ele>2261.31</ele>
        <time>2024-07-06T13:30:04Z</time>
      </trkpt>
      <trkpt lat="45.58191" lon="24.74553">
        <ele>2261.06</ele>
        <time>2024-07-06T13:30:05Z</time>
      </trkpt>
      <trkpt lat="45.5819" lon="24.74553">
        <ele>2260.68</ele>
        <time>2024-07-06T13:30:09Z</time>
      </trkpt>
      <trkpt lat="45.58189" lon="24.74553">
        <ele>2260.3</ele>
        <time>2024-07-06T13:30:13Z</time>
      </trkpt>
      <trkpt lat="45.58189" lon="24.74552">
        <ele>2260.4</ele>
        <time>2024-07-06T13:30:16Z</time>
      </trkpt>
      <trkpt lat="45.58189" lon="24.74552">
        <ele>2260.4</ele>
        <time>2024-07-06T13:30:33Z</time>
      </trkpt>
      <trkpt lat="45.58189" lon="24.74552">
        <ele>2260.4</ele>
        <time>2024-07-06T13:30:34Z</time>
      </trkpt>
      <trkpt lat="45.58189" lon="24.74552">
        <ele>2260.4</ele>
        <time>2024-07-06T13:30:36Z</time>
      </trkpt>
      <trkpt lat="45.58189" lon="24.74552">
        <ele>2260.4</ele>
        <time>2024-07-06T13:30:43Z</time>
      </trkpt>
      <trkpt lat="45.5819" lon="24.74552">
        <ele>2260.79</ele>
        <time>2024-07-06T13:30:50Z</time>
      </trkpt>
      <trkpt lat="45.5819" lon="24.74552">
        <ele>2260.79</ele>
        <time>2024-07-06T13:30:51Z</time>
      </trkpt>
      <trkpt lat="45.5819" lon="24.74552">
        <ele>2260.79</ele>
        <time>2024-07-06T13:30:56Z</time>
      </trkpt>
      <trkpt lat="45.5819" lon="24.74552">
        <ele>2260.79</ele>
        <time>2024-07-06T13:31:10Z</time>
      </trkpt>
      <trkpt lat="45.5819" lon="24.74552">
        <ele>2260.79</ele>
        <time>2024-07-06T13:31:19Z</time>
      </trkpt>
      <trkpt lat="45.5819" lon="24.74553">
        <ele>2260.68</ele>
        <time>2024-07-06T13:31:36Z</time>
      </trkpt>
      <trkpt lat="45.5819" lon="24.74553">
        <ele>2260.68</ele>
        <time>2024-07-06T13:31:42Z</time>
      </trkpt>
      <trkpt lat="45.5819" lon="24.74553">
        <ele>2260.68</ele>
        <time>2024-07-06T13:32:01Z</time>
      </trkpt>
      <trkpt lat="45.5819" lon="24.74553">
        <ele>2260.68</ele>
        <time>2024-07-06T13:32:23Z</time>
      </trkpt>
      <trkpt lat="45.5819" lon="24.74553">
        <ele>2260.68</ele>
        <time>2024-07-06T13:32:37Z</time>
      </trkpt>
      <trkpt lat="45.58191" lon="24.74555">
        <ele>2260.83</ele>
        <time>2024-07-06T13:32:46Z</time>
      </trkpt>
      <trkpt lat="45.5819" lon="24.74562">
        <ele>2259.85</ele>
        <time>2024-07-06T13:33:04Z</time>
      </trkpt>
      <trkpt lat="45.5819" lon="24.74563">
        <ele>2259.77</ele>
        <time>2024-07-06T13:33:10Z</time>
      </trkpt>
      <trkpt lat="45.5819" lon="24.74563">
        <ele>2259.77</ele>
        <time>2024-07-06T13:33:12Z</time>
      </trkpt>
      <trkpt lat="45.5819" lon="24.74565">
        <ele>2259.6</ele>
        <time>2024-07-06T13:33:36Z</time>
      </trkpt>
      <trkpt lat="45.5819" lon="24.74565">
        <ele>2259.6</ele>
        <time>2024-07-06T13:33:51Z</time>
      </trkpt>
      <trkpt lat="45.5819" lon="24.74565">
        <ele>2259.6</ele>
        <time>2024-07-06T13:33:59Z</time>
      </trkpt>
      <trkpt lat="45.5819" lon="24.74565">
        <ele>2259.6</ele>
        <time>2024-07-06T13:34:13Z</time>
      </trkpt>
      <trkpt lat="45.58189" lon="24.74565">
        <ele>2259.29</ele>
        <time>2024-07-06T13:34:47Z</time>
      </trkpt>
      <trkpt lat="45.58189" lon="24.74565">
        <ele>2259.29</ele>
        <time>2024-07-06T13:34:51Z</time>
      </trkpt>
      <trkpt lat="45.58189" lon="24.74565">
        <ele>2259.29</ele>
        <time>2024-07-06T13:34:53Z</time>
      </trkpt>
      <trkpt lat="45.58189" lon="24.74565">
        <ele>2259.29</ele>
        <time>2024-07-06T13:34:58Z</time>
      </trkpt>
      <trkpt lat="45.58189" lon="24.74565">
        <ele>2259.29</ele>
        <time>2024-07-06T13:35:05Z</time>
      </trkpt>
      <trkpt lat="45.58189" lon="24.74566">
        <ele>2259.21</ele>
        <time>2024-07-06T13:35:11Z</time>
      </trkpt>
      <trkpt lat="45.58189" lon="24.74566">
        <ele>2259.21</ele>
        <time>2024-07-06T13:35:19Z</time>
      </trkpt>
      <trkpt lat="45.58189" lon="24.74566">
        <ele>2259.21</ele>
        <time>2024-07-06T13:35:27Z</time>
      </trkpt>
      <trkpt lat="45.58189" lon="24.74566">
        <ele>2259.21</ele>
        <time>2024-07-06T13:35:33Z</time>
      </trkpt>
      <trkpt lat="45.58189" lon="24.74566">
        <ele>2259.21</ele>
        <time>2024-07-06T13:35:34Z</time>
      </trkpt>
      <trkpt lat="45.58189" lon="24.74566">
        <ele>2259.21</ele>
        <time>2024-07-06T13:35:36Z</time>
      </trkpt>
      <trkpt lat="45.58188" lon="24.74566">
        <ele>2258.9</ele>
        <time>2024-07-06T13:35:42Z</time>
      </trkpt>
      <trkpt lat="45.58172" lon="24.74582">
        <ele>2254.14</ele>
        <time>2024-07-06T13:35:48Z</time>
      </trkpt>
      <trkpt lat="45.58162" lon="24.74594">
        <ele>2251.72</ele>
        <time>2024-07-06T13:35:53Z</time>
      </trkpt>
      <trkpt lat="45.58162" lon="24.74598">
        <ele>2251.74</ele>
        <time>2024-07-06T13:35:58Z</time>
      </trkpt>
      <trkpt lat="45.58162" lon="24.746">
        <ele>2251.76</ele>
        <time>2024-07-06T13:36:01Z</time>
      </trkpt>
      <trkpt lat="45.58164" lon="24.74607">
        <ele>2252.31</ele>
        <time>2024-07-06T13:36:09Z</time>
      </trkpt>
      <trkpt lat="45.58164" lon="24.74608">
        <ele>2252.32</ele>
        <time>2024-07-06T13:36:11Z</time>
      </trkpt>
      <trkpt lat="45.58162" lon="24.74611">
        <ele>2251.82</ele>
        <time>2024-07-06T13:36:16Z</time>
      </trkpt>
      <trkpt lat="45.58162" lon="24.74613">
        <ele>2252.01</ele>
        <time>2024-07-06T13:36:20Z</time>
      </trkpt>
      <trkpt lat="45.5816" lon="24.74614">
        <ele>2251.58</ele>
        <time>2024-07-06T13:36:26Z</time>
      </trkpt>
      <trkpt lat="45.58159" lon="24.74615">
        <ele>2251.41</ele>
        <time>2024-07-06T13:36:28Z</time>
      </trkpt>
      <trkpt lat="45.58156" lon="24.74617">
        <ele>2250.79</ele>
        <time>2024-07-06T13:36:34Z</time>
      </trkpt>
      <trkpt lat="45.58156" lon="24.74616">
        <ele>2250.7</ele>
        <time>2024-07-06T13:36:35Z</time>
      </trkpt>
      <trkpt lat="45.58154" lon="24.74614">
        <ele>2250.03</ele>
        <time>2024-07-06T13:36:39Z</time>
      </trkpt>
      <trkpt lat="45.58154" lon="24.74613">
        <ele>2249.95</ele>
        <time>2024-07-06T13:36:40Z</time>
      </trkpt>
      <trkpt lat="45.58153" lon="24.74612">
        <ele>2249.62</ele>
        <time>2024-07-06T13:36:42Z</time>
      </trkpt>
      <trkpt lat="45.58153" lon="24.74611">
        <ele>2249.55</ele>
        <time>2024-07-06T13:36:44Z</time>
      </trkpt>
      <trkpt lat="45.58152" lon="24.7461">
        <ele>2249.28</ele>
        <time>2024-07-06T13:36:46Z</time>
      </trkpt>
      <trkpt lat="45.58151" lon="24.7461">
        <ele>2249.03</ele>
        <time>2024-07-06T13:36:47Z</time>
      </trkpt>
      <trkpt lat="45.58149" lon="24.74608">
        <ele>2248.48</ele>
        <time>2024-07-06T13:36:50Z</time>
      </trkpt>
      <trkpt lat="45.58149" lon="24.74607">
        <ele>2248.45</ele>
        <time>2024-07-06T13:36:51Z</time>
      </trkpt>
      <trkpt lat="45.58149" lon="24.74607">
        <ele>2248.45</ele>
        <time>2024-07-06T13:36:52Z</time>
      </trkpt>
      <trkpt lat="45.58147" lon="24.74603">
        <ele>2247.84</ele>
        <time>2024-07-06T13:36:59Z</time>
      </trkpt>
      <trkpt lat="45.58147" lon="24.74602">
        <ele>2247.81</ele>
        <time>2024-07-06T13:37:00Z</time>
      </trkpt>
      <trkpt lat="45.58144" lon="24.74597">
        <ele>2246.87</ele>
        <time>2024-07-06T13:37:08Z</time>
      </trkpt>
      <trkpt lat="45.58143" lon="24.74595">
        <ele>2246.54</ele>
        <time>2024-07-06T13:37:12Z</time>
      </trkpt>
      <trkpt lat="45.58142" lon="24.74594">
        <ele>2246.24</ele>
        <time>2024-07-06T13:37:14Z</time>
      </trkpt>
      <trkpt lat="45.58139" lon="24.74591">
        <ele>2245.31</ele>
        <time>2024-07-06T13:37:19Z</time>
      </trkpt>
      <trkpt lat="45.58137" lon="24.74589">
        <ele>2243.98</ele>
        <time>2024-07-06T13:37:22Z</time>
      </trkpt>
      <trkpt lat="45.58136" lon="24.74587">
        <ele>2243.26</ele>
        <time>2024-07-06T13:37:24Z</time>
      </trkpt>
      <trkpt lat="45.58135" lon="24.74584">
        <ele>2242.5</ele>
        <time>2024-07-06T13:37:30Z</time>
      </trkpt>
      <trkpt lat="45.58134" lon="24.74584">
        <ele>2241.86</ele>
        <time>2024-07-06T13:37:32Z</time>
      </trkpt>
      <trkpt lat="45.58132" lon="24.74583">
        <ele>2240.47</ele>
        <time>2024-07-06T13:37:36Z</time>
      </trkpt>
      <trkpt lat="45.58131" lon="24.7458">
        <ele>2239.2</ele>
        <time>2024-07-06T13:37:40Z</time>
      </trkpt>
      <trkpt lat="45.58131" lon="24.74579">
        <ele>2239.0</ele>
        <time>2024-07-06T13:37:41Z</time>
      </trkpt>
      <trkpt lat="45.58129" lon="24.74576">
        <ele>2237.1</ele>
        <time>2024-07-06T13:37:48Z</time>
      </trkpt>
      <trkpt lat="45.58129" lon="24.74576">
        <ele>2237.1</ele>
        <time>2024-07-06T13:37:49Z</time>
      </trkpt>
      <trkpt lat="45.58127" lon="24.74574">
        <ele>2235.42</ele>
        <time>2024-07-06T13:37:54Z</time>
      </trkpt>
      <trkpt lat="45.58126" lon="24.74572">
        <ele>2234.39</ele>
        <time>2024-07-06T13:37:57Z</time>
      </trkpt>
      <trkpt lat="45.58126" lon="24.74572">
        <ele>2234.39</ele>
        <time>2024-07-06T13:37:58Z</time>
      </trkpt>
      <trkpt lat="45.58124" lon="24.74572">
        <ele>2233.12</ele>
        <time>2024-07-06T13:38:03Z</time>
      </trkpt>
      <trkpt lat="45.58124" lon="24.74572">
        <ele>2233.12</ele>
        <time>2024-07-06T13:38:04Z</time>
      </trkpt>
      <trkpt lat="45.58121" lon="24.74572">
        <ele>2231.22</ele>
        <time>2024-07-06T13:38:10Z</time>
      </trkpt>
      <trkpt lat="45.58121" lon="24.74572">
        <ele>2231.22</ele>
        <time>2024-07-06T13:38:12Z</time>
      </trkpt>
      <trkpt lat="45.58119" lon="24.7457">
        <ele>2229.58</ele>
        <time>2024-07-06T13:38:16Z</time>
      </trkpt>
      <trkpt lat="45.58118" lon="24.74567">
        <ele>2228.38</ele>
        <time>2024-07-06T13:38:21Z</time>
      </trkpt>
      <trkpt lat="45.58118" lon="24.74566">
        <ele>2228.19</ele>
        <time>2024-07-06T13:38:22Z</time>
      </trkpt>
      <trkpt lat="45.58117" lon="24.74565">
        <ele>2227.38</ele>
        <time>2024-07-06T13:38:25Z</time>
      </trkpt>
      <trkpt lat="45.58116" lon="24.74565">
        <ele>2226.75</ele>
        <time>2024-07-06T13:38:26Z</time>
      </trkpt>
      <trkpt lat="45.58114" lon="24.74566">
        <ele>2225.69</ele>
        <time>2024-07-06T13:38:28Z</time>
      </trkpt>
      <trkpt lat="45.58113" lon="24.74566">
        <ele>2225.06</ele>
        <time>2024-07-06T13:38:29Z</time>
      </trkpt>
      <trkpt lat="45.58107" lon="24.74563">
        <ele>2222.71</ele>
        <time>2024-07-06T13:38:36Z</time>
      </trkpt>
      <trkpt lat="45.581" lon="24.7456">
        <ele>2221.14</ele>
        <time>2024-07-06T13:38:45Z</time>
      </trkpt>
      <trkpt lat="45.58097" lon="24.74561">
        <ele>2220.85</ele>
        <time>2024-07-06T13:38:50Z</time>
      </trkpt>
      <trkpt lat="45.58094" lon="24.74561">
        <ele>2220.4</ele>
        <time>2024-07-06T13:38:54Z</time>
      </trkpt>
      <trkpt lat="45.58091" lon="24.74561">
        <ele>2219.94</ele>
        <time>2024-07-06T13:39:00Z</time>
      </trkpt>
      <trkpt lat="45.5809" lon="24.74561">
        <ele>2219.79</ele>
        <time>2024-07-06T13:39:03Z</time>
      </trkpt>
      <trkpt lat="45.5809" lon="24.74562">
        <ele>2219.94</ele>
        <time>2024-07-06T13:39:12Z</time>
      </trkpt>
      <trkpt lat="45.58088" lon="24.74563">
        <ele>2219.79</ele>
        <time>2024-07-06T13:39:21Z</time>
      </trkpt>
      <trkpt lat="45.58087" lon="24.74564">
        <ele>2219.78</ele>
        <time>2024-07-06T13:39:22Z</time>
      </trkpt>
      <trkpt lat="45.58086" lon="24.74565">
        <ele>2219.78</ele>
        <time>2024-07-06T13:39:23Z</time>
      </trkpt>
      <trkpt lat="45.58083" lon="24.74566">
        <ele>2219.47</ele>
        <time>2024-07-06T13:39:26Z</time>
      </trkpt>
      <trkpt lat="45.58081" lon="24.74567">
        <ele>2219.38</ele>
        <time>2024-07-06T13:39:28Z</time>
      </trkpt>
      <trkpt lat="45.58078" lon="24.74567">
        <ele>2219.04</ele>
        <time>2024-07-06T13:39:32Z</time>
      </trkpt>
      <trkpt lat="45.58075" lon="24.74567">
        <ele>2218.7</ele>
        <time>2024-07-06T13:39:37Z</time>
      </trkpt>
      <trkpt lat="45.58073" lon="24.74566">
        <ele>2218.3</ele>
        <time>2024-07-06T13:39:40Z</time>
      </trkpt>
      <trkpt lat="45.5807" lon="24.74566">
        <ele>2217.94</ele>
        <time>2024-07-06T13:39:43Z</time>
      </trkpt>
      <trkpt lat="45.58068" lon="24.74565">
        <ele>2217.53</ele>
        <time>2024-07-06T13:39:45Z</time>
      </trkpt>
      <trkpt lat="45.58065" lon="24.74565">
        <ele>2217.17</ele>
        <time>2024-07-06T13:39:49Z</time>
      </trkpt>
      <trkpt lat="45.58064" lon="24.74565">
        <ele>2217.05</ele>
        <time>2024-07-06T13:39:50Z</time>
      </trkpt>
      <trkpt lat="45.58063" lon="24.74566">
        <ele>2217.13</ele>
        <time>2024-07-06T13:39:51Z</time>
      </trkpt>
      <trkpt lat="45.58059" lon="24.74568">
        <ele>2217.07</ele>
        <time>2024-07-06T13:39:56Z</time>
      </trkpt>
      <trkpt lat="45.58057" lon="24.74568">
        <ele>2216.85</ele>
        <time>2024-07-06T13:39:59Z</time>
      </trkpt>
      <trkpt lat="45.58054" lon="24.7457">
        <ele>2216.39</ele>
        <time>2024-07-06T13:40:05Z</time>
      </trkpt>
      <trkpt lat="45.58054" lon="24.7457">
        <ele>2216.39</ele>
        <time>2024-07-06T13:40:06Z</time>
      </trkpt>
      <trkpt lat="45.58047" lon="24.74573">
        <ele>2213.61</ele>
        <time>2024-07-06T13:40:13Z</time>
      </trkpt>
      <trkpt lat="45.58046" lon="24.74573">
        <ele>2213.12</ele>
        <time>2024-07-06T13:40:15Z</time>
      </trkpt>
      <trkpt lat="45.58044" lon="24.74574">
        <ele>2212.3</ele>
        <time>2024-07-06T13:40:18Z</time>
      </trkpt>
      <trkpt lat="45.58042" lon="24.74575">
        <ele>2211.47</ele>
        <time>2024-07-06T13:40:20Z</time>
      </trkpt>
      <trkpt lat="45.58038" lon="24.74576">
        <ele>2209.6</ele>
        <time>2024-07-06T13:40:25Z</time>
      </trkpt>
      <trkpt lat="45.58035" lon="24.74577">
        <ele>2208.21</ele>
        <time>2024-07-06T13:40:28Z</time>
      </trkpt>
      <trkpt lat="45.58031" lon="24.74578">
        <ele>2206.27</ele>
        <time>2024-07-06T13:40:33Z</time>
      </trkpt>
      <trkpt lat="45.58029" lon="24.74578">
        <ele>2205.24</ele>
        <time>2024-07-06T13:40:36Z</time>
      </trkpt>
      <trkpt lat="45.58028" lon="24.74578">
        <ele>2204.73</ele>
        <time>2024-07-06T13:40:37Z</time>
      </trkpt>
      <trkpt lat="45.58021" lon="24.74581">
        <ele>2203.16</ele>
        <time>2024-07-06T13:40:45Z</time>
      </trkpt>
      <trkpt lat="45.5802" lon="24.74582">
        <ele>2202.97</ele>
        <time>2024-07-06T13:40:46Z</time>
      </trkpt>
      <trkpt lat="45.58019" lon="24.74583">
        <ele>2202.77</ele>
        <time>2024-07-06T13:40:47Z</time>
      </trkpt>
      <trkpt lat="45.58013" lon="24.74586">
        <ele>2201.81</ele>
        <time>2024-07-06T13:40:56Z</time>
      </trkpt>
      <trkpt lat="45.58012" lon="24.74587">
        <ele>2201.76</ele>
        <time>2024-07-06T13:40:57Z</time>
      </trkpt>
      <trkpt lat="45.58008" lon="24.74589">
        <ele>2201.18</ele>
        <time>2024-07-06T13:41:06Z</time>
      </trkpt>
      <trkpt lat="45.58008" lon="24.74589">
        <ele>2201.18</ele>
        <time>2024-07-06T13:41:09Z</time>
      </trkpt>
      <trkpt lat="45.58006" lon="24.7459">
        <ele>2200.9</ele>
        <time>2024-07-06T13:41:15Z</time>
      </trkpt>
      <trkpt lat="45.57998" lon="24.74597">
        <ele>2200.74</ele>
        <time>2024-07-06T13:41:23Z</time>
      </trkpt>
      <trkpt lat="45.57997" lon="24.74597">
        <ele>2200.63</ele>
        <time>2024-07-06T13:41:24Z</time>
      </trkpt>
      <trkpt lat="45.57992" lon="24.74597">
        <ele>2200.09</ele>
        <time>2024-07-06T13:41:30Z</time>
      </trkpt>
      <trkpt lat="45.5799" lon="24.74597">
        <ele>2199.87</ele>
        <time>2024-07-06T13:41:33Z</time>
      </trkpt>
      <trkpt lat="45.57985" lon="24.74598">
        <ele>2199.55</ele>
        <time>2024-07-06T13:41:41Z</time>
      </trkpt>
      <trkpt lat="45.57984" lon="24.74597">
        <ele>2199.22</ele>
        <time>2024-07-06T13:41:42Z</time>
      </trkpt>
      <trkpt lat="45.57981" lon="24.74596">
        <ele>2198.68</ele>
        <time>2024-07-06T13:41:48Z</time>
      </trkpt>
      <trkpt lat="45.5798" lon="24.74596">
        <ele>2198.58</ele>
        <time>2024-07-06T13:41:49Z</time>
      </trkpt>
      <trkpt lat="45.57977" lon="24.74597">
        <ele>2198.47</ele>
        <time>2024-07-06T13:41:53Z</time>
      </trkpt>
      <trkpt lat="45.57974" lon="24.74598">
        <ele>2198.36</ele>
        <time>2024-07-06T13:41:56Z</time>
      </trkpt>
      <trkpt lat="45.57966" lon="24.74597">
        <ele>2197.5</ele>
        <time>2024-07-06T13:42:04Z</time>
      </trkpt>
      <trkpt lat="45.57962" lon="24.74599">
        <ele>2197.65</ele>
        <time>2024-07-06T13:42:12Z</time>
      </trkpt>
      <trkpt lat="45.57961" lon="24.74604">
        <ele>2198.66</ele>
        <time>2024-07-06T13:42:17Z</time>
      </trkpt>
      <trkpt lat="45.5796" lon="24.74606">
        <ele>2199.02</ele>
        <time>2024-07-06T13:42:20Z</time>
      </trkpt>
      <trkpt lat="45.57956" lon="24.74613">
        <ele>2200.4</ele>
        <time>2024-07-06T13:42:25Z</time>
      </trkpt>
      <trkpt lat="45.57954" lon="24.74623">
        <ele>2203.26</ele>
        <time>2024-07-06T13:42:33Z</time>
      </trkpt>
      <trkpt lat="45.57953" lon="24.74632">
        <ele>2205.86</ele>
        <time>2024-07-06T13:42:39Z</time>
      </trkpt>
      <trkpt lat="45.57953" lon="24.74633">
        <ele>2206.16</ele>
        <time>2024-07-06T13:42:40Z</time>
      </trkpt>
      <trkpt lat="45.57952" lon="24.74637">
        <ele>2207.25</ele>
        <time>2024-07-06T13:42:44Z</time>
      </trkpt>
      <trkpt lat="45.57951" lon="24.74638">
        <ele>2207.44</ele>
        <time>2024-07-06T13:42:46Z</time>
      </trkpt>
      <trkpt lat="45.5795" lon="24.74641">
        <ele>2207.8</ele>
        <time>2024-07-06T13:42:51Z</time>
      </trkpt>
      <trkpt lat="45.57949" lon="24.74643">
        <ele>2207.86</ele>
        <time>2024-07-06T13:42:54Z</time>
      </trkpt>
      <trkpt lat="45.57948" lon="24.74647">
        <ele>2208.08</ele>
        <time>2024-07-06T13:42:58Z</time>
      </trkpt>
      <trkpt lat="45.57949" lon="24.74648">
        <ele>2208.31</ele>
        <time>2024-07-06T13:42:59Z</time>
      </trkpt>
      <trkpt lat="45.57948" lon="24.74651">
        <ele>2208.42</ele>
        <time>2024-07-06T13:43:03Z</time>
      </trkpt>
      <trkpt lat="45.57947" lon="24.74653">
        <ele>2208.43</ele>
        <time>2024-07-06T13:43:08Z</time>
      </trkpt>
      <trkpt lat="45.57947" lon="24.74654">
        <ele>2208.51</ele>
        <time>2024-07-06T13:43:11Z</time>
      </trkpt>
      <trkpt lat="45.57947" lon="24.74655">
        <ele>2208.6</ele>
        <time>2024-07-06T13:43:15Z</time>
      </trkpt>
      <trkpt lat="45.57946" lon="24.74654">
        <ele>2208.35</ele>
        <time>2024-07-06T13:43:43Z</time>
      </trkpt>
      <trkpt lat="45.57946" lon="24.74654">
        <ele>2208.35</ele>
        <time>2024-07-06T13:43:47Z</time>
      </trkpt>
      <trkpt lat="45.57946" lon="24.74654">
        <ele>2208.35</ele>
        <time>2024-07-06T13:43:48Z</time>
      </trkpt>
      <trkpt lat="45.57946" lon="24.74652">
        <ele>2208.19</ele>
        <time>2024-07-06T13:43:52Z</time>
      </trkpt>
      <trkpt lat="45.57946" lon="24.7465">
        <ele>2208.04</ele>
        <time>2024-07-06T13:44:09Z</time>
      </trkpt>
      <trkpt lat="45.57946" lon="24.7465">
        <ele>2208.04</ele>
        <time>2024-07-06T13:44:16Z</time>
      </trkpt>
      <trkpt lat="45.57944" lon="24.74658">
        <ele>2208.27</ele>
        <time>2024-07-06T13:45:03Z</time>
      </trkpt>
      <trkpt lat="45.57943" lon="24.74658">
        <ele>2208.02</ele>
        <time>2024-07-06T13:45:19Z</time>
      </trkpt>
      <trkpt lat="45.57943" lon="24.74657">
        <ele>2207.94</ele>
        <time>2024-07-06T13:45:23Z</time>
      </trkpt>
      <trkpt lat="45.57943" lon="24.74657">
        <ele>2207.94</ele>
        <time>2024-07-06T13:45:27Z</time>
      </trkpt>
      <trkpt lat="45.57942" lon="24.74657">
        <ele>2207.68</ele>
        <time>2024-07-06T13:45:45Z</time>
      </trkpt>
      <trkpt lat="45.57939" lon="24.74655">
        <ele>2206.74</ele>
        <time>2024-07-06T13:46:33Z</time>
      </trkpt>
      <trkpt lat="45.57939" lon="24.74656">
        <ele>2206.83</ele>
        <time>2024-07-06T13:46:49Z</time>
      </trkpt>
      <trkpt lat="45.57939" lon="24.74656">
        <ele>2206.83</ele>
        <time>2024-07-06T13:46:52Z</time>
      </trkpt>
      <trkpt lat="45.57939" lon="24.74656">
        <ele>2206.83</ele>
        <time>2024-07-06T13:46:56Z</time>
      </trkpt>
      <trkpt lat="45.57939" lon="24.74656">
        <ele>2206.83</ele>
        <time>2024-07-06T13:46:58Z</time>
      </trkpt>
      <trkpt lat="45.57939" lon="24.74656">
        <ele>2206.83</ele>
        <time>2024-07-06T13:47:05Z</time>
      </trkpt>
      <trkpt lat="45.57939" lon="24.74656">
        <ele>2206.83</ele>
        <time>2024-07-06T13:47:32Z</time>
      </trkpt>
      <trkpt lat="45.57939" lon="24.74656">
        <ele>2206.83</ele>
        <time>2024-07-06T13:47:34Z</time>
      </trkpt>
      <trkpt lat="45.57939" lon="24.74656">
        <ele>2206.83</ele>
        <time>2024-07-06T13:47:51Z</time>
      </trkpt>
      <trkpt lat="45.57939" lon="24.74657">
        <ele>2206.92</ele>
        <time>2024-07-06T13:47:56Z</time>
      </trkpt>
      <trkpt lat="45.57939" lon="24.74657">
        <ele>2206.92</ele>
        <time>2024-07-06T13:48:01Z</time>
      </trkpt>
      <trkpt lat="45.57939" lon="24.74657">
        <ele>2206.92</ele>
        <time>2024-07-06T13:48:03Z</time>
      </trkpt>
      <trkpt lat="45.57939" lon="24.74657">
        <ele>2206.92</ele>
        <time>2024-07-06T13:48:05Z</time>
      </trkpt>
      <trkpt lat="45.57939" lon="24.74657">
        <ele>2206.92</ele>
        <time>2024-07-06T13:48:07Z</time>
      </trkpt>
      <trkpt lat="45.57939" lon="24.74657">
        <ele>2206.92</ele>
        <time>2024-07-06T13:48:09Z</time>
      </trkpt>
      <trkpt lat="45.57939" lon="24.74657">
        <ele>2206.92</ele>
        <time>2024-07-06T13:48:12Z</time>
      </trkpt>
      <trkpt lat="45.57927" lon="24.74674">
        <ele>2205.04</ele>
        <time>2024-07-06T13:48:20Z</time>
      </trkpt>
      <trkpt lat="45.57918" lon="24.74684">
        <ele>2203.23</ele>
        <time>2024-07-06T13:48:24Z</time>
      </trkpt>
      <trkpt lat="45.57913" lon="24.74688">
        <ele>2201.68</ele>
        <time>2024-07-06T13:48:32Z</time>
      </trkpt>
      <trkpt lat="45.5791" lon="24.74693">
        <ele>2200.6</ele>
        <time>2024-07-06T13:48:40Z</time>
      </trkpt>
      <trkpt lat="45.57906" lon="24.74695">
        <ele>2199.11</ele>
        <time>2024-07-06T13:48:46Z</time>
      </trkpt>
      <trkpt lat="45.57904" lon="24.74697">
        <ele>2198.24</ele>
        <time>2024-07-06T13:48:50Z</time>
      </trkpt>
      <trkpt lat="45.57902" lon="24.74699">
        <ele>2197.41</ele>
        <time>2024-07-06T13:48:54Z</time>
      </trkpt>
      <trkpt lat="45.579" lon="24.74701">
        <ele>2196.62</ele>
        <time>2024-07-06T13:48:57Z</time>
      </trkpt>
      <trkpt lat="45.57899" lon="24.74703">
        <ele>2196.19</ele>
        <time>2024-07-06T13:48:59Z</time>
      </trkpt>
      <trkpt lat="45.57896" lon="24.74714">
        <ele>2194.84</ele>
        <time>2024-07-06T13:49:08Z</time>
      </trkpt>
      <trkpt lat="45.57896" lon="24.74717">
        <ele>2194.73</ele>
        <time>2024-07-06T13:49:10Z</time>
      </trkpt>
      <trkpt lat="45.57894" lon="24.74726">
        <ele>2193.89</ele>
        <time>2024-07-06T13:49:17Z</time>
      </trkpt>
      <trkpt lat="45.57894" lon="24.74736">
        <ele>2193.33</ele>
        <time>2024-07-06T13:49:23Z</time>
      </trkpt>
      <trkpt lat="45.57893" lon="24.74738">
        <ele>2193.07</ele>
        <time>2024-07-06T13:49:25Z</time>
      </trkpt>
      <trkpt lat="45.57893" lon="24.7474">
        <ele>2192.96</ele>
        <time>2024-07-06T13:49:26Z</time>
      </trkpt>
      <trkpt lat="45.57889" lon="24.74746">
        <ele>2192.16</ele>
        <time>2024-07-06T13:49:30Z</time>
      </trkpt>
      <trkpt lat="45.57889" lon="24.74747">
        <ele>2192.12</ele>
        <time>2024-07-06T13:49:31Z</time>
      </trkpt>
      <trkpt lat="45.57888" lon="24.74748">
        <ele>2192.07</ele>
        <time>2024-07-06T13:49:32Z</time>
      </trkpt>
      <trkpt lat="45.57888" lon="24.7475">
        <ele>2192.0</ele>
        <time>2024-07-06T13:49:34Z</time>
      </trkpt>
      <trkpt lat="45.57886" lon="24.74756">
        <ele>2191.59</ele>
        <time>2024-07-06T13:49:39Z</time>
      </trkpt>
      <trkpt lat="45.57883" lon="24.74763">
        <ele>2191.16</ele>
        <time>2024-07-06T13:49:44Z</time>
      </trkpt>
      <trkpt lat="45.57883" lon="24.74768">
        <ele>2190.84</ele>
        <time>2024-07-06T13:49:48Z</time>
      </trkpt>
      <trkpt lat="45.57882" lon="24.74772">
        <ele>2190.61</ele>
        <time>2024-07-06T13:49:51Z</time>
      </trkpt>
      <trkpt lat="45.57882" lon="24.74776">
        <ele>2190.36</ele>
        <time>2024-07-06T13:49:54Z</time>
      </trkpt>
      <trkpt lat="45.57882" lon="24.74781">
        <ele>2189.93</ele>
        <time>2024-07-06T13:49:57Z</time>
      </trkpt>
      <trkpt lat="45.57882" lon="24.74794">
        <ele>2188.64</ele>
        <time>2024-07-06T13:50:06Z</time>
      </trkpt>
      <trkpt lat="45.57882" lon="24.74796">
        <ele>2188.44</ele>
        <time>2024-07-06T13:50:08Z</time>
      </trkpt>
      <trkpt lat="45.57881" lon="24.748">
        <ele>2188.11</ele>
        <time>2024-07-06T13:50:11Z</time>
      </trkpt>
      <trkpt lat="45.57881" lon="24.74802">
        <ele>2187.92</ele>
        <time>2024-07-06T13:50:13Z</time>
      </trkpt>
      <trkpt lat="45.57882" lon="24.74808">
        <ele>2187.23</ele>
        <time>2024-07-06T13:50:20Z</time>
      </trkpt>
      <trkpt lat="45.5788" lon="24.74812">
        <ele>2186.94</ele>
        <time>2024-07-06T13:50:27Z</time>
      </trkpt>
      <trkpt lat="45.5788" lon="24.74813">
        <ele>2186.84</ele>
        <time>2024-07-06T13:50:28Z</time>
      </trkpt>
      <trkpt lat="45.5788" lon="24.74817">
        <ele>2186.4</ele>
        <time>2024-07-06T13:50:34Z</time>
      </trkpt>
      <trkpt lat="45.5788" lon="24.74818">
        <ele>2186.3</ele>
        <time>2024-07-06T13:50:35Z</time>
      </trkpt>
      <trkpt lat="45.5788" lon="24.74822">
        <ele>2185.86</ele>
        <time>2024-07-06T13:50:40Z</time>
      </trkpt>
      <trkpt lat="45.57881" lon="24.74825">
        <ele>2185.47</ele>
        <time>2024-07-06T13:50:43Z</time>
      </trkpt>
      <trkpt lat="45.57881" lon="24.74826">
        <ele>2185.36</ele>
        <time>2024-07-06T13:50:45Z</time>
      </trkpt>
      <trkpt lat="45.57881" lon="24.74827">
        <ele>2185.25</ele>
        <time>2024-07-06T13:50:47Z</time>
      </trkpt>
      <trkpt lat="45.57882" lon="24.7483">
        <ele>2184.86</ele>
        <time>2024-07-06T13:50:52Z</time>
      </trkpt>
      <trkpt lat="45.57883" lon="24.74831">
        <ele>2184.68</ele>
        <time>2024-07-06T13:50:54Z</time>
      </trkpt>
      <trkpt lat="45.57883" lon="24.74835">
        <ele>2184.18</ele>
        <time>2024-07-06T13:51:00Z</time>
      </trkpt>
      <trkpt lat="45.57883" lon="24.74835">
        <ele>2184.18</ele>
        <time>2024-07-06T13:51:01Z</time>
      </trkpt>
      <trkpt lat="45.57883" lon="24.74836">
        <ele>2184.04</ele>
        <time>2024-07-06T13:51:04Z</time>
      </trkpt>
      <trkpt lat="45.57883" lon="24.74836">
        <ele>2184.04</ele>
        <time>2024-07-06T13:51:05Z</time>
      </trkpt>
      <trkpt lat="45.57883" lon="24.74836">
        <ele>2184.04</ele>
        <time>2024-07-06T13:51:08Z</time>
      </trkpt>
      <trkpt lat="45.57883" lon="24.74836">
        <ele>2184.04</ele>
        <time>2024-07-06T13:51:17Z</time>
      </trkpt>
      <trkpt lat="45.57883" lon="24.74836">
        <ele>2184.04</ele>
        <time>2024-07-06T13:51:25Z</time>
      </trkpt>
      <trkpt lat="45.57883" lon="24.74836">
        <ele>2184.04</ele>
        <time>2024-07-06T13:51:29Z</time>
      </trkpt>
      <trkpt lat="45.57883" lon="24.74839">
        <ele>2183.61</ele>
        <time>2024-07-06T13:51:36Z</time>
      </trkpt>
      <trkpt lat="45.57884" lon="24.74841">
        <ele>2183.25</ele>
        <time>2024-07-06T13:51:42Z</time>
      </trkpt>
      <trkpt lat="45.57884" lon="24.74842">
        <ele>2183.1</ele>
        <time>2024-07-06T13:51:45Z</time>
      </trkpt>
      <trkpt lat="45.57885" lon="24.74843">
        <ele>2182.89</ele>
        <time>2024-07-06T13:51:47Z</time>
      </trkpt>
      <trkpt lat="45.57885" lon="24.74843">
        <ele>2182.89</ele>
        <time>2024-07-06T13:51:48Z</time>
      </trkpt>
      <trkpt lat="45.57885" lon="24.74844">
        <ele>2182.74</ele>
        <time>2024-07-06T13:51:50Z</time>
      </trkpt>
      <trkpt lat="45.57886" lon="24.74847">
        <ele>2182.24</ele>
        <time>2024-07-06T13:51:59Z</time>
      </trkpt>
      <trkpt lat="45.57886" lon="24.74851">
        <ele>2181.66</ele>
        <time>2024-07-06T13:52:07Z</time>
      </trkpt>
      <trkpt lat="45.57885" lon="24.74855">
        <ele>2181.16</ele>
        <time>2024-07-06T13:52:14Z</time>
      </trkpt>
      <trkpt lat="45.57884" lon="24.74858">
        <ele>2180.8</ele>
        <time>2024-07-06T13:52:19Z</time>
      </trkpt>
      <trkpt lat="45.57873" lon="24.74864">
        <ele>2180.45</ele>
        <time>2024-07-06T13:52:27Z</time>
      </trkpt>
      <trkpt lat="45.57866" lon="24.74869">
        <ele>2179.53</ele>
        <time>2024-07-06T13:52:32Z</time>
      </trkpt>
      <trkpt lat="45.57866" lon="24.7487">
        <ele>2179.26</ele>
        <time>2024-07-06T13:52:33Z</time>
      </trkpt>
      <trkpt lat="45.57864" lon="24.74871">
        <ele>2179.06</ele>
        <time>2024-07-06T13:52:37Z</time>
      </trkpt>
      <trkpt lat="45.57862" lon="24.74875">
        <ele>2177.98</ele>
        <time>2024-07-06T13:52:43Z</time>
      </trkpt>
      <trkpt lat="45.57859" lon="24.74879">
        <ele>2176.61</ele>
        <time>2024-07-06T13:52:49Z</time>
      </trkpt>
      <trkpt lat="45.57858" lon="24.7488">
        <ele>2176.23</ele>
        <time>2024-07-06T13:52:51Z</time>
      </trkpt>
      <trkpt lat="45.57858" lon="24.74881">
        <ele>2175.95</ele>
        <time>2024-07-06T13:52:53Z</time>
      </trkpt>
      <trkpt lat="45.57857" lon="24.74881">
        <ele>2175.85</ele>
        <time>2024-07-06T13:52:56Z</time>
      </trkpt>
      <trkpt lat="45.57856" lon="24.74881">
        <ele>2175.75</ele>
        <time>2024-07-06T13:52:59Z</time>
      </trkpt>
      <trkpt lat="45.57854" lon="24.74882">
        <ele>2175.28</ele>
        <time>2024-07-06T13:53:07Z</time>
      </trkpt>
      <trkpt lat="45.57854" lon="24.74882">
        <ele>2175.28</ele>
        <time>2024-07-06T13:53:08Z</time>
      </trkpt>
      <trkpt lat="45.57854" lon="24.74882">
        <ele>2175.28</ele>
        <time>2024-07-06T13:53:09Z</time>
      </trkpt>
      <trkpt lat="45.57854" lon="24.74882">
        <ele>2175.28</ele>
        <time>2024-07-06T13:53:11Z</time>
      </trkpt>
      <trkpt lat="45.57852" lon="24.7488">
        <ele>2175.59</ele>
        <time>2024-07-06T13:53:17Z</time>
      </trkpt>
      <trkpt lat="45.57851" lon="24.7488">
        <ele>2175.48</ele>
        <time>2024-07-06T13:53:20Z</time>
      </trkpt>
      <trkpt lat="45.57849" lon="24.7488">
        <ele>2175.27</ele>
        <time>2024-07-06T13:53:24Z</time>
      </trkpt>
      <trkpt lat="45.57849" lon="24.7488">
        <ele>2175.27</ele>
        <time>2024-07-06T13:53:25Z</time>
      </trkpt>
      <trkpt lat="45.57848" lon="24.7488">
        <ele>2175.16</ele>
        <time>2024-07-06T13:53:27Z</time>
      </trkpt>
      <trkpt lat="45.57846" lon="24.7488">
        <ele>2174.95</ele>
        <time>2024-07-06T13:53:32Z</time>
      </trkpt>
      <trkpt lat="45.57845" lon="24.74881">
        <ele>2174.62</ele>
        <time>2024-07-06T13:53:36Z</time>
      </trkpt>
      <trkpt lat="45.57845" lon="24.74883">
        <ele>2174.17</ele>
        <time>2024-07-06T13:53:38Z</time>
      </trkpt>
      <trkpt lat="45.57845" lon="24.74886">
        <ele>2173.49</ele>
        <time>2024-07-06T13:53:42Z</time>
      </trkpt>
      <trkpt lat="45.57843" lon="24.74892">
        <ele>2172.47</ele>
        <time>2024-07-06T13:53:46Z</time>
      </trkpt>
      <trkpt lat="45.57842" lon="24.74895">
        <ele>2172.18</ele>
        <time>2024-07-06T13:53:49Z</time>
      </trkpt>
      <trkpt lat="45.57841" lon="24.74898">
        <ele>2171.9</ele>
        <time>2024-07-06T13:53:53Z</time>
      </trkpt>
      <trkpt lat="45.57839" lon="24.74909">
        <ele>2170.96</ele>
        <time>2024-07-06T13:54:03Z</time>
      </trkpt>
      <trkpt lat="45.57837" lon="24.74911">
        <ele>2170.67</ele>
        <time>2024-07-06T13:54:05Z</time>
      </trkpt>
      <trkpt lat="45.57834" lon="24.74917">
        <ele>2170.07</ele>
        <time>2024-07-06T13:54:10Z</time>
      </trkpt>
      <trkpt lat="45.57834" lon="24.74928">
        <ele>2170.82</ele>
        <time>2024-07-06T13:54:17Z</time>
      </trkpt>
      <trkpt lat="45.57835" lon="24.74929">
        <ele>2170.9</ele>
        <time>2024-07-06T13:54:19Z</time>
      </trkpt>
      <trkpt lat="45.57835" lon="24.74937">
        <ele>2171.41</ele>
        <time>2024-07-06T13:54:23Z</time>
      </trkpt>
      <trkpt lat="45.57836" lon="24.74942">
        <ele>2171.67</ele>
        <time>2024-07-06T13:54:27Z</time>
      </trkpt>
      <trkpt lat="45.57836" lon="24.74946">
        <ele>2171.93</ele>
        <time>2024-07-06T13:54:30Z</time>
      </trkpt>
      <trkpt lat="45.57837" lon="24.74953">
        <ele>2172.39</ele>
        <time>2024-07-06T13:54:35Z</time>
      </trkpt>
      <trkpt lat="45.57838" lon="24.74957">
        <ele>2172.64</ele>
        <time>2024-07-06T13:54:39Z</time>
      </trkpt>
      <trkpt lat="45.57839" lon="24.74958">
        <ele>2172.67</ele>
        <time>2024-07-06T13:54:40Z</time>
      </trkpt>
      <trkpt lat="45.5784" lon="24.74961">
        <ele>2172.86</ele>
        <time>2024-07-06T13:54:43Z</time>
      </trkpt>
      <trkpt lat="45.57841" lon="24.74973">
        <ele>2173.73</ele>
        <time>2024-07-06T13:54:51Z</time>
      </trkpt>
      <trkpt lat="45.57841" lon="24.74975">
        <ele>2173.73</ele>
        <time>2024-07-06T13:54:53Z</time>
      </trkpt>
      <trkpt lat="45.57841" lon="24.7498">
        <ele>2173.75</ele>
        <time>2024-07-06T13:54:57Z</time>
      </trkpt>
      <trkpt lat="45.57842" lon="24.74984">
        <ele>2173.79</ele>
        <time>2024-07-06T13:55:00Z</time>
      </trkpt>
      <trkpt lat="45.57841" lon="24.74996">
        <ele>2173.81</ele>
        <time>2024-07-06T13:55:09Z</time>
      </trkpt>
      <trkpt lat="45.57841" lon="24.75004">
        <ele>2174.12</ele>
        <time>2024-07-06T13:55:13Z</time>
      </trkpt>
      <trkpt lat="45.57841" lon="24.75006">
        <ele>2174.26</ele>
        <time>2024-07-06T13:55:14Z</time>
      </trkpt>
      <trkpt lat="45.57841" lon="24.75009">
        <ele>2174.48</ele>
        <time>2024-07-06T13:55:17Z</time>
      </trkpt>
      <trkpt lat="45.57841" lon="24.75019">
        <ele>2175.2</ele>
        <time>2024-07-06T13:55:24Z</time>
      </trkpt>
      <trkpt lat="45.57841" lon="24.75021">
        <ele>2175.34</ele>
        <time>2024-07-06T13:55:26Z</time>
      </trkpt>
      <trkpt lat="45.57841" lon="24.75023">
        <ele>2175.48</ele>
        <time>2024-07-06T13:55:28Z</time>
      </trkpt>
      <trkpt lat="45.57843" lon="24.75035">
        <ele>2175.86</ele>
        <time>2024-07-06T13:55:37Z</time>
      </trkpt>
      <trkpt lat="45.57844" lon="24.75042">
        <ele>2175.76</ele>
        <time>2024-07-06T13:55:45Z</time>
      </trkpt>
      <trkpt lat="45.57844" lon="24.75045">
        <ele>2175.68</ele>
        <time>2024-07-06T13:55:47Z</time>
      </trkpt>
      <trkpt lat="45.57844" lon="24.75047">
        <ele>2175.62</ele>
        <time>2024-07-06T13:55:48Z</time>
      </trkpt>
      <trkpt lat="45.57844" lon="24.75053">
        <ele>2175.45</ele>
        <time>2024-07-06T13:55:52Z</time>
      </trkpt>
      <trkpt lat="45.57844" lon="24.75055">
        <ele>2175.4</ele>
        <time>2024-07-06T13:55:54Z</time>
      </trkpt>
      <trkpt lat="45.57844" lon="24.75062">
        <ele>2174.69</ele>
        <time>2024-07-06T13:56:00Z</time>
      </trkpt>
      <trkpt lat="45.57844" lon="24.75064">
        <ele>2174.47</ele>
        <time>2024-07-06T13:56:01Z</time>
      </trkpt>
      <trkpt lat="45.57844" lon="24.75066">
        <ele>2174.26</ele>
        <time>2024-07-06T13:56:03Z</time>
      </trkpt>
      <trkpt lat="45.57844" lon="24.75068">
        <ele>2174.04</ele>
        <time>2024-07-06T13:56:04Z</time>
      </trkpt>
      <trkpt lat="45.57843" lon="24.75071">
        <ele>2173.68</ele>
        <time>2024-07-06T13:56:06Z</time>
      </trkpt>
      <trkpt lat="45.57843" lon="24.75075">
        <ele>2173.25</ele>
        <time>2024-07-06T13:56:10Z</time>
      </trkpt>
      <trkpt lat="45.57841" lon="24.75083">
        <ele>2172.31</ele>
        <time>2024-07-06T13:56:15Z</time>
      </trkpt>
      <trkpt lat="45.57841" lon="24.75087">
        <ele>2172.24</ele>
        <time>2024-07-06T13:56:18Z</time>
      </trkpt>
      <trkpt lat="45.57839" lon="24.75097">
        <ele>2172.1</ele>
        <time>2024-07-06T13:56:25Z</time>
      </trkpt>
      <trkpt lat="45.57838" lon="24.75105">
        <ele>2172.04</ele>
        <time>2024-07-06T13:56:31Z</time>
      </trkpt>
      <trkpt lat="45.57837" lon="24.75109">
        <ele>2172.01</ele>
        <time>2024-07-06T13:56:34Z</time>
      </trkpt>
      <trkpt lat="45.57837" lon="24.75111">
        <ele>2172.0</ele>
        <time>2024-07-06T13:56:35Z</time>
      </trkpt>
      <trkpt lat="45.57834" lon="24.75119">
        <ele>2171.42</ele>
        <time>2024-07-06T13:56:42Z</time>
      </trkpt>
      <trkpt lat="45.57834" lon="24.75122">
        <ele>2171.2</ele>
        <time>2024-07-06T13:56:44Z</time>
      </trkpt>
      <trkpt lat="45.57832" lon="24.75125">
        <ele>2171.0</ele>
        <time>2024-07-06T13:56:48Z</time>
      </trkpt>
      <trkpt lat="45.57831" lon="24.75129">
        <ele>2170.69</ele>
        <time>2024-07-06T13:56:51Z</time>
      </trkpt>
      <trkpt lat="45.57829" lon="24.75131">
        <ele>2170.5</ele>
        <time>2024-07-06T13:56:56Z</time>
      </trkpt>
      <trkpt lat="45.57828" lon="24.75132">
        <ele>2170.4</ele>
        <time>2024-07-06T13:56:58Z</time>
      </trkpt>
      <trkpt lat="45.57827" lon="24.75134">
        <ele>2170.2</ele>
        <time>2024-07-06T13:57:02Z</time>
      </trkpt>
      <trkpt lat="45.57827" lon="24.75137">
        <ele>2169.94</ele>
        <time>2024-07-06T13:57:08Z</time>
      </trkpt>
      <trkpt lat="45.57825" lon="24.7514">
        <ele>2169.56</ele>
        <time>2024-07-06T13:57:13Z</time>
      </trkpt>
      <trkpt lat="45.57823" lon="24.75143">
        <ele>2169.07</ele>
        <time>2024-07-06T13:57:19Z</time>
      </trkpt>
      <trkpt lat="45.57823" lon="24.75144">
        <ele>2168.94</ele>
        <time>2024-07-06T13:57:20Z</time>
      </trkpt>
      <trkpt lat="45.57822" lon="24.75148">
        <ele>2168.34</ele>
        <time>2024-07-06T13:57:27Z</time>
      </trkpt>
      <trkpt lat="45.57822" lon="24.75149">
        <ele>2168.2</ele>
        <time>2024-07-06T13:57:28Z</time>
      </trkpt>
      <trkpt lat="45.57819" lon="24.75159">
        <ele>2166.56</ele>
        <time>2024-07-06T13:57:35Z</time>
      </trkpt>
      <trkpt lat="45.57819" lon="24.7516">
        <ele>2166.42</ele>
        <time>2024-07-06T13:57:36Z</time>
      </trkpt>
      <trkpt lat="45.57819" lon="24.75162">
        <ele>2166.13</ele>
        <time>2024-07-06T13:57:39Z</time>
      </trkpt>
      <trkpt lat="45.57819" lon="24.75169">
        <ele>2165.07</ele>
        <time>2024-07-06T13:57:44Z</time>
      </trkpt>
      <trkpt lat="45.57815" lon="24.75174">
        <ele>2163.79</ele>
        <time>2024-07-06T13:57:51Z</time>
      </trkpt>
      <trkpt lat="45.57816" lon="24.75177">
        <ele>2163.41</ele>
        <time>2024-07-06T13:57:57Z</time>
      </trkpt>
      <trkpt lat="45.57816" lon="24.75182">
        <ele>2162.58</ele>
        <time>2024-07-06T13:58:01Z</time>
      </trkpt>
      <trkpt lat="45.57815" lon="24.75186">
        <ele>2161.78</ele>
        <time>2024-07-06T13:58:04Z</time>
      </trkpt>
      <trkpt lat="45.57811" lon="24.75194">
        <ele>2159.86</ele>
        <time>2024-07-06T13:58:11Z</time>
      </trkpt>
      <trkpt lat="45.57809" lon="24.752">
        <ele>2159.27</ele>
        <time>2024-07-06T13:58:18Z</time>
      </trkpt>
      <trkpt lat="45.57808" lon="24.752">
        <ele>2159.13</ele>
        <time>2024-07-06T13:58:19Z</time>
      </trkpt>
      <trkpt lat="45.57806" lon="24.75204">
        <ele>2158.71</ele>
        <time>2024-07-06T13:58:26Z</time>
      </trkpt>
      <trkpt lat="45.57805" lon="24.75209">
        <ele>2158.49</ele>
        <time>2024-07-06T13:58:33Z</time>
      </trkpt>
      <trkpt lat="45.57804" lon="24.75212">
        <ele>2158.39</ele>
        <time>2024-07-06T13:58:36Z</time>
      </trkpt>
      <trkpt lat="45.57804" lon="24.75213">
        <ele>2158.35</ele>
        <time>2024-07-06T13:58:37Z</time>
      </trkpt>
      <trkpt lat="45.57804" lon="24.75216">
        <ele>2158.24</ele>
        <time>2024-07-06T13:58:40Z</time>
      </trkpt>
      <trkpt lat="45.57803" lon="24.75223">
        <ele>2157.94</ele>
        <time>2024-07-06T13:58:48Z</time>
      </trkpt>
      <trkpt lat="45.57803" lon="24.75224">
        <ele>2157.87</ele>
        <time>2024-07-06T13:58:49Z</time>
      </trkpt>
      <trkpt lat="45.57802" lon="24.75228">
        <ele>2157.56</ele>
        <time>2024-07-06T13:58:56Z</time>
      </trkpt>
      <trkpt lat="45.57802" lon="24.75229">
        <ele>2157.48</ele>
        <time>2024-07-06T13:58:59Z</time>
      </trkpt>
      <trkpt lat="45.57802" lon="24.75231">
        <ele>2157.33</ele>
        <time>2024-07-06T13:59:02Z</time>
      </trkpt>
      <trkpt lat="45.57802" lon="24.75232">
        <ele>2157.25</ele>
        <time>2024-07-06T13:59:05Z</time>
      </trkpt>
      <trkpt lat="45.57802" lon="24.75236">
        <ele>2156.94</ele>
        <time>2024-07-06T13:59:11Z</time>
      </trkpt>
      <trkpt lat="45.57801" lon="24.75239">
        <ele>2156.69</ele>
        <time>2024-07-06T13:59:19Z</time>
      </trkpt>
      <trkpt lat="45.57801" lon="24.75239">
        <ele>2156.69</ele>
        <time>2024-07-06T13:59:21Z</time>
      </trkpt>
      <trkpt lat="45.57802" lon="24.7524">
        <ele>2156.64</ele>
        <time>2024-07-06T13:59:26Z</time>
      </trkpt>
      <trkpt lat="45.57802" lon="24.7524">
        <ele>2156.64</ele>
        <time>2024-07-06T13:59:35Z</time>
      </trkpt>
      <trkpt lat="45.57802" lon="24.7524">
        <ele>2156.64</ele>
        <time>2024-07-06T13:59:39Z</time>
      </trkpt>
      <trkpt lat="45.57802" lon="24.7524">
        <ele>2156.64</ele>
        <time>2024-07-06T13:59:43Z</time>
      </trkpt>
      <trkpt lat="45.57802" lon="24.7524">
        <ele>2156.64</ele>
        <time>2024-07-06T13:59:46Z</time>
      </trkpt>
      <trkpt lat="45.57802" lon="24.7524">
        <ele>2156.64</ele>
        <time>2024-07-06T13:59:51Z</time>
      </trkpt>
      <trkpt lat="45.57799" lon="24.7524">
        <ele>2156.57</ele>
        <time>2024-07-06T14:00:00Z</time>
      </trkpt>
      <trkpt lat="45.57799" lon="24.7524">
        <ele>2156.57</ele>
        <time>2024-07-06T14:00:03Z</time>
      </trkpt>
      <trkpt lat="45.57799" lon="24.75241">
        <ele>2156.49</ele>
        <time>2024-07-06T14:00:07Z</time>
      </trkpt>
      <trkpt lat="45.57798" lon="24.75248">
        <ele>2155.89</ele>
        <time>2024-07-06T14:00:12Z</time>
      </trkpt>
      <trkpt lat="45.57797" lon="24.75253">
        <ele>2155.48</ele>
        <time>2024-07-06T14:00:14Z</time>
      </trkpt>
      <trkpt lat="45.57796" lon="24.75263">
        <ele>2154.72</ele>
        <time>2024-07-06T14:00:18Z</time>
      </trkpt>
      <trkpt lat="45.57796" lon="24.75266">
        <ele>2154.5</ele>
        <time>2024-07-06T14:00:19Z</time>
      </trkpt>
      <trkpt lat="45.57797" lon="24.75268">
        <ele>2154.4</ele>
        <time>2024-07-06T14:00:21Z</time>
      </trkpt>
      <trkpt lat="45.57797" lon="24.75273">
        <ele>2154.04</ele>
        <time>2024-07-06T14:00:24Z</time>
      </trkpt>
      <trkpt lat="45.57797" lon="24.75282">
        <ele>2153.24</ele>
        <time>2024-07-06T14:00:30Z</time>
      </trkpt>
      <trkpt lat="45.57797" lon="24.75283">
        <ele>2153.13</ele>
        <time>2024-07-06T14:00:31Z</time>
      </trkpt>
      <trkpt lat="45.57797" lon="24.75284">
        <ele>2153.02</ele>
        <time>2024-07-06T14:00:32Z</time>
      </trkpt>
      <trkpt lat="45.57797" lon="24.75295">
        <ele>2151.83</ele>
        <time>2024-07-06T14:00:40Z</time>
      </trkpt>
      <trkpt lat="45.57798" lon="24.75296">
        <ele>2151.76</ele>
        <time>2024-07-06T14:00:42Z</time>
      </trkpt>
      <trkpt lat="45.57798" lon="24.753">
        <ele>2151.33</ele>
        <time>2024-07-06T14:00:45Z</time>
      </trkpt>
      <trkpt lat="45.578" lon="24.75307">
        <ele>2150.56</ele>
        <time>2024-07-06T14:00:51Z</time>
      </trkpt>
      <trkpt lat="45.57801" lon="24.75309">
        <ele>2150.28</ele>
        <time>2024-07-06T14:00:52Z</time>
      </trkpt>
      <trkpt lat="45.57803" lon="24.75317">
        <ele>2149.15</ele>
        <time>2024-07-06T14:00:57Z</time>
      </trkpt>
      <trkpt lat="45.57803" lon="24.7532">
        <ele>2148.68</ele>
        <time>2024-07-06T14:00:59Z</time>
      </trkpt>
      <trkpt lat="45.57803" lon="24.75326">
        <ele>2147.76</ele>
        <time>2024-07-06T14:01:03Z</time>
      </trkpt>
      <trkpt lat="45.57803" lon="24.75332">
        <ele>2146.84</ele>
        <time>2024-07-06T14:01:09Z</time>
      </trkpt>
      <trkpt lat="45.57804" lon="24.75334">
        <ele>2146.68</ele>
        <time>2024-07-06T14:01:11Z</time>
      </trkpt>
      <trkpt lat="45.57805" lon="24.75337">
        <ele>2146.39</ele>
        <time>2024-07-06T14:01:15Z</time>
      </trkpt>
      <trkpt lat="45.57805" lon="24.7534">
        <ele>2145.96</ele>
        <time>2024-07-06T14:01:19Z</time>
      </trkpt>
      <trkpt lat="45.57805" lon="24.75341">
        <ele>2145.81</ele>
        <time>2024-07-06T14:01:22Z</time>
      </trkpt>
      <trkpt lat="45.57806" lon="24.75344">
        <ele>2145.57</ele>
        <time>2024-07-06T14:01:27Z</time>
      </trkpt>
      <trkpt lat="45.57806" lon="24.75345">
        <ele>2145.43</ele>
        <time>2024-07-06T14:01:30Z</time>
      </trkpt>
      <trkpt lat="45.57806" lon="24.7535">
        <ele>2144.7</ele>
        <time>2024-07-06T14:01:37Z</time>
      </trkpt>
      <trkpt lat="45.57806" lon="24.75351">
        <ele>2144.56</ele>
        <time>2024-07-06T14:01:38Z</time>
      </trkpt>
      <trkpt lat="45.57803" lon="24.75359">
        <ele>2142.85</ele>
        <time>2024-07-06T14:01:45Z</time>
      </trkpt>
      <trkpt lat="45.57802" lon="24.7536">
        <ele>2142.53</ele>
        <time>2024-07-06T14:01:46Z</time>
      </trkpt>
      <trkpt lat="45.578" lon="24.75368">
        <ele>2140.26</ele>
        <time>2024-07-06T14:01:52Z</time>
      </trkpt>
      <trkpt lat="45.578" lon="24.75371">
        <ele>2139.51</ele>
        <time>2024-07-06T14:01:55Z</time>
      </trkpt>
      <trkpt lat="45.57803" lon="24.75383">
        <ele>2136.6</ele>
        <time>2024-07-06T14:02:02Z</time>
      </trkpt>
      <trkpt lat="45.57804" lon="24.75389">
        <ele>2134.98</ele>
        <time>2024-07-06T14:02:07Z</time>
      </trkpt>
      <trkpt lat="45.57804" lon="24.75394">
        <ele>2133.97</ele>
        <time>2024-07-06T14:02:13Z</time>
      </trkpt>
      <trkpt lat="45.57805" lon="24.75395">
        <ele>2133.71</ele>
        <time>2024-07-06T14:02:14Z</time>
      </trkpt>
      <trkpt lat="45.57809" lon="24.75399">
        <ele>2133.18</ele>
        <time>2024-07-06T14:02:19Z</time>
      </trkpt>
      <trkpt lat="45.57813" lon="24.75403">
        <ele>2132.62</ele>
        <time>2024-07-06T14:02:25Z</time>
      </trkpt>
      <trkpt lat="45.57813" lon="24.75405">
        <ele>2132.13</ele>
        <time>2024-07-06T14:02:27Z</time>
      </trkpt>
      <trkpt lat="45.57815" lon="24.75412">
        <ele>2130.52</ele>
        <time>2024-07-06T14:02:33Z</time>
      </trkpt>
      <trkpt lat="45.57813" lon="24.75417">
        <ele>2129.2</ele>
        <time>2024-07-06T14:02:41Z</time>
      </trkpt>
      <trkpt lat="45.57812" lon="24.75418">
        <ele>2128.94</ele>
        <time>2024-07-06T14:02:48Z</time>
      </trkpt>
      <trkpt lat="45.57811" lon="24.75419">
        <ele>2128.69</ele>
        <time>2024-07-06T14:02:51Z</time>
      </trkpt>
      <trkpt lat="45.57811" lon="24.75421">
        <ele>2128.26</ele>
        <time>2024-07-06T14:02:56Z</time>
      </trkpt>
      <trkpt lat="45.57811" lon="24.75423">
        <ele>2127.83</ele>
        <time>2024-07-06T14:03:08Z</time>
      </trkpt>
      <trkpt lat="45.57811" lon="24.75423">
        <ele>2127.83</ele>
        <time>2024-07-06T14:03:20Z</time>
      </trkpt>
      <trkpt lat="45.57809" lon="24.75434">
        <ele>2125.38</ele>
        <time>2024-07-06T14:03:37Z</time>
      </trkpt>
      <trkpt lat="45.57807" lon="24.7545">
        <ele>2122.23</ele>
        <time>2024-07-06T14:03:45Z</time>
      </trkpt>
      <trkpt lat="45.57805" lon="24.75457">
        <ele>2121.36</ele>
        <time>2024-07-06T14:03:49Z</time>
      </trkpt>
      <trkpt lat="45.57805" lon="24.7546">
        <ele>2120.93</ele>
        <time>2024-07-06T14:03:51Z</time>
      </trkpt>
      <trkpt lat="45.57805" lon="24.75463">
        <ele>2120.49</ele>
        <time>2024-07-06T14:03:54Z</time>
      </trkpt>
      <trkpt lat="45.57805" lon="24.75465">
        <ele>2120.21</ele>
        <time>2024-07-06T14:03:55Z</time>
      </trkpt>
      <trkpt lat="45.57804" lon="24.75468">
        <ele>2120.06</ele>
        <time>2024-07-06T14:03:57Z</time>
      </trkpt>
      <trkpt lat="45.57804" lon="24.75471">
        <ele>2119.63</ele>
        <time>2024-07-06T14:04:00Z</time>
      </trkpt>
      <trkpt lat="45.57802" lon="24.75476">
        <ele>2119.62</ele>
        <time>2024-07-06T14:04:05Z</time>
      </trkpt>
      <trkpt lat="45.578" lon="24.7548">
        <ele>2119.76</ele>
        <time>2024-07-06T14:04:10Z</time>
      </trkpt>
      <trkpt lat="45.578" lon="24.75491">
        <ele>2118.57</ele>
        <time>2024-07-06T14:04:19Z</time>
      </trkpt>
      <trkpt lat="45.578" lon="24.75496">
        <ele>2118.03</ele>
        <time>2024-07-06T14:04:23Z</time>
      </trkpt>
      <trkpt lat="45.57801" lon="24.75506">
        <ele>2117.03</ele>
        <time>2024-07-06T14:04:30Z</time>
      </trkpt>
      <trkpt lat="45.57804" lon="24.75512">
        <ele>2115.97</ele>
        <time>2024-07-06T14:04:36Z</time>
      </trkpt>
      <trkpt lat="45.57804" lon="24.75514">
        <ele>2115.89</ele>
        <time>2024-07-06T14:04:37Z</time>
      </trkpt>
      <trkpt lat="45.57804" lon="24.75515">
        <ele>2115.85</ele>
        <time>2024-07-06T14:04:38Z</time>
      </trkpt>
      <trkpt lat="45.57804" lon="24.75524">
        <ele>2115.49</ele>
        <time>2024-07-06T14:04:46Z</time>
      </trkpt>
      <trkpt lat="45.57802" lon="24.75532">
        <ele>2116.39</ele>
        <time>2024-07-06T14:04:53Z</time>
      </trkpt>
      <trkpt lat="45.57801" lon="24.75534">
        <ele>2116.85</ele>
        <time>2024-07-06T14:04:56Z</time>
      </trkpt>
      <trkpt lat="45.57801" lon="24.75537">
        <ele>2117.26</ele>
        <time>2024-07-06T14:04:59Z</time>
      </trkpt>
      <trkpt lat="45.57801" lon="24.75538">
        <ele>2117.4</ele>
        <time>2024-07-06T14:05:01Z</time>
      </trkpt>
      <trkpt lat="45.57802" lon="24.75541">
        <ele>2117.72</ele>
        <time>2024-07-06T14:05:05Z</time>
      </trkpt>
      <trkpt lat="45.57803" lon="24.75543">
        <ele>2117.94</ele>
        <time>2024-07-06T14:05:08Z</time>
      </trkpt>
      <trkpt lat="45.57803" lon="24.75546">
        <ele>2118.41</ele>
        <time>2024-07-06T14:05:12Z</time>
      </trkpt>
      <trkpt lat="45.57803" lon="24.75548">
        <ele>2118.72</ele>
        <time>2024-07-06T14:05:14Z</time>
      </trkpt>
      <trkpt lat="45.57803" lon="24.75549">
        <ele>2118.88</ele>
        <time>2024-07-06T14:05:15Z</time>
      </trkpt>
      <trkpt lat="45.57801" lon="24.75553">
        <ele>2119.48</ele>
        <time>2024-07-06T14:05:19Z</time>
      </trkpt>
      <trkpt lat="45.578" lon="24.75554">
        <ele>2119.6</ele>
        <time>2024-07-06T14:05:21Z</time>
      </trkpt>
      <trkpt lat="45.57799" lon="24.75558">
        <ele>2120.12</ele>
        <time>2024-07-06T14:05:25Z</time>
      </trkpt>
      <trkpt lat="45.57799" lon="24.7556">
        <ele>2120.4</ele>
        <time>2024-07-06T14:05:28Z</time>
      </trkpt>
      <trkpt lat="45.57796" lon="24.75568">
        <ele>2121.45</ele>
        <time>2024-07-06T14:05:36Z</time>
      </trkpt>
      <trkpt lat="45.57795" lon="24.7557">
        <ele>2121.7</ele>
        <time>2024-07-06T14:05:38Z</time>
      </trkpt>
      <trkpt lat="45.57792" lon="24.75577">
        <ele>2122.6</ele>
        <time>2024-07-06T14:05:45Z</time>
      </trkpt>
      <trkpt lat="45.57791" lon="24.75581">
        <ele>2123.14</ele>
        <time>2024-07-06T14:05:49Z</time>
      </trkpt>
      <trkpt lat="45.57789" lon="24.75588">
        <ele>2123.68</ele>
        <time>2024-07-06T14:05:54Z</time>
      </trkpt>
      <trkpt lat="45.57789" lon="24.75596">
        <ele>2124.14</ele>
        <time>2024-07-06T14:06:01Z</time>
      </trkpt>
      <trkpt lat="45.57789" lon="24.75605">
        <ele>2124.66</ele>
        <time>2024-07-06T14:06:10Z</time>
      </trkpt>
      <trkpt lat="45.57788" lon="24.75607">
        <ele>2124.62</ele>
        <time>2024-07-06T14:06:12Z</time>
      </trkpt>
      <trkpt lat="45.57788" lon="24.7561">
        <ele>2124.78</ele>
        <time>2024-07-06T14:06:16Z</time>
      </trkpt>
      <trkpt lat="45.57788" lon="24.75615">
        <ele>2124.91</ele>
        <time>2024-07-06T14:06:23Z</time>
      </trkpt>
      <trkpt lat="45.57788" lon="24.75617">
        <ele>2124.94</ele>
        <time>2024-07-06T14:06:27Z</time>
      </trkpt>
      <trkpt lat="45.57788" lon="24.75619">
        <ele>2124.97</ele>
        <time>2024-07-06T14:06:32Z</time>
      </trkpt>
      <trkpt lat="45.57787" lon="24.75619">
        <ele>2124.75</ele>
        <time>2024-07-06T14:06:35Z</time>
      </trkpt>
      <trkpt lat="45.57786" lon="24.75622">
        <ele>2124.55</ele>
        <time>2024-07-06T14:06:41Z</time>
      </trkpt>
      <trkpt lat="45.57786" lon="24.75624">
        <ele>2124.57</ele>
        <time>2024-07-06T14:06:47Z</time>
      </trkpt>
      <trkpt lat="45.57786" lon="24.75626">
        <ele>2124.58</ele>
        <time>2024-07-06T14:06:52Z</time>
      </trkpt>
      <trkpt lat="45.57785" lon="24.7563">
        <ele>2124.33</ele>
        <time>2024-07-06T14:06:58Z</time>
      </trkpt>
      <trkpt lat="45.57784" lon="24.75633">
        <ele>2124.04</ele>
        <time>2024-07-06T14:07:03Z</time>
      </trkpt>
      <trkpt lat="45.57784" lon="24.75633">
        <ele>2124.04</ele>
        <time>2024-07-06T14:07:04Z</time>
      </trkpt>
      <trkpt lat="45.57784" lon="24.75635">
        <ele>2124.03</ele>
        <time>2024-07-06T14:07:06Z</time>
      </trkpt>
      <trkpt lat="45.57784" lon="24.7564">
        <ele>2123.94</ele>
        <time>2024-07-06T14:07:13Z</time>
      </trkpt>
      <trkpt lat="45.57783" lon="24.75642">
        <ele>2123.46</ele>
        <time>2024-07-06T14:07:15Z</time>
      </trkpt>
      <trkpt lat="45.57784" lon="24.75647">
        <ele>2123.47</ele>
        <time>2024-07-06T14:07:21Z</time>
      </trkpt>
      <trkpt lat="45.57784" lon="24.75648">
        <ele>2123.4</ele>
        <time>2024-07-06T14:07:22Z</time>
      </trkpt>
      <trkpt lat="45.57785" lon="24.75654">
        <ele>2123.42</ele>
        <time>2024-07-06T14:07:29Z</time>
      </trkpt>
      <trkpt lat="45.57785" lon="24.7566">
        <ele>2123.05</ele>
        <time>2024-07-06T14:07:35Z</time>
      </trkpt>
      <trkpt lat="45.57785" lon="24.75662">
        <ele>2122.93</ele>
        <time>2024-07-06T14:07:38Z</time>
      </trkpt>
      <trkpt lat="45.57784" lon="24.75665">
        <ele>2122.25</ele>
        <time>2024-07-06T14:07:42Z</time>
      </trkpt>
      <trkpt lat="45.57784" lon="24.7567">
        <ele>2122.08</ele>
        <time>2024-07-06T14:07:47Z</time>
      </trkpt>
      <trkpt lat="45.57783" lon="24.75672">
        <ele>2121.5</ele>
        <time>2024-07-06T14:07:49Z</time>
      </trkpt>
      <trkpt lat="45.57784" lon="24.75678">
        <ele>2121.96</ele>
        <time>2024-07-06T14:07:55Z</time>
      </trkpt>
      <trkpt lat="45.57783" lon="24.75681">
        <ele>2121.28</ele>
        <time>2024-07-06T14:07:58Z</time>
      </trkpt>
      <trkpt lat="45.57783" lon="24.75687">
        <ele>2121.13</ele>
        <time>2024-07-06T14:08:04Z</time>
      </trkpt>
      <trkpt lat="45.57783" lon="24.75689">
        <ele>2121.08</ele>
        <time>2024-07-06T14:08:07Z</time>
      </trkpt>
      <trkpt lat="45.57783" lon="24.75697">
        <ele>2120.74</ele>
        <time>2024-07-06T14:08:14Z</time>
      </trkpt>
      <trkpt lat="45.57783" lon="24.75698">
        <ele>2120.66</ele>
        <time>2024-07-06T14:08:15Z</time>
      </trkpt>
      <trkpt lat="45.57782" lon="24.75705">
        <ele>2119.28</ele>
        <time>2024-07-06T14:08:22Z</time>
      </trkpt>
      <trkpt lat="45.57783" lon="24.75708">
        <ele>2119.85</ele>
        <time>2024-07-06T14:08:24Z</time>
      </trkpt>
      <trkpt lat="45.57783" lon="24.75715">
        <ele>2119.28</ele>
        <time>2024-07-06T14:08:30Z</time>
      </trkpt>
      <trkpt lat="45.57782" lon="24.75718">
        <ele>2118.16</ele>
        <time>2024-07-06T14:08:33Z</time>
      </trkpt>
      <trkpt lat="45.57782" lon="24.7572">
        <ele>2117.99</ele>
        <time>2024-07-06T14:08:34Z</time>
      </trkpt>
      <trkpt lat="45.57781" lon="24.75724">
        <ele>2116.61</ele>
        <time>2024-07-06T14:08:39Z</time>
      </trkpt>
      <trkpt lat="45.5778" lon="24.75727">
        <ele>2115.26</ele>
        <time>2024-07-06T14:08:43Z</time>
      </trkpt>
      <trkpt lat="45.5778" lon="24.75728">
        <ele>2115.1</ele>
        <time>2024-07-06T14:08:44Z</time>
      </trkpt>
      <trkpt lat="45.5778" lon="24.7573">
        <ele>2114.79</ele>
        <time>2024-07-06T14:08:46Z</time>
      </trkpt>
      <trkpt lat="45.57779" lon="24.75733">
        <ele>2113.48</ele>
        <time>2024-07-06T14:08:50Z</time>
      </trkpt>
      <trkpt lat="45.57779" lon="24.75736">
        <ele>2113.03</ele>
        <time>2024-07-06T14:08:53Z</time>
      </trkpt>
      <trkpt lat="45.57778" lon="24.75743">
        <ele>2111.18</ele>
        <time>2024-07-06T14:09:01Z</time>
      </trkpt>
      <trkpt lat="45.57778" lon="24.75744">
        <ele>2111.04</ele>
        <time>2024-07-06T14:09:03Z</time>
      </trkpt>
      <trkpt lat="45.57778" lon="24.75748">
        <ele>2110.46</ele>
        <time>2024-07-06T14:09:09Z</time>
      </trkpt>
      <trkpt lat="45.57778" lon="24.75749">
        <ele>2110.31</ele>
        <time>2024-07-06T14:09:11Z</time>
      </trkpt>
      <trkpt lat="45.57779" lon="24.7575">
        <ele>2110.92</ele>
        <time>2024-07-06T14:09:13Z</time>
      </trkpt>
      <trkpt lat="45.57779" lon="24.75752">
        <ele>2110.69</ele>
        <time>2024-07-06T14:09:17Z</time>
      </trkpt>
      <trkpt lat="45.57779" lon="24.75753">
        <ele>2110.57</ele>
        <time>2024-07-06T14:09:18Z</time>
      </trkpt>
      <trkpt lat="45.5778" lon="24.75754">
        <ele>2111.17</ele>
        <time>2024-07-06T14:09:21Z</time>
      </trkpt>
      <trkpt lat="45.57781" lon="24.75758">
        <ele>2111.34</ele>
        <time>2024-07-06T14:09:30Z</time>
      </trkpt>
      <trkpt lat="45.57782" lon="24.75759">
        <ele>2111.88</ele>
        <time>2024-07-06T14:09:33Z</time>
      </trkpt>
      <trkpt lat="45.57784" lon="24.7576">
        <ele>2113.06</ele>
        <time>2024-07-06T14:09:40Z</time>
      </trkpt>
      <trkpt lat="45.57784" lon="24.75761">
        <ele>2112.9</ele>
        <time>2024-07-06T14:09:41Z</time>
      </trkpt>
      <trkpt lat="45.57784" lon="24.75762">
        <ele>2112.73</ele>
        <time>2024-07-06T14:09:43Z</time>
      </trkpt>
      <trkpt lat="45.57785" lon="24.75765">
        <ele>2112.86</ele>
        <time>2024-07-06T14:09:48Z</time>
      </trkpt>
      <trkpt lat="45.57787" lon="24.75767">
        <ele>2113.71</ele>
        <time>2024-07-06T14:09:52Z</time>
      </trkpt>
      <trkpt lat="45.57787" lon="24.75768">
        <ele>2113.52</ele>
        <time>2024-07-06T14:09:55Z</time>
      </trkpt>
      <trkpt lat="45.57788" lon="24.7577">
        <ele>2113.71</ele>
        <time>2024-07-06T14:09:59Z</time>
      </trkpt>
      <trkpt lat="45.57788" lon="24.75771">
        <ele>2113.51</ele>
        <time>2024-07-06T14:10:02Z</time>
      </trkpt>
      <trkpt lat="45.57789" lon="24.75774">
        <ele>2113.45</ele>
        <time>2024-07-06T14:10:10Z</time>
      </trkpt>
      <trkpt lat="45.57789" lon="24.75775">
        <ele>2113.24</ele>
        <time>2024-07-06T14:10:11Z</time>
      </trkpt>
      <trkpt lat="45.57789" lon="24.75777">
        <ele>2112.82</ele>
        <time>2024-07-06T14:10:15Z</time>
      </trkpt>
      <trkpt lat="45.5779" lon="24.7578">
        <ele>2112.69</ele>
        <time>2024-07-06T14:10:22Z</time>
      </trkpt>
      <trkpt lat="45.5779" lon="24.75783">
        <ele>2112.05</ele>
        <time>2024-07-06T14:10:27Z</time>
      </trkpt>
      <trkpt lat="45.5779" lon="24.75784">
        <ele>2111.84</ele>
        <time>2024-07-06T14:10:29Z</time>
      </trkpt>
      <trkpt lat="45.57789" lon="24.75786">
        <ele>2110.94</ele>
        <time>2024-07-06T14:10:32Z</time>
      </trkpt>
      <trkpt lat="45.57789" lon="24.75786">
        <ele>2110.94</ele>
        <time>2024-07-06T14:10:33Z</time>
      </trkpt>
      <trkpt lat="45.57789" lon="24.75789">
        <ele>2110.31</ele>
        <time>2024-07-06T14:10:37Z</time>
      </trkpt>
      <trkpt lat="45.57789" lon="24.75789">
        <ele>2110.31</ele>
        <time>2024-07-06T14:10:38Z</time>
      </trkpt>
      <trkpt lat="45.5779" lon="24.75789">
        <ele>2110.78</ele>
        <time>2024-07-06T14:10:39Z</time>
      </trkpt>
      <trkpt lat="45.5779" lon="24.7579">
        <ele>2110.57</ele>
        <time>2024-07-06T14:10:40Z</time>
      </trkpt>
      <trkpt lat="45.5779" lon="24.75792">
        <ele>2110.15</ele>
        <time>2024-07-06T14:10:42Z</time>
      </trkpt>
      <trkpt lat="45.5779" lon="24.75793">
        <ele>2109.94</ele>
        <time>2024-07-06T14:10:44Z</time>
      </trkpt>
      <trkpt lat="45.5779" lon="24.75794">
        <ele>2109.73</ele>
        <time>2024-07-06T14:10:45Z</time>
      </trkpt>
      <trkpt lat="45.57792" lon="24.75797">
        <ele>2110.0</ele>
        <time>2024-07-06T14:10:50Z</time>
      </trkpt>
      <trkpt lat="45.57793" lon="24.758">
        <ele>2109.8</ele>
        <time>2024-07-06T14:10:54Z</time>
      </trkpt>
      <trkpt lat="45.57793" lon="24.758">
        <ele>2109.8</ele>
        <time>2024-07-06T14:10:55Z</time>
      </trkpt>
      <trkpt lat="45.57794" lon="24.75805">
        <ele>2109.13</ele>
        <time>2024-07-06T14:11:01Z</time>
      </trkpt>
      <trkpt lat="45.57795" lon="24.75811">
        <ele>2107.02</ele>
        <time>2024-07-06T14:11:10Z</time>
      </trkpt>
      <trkpt lat="45.57795" lon="24.75814">
        <ele>2105.69</ele>
        <time>2024-07-06T14:11:16Z</time>
      </trkpt>
      <trkpt lat="45.57795" lon="24.75814">
        <ele>2105.69</ele>
        <time>2024-07-06T14:11:17Z</time>
      </trkpt>
      <trkpt lat="45.57796" lon="24.75817">
        <ele>2104.68</ele>
        <time>2024-07-06T14:11:24Z</time>
      </trkpt>
      <trkpt lat="45.57797" lon="24.7582">
        <ele>2103.63</ele>
        <time>2024-07-06T14:11:32Z</time>
      </trkpt>
      <trkpt lat="45.57797" lon="24.75821">
        <ele>2103.16</ele>
        <time>2024-07-06T14:11:38Z</time>
      </trkpt>
      <trkpt lat="45.57798" lon="24.75823">
        <ele>2102.51</ele>
        <time>2024-07-06T14:11:43Z</time>
      </trkpt>
      <trkpt lat="45.57797" lon="24.75825">
        <ele>2101.31</ele>
        <time>2024-07-06T14:11:45Z</time>
      </trkpt>
      <trkpt lat="45.57798" lon="24.75826">
        <ele>2101.1</ele>
        <time>2024-07-06T14:11:48Z</time>
      </trkpt>
      <trkpt lat="45.57798" lon="24.75826">
        <ele>2101.1</ele>
        <time>2024-07-06T14:11:56Z</time>
      </trkpt>
      <trkpt lat="45.57798" lon="24.7583">
        <ele>2099.21</ele>
        <time>2024-07-06T14:12:18Z</time>
      </trkpt>
      <trkpt lat="45.57798" lon="24.75832">
        <ele>2098.27</ele>
        <time>2024-07-06T14:12:37Z</time>
      </trkpt>
      <trkpt lat="45.57798" lon="24.75832">
        <ele>2098.27</ele>
        <time>2024-07-06T14:12:38Z</time>
      </trkpt>
      <trkpt lat="45.57798" lon="24.75832">
        <ele>2098.27</ele>
        <time>2024-07-06T14:12:39Z</time>
      </trkpt>
      <trkpt lat="45.57798" lon="24.75832">
        <ele>2098.27</ele>
        <time>2024-07-06T14:12:40Z</time>
      </trkpt>
      <trkpt lat="45.57798" lon="24.75832">
        <ele>2098.27</ele>
        <time>2024-07-06T14:12:50Z</time>
      </trkpt>
      <trkpt lat="45.57798" lon="24.75832">
        <ele>2098.27</ele>
        <time>2024-07-06T14:12:59Z</time>
      </trkpt>
      <trkpt lat="45.57798" lon="24.75832">
        <ele>2098.27</ele>
        <time>2024-07-06T14:13:08Z</time>
      </trkpt>
      <trkpt lat="45.57798" lon="24.75833">
        <ele>2097.8</ele>
        <time>2024-07-06T14:13:19Z</time>
      </trkpt>
      <trkpt lat="45.57798" lon="24.75834">
        <ele>2097.33</ele>
        <time>2024-07-06T14:13:21Z</time>
      </trkpt>
      <trkpt lat="45.57798" lon="24.75834">
        <ele>2097.33</ele>
        <time>2024-07-06T14:13:26Z</time>
      </trkpt>
      <trkpt lat="45.57797" lon="24.75834">
        <ele>2097.16</ele>
        <time>2024-07-06T14:13:35Z</time>
      </trkpt>
      <trkpt lat="45.57797" lon="24.75835">
        <ele>2096.7</ele>
        <time>2024-07-06T14:14:02Z</time>
      </trkpt>
      <trkpt lat="45.57797" lon="24.75835">
        <ele>2096.7</ele>
        <time>2024-07-06T14:14:06Z</time>
      </trkpt>
      <trkpt lat="45.57797" lon="24.75836">
        <ele>2096.24</ele>
        <time>2024-07-06T14:14:10Z</time>
      </trkpt>
      <trkpt lat="45.57799" lon="24.7585">
        <ele>2090.16</ele>
        <time>2024-07-06T14:14:16Z</time>
      </trkpt>
      <trkpt lat="45.57798" lon="24.75857">
        <ele>2086.8</ele>
        <time>2024-07-06T14:14:21Z</time>
      </trkpt>
      <trkpt lat="45.57798" lon="24.75859">
        <ele>2085.88</ele>
        <time>2024-07-06T14:14:22Z</time>
      </trkpt>
      <trkpt lat="45.57799" lon="24.75861">
        <ele>2085.11</ele>
        <time>2024-07-06T14:14:24Z</time>
      </trkpt>
      <trkpt lat="45.57799" lon="24.75866">
        <ele>2083.38</ele>
        <time>2024-07-06T14:14:31Z</time>
      </trkpt>
      <trkpt lat="45.57799" lon="24.75866">
        <ele>2083.38</ele>
        <time>2024-07-06T14:14:40Z</time>
      </trkpt>
      <trkpt lat="45.57799" lon="24.75866">
        <ele>2083.38</ele>
        <time>2024-07-06T14:14:51Z</time>
      </trkpt>
      <trkpt lat="45.57798" lon="24.75872">
        <ele>2081.21</ele>
        <time>2024-07-06T14:14:56Z</time>
      </trkpt>
      <trkpt lat="45.57798" lon="24.75879">
        <ele>2078.82</ele>
        <time>2024-07-06T14:15:00Z</time>
      </trkpt>
      <trkpt lat="45.57797" lon="24.75884">
        <ele>2077.04</ele>
        <time>2024-07-06T14:15:03Z</time>
      </trkpt>
      <trkpt lat="45.57797" lon="24.75888">
        <ele>2075.68</ele>
        <time>2024-07-06T14:15:07Z</time>
      </trkpt>
      <trkpt lat="45.57797" lon="24.75888">
        <ele>2075.68</ele>
        <time>2024-07-06T14:15:08Z</time>
      </trkpt>
      <trkpt lat="45.57797" lon="24.7589">
        <ele>2075.1</ele>
        <time>2024-07-06T14:15:10Z</time>
      </trkpt>
      <trkpt lat="45.57797" lon="24.75892">
        <ele>2074.59</ele>
        <time>2024-07-06T14:15:12Z</time>
      </trkpt>
      <trkpt lat="45.57797" lon="24.75894">
        <ele>2074.08</ele>
        <time>2024-07-06T14:15:15Z</time>
      </trkpt>
      <trkpt lat="45.57798" lon="24.75898">
        <ele>2073.1</ele>
        <time>2024-07-06T14:15:21Z</time>
      </trkpt>
      <trkpt lat="45.57798" lon="24.75899">
        <ele>2072.84</ele>
        <time>2024-07-06T14:15:22Z</time>
      </trkpt>
      <trkpt lat="45.57799" lon="24.75902">
        <ele>2072.09</ele>
        <time>2024-07-06T14:15:26Z</time>
      </trkpt>
      <trkpt lat="45.57799" lon="24.75906">
        <ele>2071.04</ele>
        <time>2024-07-06T14:15:31Z</time>
      </trkpt>
      <trkpt lat="45.578" lon="24.75911">
        <ele>2069.71</ele>
        <time>2024-07-06T14:15:37Z</time>
      </trkpt>
      <trkpt lat="45.57801" lon="24.75912">
        <ele>2069.43</ele>
        <time>2024-07-06T14:15:38Z</time>
      </trkpt>
      <trkpt lat="45.57803" lon="24.75916">
        <ele>2068.28</ele>
        <time>2024-07-06T14:15:44Z</time>
      </trkpt>
      <trkpt lat="45.57802" lon="24.75918">
        <ele>2067.76</ele>
        <time>2024-07-06T14:15:46Z</time>
      </trkpt>
      <trkpt lat="45.57802" lon="24.75922">
        <ele>2066.67</ele>
        <time>2024-07-06T14:15:49Z</time>
      </trkpt>
      <trkpt lat="45.57803" lon="24.75925">
        <ele>2065.77</ele>
        <time>2024-07-06T14:15:54Z</time>
      </trkpt>
      <trkpt lat="45.57803" lon="24.75926">
        <ele>2065.5</ele>
        <time>2024-07-06T14:15:55Z</time>
      </trkpt>
      <trkpt lat="45.578" lon="24.75929">
        <ele>2064.91</ele>
        <time>2024-07-06T14:16:00Z</time>
      </trkpt>
      <trkpt lat="45.578" lon="24.7593">
        <ele>2064.65</ele>
        <time>2024-07-06T14:16:03Z</time>
      </trkpt>
      <trkpt lat="45.578" lon="24.75931">
        <ele>2064.38</ele>
        <time>2024-07-06T14:16:05Z</time>
      </trkpt>
      <trkpt lat="45.578" lon="24.75937">
        <ele>2062.78</ele>
        <time>2024-07-06T14:16:11Z</time>
      </trkpt>
      <trkpt lat="45.578" lon="24.75938">
        <ele>2062.52</ele>
        <time>2024-07-06T14:16:12Z</time>
      </trkpt>
      <trkpt lat="45.578" lon="24.75942">
        <ele>2061.45</ele>
        <time>2024-07-06T14:16:17Z</time>
      </trkpt>
      <trkpt lat="45.578" lon="24.75943">
        <ele>2061.18</ele>
        <time>2024-07-06T14:16:18Z</time>
      </trkpt>
      <trkpt lat="45.578" lon="24.75944">
        <ele>2060.92</ele>
        <time>2024-07-06T14:16:19Z</time>
      </trkpt>
      <trkpt lat="45.578" lon="24.75947">
        <ele>2059.88</ele>
        <time>2024-07-06T14:16:22Z</time>
      </trkpt>
      <trkpt lat="45.578" lon="24.7595">
        <ele>2058.8</ele>
        <time>2024-07-06T14:16:25Z</time>
      </trkpt>
      <trkpt lat="45.578" lon="24.75952">
        <ele>2058.08</ele>
        <time>2024-07-06T14:16:28Z</time>
      </trkpt>
      <trkpt lat="45.578" lon="24.75957">
        <ele>2056.28</ele>
        <time>2024-07-06T14:16:32Z</time>
      </trkpt>
      <trkpt lat="45.57799" lon="24.75958">
        <ele>2056.15</ele>
        <time>2024-07-06T14:16:33Z</time>
      </trkpt>
      <trkpt lat="45.57799" lon="24.75963">
        <ele>2054.38</ele>
        <time>2024-07-06T14:16:37Z</time>
      </trkpt>
      <trkpt lat="45.57799" lon="24.75969">
        <ele>2052.26</ele>
        <time>2024-07-06T14:16:42Z</time>
      </trkpt>
      <trkpt lat="45.57798" lon="24.75972">
        <ele>2051.53</ele>
        <time>2024-07-06T14:16:46Z</time>
      </trkpt>
      <trkpt lat="45.57798" lon="24.75974">
        <ele>2050.74</ele>
        <time>2024-07-06T14:16:48Z</time>
      </trkpt>
      <trkpt lat="45.57796" lon="24.7598">
        <ele>2049.02</ele>
        <time>2024-07-06T14:16:53Z</time>
      </trkpt>
      <trkpt lat="45.57796" lon="24.75981">
        <ele>2048.62</ele>
        <time>2024-07-06T14:16:54Z</time>
      </trkpt>
      <trkpt lat="45.57795" lon="24.75984">
        <ele>2047.76</ele>
        <time>2024-07-06T14:16:58Z</time>
      </trkpt>
      <trkpt lat="45.57795" lon="24.75986">
        <ele>2046.96</ele>
        <time>2024-07-06T14:17:01Z</time>
      </trkpt>
      <trkpt lat="45.57793" lon="24.75988">
        <ele>2046.82</ele>
        <time>2024-07-06T14:17:04Z</time>
      </trkpt>
      <trkpt lat="45.57792" lon="24.7599">
        <ele>2046.35</ele>
        <time>2024-07-06T14:17:06Z</time>
      </trkpt>
      <trkpt lat="45.5779" lon="24.75991">
        <ele>2046.6</ele>
        <time>2024-07-06T14:17:08Z</time>
      </trkpt>
      <trkpt lat="45.57786" lon="24.75994">
        <ele>2046.71</ele>
        <time>2024-07-06T14:17:14Z</time>
      </trkpt>
      <trkpt lat="45.57786" lon="24.75995">
        <ele>2046.32</ele>
        <time>2024-07-06T14:17:16Z</time>
      </trkpt>
      <trkpt lat="45.57784" lon="24.75997">
        <ele>2046.17</ele>
        <time>2024-07-06T14:17:22Z</time>
      </trkpt>
      <trkpt lat="45.57783" lon="24.75997">
        <ele>2046.5</ele>
        <time>2024-07-06T14:17:23Z</time>
      </trkpt>
      <trkpt lat="45.57782" lon="24.76001">
        <ele>2045.38</ele>
        <time>2024-07-06T14:17:28Z</time>
      </trkpt>
      <trkpt lat="45.57779" lon="24.76008">
        <ele>2044.59</ele>
        <time>2024-07-06T14:17:35Z</time>
      </trkpt>
      <trkpt lat="45.57778" lon="24.7601">
        <ele>2044.41</ele>
        <time>2024-07-06T14:17:37Z</time>
      </trkpt>
      <trkpt lat="45.57777" lon="24.76012">
        <ele>2044.36</ele>
        <time>2024-07-06T14:17:40Z</time>
      </trkpt>
      <trkpt lat="45.57777" lon="24.76015">
        <ele>2043.59</ele>
        <time>2024-07-06T14:17:44Z</time>
      </trkpt>
      <trkpt lat="45.57776" lon="24.76017">
        <ele>2043.54</ele>
        <time>2024-07-06T14:17:47Z</time>
      </trkpt>
      <trkpt lat="45.57776" lon="24.76019">
        <ele>2043.02</ele>
        <time>2024-07-06T14:17:49Z</time>
      </trkpt>
      <trkpt lat="45.57776" lon="24.76022">
        <ele>2042.23</ele>
        <time>2024-07-06T14:17:53Z</time>
      </trkpt>
      <trkpt lat="45.57776" lon="24.76026">
        <ele>2041.17</ele>
        <time>2024-07-06T14:17:56Z</time>
      </trkpt>
      <trkpt lat="45.57775" lon="24.76032">
        <ele>2039.08</ele>
        <time>2024-07-06T14:18:01Z</time>
      </trkpt>
      <trkpt lat="45.57775" lon="24.76035">
        <ele>2037.64</ele>
        <time>2024-07-06T14:18:03Z</time>
      </trkpt>
      <trkpt lat="45.57777" lon="24.76038">
        <ele>2035.49</ele>
        <time>2024-07-06T14:18:06Z</time>
      </trkpt>
      <trkpt lat="45.57778" lon="24.76039">
        <ele>2034.7</ele>
        <time>2024-07-06T14:18:08Z</time>
      </trkpt>
      <trkpt lat="45.57778" lon="24.7604">
        <ele>2034.23</ele>
        <time>2024-07-06T14:18:09Z</time>
      </trkpt>
      <trkpt lat="45.57781" lon="24.76047">
        <ele>2030.44</ele>
        <time>2024-07-06T14:18:14Z</time>
      </trkpt>
      <trkpt lat="45.57783" lon="24.76054">
        <ele>2027.1</ele>
        <time>2024-07-06T14:18:18Z</time>
      </trkpt>
      <trkpt lat="45.57784" lon="24.76056">
        <ele>2026.24</ele>
        <time>2024-07-06T14:18:20Z</time>
      </trkpt>
      <trkpt lat="45.57785" lon="24.76058">
        <ele>2025.74</ele>
        <time>2024-07-06T14:18:22Z</time>
      </trkpt>
      <trkpt lat="45.57786" lon="24.7606">
        <ele>2025.25</ele>
        <time>2024-07-06T14:18:24Z</time>
      </trkpt>
      <trkpt lat="45.57788" lon="24.76065">
        <ele>2024.11</ele>
        <time>2024-07-06T14:18:28Z</time>
      </trkpt>
      <trkpt lat="45.57789" lon="24.76069">
        <ele>2023.28</ele>
        <time>2024-07-06T14:18:31Z</time>
      </trkpt>
      <trkpt lat="45.5779" lon="24.76075">
        <ele>2022.1</ele>
        <time>2024-07-06T14:18:36Z</time>
      </trkpt>
      <trkpt lat="45.57791" lon="24.7608">
        <ele>2021.13</ele>
        <time>2024-07-06T14:18:41Z</time>
      </trkpt>
      <trkpt lat="45.57792" lon="24.76082">
        <ele>2020.73</ele>
        <time>2024-07-06T14:18:42Z</time>
      </trkpt>
      <trkpt lat="45.57792" lon="24.76085">
        <ele>2020.52</ele>
        <time>2024-07-06T14:18:45Z</time>
      </trkpt>
      <trkpt lat="45.57793" lon="24.76093">
        <ele>2020.61</ele>
        <time>2024-07-06T14:18:52Z</time>
      </trkpt>
      <trkpt lat="45.57795" lon="24.76097">
        <ele>2020.57</ele>
        <time>2024-07-06T14:18:57Z</time>
      </trkpt>
      <trkpt lat="45.57795" lon="24.761">
        <ele>2020.61</ele>
        <time>2024-07-06T14:19:00Z</time>
      </trkpt>
      <trkpt lat="45.57795" lon="24.761">
        <ele>2020.61</ele>
        <time>2024-07-06T14:19:01Z</time>
      </trkpt>
      <trkpt lat="45.57797" lon="24.76103">
        <ele>2020.53</ele>
        <time>2024-07-06T14:19:05Z</time>
      </trkpt>
      <trkpt lat="45.57798" lon="24.76104">
        <ele>2020.47</ele>
        <time>2024-07-06T14:19:07Z</time>
      </trkpt>
      <trkpt lat="45.57799" lon="24.76105">
        <ele>2020.42</ele>
        <time>2024-07-06T14:19:10Z</time>
      </trkpt>
      <trkpt lat="45.57799" lon="24.76107">
        <ele>2020.44</ele>
        <time>2024-07-06T14:19:14Z</time>
      </trkpt>
      <trkpt lat="45.57799" lon="24.76109">
        <ele>2020.45</ele>
        <time>2024-07-06T14:19:16Z</time>
      </trkpt>
      <trkpt lat="45.578" lon="24.76114">
        <ele>2020.4</ele>
        <time>2024-07-06T14:19:21Z</time>
      </trkpt>
      <trkpt lat="45.578" lon="24.76115">
        <ele>2020.4</ele>
        <time>2024-07-06T14:19:22Z</time>
      </trkpt>
      <trkpt lat="45.57801" lon="24.76117">
        <ele>2020.33</ele>
        <time>2024-07-06T14:19:26Z</time>
      </trkpt>
      <trkpt lat="45.57803" lon="24.76121">
        <ele>2020.18</ele>
        <time>2024-07-06T14:19:30Z</time>
      </trkpt>
      <trkpt lat="45.57806" lon="24.76131">
        <ele>2019.9</ele>
        <time>2024-07-06T14:19:38Z</time>
      </trkpt>
      <trkpt lat="45.57809" lon="24.76143">
        <ele>2019.39</ele>
        <time>2024-07-06T14:19:47Z</time>
      </trkpt>
      <trkpt lat="45.57811" lon="24.76156">
        <ele>2019.62</ele>
        <time>2024-07-06T14:19:57Z</time>
      </trkpt>
      <trkpt lat="45.57812" lon="24.76162">
        <ele>2019.65</ele>
        <time>2024-07-06T14:20:00Z</time>
      </trkpt>
      <trkpt lat="45.57814" lon="24.76169">
        <ele>2019.29</ele>
        <time>2024-07-06T14:20:04Z</time>
      </trkpt>
      <trkpt lat="45.57814" lon="24.7617">
        <ele>2019.3</ele>
        <time>2024-07-06T14:20:05Z</time>
      </trkpt>
      <trkpt lat="45.57816" lon="24.76174">
        <ele>2018.72</ele>
        <time>2024-07-06T14:20:08Z</time>
      </trkpt>
      <trkpt lat="45.57818" lon="24.7618">
        <ele>2018.18</ele>
        <time>2024-07-06T14:20:14Z</time>
      </trkpt>
      <trkpt lat="45.57821" lon="24.76191">
        <ele>2017.48</ele>
        <time>2024-07-06T14:20:23Z</time>
      </trkpt>
      <trkpt lat="45.57822" lon="24.76198">
        <ele>2017.85</ele>
        <time>2024-07-06T14:20:27Z</time>
      </trkpt>
      <trkpt lat="45.57824" lon="24.76203">
        <ele>2018.22</ele>
        <time>2024-07-06T14:20:30Z</time>
      </trkpt>
      <trkpt lat="45.57827" lon="24.76215">
        <ele>2019.99</ele>
        <time>2024-07-06T14:20:38Z</time>
      </trkpt>
      <trkpt lat="45.57831" lon="24.76229">
        <ele>2020.68</ele>
        <time>2024-07-06T14:20:47Z</time>
      </trkpt>
      <trkpt lat="45.57832" lon="24.76229">
        <ele>2020.61</ele>
        <time>2024-07-06T14:20:48Z</time>
      </trkpt>
      <trkpt lat="45.57836" lon="24.76236">
        <ele>2019.24</ele>
        <time>2024-07-06T14:20:55Z</time>
      </trkpt>
      <trkpt lat="45.57841" lon="24.76239">
        <ele>2017.64</ele>
        <time>2024-07-06T14:21:04Z</time>
      </trkpt>
      <trkpt lat="45.57841" lon="24.7624">
        <ele>2017.59</ele>
        <time>2024-07-06T14:21:05Z</time>
      </trkpt>
      <trkpt lat="45.57843" lon="24.76246">
        <ele>2016.75</ele>
        <time>2024-07-06T14:21:14Z</time>
      </trkpt>
      <trkpt lat="45.57846" lon="24.76249">
        <ele>2015.85</ele>
        <time>2024-07-06T14:21:28Z</time>
      </trkpt>
      <trkpt lat="45.57846" lon="24.76249">
        <ele>2015.85</ele>
        <time>2024-07-06T14:21:29Z</time>
      </trkpt>
      <trkpt lat="45.57848" lon="24.76249">
        <ele>2015.34</ele>
        <time>2024-07-06T14:21:37Z</time>
      </trkpt>
      <trkpt lat="45.57849" lon="24.76247">
        <ele>2015.15</ele>
        <time>2024-07-06T14:21:40Z</time>
      </trkpt>
      <trkpt lat="45.57849" lon="24.76247">
        <ele>2015.15</ele>
        <time>2024-07-06T14:21:42Z</time>
      </trkpt>
      <trkpt lat="45.57851" lon="24.76245">
        <ele>2014.68</ele>
        <time>2024-07-06T14:21:48Z</time>
      </trkpt>
      <trkpt lat="45.57852" lon="24.76244">
        <ele>2014.44</ele>
        <time>2024-07-06T14:21:52Z</time>
      </trkpt>
      <trkpt lat="45.57853" lon="24.76244">
        <ele>2014.17</ele>
        <time>2024-07-06T14:21:53Z</time>
      </trkpt>
      <trkpt lat="45.57854" lon="24.76248">
        <ele>2013.83</ele>
        <time>2024-07-06T14:22:01Z</time>
      </trkpt>
      <trkpt lat="45.57855" lon="24.7625">
        <ele>2013.54</ele>
        <time>2024-07-06T14:22:06Z</time>
      </trkpt>
      <trkpt lat="45.57856" lon="24.76252">
        <ele>2013.24</ele>
        <time>2024-07-06T14:22:11Z</time>
      </trkpt>
      <trkpt lat="45.57856" lon="24.76252">
        <ele>2013.24</ele>
        <time>2024-07-06T14:22:12Z</time>
      </trkpt>
      <trkpt lat="45.57856" lon="24.76254">
        <ele>2013.2</ele>
        <time>2024-07-06T14:22:21Z</time>
      </trkpt>
      <trkpt lat="45.57856" lon="24.76254">
        <ele>2013.2</ele>
        <time>2024-07-06T14:22:37Z</time>
      </trkpt>
      <trkpt lat="45.57856" lon="24.76254">
        <ele>2013.2</ele>
        <time>2024-07-06T14:22:43Z</time>
      </trkpt>
      <trkpt lat="45.57858" lon="24.76256">
        <ele>2012.62</ele>
        <time>2024-07-06T14:22:54Z</time>
      </trkpt>
      <trkpt lat="45.57859" lon="24.76259">
        <ele>2012.26</ele>
        <time>2024-07-06T14:23:01Z</time>
      </trkpt>
      <trkpt lat="45.57859" lon="24.76261">
        <ele>2012.2</ele>
        <time>2024-07-06T14:23:08Z</time>
      </trkpt>
      <trkpt lat="45.57859" lon="24.76262">
        <ele>2012.17</ele>
        <time>2024-07-06T14:23:18Z</time>
      </trkpt>
      <trkpt lat="45.57859" lon="24.76262">
        <ele>2012.17</ele>
        <time>2024-07-06T14:23:25Z</time>
      </trkpt>
      <trkpt lat="45.57861" lon="24.76263">
        <ele>2011.56</ele>
        <time>2024-07-06T14:23:31Z</time>
      </trkpt>
      <trkpt lat="45.57862" lon="24.76264">
        <ele>2011.16</ele>
        <time>2024-07-06T14:23:40Z</time>
      </trkpt>
      <trkpt lat="45.57863" lon="24.76266">
        <ele>2010.72</ele>
        <time>2024-07-06T14:23:50Z</time>
      </trkpt>
      <trkpt lat="45.57864" lon="24.76269">
        <ele>2010.24</ele>
        <time>2024-07-06T14:24:02Z</time>
      </trkpt>
      <trkpt lat="45.57865" lon="24.76271">
        <ele>2009.81</ele>
        <time>2024-07-06T14:24:09Z</time>
      </trkpt>
      <trkpt lat="45.57865" lon="24.76272">
        <ele>2009.78</ele>
        <time>2024-07-06T14:24:22Z</time>
      </trkpt>
      <trkpt lat="45.57865" lon="24.76272">
        <ele>2009.78</ele>
        <time>2024-07-06T14:24:28Z</time>
      </trkpt>
      <trkpt lat="45.57865" lon="24.76272">
        <ele>2009.78</ele>
        <time>2024-07-06T14:24:32Z</time>
      </trkpt>
      <trkpt lat="45.57865" lon="24.76272">
        <ele>2009.78</ele>
        <time>2024-07-06T14:24:37Z</time>
      </trkpt>
      <trkpt lat="45.57865" lon="24.76273">
        <ele>2009.75</ele>
        <time>2024-07-06T14:24:41Z</time>
      </trkpt>
      <trkpt lat="45.57865" lon="24.76273">
        <ele>2009.75</ele>
        <time>2024-07-06T14:24:44Z</time>
      </trkpt>
      <trkpt lat="45.57865" lon="24.76274">
        <ele>2009.72</ele>
        <time>2024-07-06T14:24:47Z</time>
      </trkpt>
      <trkpt lat="45.57866" lon="24.76274">
        <ele>2009.35</ele>
        <time>2024-07-06T14:24:51Z</time>
      </trkpt>
      <trkpt lat="45.57867" lon="24.76277">
        <ele>2008.9</ele>
        <time>2024-07-06T14:24:58Z</time>
      </trkpt>
      <trkpt lat="45.57867" lon="24.76278">
        <ele>2008.91</ele>
        <time>2024-07-06T14:25:03Z</time>
      </trkpt>
      <trkpt lat="45.57868" lon="24.76281">
        <ele>2008.98</ele>
        <time>2024-07-06T14:25:08Z</time>
      </trkpt>
      <trkpt lat="45.57868" lon="24.76283">
        <ele>2009.27</ele>
        <time>2024-07-06T14:25:16Z</time>
      </trkpt>
      <trkpt lat="45.57869" lon="24.76283">
        <ele>2008.89</ele>
        <time>2024-07-06T14:25:18Z</time>
      </trkpt>
      <trkpt lat="45.57869" lon="24.76283">
        <ele>2008.89</ele>
        <time>2024-07-06T14:25:20Z</time>
      </trkpt>
      <trkpt lat="45.5787" lon="24.76284">
        <ele>2008.63</ele>
        <time>2024-07-06T14:25:24Z</time>
      </trkpt>
      <trkpt lat="45.57871" lon="24.76285">
        <ele>2008.37</ele>
        <time>2024-07-06T14:25:27Z</time>
      </trkpt>
      <trkpt lat="45.57872" lon="24.76286">
        <ele>2008.1</ele>
        <time>2024-07-06T14:25:38Z</time>
      </trkpt>
      <trkpt lat="45.57872" lon="24.76286">
        <ele>2008.1</ele>
        <time>2024-07-06T14:25:44Z</time>
      </trkpt>
      <trkpt lat="45.57872" lon="24.76286">
        <ele>2008.1</ele>
        <time>2024-07-06T14:25:52Z</time>
      </trkpt>
      <trkpt lat="45.57872" lon="24.76286">
        <ele>2008.1</ele>
        <time>2024-07-06T14:26:00Z</time>
      </trkpt>
      <trkpt lat="45.57872" lon="24.76286">
        <ele>2008.1</ele>
        <time>2024-07-06T14:26:10Z</time>
      </trkpt>
      <trkpt lat="45.57873" lon="24.76286">
        <ele>2007.69</ele>
        <time>2024-07-06T14:26:17Z</time>
      </trkpt>
      <trkpt lat="45.57873" lon="24.76286">
        <ele>2007.69</ele>
        <time>2024-07-06T14:26:27Z</time>
      </trkpt>
      <trkpt lat="45.57873" lon="24.76286">
        <ele>2007.69</ele>
        <time>2024-07-06T14:26:47Z</time>
      </trkpt>
      <trkpt lat="45.57873" lon="24.76286">
        <ele>2007.69</ele>
        <time>2024-07-06T14:26:50Z</time>
      </trkpt>
      <trkpt lat="45.57873" lon="24.76286">
        <ele>2007.69</ele>
        <time>2024-07-06T14:26:51Z</time>
      </trkpt>
      <trkpt lat="45.57874" lon="24.76286">
        <ele>2007.29</ele>
        <time>2024-07-06T14:27:00Z</time>
      </trkpt>
      <trkpt lat="45.57874" lon="24.76286">
        <ele>2007.29</ele>
        <time>2024-07-06T14:27:03Z</time>
      </trkpt>
      <trkpt lat="45.57874" lon="24.76286">
        <ele>2007.29</ele>
        <time>2024-07-06T14:27:10Z</time>
      </trkpt>
      <trkpt lat="45.57875" lon="24.76286">
        <ele>2006.89</ele>
        <time>2024-07-06T14:27:25Z</time>
      </trkpt>
      <trkpt lat="45.57875" lon="24.76287">
        <ele>2007.0</ele>
        <time>2024-07-06T14:27:47Z</time>
      </trkpt>
      <trkpt lat="45.57875" lon="24.76287">
        <ele>2007.0</ele>
        <time>2024-07-06T14:27:58Z</time>
      </trkpt>
      <trkpt lat="45.57876" lon="24.76287">
        <ele>2006.59</ele>
        <time>2024-07-06T14:28:49Z</time>
      </trkpt>
      <trkpt lat="45.57877" lon="24.76287">
        <ele>2006.18</ele>
        <time>2024-07-06T14:28:57Z</time>
      </trkpt>
      <trkpt lat="45.57877" lon="24.76287">
        <ele>2006.18</ele>
        <time>2024-07-06T14:28:59Z</time>
      </trkpt>
      <trkpt lat="45.57877" lon="24.76287">
        <ele>2006.18</ele>
        <time>2024-07-06T14:29:07Z</time>
      </trkpt>
      <trkpt lat="45.57877" lon="24.76287">
        <ele>2006.18</ele>
        <time>2024-07-06T14:29:13Z</time>
      </trkpt>
      <trkpt lat="45.57877" lon="24.76287">
        <ele>2006.18</ele>
        <time>2024-07-06T14:29:14Z</time>
      </trkpt>
      <trkpt lat="45.57877" lon="24.76287">
        <ele>2006.18</ele>
        <time>2024-07-06T14:29:21Z</time>
      </trkpt>
      <trkpt lat="45.57877" lon="24.76287">
        <ele>2006.18</ele>
        <time>2024-07-06T14:29:27Z</time>
      </trkpt>
      <trkpt lat="45.57877" lon="24.76287">
        <ele>2006.18</ele>
        <time>2024-07-06T14:29:28Z</time>
      </trkpt>
      <trkpt lat="45.57877" lon="24.76287">
        <ele>2006.18</ele>
        <time>2024-07-06T14:29:35Z</time>
      </trkpt>
      <trkpt lat="45.57882" lon="24.76289">
        <ele>2004.28</ele>
        <time>2024-07-06T14:29:37Z</time>
      </trkpt>
      <trkpt lat="45.57888" lon="24.76291">
        <ele>2001.86</ele>
        <time>2024-07-06T14:29:40Z</time>
      </trkpt>
      <trkpt lat="45.57899" lon="24.76294">
        <ele>1994.03</ele>
        <time>2024-07-06T14:29:47Z</time>
      </trkpt>
      <trkpt lat="45.57899" lon="24.76294">
        <ele>1994.03</ele>
        <time>2024-07-06T14:29:49Z</time>
      </trkpt>
      <trkpt lat="45.579" lon="24.76294">
        <ele>1993.28</ele>
        <time>2024-07-06T14:30:05Z</time>
      </trkpt>
      <trkpt lat="45.579" lon="24.76293">
        <ele>1993.29</ele>
        <time>2024-07-06T14:30:12Z</time>
      </trkpt>
      <trkpt lat="45.579" lon="24.76293">
        <ele>1993.29</ele>
        <time>2024-07-06T14:30:20Z</time>
      </trkpt>
      <trkpt lat="45.579" lon="24.76292">
        <ele>1993.3</ele>
        <time>2024-07-06T14:30:26Z</time>
      </trkpt>
      <trkpt lat="45.579" lon="24.7629">
        <ele>1993.31</ele>
        <time>2024-07-06T14:30:34Z</time>
      </trkpt>
      <trkpt lat="45.579" lon="24.76289">
        <ele>1993.32</ele>
        <time>2024-07-06T14:30:37Z</time>
      </trkpt>
      <trkpt lat="45.579" lon="24.76287">
        <ele>1993.33</ele>
        <time>2024-07-06T14:30:40Z</time>
      </trkpt>
      <trkpt lat="45.579" lon="24.76283">
        <ele>1993.36</ele>
        <time>2024-07-06T14:30:48Z</time>
      </trkpt>
      <trkpt lat="45.57901" lon="24.76283">
        <ele>1992.66</ele>
        <time>2024-07-06T14:30:52Z</time>
      </trkpt>
      <trkpt lat="45.57901" lon="24.76283">
        <ele>1992.66</ele>
        <time>2024-07-06T14:30:55Z</time>
      </trkpt>
      <trkpt lat="45.57902" lon="24.76282">
        <ele>1991.97</ele>
        <time>2024-07-06T14:31:00Z</time>
      </trkpt>
      <trkpt lat="45.57903" lon="24.7628">
        <ele>1991.31</ele>
        <time>2024-07-06T14:31:05Z</time>
      </trkpt>
      <trkpt lat="45.57905" lon="24.76277">
        <ele>1989.96</ele>
        <time>2024-07-06T14:31:13Z</time>
      </trkpt>
      <trkpt lat="45.57905" lon="24.76276">
        <ele>1989.94</ele>
        <time>2024-07-06T14:31:17Z</time>
      </trkpt>
      <trkpt lat="45.57907" lon="24.76274">
        <ele>1988.52</ele>
        <time>2024-07-06T14:31:19Z</time>
      </trkpt>
      <trkpt lat="45.57909" lon="24.7627">
        <ele>1987.04</ele>
        <time>2024-07-06T14:31:22Z</time>
      </trkpt>
      <trkpt lat="45.57914" lon="24.76264">
        <ele>1983.38</ele>
        <time>2024-07-06T14:31:27Z</time>
      </trkpt>
      <trkpt lat="45.57914" lon="24.76264">
        <ele>1983.38</ele>
        <time>2024-07-06T14:31:28Z</time>
      </trkpt>
      <trkpt lat="45.57915" lon="24.76263">
        <ele>1982.64</ele>
        <time>2024-07-06T14:31:33Z</time>
      </trkpt>
      <trkpt lat="45.57916" lon="24.76263">
        <ele>1981.94</ele>
        <time>2024-07-06T14:31:36Z</time>
      </trkpt>
      <trkpt lat="45.57918" lon="24.76261">
        <ele>1980.59</ele>
        <time>2024-07-06T14:31:41Z</time>
      </trkpt>
      <trkpt lat="45.57918" lon="24.76261">
        <ele>1980.59</ele>
        <time>2024-07-06T14:31:42Z</time>
      </trkpt>
      <trkpt lat="45.57919" lon="24.76258">
        <ele>1979.9</ele>
        <time>2024-07-06T14:31:47Z</time>
      </trkpt>
      <trkpt lat="45.57919" lon="24.76257">
        <ele>1979.87</ele>
        <time>2024-07-06T14:31:50Z</time>
      </trkpt>
      <trkpt lat="45.57919" lon="24.76255">
        <ele>1979.81</ele>
        <time>2024-07-06T14:31:54Z</time>
      </trkpt>
      <trkpt lat="45.57921" lon="24.76252">
        <ele>1978.55</ele>
        <time>2024-07-06T14:31:59Z</time>
      </trkpt>
      <trkpt lat="45.57921" lon="24.76252">
        <ele>1978.55</ele>
        <time>2024-07-06T14:32:00Z</time>
      </trkpt>
      <trkpt lat="45.57921" lon="24.76249">
        <ele>1978.35</ele>
        <time>2024-07-06T14:32:04Z</time>
      </trkpt>
      <trkpt lat="45.57923" lon="24.76249">
        <ele>1977.2</ele>
        <time>2024-07-06T14:32:08Z</time>
      </trkpt>
      <trkpt lat="45.57923" lon="24.76249">
        <ele>1977.2</ele>
        <time>2024-07-06T14:32:10Z</time>
      </trkpt>
      <trkpt lat="45.57925" lon="24.76249">
        <ele>1976.05</ele>
        <time>2024-07-06T14:32:14Z</time>
      </trkpt>
      <trkpt lat="45.57925" lon="24.76249">
        <ele>1976.05</ele>
        <time>2024-07-06T14:32:15Z</time>
      </trkpt>
      <trkpt lat="45.57926" lon="24.76249">
        <ele>1975.47</ele>
        <time>2024-07-06T14:32:17Z</time>
      </trkpt>
      <trkpt lat="45.57927" lon="24.76248">
        <ele>1974.73</ele>
        <time>2024-07-06T14:32:20Z</time>
      </trkpt>
      <trkpt lat="45.57928" lon="24.76244">
        <ele>1973.52</ele>
        <time>2024-07-06T14:32:27Z</time>
      </trkpt>
      <trkpt lat="45.57928" lon="24.76244">
        <ele>1973.52</ele>
        <time>2024-07-06T14:32:28Z</time>
      </trkpt>
      <trkpt lat="45.57926" lon="24.76242">
        <ele>1974.38</ele>
        <time>2024-07-06T14:32:33Z</time>
      </trkpt>
      <trkpt lat="45.57926" lon="24.76241">
        <ele>1974.22</ele>
        <time>2024-07-06T14:32:35Z</time>
      </trkpt>
      <trkpt lat="45.57924" lon="24.7624">
        <ele>1975.24</ele>
        <time>2024-07-06T14:32:40Z</time>
      </trkpt>
      <trkpt lat="45.57924" lon="24.76238">
        <ele>1974.93</ele>
        <time>2024-07-06T14:32:41Z</time>
      </trkpt>
      <trkpt lat="45.57924" lon="24.76237">
        <ele>1974.78</ele>
        <time>2024-07-06T14:32:45Z</time>
      </trkpt>
      <trkpt lat="45.57924" lon="24.76236">
        <ele>1974.63</ele>
        <time>2024-07-06T14:32:47Z</time>
      </trkpt>
      <trkpt lat="45.57925" lon="24.76232">
        <ele>1973.41</ele>
        <time>2024-07-06T14:32:51Z</time>
      </trkpt>
      <trkpt lat="45.57926" lon="24.76231">
        <ele>1972.66</ele>
        <time>2024-07-06T14:32:53Z</time>
      </trkpt>
      <trkpt lat="45.57928" lon="24.76227">
        <ele>1970.82</ele>
        <time>2024-07-06T14:32:56Z</time>
      </trkpt>
      <trkpt lat="45.57928" lon="24.76224">
        <ele>1970.35</ele>
        <time>2024-07-06T14:33:01Z</time>
      </trkpt>
      <trkpt lat="45.57929" lon="24.76222">
        <ele>1969.46</ele>
        <time>2024-07-06T14:33:04Z</time>
      </trkpt>
      <trkpt lat="45.5793" lon="24.76221">
        <ele>1968.88</ele>
        <time>2024-07-06T14:33:07Z</time>
      </trkpt>
      <trkpt lat="45.5793" lon="24.7622">
        <ele>1968.92</ele>
        <time>2024-07-06T14:33:08Z</time>
      </trkpt>
      <trkpt lat="45.57931" lon="24.76219">
        <ele>1968.35</ele>
        <time>2024-07-06T14:33:11Z</time>
      </trkpt>
      <trkpt lat="45.57931" lon="24.76218">
        <ele>1968.38</ele>
        <time>2024-07-06T14:33:14Z</time>
      </trkpt>
      <trkpt lat="45.57932" lon="24.76217">
        <ele>1967.82</ele>
        <time>2024-07-06T14:33:19Z</time>
      </trkpt>
      <trkpt lat="45.57932" lon="24.76216">
        <ele>1967.86</ele>
        <time>2024-07-06T14:33:22Z</time>
      </trkpt>
      <trkpt lat="45.57932" lon="24.76215">
        <ele>1967.9</ele>
        <time>2024-07-06T14:33:26Z</time>
      </trkpt>
      <trkpt lat="45.57931" lon="24.76215">
        <ele>1968.5</ele>
        <time>2024-07-06T14:33:27Z</time>
      </trkpt>
      <trkpt lat="45.57931" lon="24.76212">
        <ele>1968.61</ele>
        <time>2024-07-06T14:33:32Z</time>
      </trkpt>
      <trkpt lat="45.57932" lon="24.76211">
        <ele>1968.06</ele>
        <time>2024-07-06T14:33:37Z</time>
      </trkpt>
      <trkpt lat="45.57931" lon="24.7621">
        <ele>1968.68</ele>
        <time>2024-07-06T14:33:39Z</time>
      </trkpt>
      <trkpt lat="45.57931" lon="24.76209">
        <ele>1968.72</ele>
        <time>2024-07-06T14:33:43Z</time>
      </trkpt>
      <trkpt lat="45.57931" lon="24.76209">
        <ele>1968.72</ele>
        <time>2024-07-06T14:33:48Z</time>
      </trkpt>
      <trkpt lat="45.57931" lon="24.76208">
        <ele>1968.76</ele>
        <time>2024-07-06T14:33:49Z</time>
      </trkpt>
      <trkpt lat="45.57933" lon="24.76206">
        <ele>1967.69</ele>
        <time>2024-07-06T14:33:54Z</time>
      </trkpt>
      <trkpt lat="45.57933" lon="24.76204">
        <ele>1967.78</ele>
        <time>2024-07-06T14:33:59Z</time>
      </trkpt>
      <trkpt lat="45.57934" lon="24.76202">
        <ele>1967.3</ele>
        <time>2024-07-06T14:34:02Z</time>
      </trkpt>
      <trkpt lat="45.57935" lon="24.76201">
        <ele>1966.79</ele>
        <time>2024-07-06T14:34:04Z</time>
      </trkpt>
      <trkpt lat="45.57935" lon="24.762">
        <ele>1966.84</ele>
        <time>2024-07-06T14:34:05Z</time>
      </trkpt>
      <trkpt lat="45.57936" lon="24.762">
        <ele>1966.28</ele>
        <time>2024-07-06T14:34:09Z</time>
      </trkpt>
      <trkpt lat="45.57938" lon="24.76201">
        <ele>1965.12</ele>
        <time>2024-07-06T14:34:14Z</time>
      </trkpt>
      <trkpt lat="45.57938" lon="24.76201">
        <ele>1965.12</ele>
        <time>2024-07-06T14:34:15Z</time>
      </trkpt>
      <trkpt lat="45.57938" lon="24.76199">
        <ele>1965.23</ele>
        <time>2024-07-06T14:34:20Z</time>
      </trkpt>
      <trkpt lat="45.57938" lon="24.76198">
        <ele>1965.28</ele>
        <time>2024-07-06T14:34:22Z</time>
      </trkpt>
      <trkpt lat="45.57938" lon="24.76196">
        <ele>1965.39</ele>
        <time>2024-07-06T14:34:26Z</time>
      </trkpt>
      <trkpt lat="45.57939" lon="24.76196">
        <ele>1964.85</ele>
        <time>2024-07-06T14:34:27Z</time>
      </trkpt>
      <trkpt lat="45.57939" lon="24.76195">
        <ele>1964.91</ele>
        <time>2024-07-06T14:34:30Z</time>
      </trkpt>
      <trkpt lat="45.5794" lon="24.76194">
        <ele>1964.39</ele>
        <time>2024-07-06T14:34:31Z</time>
      </trkpt>
      <trkpt lat="45.5794" lon="24.76192">
        <ele>1964.37</ele>
        <time>2024-07-06T14:34:34Z</time>
      </trkpt>
      <trkpt lat="45.57941" lon="24.76191">
        <ele>1963.8</ele>
        <time>2024-07-06T14:34:36Z</time>
      </trkpt>
      <trkpt lat="45.57942" lon="24.7619">
        <ele>1963.22</ele>
        <time>2024-07-06T14:34:40Z</time>
      </trkpt>
      <trkpt lat="45.57942" lon="24.7619">
        <ele>1963.22</ele>
        <time>2024-07-06T14:34:41Z</time>
      </trkpt>
      <trkpt lat="45.57943" lon="24.7619">
        <ele>1962.65</ele>
        <time>2024-07-06T14:34:45Z</time>
      </trkpt>
      <trkpt lat="45.57946" lon="24.76189">
        <ele>1960.58</ele>
        <time>2024-07-06T14:34:50Z</time>
      </trkpt>
      <trkpt lat="45.57947" lon="24.76186">
        <ele>1959.65</ele>
        <time>2024-07-06T14:34:54Z</time>
      </trkpt>
      <trkpt lat="45.57947" lon="24.76184">
        <ele>1959.55</ele>
        <time>2024-07-06T14:34:57Z</time>
      </trkpt>
      <trkpt lat="45.57946" lon="24.76184">
        <ele>1960.36</ele>
        <time>2024-07-06T14:34:59Z</time>
      </trkpt>
      <trkpt lat="45.57946" lon="24.76183">
        <ele>1960.32</ele>
        <time>2024-07-06T14:35:03Z</time>
      </trkpt>
      <trkpt lat="45.57946" lon="24.76181">
        <ele>1960.23</ele>
        <time>2024-07-06T14:35:05Z</time>
      </trkpt>
      <trkpt lat="45.57948" lon="24.76179">
        <ele>1958.47</ele>
        <time>2024-07-06T14:35:09Z</time>
      </trkpt>
      <trkpt lat="45.57948" lon="24.76178">
        <ele>1958.42</ele>
        <time>2024-07-06T14:35:10Z</time>
      </trkpt>
      <trkpt lat="45.57948" lon="24.76177">
        <ele>1958.36</ele>
        <time>2024-07-06T14:35:11Z</time>
      </trkpt>
      <trkpt lat="45.5795" lon="24.76174">
        <ele>1956.48</ele>
        <time>2024-07-06T14:35:17Z</time>
      </trkpt>
      <trkpt lat="45.5795" lon="24.76174">
        <ele>1956.48</ele>
        <time>2024-07-06T14:35:18Z</time>
      </trkpt>
      <trkpt lat="45.57948" lon="24.76172">
        <ele>1958.09</ele>
        <time>2024-07-06T14:35:23Z</time>
      </trkpt>
      <trkpt lat="45.57946" lon="24.7617">
        <ele>1959.75</ele>
        <time>2024-07-06T14:35:25Z</time>
      </trkpt>
      <trkpt lat="45.57947" lon="24.76171">
        <ele>1958.91</ele>
        <time>2024-07-06T14:35:28Z</time>
      </trkpt>
      <trkpt lat="45.57948" lon="24.7617">
        <ele>1957.98</ele>
        <time>2024-07-06T14:35:31Z</time>
      </trkpt>
      <trkpt lat="45.57948" lon="24.76168">
        <ele>1957.87</ele>
        <time>2024-07-06T14:35:33Z</time>
      </trkpt>
      <trkpt lat="45.57949" lon="24.76169">
        <ele>1957.04</ele>
        <time>2024-07-06T14:35:37Z</time>
      </trkpt>
      <trkpt lat="45.57949" lon="24.76169">
        <ele>1957.04</ele>
        <time>2024-07-06T14:35:39Z</time>
      </trkpt>
      <trkpt lat="45.57949" lon="24.76169">
        <ele>1957.04</ele>
        <time>2024-07-06T14:35:40Z</time>
      </trkpt>
      <trkpt lat="45.57954" lon="24.76172">
        <ele>1952.86</ele>
        <time>2024-07-06T14:35:44Z</time>
      </trkpt>
      <trkpt lat="45.57955" lon="24.76175">
        <ele>1952.26</ele>
        <time>2024-07-06T14:35:50Z</time>
      </trkpt>
      <trkpt lat="45.57956" lon="24.76174">
        <ele>1951.3</ele>
        <time>2024-07-06T14:35:57Z</time>
      </trkpt>
      <trkpt lat="45.57959" lon="24.7617">
        <ele>1948.27</ele>
        <time>2024-07-06T14:36:03Z</time>
      </trkpt>
      <trkpt lat="45.57959" lon="24.7617">
        <ele>1948.27</ele>
        <time>2024-07-06T14:36:04Z</time>
      </trkpt>
      <trkpt lat="45.57961" lon="24.7617">
        <ele>1946.51</ele>
        <time>2024-07-06T14:36:10Z</time>
      </trkpt>
      <trkpt lat="45.57961" lon="24.76171">
        <ele>1946.63</ele>
        <time>2024-07-06T14:36:11Z</time>
      </trkpt>
      <trkpt lat="45.57963" lon="24.76174">
        <ele>1945.27</ele>
        <time>2024-07-06T14:36:17Z</time>
      </trkpt>
      <trkpt lat="45.57964" lon="24.76176">
        <ele>1944.68</ele>
        <time>2024-07-06T14:36:21Z</time>
      </trkpt>
      <trkpt lat="45.57965" lon="24.76176">
        <ele>1943.83</ele>
        <time>2024-07-06T14:36:22Z</time>
      </trkpt>
      <trkpt lat="45.57967" lon="24.76177">
        <ele>1942.28</ele>
        <time>2024-07-06T14:36:28Z</time>
      </trkpt>
      <trkpt lat="45.57967" lon="24.76178">
        <ele>1942.43</ele>
        <time>2024-07-06T14:36:30Z</time>
      </trkpt>
      <trkpt lat="45.57968" lon="24.76179">
        <ele>1941.75</ele>
        <time>2024-07-06T14:36:34Z</time>
      </trkpt>
      <trkpt lat="45.57968" lon="24.76178">
        <ele>1941.59</ele>
        <time>2024-07-06T14:36:37Z</time>
      </trkpt>
      <trkpt lat="45.57969" lon="24.76178">
        <ele>1940.75</ele>
        <time>2024-07-06T14:36:40Z</time>
      </trkpt>
      <trkpt lat="45.5797" lon="24.76181">
        <ele>1940.41</ele>
        <time>2024-07-06T14:36:45Z</time>
      </trkpt>
      <trkpt lat="45.57971" lon="24.76181">
        <ele>1939.59</ele>
        <time>2024-07-06T14:36:46Z</time>
      </trkpt>
      <trkpt lat="45.57972" lon="24.76183">
        <ele>1939.12</ele>
        <time>2024-07-06T14:36:51Z</time>
      </trkpt>
      <trkpt lat="45.57973" lon="24.76183">
        <ele>1938.12</ele>
        <time>2024-07-06T14:36:54Z</time>
      </trkpt>
      <trkpt lat="45.57974" lon="24.76181">
        <ele>1936.75</ele>
        <time>2024-07-06T14:36:57Z</time>
      </trkpt>
      <trkpt lat="45.57976" lon="24.76181">
        <ele>1934.68</ele>
        <time>2024-07-06T14:37:00Z</time>
      </trkpt>
      <trkpt lat="45.57976" lon="24.76181">
        <ele>1934.68</ele>
        <time>2024-07-06T14:37:03Z</time>
      </trkpt>
      <trkpt lat="45.57978" lon="24.76179">
        <ele>1932.4</ele>
        <time>2024-07-06T14:37:09Z</time>
      </trkpt>
      <trkpt lat="45.57979" lon="24.7618">
        <ele>1931.49</ele>
        <time>2024-07-06T14:37:10Z</time>
      </trkpt>
      <trkpt lat="45.5798" lon="24.76182">
        <ele>1930.65</ele>
        <time>2024-07-06T14:37:17Z</time>
      </trkpt>
      <trkpt lat="45.57981" lon="24.76184">
        <ele>1929.76</ele>
        <time>2024-07-06T14:37:20Z</time>
      </trkpt>
      <trkpt lat="45.57981" lon="24.76184">
        <ele>1929.76</ele>
        <time>2024-07-06T14:37:21Z</time>
      </trkpt>
      <trkpt lat="45.57981" lon="24.76186">
        <ele>1929.92</ele>
        <time>2024-07-06T14:37:24Z</time>
      </trkpt>
      <trkpt lat="45.57981" lon="24.76187">
        <ele>1929.99</ele>
        <time>2024-07-06T14:37:26Z</time>
      </trkpt>
      <trkpt lat="45.57982" lon="24.76188">
        <ele>1928.96</ele>
        <time>2024-07-06T14:37:30Z</time>
      </trkpt>
      <trkpt lat="45.57983" lon="24.76188">
        <ele>1927.85</ele>
        <time>2024-07-06T14:37:33Z</time>
      </trkpt>
      <trkpt lat="45.57986" lon="24.7619">
        <ele>1924.55</ele>
        <time>2024-07-06T14:37:39Z</time>
      </trkpt>
      <trkpt lat="45.57986" lon="24.76191">
        <ele>1924.57</ele>
        <time>2024-07-06T14:37:40Z</time>
      </trkpt>
      <trkpt lat="45.57986" lon="24.76194">
        <ele>1924.62</ele>
        <time>2024-07-06T14:37:45Z</time>
      </trkpt>
      <trkpt lat="45.57987" lon="24.76195">
        <ele>1923.58</ele>
        <time>2024-07-06T14:37:50Z</time>
      </trkpt>
      <trkpt lat="45.57989" lon="24.76196">
        <ele>1921.46</ele>
        <time>2024-07-06T14:37:55Z</time>
      </trkpt>
      <trkpt lat="45.57991" lon="24.76197">
        <ele>1919.34</ele>
        <time>2024-07-06T14:37:59Z</time>
      </trkpt>
      <trkpt lat="45.57991" lon="24.76198">
        <ele>1919.59</ele>
        <time>2024-07-06T14:38:01Z</time>
      </trkpt>
      <trkpt lat="45.57992" lon="24.76201">
        <ele>1919.16</ele>
        <time>2024-07-06T14:38:07Z</time>
      </trkpt>
      <trkpt lat="45.57993" lon="24.76204">
        <ele>1918.72</ele>
        <time>2024-07-06T14:38:13Z</time>
      </trkpt>
      <trkpt lat="45.57995" lon="24.76208">
        <ele>1917.36</ele>
        <time>2024-07-06T14:38:19Z</time>
      </trkpt>
      <trkpt lat="45.57996" lon="24.76208">
        <ele>1916.17</ele>
        <time>2024-07-06T14:38:24Z</time>
      </trkpt>
      <trkpt lat="45.57997" lon="24.76208">
        <ele>1914.98</ele>
        <time>2024-07-06T14:38:27Z</time>
      </trkpt>
      <trkpt lat="45.57999" lon="24.7621">
        <ele>1913.11</ele>
        <time>2024-07-06T14:38:31Z</time>
      </trkpt>
      <trkpt lat="45.58" lon="24.76211">
        <ele>1912.17</ele>
        <time>2024-07-06T14:38:32Z</time>
      </trkpt>
      <trkpt lat="45.58001" lon="24.76212">
        <ele>1911.34</ele>
        <time>2024-07-06T14:38:35Z</time>
      </trkpt>
      <trkpt lat="45.58003" lon="24.76213">
        <ele>1909.4</ele>
        <time>2024-07-06T14:38:41Z</time>
      </trkpt>
      <trkpt lat="45.58003" lon="24.76213">
        <ele>1909.4</ele>
        <time>2024-07-06T14:38:44Z</time>
      </trkpt>
      <trkpt lat="45.58006" lon="24.76211">
        <ele>1905.74</ele>
        <time>2024-07-06T14:38:50Z</time>
      </trkpt>
      <trkpt lat="45.58007" lon="24.76211">
        <ele>1904.67</ele>
        <time>2024-07-06T14:38:51Z</time>
      </trkpt>
      <trkpt lat="45.58008" lon="24.76212">
        <ele>1903.77</ele>
        <time>2024-07-06T14:38:53Z</time>
      </trkpt>
      <trkpt lat="45.58009" lon="24.76214">
        <ele>1903.0</ele>
        <time>2024-07-06T14:38:55Z</time>
      </trkpt>
      <trkpt lat="45.5801" lon="24.76215">
        <ele>1902.05</ele>
        <time>2024-07-06T14:38:57Z</time>
      </trkpt>
      <trkpt lat="45.58011" lon="24.76215">
        <ele>1900.94</ele>
        <time>2024-07-06T14:38:59Z</time>
      </trkpt>
      <trkpt lat="45.58014" lon="24.76218">
        <ele>1897.92</ele>
        <time>2024-07-06T14:39:06Z</time>
      </trkpt>
      <trkpt lat="45.58015" lon="24.76219">
        <ele>1896.87</ele>
        <time>2024-07-06T14:39:09Z</time>
      </trkpt>
      <trkpt lat="45.58017" lon="24.76219">
        <ele>1894.56</ele>
        <time>2024-07-06T14:39:12Z</time>
      </trkpt>
      <trkpt lat="45.58019" lon="24.76222">
        <ele>1892.42</ele>
        <time>2024-07-06T14:39:21Z</time>
      </trkpt>
      <trkpt lat="45.5802" lon="24.76222">
        <ele>1891.23</ele>
        <time>2024-07-06T14:39:22Z</time>
      </trkpt>
      <trkpt lat="45.58022" lon="24.76222">
        <ele>1888.86</ele>
        <time>2024-07-06T14:39:29Z</time>
      </trkpt>
      <trkpt lat="45.58022" lon="24.76222">
        <ele>1888.86</ele>
        <time>2024-07-06T14:39:30Z</time>
      </trkpt>
      <trkpt lat="45.58023" lon="24.76223">
        <ele>1887.71</ele>
        <time>2024-07-06T14:39:35Z</time>
      </trkpt>
      <trkpt lat="45.58024" lon="24.76224">
        <ele>1886.57</ele>
        <time>2024-07-06T14:39:40Z</time>
      </trkpt>
      <trkpt lat="45.58024" lon="24.76225">
        <ele>1886.62</ele>
        <time>2024-07-06T14:39:41Z</time>
      </trkpt>
      <trkpt lat="45.58027" lon="24.76223">
        <ele>1882.95</ele>
        <time>2024-07-06T14:39:46Z</time>
      </trkpt>
      <trkpt lat="45.58027" lon="24.76223">
        <ele>1882.95</ele>
        <time>2024-07-06T14:39:48Z</time>
      </trkpt>
      <trkpt lat="45.58029" lon="24.76222">
        <ele>1881.17</ele>
        <time>2024-07-06T14:39:53Z</time>
      </trkpt>
      <trkpt lat="45.58032" lon="24.76221">
        <ele>1879.16</ele>
        <time>2024-07-06T14:39:59Z</time>
      </trkpt>
      <trkpt lat="45.58033" lon="24.76222">
        <ele>1878.44</ele>
        <time>2024-07-06T14:40:03Z</time>
      </trkpt>
      <trkpt lat="45.58035" lon="24.76226">
        <ele>1877.05</ele>
        <time>2024-07-06T14:40:10Z</time>
      </trkpt>
      <trkpt lat="45.58035" lon="24.76226">
        <ele>1877.05</ele>
        <time>2024-07-06T14:40:11Z</time>
      </trkpt>
      <trkpt lat="45.58036" lon="24.76228">
        <ele>1876.34</ele>
        <time>2024-07-06T14:40:15Z</time>
      </trkpt>
      <trkpt lat="45.58038" lon="24.76228">
        <ele>1874.91</ele>
        <time>2024-07-06T14:40:19Z</time>
      </trkpt>
      <trkpt lat="45.5804" lon="24.76228">
        <ele>1873.48</ele>
        <time>2024-07-06T14:40:23Z</time>
      </trkpt>
      <trkpt lat="45.58041" lon="24.76227">
        <ele>1872.8</ele>
        <time>2024-07-06T14:40:26Z</time>
      </trkpt>
      <trkpt lat="45.58043" lon="24.76227">
        <ele>1871.38</ele>
        <time>2024-07-06T14:40:31Z</time>
      </trkpt>
      <trkpt lat="45.58044" lon="24.76226">
        <ele>1870.72</ele>
        <time>2024-07-06T14:40:34Z</time>
      </trkpt>
      <trkpt lat="45.58045" lon="24.76227">
        <ele>1869.97</ele>
        <time>2024-07-06T14:40:38Z</time>
      </trkpt>
      <trkpt lat="45.58046" lon="24.76227">
        <ele>1869.26</ele>
        <time>2024-07-06T14:40:39Z</time>
      </trkpt>
      <trkpt lat="45.58047" lon="24.76227">
        <ele>1868.55</ele>
        <time>2024-07-06T14:40:42Z</time>
      </trkpt>
      <trkpt lat="45.58048" lon="24.76227">
        <ele>1867.84</ele>
        <time>2024-07-06T14:40:47Z</time>
      </trkpt>
      <trkpt lat="45.58049" lon="24.76229">
        <ele>1866.98</ele>
        <time>2024-07-06T14:40:51Z</time>
      </trkpt>
      <trkpt lat="45.5805" lon="24.76229">
        <ele>1866.26</ele>
        <time>2024-07-06T14:40:54Z</time>
      </trkpt>
      <trkpt lat="45.58051" lon="24.76228">
        <ele>1865.63</ele>
        <time>2024-07-06T14:40:59Z</time>
      </trkpt>
      <trkpt lat="45.58052" lon="24.76228">
        <ele>1864.91</ele>
        <time>2024-07-06T14:41:02Z</time>
      </trkpt>
      <trkpt lat="45.58055" lon="24.76227">
        <ele>1862.88</ele>
        <time>2024-07-06T14:41:08Z</time>
      </trkpt>
      <trkpt lat="45.58058" lon="24.76229">
        <ele>1861.08</ele>
        <time>2024-07-06T14:41:15Z</time>
      </trkpt>
      <trkpt lat="45.58058" lon="24.76229">
        <ele>1861.08</ele>
        <time>2024-07-06T14:41:16Z</time>
      </trkpt>
      <trkpt lat="45.58059" lon="24.7623">
        <ele>1860.49</ele>
        <time>2024-07-06T14:41:18Z</time>
      </trkpt>
      <trkpt lat="45.5806" lon="24.76229">
        <ele>1860.11</ele>
        <time>2024-07-06T14:41:20Z</time>
      </trkpt>
      <trkpt lat="45.5806" lon="24.76229">
        <ele>1860.11</ele>
        <time>2024-07-06T14:41:21Z</time>
      </trkpt>
      <trkpt lat="45.58061" lon="24.76231">
        <ele>1859.43</ele>
        <time>2024-07-06T14:41:24Z</time>
      </trkpt>
      <trkpt lat="45.58062" lon="24.76231">
        <ele>1858.95</ele>
        <time>2024-07-06T14:41:27Z</time>
      </trkpt>
      <trkpt lat="45.58064" lon="24.76231">
        <ele>1857.99</ele>
        <time>2024-07-06T14:41:29Z</time>
      </trkpt>
      <trkpt lat="45.58066" lon="24.76231">
        <ele>1857.03</ele>
        <time>2024-07-06T14:41:33Z</time>
      </trkpt>
      <trkpt lat="45.58068" lon="24.76234">
        <ele>1855.84</ele>
        <time>2024-07-06T14:41:39Z</time>
      </trkpt>
      <trkpt lat="45.58069" lon="24.76235">
        <ele>1855.29</ele>
        <time>2024-07-06T14:41:41Z</time>
      </trkpt>
      <trkpt lat="45.58073" lon="24.76233">
        <ele>1853.53</ele>
        <time>2024-07-06T14:41:48Z</time>
      </trkpt>
      <trkpt lat="45.58074" lon="24.76234">
        <ele>1853.0</ele>
        <time>2024-07-06T14:41:50Z</time>
      </trkpt>
      <trkpt lat="45.58076" lon="24.76235">
        <ele>1851.99</ele>
        <time>2024-07-06T14:41:57Z</time>
      </trkpt>
      <trkpt lat="45.58076" lon="24.76236">
        <ele>1851.94</ele>
        <time>2024-07-06T14:41:58Z</time>
      </trkpt>
      <trkpt lat="45.58076" lon="24.76236">
        <ele>1851.94</ele>
        <time>2024-07-06T14:41:59Z</time>
      </trkpt>
      <trkpt lat="45.58077" lon="24.76237">
        <ele>1851.42</ele>
        <time>2024-07-06T14:42:05Z</time>
      </trkpt>
      <trkpt lat="45.58078" lon="24.76237">
        <ele>1850.95</ele>
        <time>2024-07-06T14:42:08Z</time>
      </trkpt>
      <trkpt lat="45.5808" lon="24.76237">
        <ele>1850.02</ele>
        <time>2024-07-06T14:42:13Z</time>
      </trkpt>
      <trkpt lat="45.5808" lon="24.76238">
        <ele>1849.98</ele>
        <time>2024-07-06T14:42:15Z</time>
      </trkpt>
      <trkpt lat="45.58083" lon="24.76239">
        <ele>1848.55</ele>
        <time>2024-07-06T14:42:21Z</time>
      </trkpt>
      <trkpt lat="45.58083" lon="24.7624">
        <ele>1848.51</ele>
        <time>2024-07-06T14:42:23Z</time>
      </trkpt>
      <trkpt lat="45.58085" lon="24.76239">
        <ele>1847.52</ele>
        <time>2024-07-06T14:42:27Z</time>
      </trkpt>
      <trkpt lat="45.58088" lon="24.7624">
        <ele>1845.87</ele>
        <time>2024-07-06T14:42:31Z</time>
      </trkpt>
      <trkpt lat="45.58092" lon="24.76243">
        <ele>1843.42</ele>
        <time>2024-07-06T14:42:39Z</time>
      </trkpt>
      <trkpt lat="45.58092" lon="24.76244">
        <ele>1843.32</ele>
        <time>2024-07-06T14:42:40Z</time>
      </trkpt>
      <trkpt lat="45.58093" lon="24.76246">
        <ele>1842.53</ele>
        <time>2024-07-06T14:42:45Z</time>
      </trkpt>
      <trkpt lat="45.58093" lon="24.76246">
        <ele>1842.53</ele>
        <time>2024-07-06T14:42:46Z</time>
      </trkpt>
      <trkpt lat="45.58096" lon="24.76249">
        <ele>1840.38</ele>
        <time>2024-07-06T14:42:53Z</time>
      </trkpt>
      <trkpt lat="45.58098" lon="24.76252">
        <ele>1838.78</ele>
        <time>2024-07-06T14:42:58Z</time>
      </trkpt>
      <trkpt lat="45.58102" lon="24.76254">
        <ele>1836.15</ele>
        <time>2024-07-06T14:43:05Z</time>
      </trkpt>
      <trkpt lat="45.58104" lon="24.76256">
        <ele>1834.75</ele>
        <time>2024-07-06T14:43:09Z</time>
      </trkpt>
      <trkpt lat="45.58107" lon="24.76259">
        <ele>1832.72</ele>
        <time>2024-07-06T14:43:17Z</time>
      </trkpt>
      <trkpt lat="45.58109" lon="24.7626">
        <ele>1831.49</ele>
        <time>2024-07-06T14:43:20Z</time>
      </trkpt>
      <trkpt lat="45.58111" lon="24.76261">
        <ele>1830.27</ele>
        <time>2024-07-06T14:43:26Z</time>
      </trkpt>
      <trkpt lat="45.58112" lon="24.76262">
        <ele>1829.91</ele>
        <time>2024-07-06T14:43:27Z</time>
      </trkpt>
      <trkpt lat="45.58113" lon="24.76264">
        <ele>1829.52</ele>
        <time>2024-07-06T14:43:31Z</time>
      </trkpt>
      <trkpt lat="45.58115" lon="24.76266">
        <ele>1828.89</ele>
        <time>2024-07-06T14:43:35Z</time>
      </trkpt>
      <trkpt lat="45.58116" lon="24.76266">
        <ele>1828.64</ele>
        <time>2024-07-06T14:43:36Z</time>
      </trkpt>
      <trkpt lat="45.58116" lon="24.76267">
        <ele>1828.58</ele>
        <time>2024-07-06T14:43:37Z</time>
      </trkpt>
      <trkpt lat="45.58117" lon="24.76269">
        <ele>1828.23</ele>
        <time>2024-07-06T14:43:41Z</time>
      </trkpt>
      <trkpt lat="45.58119" lon="24.76273">
        <ele>1827.54</ele>
        <time>2024-07-06T14:43:45Z</time>
      </trkpt>
      <trkpt lat="45.58121" lon="24.76274">
        <ele>1827.04</ele>
        <time>2024-07-06T14:43:47Z</time>
      </trkpt>
      <trkpt lat="45.58126" lon="24.76276">
        <ele>1825.84</ele>
        <time>2024-07-06T14:43:53Z</time>
      </trkpt>
      <trkpt lat="45.58127" lon="24.76277">
        <ele>1825.59</ele>
        <time>2024-07-06T14:43:54Z</time>
      </trkpt>
      <trkpt lat="45.5813" lon="24.76279">
        <ele>1824.99</ele>
        <time>2024-07-06T14:43:57Z</time>
      </trkpt>
      <trkpt lat="45.58133" lon="24.7628">
        <ele>1824.39</ele>
        <time>2024-07-06T14:44:00Z</time>
      </trkpt>
      <trkpt lat="45.58135" lon="24.76281">
        <ele>1823.99</ele>
        <time>2024-07-06T14:44:04Z</time>
      </trkpt>
      <trkpt lat="45.58137" lon="24.76284">
        <ele>1823.66</ele>
        <time>2024-07-06T14:44:10Z</time>
      </trkpt>
      <trkpt lat="45.58138" lon="24.76284">
        <ele>1823.43</ele>
        <time>2024-07-06T14:44:11Z</time>
      </trkpt>
      <trkpt lat="45.5814" lon="24.76287">
        <ele>1823.09</ele>
        <time>2024-07-06T14:44:17Z</time>
      </trkpt>
      <trkpt lat="45.58141" lon="24.76288">
        <ele>1822.91</ele>
        <time>2024-07-06T14:44:18Z</time>
      </trkpt>
      <trkpt lat="45.58143" lon="24.7629">
        <ele>1822.55</ele>
        <time>2024-07-06T14:44:24Z</time>
      </trkpt>
      <trkpt lat="45.58146" lon="24.76292">
        <ele>1821.98</ele>
        <time>2024-07-06T14:44:29Z</time>
      </trkpt>
      <trkpt lat="45.58147" lon="24.76294">
        <ele>1821.83</ele>
        <time>2024-07-06T14:44:31Z</time>
      </trkpt>
      <trkpt lat="45.58148" lon="24.76295">
        <ele>1821.65</ele>
        <time>2024-07-06T14:44:33Z</time>
      </trkpt>
      <trkpt lat="45.5815" lon="24.76296">
        <ele>1821.26</ele>
        <time>2024-07-06T14:44:35Z</time>
      </trkpt>
      <trkpt lat="45.58151" lon="24.76296">
        <ele>1821.04</ele>
        <time>2024-07-06T14:44:36Z</time>
      </trkpt>
      <trkpt lat="45.58152" lon="24.76297">
        <ele>1820.86</ele>
        <time>2024-07-06T14:44:37Z</time>
      </trkpt>
      <trkpt lat="45.58156" lon="24.76297">
        <ele>1820.0</ele>
        <time>2024-07-06T14:44:41Z</time>
      </trkpt>
      <trkpt lat="45.58157" lon="24.76298">
        <ele>1819.82</ele>
        <time>2024-07-06T14:44:43Z</time>
      </trkpt>
      <trkpt lat="45.58158" lon="24.76299">
        <ele>1819.64</ele>
        <time>2024-07-06T14:44:44Z</time>
      </trkpt>
      <trkpt lat="45.5816" lon="24.763">
        <ele>1819.24</ele>
        <time>2024-07-06T14:44:48Z</time>
      </trkpt>
      <trkpt lat="45.58162" lon="24.76301">
        <ele>1818.84</ele>
        <time>2024-07-06T14:44:50Z</time>
      </trkpt>
      <trkpt lat="45.58165" lon="24.76302">
        <ele>1818.23</ele>
        <time>2024-07-06T14:44:56Z</time>
      </trkpt>
      <trkpt lat="45.58165" lon="24.76303">
        <ele>1818.27</ele>
        <time>2024-07-06T14:44:58Z</time>
      </trkpt>
      <trkpt lat="45.58166" lon="24.76303">
        <ele>1818.05</ele>
        <time>2024-07-06T14:45:04Z</time>
      </trkpt>
      <trkpt lat="45.58166" lon="24.76303">
        <ele>1818.05</ele>
        <time>2024-07-06T14:45:17Z</time>
      </trkpt>
      <trkpt lat="45.58166" lon="24.76303">
        <ele>1818.05</ele>
        <time>2024-07-06T14:45:34Z</time>
      </trkpt>
      <trkpt lat="45.58166" lon="24.76303">
        <ele>1818.05</ele>
        <time>2024-07-06T14:45:37Z</time>
      </trkpt>
      <trkpt lat="45.58169" lon="24.76305">
        <ele>1816.39</ele>
        <time>2024-07-06T14:45:46Z</time>
      </trkpt>
      <trkpt lat="45.58173" lon="24.76308">
        <ele>1813.59</ele>
        <time>2024-07-06T14:45:58Z</time>
      </trkpt>
      <trkpt lat="45.58177" lon="24.76312">
        <ele>1810.9</ele>
        <time>2024-07-06T14:46:08Z</time>
      </trkpt>
      <trkpt lat="45.58177" lon="24.76314">
        <ele>1810.89</ele>
        <time>2024-07-06T14:46:26Z</time>
      </trkpt>
      <trkpt lat="45.58175" lon="24.76317">
        <ele>1812.09</ele>
        <time>2024-07-06T14:46:40Z</time>
      </trkpt>
      <trkpt lat="45.58175" lon="24.76317">
        <ele>1812.09</ele>
        <time>2024-07-06T14:46:43Z</time>
      </trkpt>
      <trkpt lat="45.58174" lon="24.76318">
        <ele>1812.68</ele>
        <time>2024-07-06T14:46:50Z</time>
      </trkpt>
      <trkpt lat="45.58174" lon="24.76317">
        <ele>1812.7</ele>
        <time>2024-07-06T14:46:56Z</time>
      </trkpt>
      <trkpt lat="45.58174" lon="24.76318">
        <ele>1812.68</ele>
        <time>2024-07-06T14:47:02Z</time>
      </trkpt>
      <trkpt lat="45.58172" lon="24.76319">
        <ele>1813.85</ele>
        <time>2024-07-06T14:47:35Z</time>
      </trkpt>
      <trkpt lat="45.58173" lon="24.7632">
        <ele>1813.22</ele>
        <time>2024-07-06T14:47:44Z</time>
      </trkpt>
      <trkpt lat="45.5818" lon="24.7632">
        <ele>1809.09</ele>
        <time>2024-07-06T14:47:50Z</time>
      </trkpt>
      <trkpt lat="45.58186" lon="24.76319">
        <ele>1805.49</ele>
        <time>2024-07-06T14:47:54Z</time>
      </trkpt>
      <trkpt lat="45.58188" lon="24.76319">
        <ele>1804.3</ele>
        <time>2024-07-06T14:47:58Z</time>
      </trkpt>
      <trkpt lat="45.58191" lon="24.7632">
        <ele>1802.59</ele>
        <time>2024-07-06T14:48:05Z</time>
      </trkpt>
      <trkpt lat="45.58194" lon="24.76323">
        <ele>1801.14</ele>
        <time>2024-07-06T14:48:11Z</time>
      </trkpt>
      <trkpt lat="45.58195" lon="24.76324">
        <ele>1800.9</ele>
        <time>2024-07-06T14:48:13Z</time>
      </trkpt>
      <trkpt lat="45.58196" lon="24.76324">
        <ele>1800.73</ele>
        <time>2024-07-06T14:48:15Z</time>
      </trkpt>
      <trkpt lat="45.58197" lon="24.76324">
        <ele>1800.56</ele>
        <time>2024-07-06T14:48:18Z</time>
      </trkpt>
      <trkpt lat="45.58197" lon="24.76325">
        <ele>1800.66</ele>
        <time>2024-07-06T14:48:20Z</time>
      </trkpt>
      <trkpt lat="45.58198" lon="24.76327">
        <ele>1800.66</ele>
        <time>2024-07-06T14:48:23Z</time>
      </trkpt>
      <trkpt lat="45.58198" lon="24.76327">
        <ele>1800.66</ele>
        <time>2024-07-06T14:48:26Z</time>
      </trkpt>
      <trkpt lat="45.58201" lon="24.76326">
        <ele>1800.04</ele>
        <time>2024-07-06T14:48:33Z</time>
      </trkpt>
      <trkpt lat="45.58203" lon="24.76325">
        <ele>1799.62</ele>
        <time>2024-07-06T14:48:36Z</time>
      </trkpt>
      <trkpt lat="45.58204" lon="24.76325">
        <ele>1799.45</ele>
        <time>2024-07-06T14:48:39Z</time>
      </trkpt>
      <trkpt lat="45.58205" lon="24.76324">
        <ele>1799.22</ele>
        <time>2024-07-06T14:48:44Z</time>
      </trkpt>
      <trkpt lat="45.58204" lon="24.76324">
        <ele>1799.39</ele>
        <time>2024-07-06T14:48:58Z</time>
      </trkpt>
      <trkpt lat="45.58207" lon="24.76325">
        <ele>1798.93</ele>
        <time>2024-07-06T14:49:10Z</time>
      </trkpt>
      <trkpt lat="45.58207" lon="24.76325">
        <ele>1798.93</ele>
        <time>2024-07-06T14:49:14Z</time>
      </trkpt>
      <trkpt lat="45.58209" lon="24.76325">
        <ele>1798.58</ele>
        <time>2024-07-06T14:49:38Z</time>
      </trkpt>
      <trkpt lat="45.58212" lon="24.76325">
        <ele>1798.07</ele>
        <time>2024-07-06T14:50:09Z</time>
      </trkpt>
      <trkpt lat="45.58214" lon="24.76325">
        <ele>1797.72</ele>
        <time>2024-07-06T14:50:22Z</time>
      </trkpt>
      <trkpt lat="45.58214" lon="24.76325">
        <ele>1797.72</ele>
        <time>2024-07-06T14:50:23Z</time>
      </trkpt>
      <trkpt lat="45.58215" lon="24.76325">
        <ele>1797.55</ele>
        <time>2024-07-06T14:50:42Z</time>
      </trkpt>
      <trkpt lat="45.58215" lon="24.76325">
        <ele>1797.55</ele>
        <time>2024-07-06T14:50:44Z</time>
      </trkpt>
      <trkpt lat="45.58215" lon="24.76325">
        <ele>1797.55</ele>
        <time>2024-07-06T14:50:51Z</time>
      </trkpt>
      <trkpt lat="45.58215" lon="24.76325">
        <ele>1797.55</ele>
        <time>2024-07-06T14:50:53Z</time>
      </trkpt>
      <trkpt lat="45.58213" lon="24.76325">
        <ele>1797.89</ele>
        <time>2024-07-06T14:51:02Z</time>
      </trkpt>
      <trkpt lat="45.58213" lon="24.76326">
        <ele>1797.91</ele>
        <time>2024-07-06T14:51:16Z</time>
      </trkpt>
      <trkpt lat="45.58212" lon="24.76326">
        <ele>1798.08</ele>
        <time>2024-07-06T14:51:26Z</time>
      </trkpt>
      <trkpt lat="45.58212" lon="24.76326">
        <ele>1798.08</ele>
        <time>2024-07-06T14:51:33Z</time>
      </trkpt>
      <trkpt lat="45.58211" lon="24.76326">
        <ele>1798.26</ele>
        <time>2024-07-06T14:51:56Z</time>
      </trkpt>
      <trkpt lat="45.58212" lon="24.76331">
        <ele>1798.17</ele>
        <time>2024-07-06T14:52:33Z</time>
      </trkpt>
      <trkpt lat="45.58212" lon="24.76332">
        <ele>1798.19</ele>
        <time>2024-07-06T14:52:50Z</time>
      </trkpt>
      <trkpt lat="45.58216" lon="24.76331">
        <ele>1797.35</ele>
        <time>2024-07-06T14:53:06Z</time>
      </trkpt>
      <trkpt lat="45.58217" lon="24.76331">
        <ele>1797.15</ele>
        <time>2024-07-06T14:53:08Z</time>
      </trkpt>
      <trkpt lat="45.58217" lon="24.76331">
        <ele>1797.15</ele>
        <time>2024-07-06T14:53:21Z</time>
      </trkpt>
      <trkpt lat="45.58222" lon="24.76332">
        <ele>1796.09</ele>
        <time>2024-07-06T14:53:26Z</time>
      </trkpt>
      <trkpt lat="45.58226" lon="24.76331">
        <ele>1795.95</ele>
        <time>2024-07-06T14:53:29Z</time>
      </trkpt>
      <trkpt lat="45.58229" lon="24.76332">
        <ele>1795.8</ele>
        <time>2024-07-06T14:53:34Z</time>
      </trkpt>
      <trkpt lat="45.5823" lon="24.76332">
        <ele>1795.77</ele>
        <time>2024-07-06T14:53:38Z</time>
      </trkpt>
      <trkpt lat="45.58232" lon="24.76333">
        <ele>1795.66</ele>
        <time>2024-07-06T14:53:42Z</time>
      </trkpt>
      <trkpt lat="45.58234" lon="24.76334">
        <ele>1795.49</ele>
        <time>2024-07-06T14:53:44Z</time>
      </trkpt>
      <trkpt lat="45.58234" lon="24.76337">
        <ele>1795.09</ele>
        <time>2024-07-06T14:53:51Z</time>
      </trkpt>
      <trkpt lat="45.58235" lon="24.76337">
        <ele>1795.03</ele>
        <time>2024-07-06T14:53:52Z</time>
      </trkpt>
      <trkpt lat="45.5824" lon="24.76337">
        <ele>1794.76</ele>
        <time>2024-07-06T14:53:58Z</time>
      </trkpt>
      <trkpt lat="45.58245" lon="24.76342">
        <ele>1793.53</ele>
        <time>2024-07-06T14:54:06Z</time>
      </trkpt>
      <trkpt lat="45.58245" lon="24.76344">
        <ele>1793.15</ele>
        <time>2024-07-06T14:54:07Z</time>
      </trkpt>
      <trkpt lat="45.58247" lon="24.76345">
        <ele>1792.77</ele>
        <time>2024-07-06T14:54:10Z</time>
      </trkpt>
      <trkpt lat="45.5825" lon="24.76347">
        <ele>1792.05</ele>
        <time>2024-07-06T14:54:13Z</time>
      </trkpt>
      <trkpt lat="45.58252" lon="24.76348">
        <ele>1790.83</ele>
        <time>2024-07-06T14:54:16Z</time>
      </trkpt>
      <trkpt lat="45.58254" lon="24.76347">
        <ele>1790.03</ele>
        <time>2024-07-06T14:54:20Z</time>
      </trkpt>
      <trkpt lat="45.58254" lon="24.76347">
        <ele>1790.03</ele>
        <time>2024-07-06T14:54:25Z</time>
      </trkpt>
      <trkpt lat="45.58256" lon="24.76347">
        <ele>1789.02</ele>
        <time>2024-07-06T14:54:29Z</time>
      </trkpt>
      <trkpt lat="45.58257" lon="24.76346">
        <ele>1788.69</ele>
        <time>2024-07-06T14:54:31Z</time>
      </trkpt>
      <trkpt lat="45.58257" lon="24.76346">
        <ele>1788.69</ele>
        <time>2024-07-06T14:54:32Z</time>
      </trkpt>
      <trkpt lat="45.58258" lon="24.76346">
        <ele>1788.18</ele>
        <time>2024-07-06T14:54:34Z</time>
      </trkpt>
      <trkpt lat="45.5826" lon="24.76346">
        <ele>1787.16</ele>
        <time>2024-07-06T14:54:37Z</time>
      </trkpt>
      <trkpt lat="45.58263" lon="24.76342">
        <ele>1786.22</ele>
        <time>2024-07-06T14:54:43Z</time>
      </trkpt>
      <trkpt lat="45.58264" lon="24.76342">
        <ele>1785.69</ele>
        <time>2024-07-06T14:54:44Z</time>
      </trkpt>
      <trkpt lat="45.58265" lon="24.76341">
        <ele>1785.3</ele>
        <time>2024-07-06T14:54:50Z</time>
      </trkpt>
      <trkpt lat="45.58266" lon="24.7634">
        <ele>1784.9</ele>
        <time>2024-07-06T14:54:51Z</time>
      </trkpt>
      <trkpt lat="45.58268" lon="24.7634">
        <ele>1783.81</ele>
        <time>2024-07-06T14:54:55Z</time>
      </trkpt>
      <trkpt lat="45.58268" lon="24.7634">
        <ele>1783.81</ele>
        <time>2024-07-06T14:54:56Z</time>
      </trkpt>
      <trkpt lat="45.58269" lon="24.76343">
        <ele>1782.92</ele>
        <time>2024-07-06T14:55:03Z</time>
      </trkpt>
      <trkpt lat="45.5827" lon="24.76342">
        <ele>1782.51</ele>
        <time>2024-07-06T14:55:07Z</time>
      </trkpt>
      <trkpt lat="45.58271" lon="24.76342">
        <ele>1781.98</ele>
        <time>2024-07-06T14:55:10Z</time>
      </trkpt>
      <trkpt lat="45.58272" lon="24.76343">
        <ele>1781.34</ele>
        <time>2024-07-06T14:55:14Z</time>
      </trkpt>
      <trkpt lat="45.58272" lon="24.76344">
        <ele>1781.24</ele>
        <time>2024-07-06T14:55:15Z</time>
      </trkpt>
      <trkpt lat="45.58273" lon="24.76347">
        <ele>1780.43</ele>
        <time>2024-07-06T14:55:23Z</time>
      </trkpt>
      <trkpt lat="45.58275" lon="24.76351">
        <ele>1779.07</ele>
        <time>2024-07-06T14:55:30Z</time>
      </trkpt>
      <trkpt lat="45.58275" lon="24.76351">
        <ele>1779.07</ele>
        <time>2024-07-06T14:55:31Z</time>
      </trkpt>
      <trkpt lat="45.58275" lon="24.76351">
        <ele>1779.07</ele>
        <time>2024-07-06T14:55:33Z</time>
      </trkpt>
      <trkpt lat="45.58277" lon="24.76352">
        <ele>1778.03</ele>
        <time>2024-07-06T14:55:38Z</time>
      </trkpt>
      <trkpt lat="45.58278" lon="24.76351">
        <ele>1777.61</ele>
        <time>2024-07-06T14:55:41Z</time>
      </trkpt>
      <trkpt lat="45.58279" lon="24.76352">
        <ele>1776.98</ele>
        <time>2024-07-06T14:55:43Z</time>
      </trkpt>
      <trkpt lat="45.58282" lon="24.76355">
        <ele>1775.02</ele>
        <time>2024-07-06T14:55:49Z</time>
      </trkpt>
      <trkpt lat="45.58283" lon="24.76355">
        <ele>1774.45</ele>
        <time>2024-07-06T14:55:52Z</time>
      </trkpt>
      <trkpt lat="45.58284" lon="24.76356">
        <ele>1773.77</ele>
        <time>2024-07-06T14:55:57Z</time>
      </trkpt>
      <trkpt lat="45.58286" lon="24.76356">
        <ele>1772.61</ele>
        <time>2024-07-06T14:56:03Z</time>
      </trkpt>
      <trkpt lat="45.58287" lon="24.76357">
        <ele>1771.9</ele>
        <time>2024-07-06T14:56:05Z</time>
      </trkpt>
      <trkpt lat="45.58287" lon="24.76358">
        <ele>1771.77</ele>
        <time>2024-07-06T14:56:10Z</time>
      </trkpt>
      <trkpt lat="45.58288" lon="24.76359">
        <ele>1771.04</ele>
        <time>2024-07-06T14:56:14Z</time>
      </trkpt>
      <trkpt lat="45.58289" lon="24.76358">
        <ele>1770.58</ele>
        <time>2024-07-06T14:56:20Z</time>
      </trkpt>
      <trkpt lat="45.58291" lon="24.76356">
        <ele>1769.71</ele>
        <time>2024-07-06T14:56:28Z</time>
      </trkpt>
      <trkpt lat="45.58292" lon="24.76356">
        <ele>1769.14</ele>
        <time>2024-07-06T14:56:30Z</time>
      </trkpt>
      <trkpt lat="45.58293" lon="24.76357">
        <ele>1768.39</ele>
        <time>2024-07-06T14:56:35Z</time>
      </trkpt>
      <trkpt lat="45.58294" lon="24.76358">
        <ele>1767.62</ele>
        <time>2024-07-06T14:56:37Z</time>
      </trkpt>
      <trkpt lat="45.58295" lon="24.76359">
        <ele>1766.85</ele>
        <time>2024-07-06T14:56:44Z</time>
      </trkpt>
      <trkpt lat="45.58296" lon="24.76359">
        <ele>1766.25</ele>
        <time>2024-07-06T14:56:46Z</time>
      </trkpt>
      <trkpt lat="45.58297" lon="24.76359">
        <ele>1765.65</ele>
        <time>2024-07-06T14:56:50Z</time>
      </trkpt>
      <trkpt lat="45.58298" lon="24.76359">
        <ele>1765.05</ele>
        <time>2024-07-06T14:56:54Z</time>
      </trkpt>
      <trkpt lat="45.58299" lon="24.76358">
        <ele>1764.66</ele>
        <time>2024-07-06T14:56:56Z</time>
      </trkpt>
      <trkpt lat="45.58301" lon="24.76358">
        <ele>1763.48</ele>
        <time>2024-07-06T14:57:01Z</time>
      </trkpt>
      <trkpt lat="45.58301" lon="24.76359">
        <ele>1763.26</ele>
        <time>2024-07-06T14:57:03Z</time>
      </trkpt>
      <trkpt lat="45.58303" lon="24.76361">
        <ele>1761.59</ele>
        <time>2024-07-06T14:57:07Z</time>
      </trkpt>
      <trkpt lat="45.58304" lon="24.76365">
        <ele>1760.76</ele>
        <time>2024-07-06T14:57:13Z</time>
      </trkpt>
      <trkpt lat="45.58304" lon="24.76367">
        <ele>1760.66</ele>
        <time>2024-07-06T14:57:16Z</time>
      </trkpt>
      <trkpt lat="45.58302" lon="24.7637">
        <ele>1761.57</ele>
        <time>2024-07-06T14:57:25Z</time>
      </trkpt>
      <trkpt lat="45.58302" lon="24.76375">
        <ele>1761.23</ele>
        <time>2024-07-06T14:57:34Z</time>
      </trkpt>
      <trkpt lat="45.58302" lon="24.76375">
        <ele>1761.23</ele>
        <time>2024-07-06T14:57:35Z</time>
      </trkpt>
      <trkpt lat="45.58303" lon="24.76375">
        <ele>1760.74</ele>
        <time>2024-07-06T14:57:37Z</time>
      </trkpt>
      <trkpt lat="45.58305" lon="24.76379">
        <ele>1759.61</ele>
        <time>2024-07-06T14:57:44Z</time>
      </trkpt>
      <trkpt lat="45.58306" lon="24.76379">
        <ele>1759.23</ele>
        <time>2024-07-06T14:57:45Z</time>
      </trkpt>
      <trkpt lat="45.58307" lon="24.76383">
        <ele>1758.79</ele>
        <time>2024-07-06T14:57:49Z</time>
      </trkpt>
      <trkpt lat="45.58307" lon="24.76384">
        <ele>1758.74</ele>
        <time>2024-07-06T14:57:52Z</time>
      </trkpt>
      <trkpt lat="45.58307" lon="24.76385">
        <ele>1758.7</ele>
        <time>2024-07-06T14:57:57Z</time>
      </trkpt>
      <trkpt lat="45.58307" lon="24.76386">
        <ele>1758.66</ele>
        <time>2024-07-06T14:58:04Z</time>
      </trkpt>
      <trkpt lat="45.58306" lon="24.76389">
        <ele>1758.8</ele>
        <time>2024-07-06T14:58:11Z</time>
      </trkpt>
      <trkpt lat="45.58306" lon="24.76389">
        <ele>1758.8</ele>
        <time>2024-07-06T14:58:12Z</time>
      </trkpt>
      <trkpt lat="45.58305" lon="24.7639">
        <ele>1758.68</ele>
        <time>2024-07-06T14:58:14Z</time>
      </trkpt>
      <trkpt lat="45.58306" lon="24.76393">
        <ele>1756.91</ele>
        <time>2024-07-06T14:58:19Z</time>
      </trkpt>
      <trkpt lat="45.58307" lon="24.76394">
        <ele>1756.06</ele>
        <time>2024-07-06T14:58:21Z</time>
      </trkpt>
      <trkpt lat="45.58308" lon="24.764">
        <ele>1752.73</ele>
        <time>2024-07-06T14:58:31Z</time>
      </trkpt>
      <trkpt lat="45.58308" lon="24.76401">
        <ele>1752.23</ele>
        <time>2024-07-06T14:58:36Z</time>
      </trkpt>
      <trkpt lat="45.58309" lon="24.76402">
        <ele>1751.28</ele>
        <time>2024-07-06T14:58:38Z</time>
      </trkpt>
      <trkpt lat="45.5831" lon="24.76404">
        <ele>1749.79</ele>
        <time>2024-07-06T14:58:44Z</time>
      </trkpt>
      <trkpt lat="45.5831" lon="24.76404">
        <ele>1749.79</ele>
        <time>2024-07-06T14:58:58Z</time>
      </trkpt>
      <trkpt lat="45.58311" lon="24.76407">
        <ele>1747.74</ele>
        <time>2024-07-06T14:59:04Z</time>
      </trkpt>
      <trkpt lat="45.58311" lon="24.7641">
        <ele>1746.16</ele>
        <time>2024-07-06T14:59:13Z</time>
      </trkpt>
      <trkpt lat="45.58311" lon="24.76413">
        <ele>1744.59</ele>
        <time>2024-07-06T14:59:37Z</time>
      </trkpt>
      <trkpt lat="45.58311" lon="24.76415">
        <ele>1743.54</ele>
        <time>2024-07-06T14:59:48Z</time>
      </trkpt>
      <trkpt lat="45.58311" lon="24.76416">
        <ele>1743.02</ele>
        <time>2024-07-06T14:59:55Z</time>
      </trkpt>
      <trkpt lat="45.58311" lon="24.76416">
        <ele>1743.02</ele>
        <time>2024-07-06T15:00:02Z</time>
      </trkpt>
      <trkpt lat="45.58311" lon="24.76418">
        <ele>1741.6</ele>
        <time>2024-07-06T15:00:09Z</time>
      </trkpt>
      <trkpt lat="45.58313" lon="24.76418">
        <ele>1740.41</ele>
        <time>2024-07-06T15:00:15Z</time>
      </trkpt>
      <trkpt lat="45.58316" lon="24.76421">
        <ele>1736.39</ele>
        <time>2024-07-06T15:00:59Z</time>
      </trkpt>
      <trkpt lat="45.58316" lon="24.76421">
        <ele>1736.39</ele>
        <time>2024-07-06T15:01:05Z</time>
      </trkpt>
      <trkpt lat="45.58316" lon="24.76421">
        <ele>1736.39</ele>
        <time>2024-07-06T15:01:11Z</time>
      </trkpt>
      <trkpt lat="45.58316" lon="24.76422">
        <ele>1735.65</ele>
        <time>2024-07-06T15:01:21Z</time>
      </trkpt>
      <trkpt lat="45.58316" lon="24.76425">
        <ele>1733.42</ele>
        <time>2024-07-06T15:01:29Z</time>
      </trkpt>
      <trkpt lat="45.58316" lon="24.76425">
        <ele>1733.42</ele>
        <time>2024-07-06T15:01:31Z</time>
      </trkpt>
      <trkpt lat="45.58316" lon="24.76426">
        <ele>1732.68</ele>
        <time>2024-07-06T15:01:34Z</time>
      </trkpt>
      <trkpt lat="45.58316" lon="24.76427">
        <ele>1731.94</ele>
        <time>2024-07-06T15:01:47Z</time>
      </trkpt>
      <trkpt lat="45.58316" lon="24.76427">
        <ele>1731.94</ele>
        <time>2024-07-06T15:01:59Z</time>
      </trkpt>
      <trkpt lat="45.58316" lon="24.76427">
        <ele>1731.94</ele>
        <time>2024-07-06T15:02:15Z</time>
      </trkpt>
      <trkpt lat="45.58316" lon="24.76427">
        <ele>1731.94</ele>
        <time>2024-07-06T15:02:20Z</time>
      </trkpt>
      <trkpt lat="45.58316" lon="24.76427">
        <ele>1731.94</ele>
        <time>2024-07-06T15:02:26Z</time>
      </trkpt>
      <trkpt lat="45.58316" lon="24.76428">
        <ele>1731.2</ele>
        <time>2024-07-06T15:02:35Z</time>
      </trkpt>
      <trkpt lat="45.58316" lon="24.76428">
        <ele>1731.2</ele>
        <time>2024-07-06T15:02:38Z</time>
      </trkpt>
      <trkpt lat="45.58316" lon="24.76428">
        <ele>1731.2</ele>
        <time>2024-07-06T15:02:40Z</time>
      </trkpt>
      <trkpt lat="45.58316" lon="24.76428">
        <ele>1731.2</ele>
        <time>2024-07-06T15:02:48Z</time>
      </trkpt>
      <trkpt lat="45.58317" lon="24.76428">
        <ele>1730.72</ele>
        <time>2024-07-06T15:02:56Z</time>
      </trkpt>
      <trkpt lat="45.58317" lon="24.76429">
        <ele>1729.99</ele>
        <time>2024-07-06T15:03:02Z</time>
      </trkpt>
      <trkpt lat="45.58317" lon="24.76429">
        <ele>1729.99</ele>
        <time>2024-07-06T15:03:09Z</time>
      </trkpt>
      <trkpt lat="45.58322" lon="24.76452">
        <ele>1716.88</ele>
        <time>2024-07-06T15:03:15Z</time>
      </trkpt>
      <trkpt lat="45.58325" lon="24.76466">
        <ele>1715.39</ele>
        <time>2024-07-06T15:03:18Z</time>
      </trkpt>
      <trkpt lat="45.58327" lon="24.76476">
        <ele>1714.76</ele>
        <time>2024-07-06T15:03:22Z</time>
      </trkpt>
      <trkpt lat="45.58327" lon="24.76476">
        <ele>1714.76</ele>
        <time>2024-07-06T15:03:24Z</time>
      </trkpt>
      <trkpt lat="45.58327" lon="24.76477">
        <ele>1714.8</ele>
        <time>2024-07-06T15:03:26Z</time>
      </trkpt>
      <trkpt lat="45.58329" lon="24.76477">
        <ele>1714.12</ele>
        <time>2024-07-06T15:03:34Z</time>
      </trkpt>
      <trkpt lat="45.58329" lon="24.76478">
        <ele>1714.13</ele>
        <time>2024-07-06T15:03:36Z</time>
      </trkpt>
      <trkpt lat="45.58329" lon="24.76482">
        <ele>1714.16</ele>
        <time>2024-07-06T15:03:43Z</time>
      </trkpt>
      <trkpt lat="45.58328" lon="24.76481">
        <ele>1714.56</ele>
        <time>2024-07-06T15:03:48Z</time>
      </trkpt>
      <trkpt lat="45.58329" lon="24.76482">
        <ele>1714.16</ele>
        <time>2024-07-06T15:04:03Z</time>
      </trkpt>
      <trkpt lat="45.5833" lon="24.76483">
        <ele>1713.72</ele>
        <time>2024-07-06T15:04:11Z</time>
      </trkpt>
      <trkpt lat="45.5833" lon="24.76484">
        <ele>1713.7</ele>
        <time>2024-07-06T15:04:18Z</time>
      </trkpt>
      <trkpt lat="45.5833" lon="24.76484">
        <ele>1713.7</ele>
        <time>2024-07-06T15:04:23Z</time>
      </trkpt>
      <trkpt lat="45.58332" lon="24.76488">
        <ele>1712.58</ele>
        <time>2024-07-06T15:04:28Z</time>
      </trkpt>
      <trkpt lat="45.58332" lon="24.76489">
        <ele>1712.53</ele>
        <time>2024-07-06T15:04:29Z</time>
      </trkpt>
      <trkpt lat="45.58335" lon="24.76492">
        <ele>1710.94</ele>
        <time>2024-07-06T15:04:35Z</time>
      </trkpt>
      <trkpt lat="45.58335" lon="24.76492">
        <ele>1710.94</ele>
        <time>2024-07-06T15:04:48Z</time>
      </trkpt>
      <trkpt lat="45.58335" lon="24.76492">
        <ele>1710.94</ele>
        <time>2024-07-06T15:04:49Z</time>
      </trkpt>
      <trkpt lat="45.58335" lon="24.76492">
        <ele>1710.94</ele>
        <time>2024-07-06T15:04:53Z</time>
      </trkpt>
      <trkpt lat="45.58336" lon="24.76494">
        <ele>1710.38</ele>
        <time>2024-07-06T15:04:57Z</time>
      </trkpt>
      <trkpt lat="45.58337" lon="24.76497">
        <ele>1709.7</ele>
        <time>2024-07-06T15:05:05Z</time>
      </trkpt>
      <trkpt lat="45.58337" lon="24.76498">
        <ele>1709.61</ele>
        <time>2024-07-06T15:05:13Z</time>
      </trkpt>
      <trkpt lat="45.58337" lon="24.76498">
        <ele>1709.61</ele>
        <time>2024-07-06T15:05:18Z</time>
      </trkpt>
      <trkpt lat="45.5834" lon="24.765">
        <ele>1708.12</ele>
        <time>2024-07-06T15:05:23Z</time>
      </trkpt>
      <trkpt lat="45.58342" lon="24.76503">
        <ele>1706.64</ele>
        <time>2024-07-06T15:05:25Z</time>
      </trkpt>
      <trkpt lat="45.58344" lon="24.76506">
        <ele>1705.18</ele>
        <time>2024-07-06T15:05:28Z</time>
      </trkpt>
      <trkpt lat="45.58345" lon="24.76507">
        <ele>1704.55</ele>
        <time>2024-07-06T15:05:30Z</time>
      </trkpt>
      <trkpt lat="45.58344" lon="24.7651">
        <ele>1704.37</ele>
        <time>2024-07-06T15:05:35Z</time>
      </trkpt>
      <trkpt lat="45.58346" lon="24.76515">
        <ele>1702.53</ele>
        <time>2024-07-06T15:05:38Z</time>
      </trkpt>
      <trkpt lat="45.58349" lon="24.76516">
        <ele>1701.1</ele>
        <time>2024-07-06T15:05:44Z</time>
      </trkpt>
      <trkpt lat="45.58351" lon="24.76517">
        <ele>1700.09</ele>
        <time>2024-07-06T15:05:50Z</time>
      </trkpt>
      <trkpt lat="45.5835" lon="24.76517">
        <ele>1700.5</ele>
        <time>2024-07-06T15:05:54Z</time>
      </trkpt>
      <trkpt lat="45.58351" lon="24.76516">
        <ele>1700.28</ele>
        <time>2024-07-06T15:05:57Z</time>
      </trkpt>
      <trkpt lat="45.5835" lon="24.76515">
        <ele>1700.88</ele>
        <time>2024-07-06T15:06:02Z</time>
      </trkpt>
      <trkpt lat="45.58349" lon="24.76512">
        <ele>1701.88</ele>
        <time>2024-07-06T15:06:06Z</time>
      </trkpt>
      <trkpt lat="45.58349" lon="24.76512">
        <ele>1701.88</ele>
        <time>2024-07-06T15:06:07Z</time>
      </trkpt>
      <trkpt lat="45.58351" lon="24.76511">
        <ele>1701.24</ele>
        <time>2024-07-06T15:06:13Z</time>
      </trkpt>
      <trkpt lat="45.58353" lon="24.7651">
        <ele>1700.6</ele>
        <time>2024-07-06T15:06:15Z</time>
      </trkpt>
      <trkpt lat="45.58355" lon="24.76511">
        <ele>1699.57</ele>
        <time>2024-07-06T15:06:23Z</time>
      </trkpt>
      <trkpt lat="45.58358" lon="24.76513">
        <ele>1697.95</ele>
        <time>2024-07-06T15:06:29Z</time>
      </trkpt>
      <trkpt lat="45.58358" lon="24.76513">
        <ele>1697.95</ele>
        <time>2024-07-06T15:06:31Z</time>
      </trkpt>
      <trkpt lat="45.58358" lon="24.7652">
        <ele>1696.66</ele>
        <time>2024-07-06T15:06:37Z</time>
      </trkpt>
      <trkpt lat="45.58357" lon="24.76524">
        <ele>1696.33</ele>
        <time>2024-07-06T15:06:46Z</time>
      </trkpt>
      <trkpt lat="45.58358" lon="24.76525">
        <ele>1695.74</ele>
        <time>2024-07-06T15:06:49Z</time>
      </trkpt>
      <trkpt lat="45.58358" lon="24.76526">
        <ele>1695.56</ele>
        <time>2024-07-06T15:06:53Z</time>
      </trkpt>
      <trkpt lat="45.58358" lon="24.76526">
        <ele>1695.56</ele>
        <time>2024-07-06T15:06:54Z</time>
      </trkpt>
      <trkpt lat="45.58359" lon="24.76527">
        <ele>1694.98</ele>
        <time>2024-07-06T15:06:55Z</time>
      </trkpt>
      <trkpt lat="45.5836" lon="24.76528">
        <ele>1694.41</ele>
        <time>2024-07-06T15:07:00Z</time>
      </trkpt>
      <trkpt lat="45.5836" lon="24.76529">
        <ele>1694.26</ele>
        <time>2024-07-06T15:07:03Z</time>
      </trkpt>
      <trkpt lat="45.58362" lon="24.76529">
        <ele>1693.69</ele>
        <time>2024-07-06T15:07:08Z</time>
      </trkpt>
      <trkpt lat="45.58363" lon="24.7653">
        <ele>1693.4</ele>
        <time>2024-07-06T15:07:14Z</time>
      </trkpt>
      <trkpt lat="45.58364" lon="24.76533">
        <ele>1692.79</ele>
        <time>2024-07-06T15:07:20Z</time>
      </trkpt>
      <trkpt lat="45.58364" lon="24.76535">
        <ele>1692.49</ele>
        <time>2024-07-06T15:07:23Z</time>
      </trkpt>
      <trkpt lat="45.58365" lon="24.76535">
        <ele>1692.33</ele>
        <time>2024-07-06T15:07:24Z</time>
      </trkpt>
      <trkpt lat="45.58367" lon="24.76536">
        <ele>1691.84</ele>
        <time>2024-07-06T15:07:29Z</time>
      </trkpt>
      <trkpt lat="45.58367" lon="24.76536">
        <ele>1691.84</ele>
        <time>2024-07-06T15:07:30Z</time>
      </trkpt>
      <trkpt lat="45.58371" lon="24.76538">
        <ele>1690.84</ele>
        <time>2024-07-06T15:07:37Z</time>
      </trkpt>
      <trkpt lat="45.58372" lon="24.76538">
        <ele>1690.67</ele>
        <time>2024-07-06T15:07:41Z</time>
      </trkpt>
      <trkpt lat="45.58373" lon="24.76538">
        <ele>1690.5</ele>
        <time>2024-07-06T15:07:46Z</time>
      </trkpt>
      <trkpt lat="45.58373" lon="24.76538">
        <ele>1690.5</ele>
        <time>2024-07-06T15:07:47Z</time>
      </trkpt>
      <trkpt lat="45.58373" lon="24.76543">
        <ele>1689.63</ele>
        <time>2024-07-06T15:07:52Z</time>
      </trkpt>
      <trkpt lat="45.58373" lon="24.76543">
        <ele>1689.63</ele>
        <time>2024-07-06T15:07:53Z</time>
      </trkpt>
      <trkpt lat="45.58375" lon="24.76547">
        <ele>1688.54</ele>
        <time>2024-07-06T15:07:58Z</time>
      </trkpt>
      <trkpt lat="45.58375" lon="24.76548">
        <ele>1688.36</ele>
        <time>2024-07-06T15:08:02Z</time>
      </trkpt>
      <trkpt lat="45.58376" lon="24.76549">
        <ele>1687.98</ele>
        <time>2024-07-06T15:08:05Z</time>
      </trkpt>
      <trkpt lat="45.58377" lon="24.7655">
        <ele>1687.6</ele>
        <time>2024-07-06T15:08:08Z</time>
      </trkpt>
      <trkpt lat="45.58377" lon="24.7655">
        <ele>1687.6</ele>
        <time>2024-07-06T15:08:09Z</time>
      </trkpt>
      <trkpt lat="45.58377" lon="24.76551">
        <ele>1687.41</ele>
        <time>2024-07-06T15:08:10Z</time>
      </trkpt>
      <trkpt lat="45.58378" lon="24.76555">
        <ele>1686.46</ele>
        <time>2024-07-06T15:08:14Z</time>
      </trkpt>
      <trkpt lat="45.58378" lon="24.76557">
        <ele>1686.25</ele>
        <time>2024-07-06T15:08:20Z</time>
      </trkpt>
      <trkpt lat="45.58379" lon="24.7656">
        <ele>1685.82</ele>
        <time>2024-07-06T15:08:27Z</time>
      </trkpt>
      <trkpt lat="45.58379" lon="24.7656">
        <ele>1685.82</ele>
        <time>2024-07-06T15:08:28Z</time>
      </trkpt>
      <trkpt lat="45.5838" lon="24.7656">
        <ele>1685.6</ele>
        <time>2024-07-06T15:08:31Z</time>
      </trkpt>
      <trkpt lat="45.58381" lon="24.76563">
        <ele>1685.17</ele>
        <time>2024-07-06T15:08:36Z</time>
      </trkpt>
      <trkpt lat="45.58379" lon="24.76568">
        <ele>1685.24</ele>
        <time>2024-07-06T15:08:43Z</time>
      </trkpt>
      <trkpt lat="45.58379" lon="24.76569">
        <ele>1685.17</ele>
        <time>2024-07-06T15:08:44Z</time>
      </trkpt>
      <trkpt lat="45.5838" lon="24.76573">
        <ele>1684.66</ele>
        <time>2024-07-06T15:08:50Z</time>
      </trkpt>
      <trkpt lat="45.5838" lon="24.76576">
        <ele>1684.45</ele>
        <time>2024-07-06T15:08:56Z</time>
      </trkpt>
      <trkpt lat="45.5838" lon="24.76576">
        <ele>1684.45</ele>
        <time>2024-07-06T15:08:57Z</time>
      </trkpt>
      <trkpt lat="45.5838" lon="24.76579">
        <ele>1684.23</ele>
        <time>2024-07-06T15:09:04Z</time>
      </trkpt>
      <trkpt lat="45.58382" lon="24.76581">
        <ele>1683.66</ele>
        <time>2024-07-06T15:09:10Z</time>
      </trkpt>
      <trkpt lat="45.58382" lon="24.76581">
        <ele>1683.66</ele>
        <time>2024-07-06T15:09:12Z</time>
      </trkpt>
      <trkpt lat="45.58382" lon="24.76581">
        <ele>1683.66</ele>
        <time>2024-07-06T15:09:28Z</time>
      </trkpt>
      <trkpt lat="45.58383" lon="24.76582">
        <ele>1683.37</ele>
        <time>2024-07-06T15:09:33Z</time>
      </trkpt>
      <trkpt lat="45.58384" lon="24.76583">
        <ele>1683.08</ele>
        <time>2024-07-06T15:09:39Z</time>
      </trkpt>
      <trkpt lat="45.58384" lon="24.76584">
        <ele>1682.92</ele>
        <time>2024-07-06T15:09:43Z</time>
      </trkpt>
      <trkpt lat="45.58385" lon="24.76584">
        <ele>1682.71</ele>
        <time>2024-07-06T15:09:45Z</time>
      </trkpt>
      <trkpt lat="45.58387" lon="24.76585">
        <ele>1682.06</ele>
        <time>2024-07-06T15:09:51Z</time>
      </trkpt>
      <trkpt lat="45.58387" lon="24.76585">
        <ele>1682.06</ele>
        <time>2024-07-06T15:09:52Z</time>
      </trkpt>
      <trkpt lat="45.58388" lon="24.76585">
        <ele>1681.84</ele>
        <time>2024-07-06T15:09:53Z</time>
      </trkpt>
      <trkpt lat="45.5839" lon="24.76586">
        <ele>1681.1</ele>
        <time>2024-07-06T15:10:06Z</time>
      </trkpt>
      <trkpt lat="45.58392" lon="24.76586">
        <ele>1680.51</ele>
        <time>2024-07-06T15:10:15Z</time>
      </trkpt>
      <trkpt lat="45.58392" lon="24.76586">
        <ele>1680.51</ele>
        <time>2024-07-06T15:10:16Z</time>
      </trkpt>
      <trkpt lat="45.58392" lon="24.76586">
        <ele>1680.51</ele>
        <time>2024-07-06T15:10:17Z</time>
      </trkpt>
      <trkpt lat="45.58393" lon="24.76585">
        <ele>1680.44</ele>
        <time>2024-07-06T15:10:22Z</time>
      </trkpt>
      <trkpt lat="45.58394" lon="24.76585">
        <ele>1680.15</ele>
        <time>2024-07-06T15:10:25Z</time>
      </trkpt>
      <trkpt lat="45.58395" lon="24.76585">
        <ele>1679.85</ele>
        <time>2024-07-06T15:10:28Z</time>
      </trkpt>
      <trkpt lat="45.58396" lon="24.76585">
        <ele>1679.56</ele>
        <time>2024-07-06T15:10:32Z</time>
      </trkpt>
      <trkpt lat="45.58397" lon="24.76585">
        <ele>1679.27</ele>
        <time>2024-07-06T15:10:36Z</time>
      </trkpt>
      <trkpt lat="45.58397" lon="24.76585">
        <ele>1679.27</ele>
        <time>2024-07-06T15:10:40Z</time>
      </trkpt>
      <trkpt lat="45.58398" lon="24.76585">
        <ele>1678.98</ele>
        <time>2024-07-06T15:10:44Z</time>
      </trkpt>
      <trkpt lat="45.58401" lon="24.76585">
        <ele>1678.1</ele>
        <time>2024-07-06T15:10:49Z</time>
      </trkpt>
      <trkpt lat="45.58403" lon="24.76584">
        <ele>1677.77</ele>
        <time>2024-07-06T15:10:57Z</time>
      </trkpt>
      <trkpt lat="45.58406" lon="24.76583">
        <ele>1677.12</ele>
        <time>2024-07-06T15:11:07Z</time>
      </trkpt>
      <trkpt lat="45.58407" lon="24.76583">
        <ele>1676.83</ele>
        <time>2024-07-06T15:11:08Z</time>
      </trkpt>
      <trkpt lat="45.58408" lon="24.76582">
        <ele>1676.69</ele>
        <time>2024-07-06T15:11:14Z</time>
      </trkpt>
      <trkpt lat="45.58411" lon="24.76582">
        <ele>1675.84</ele>
        <time>2024-07-06T15:11:21Z</time>
      </trkpt>
      <trkpt lat="45.58412" lon="24.76582">
        <ele>1675.56</ele>
        <time>2024-07-06T15:11:27Z</time>
      </trkpt>
      <trkpt lat="45.58412" lon="24.76585">
        <ele>1674.88</ele>
        <time>2024-07-06T15:11:37Z</time>
      </trkpt>
      <trkpt lat="45.58412" lon="24.76588">
        <ele>1674.06</ele>
        <time>2024-07-06T15:11:44Z</time>
      </trkpt>
      <trkpt lat="45.58413" lon="24.76594">
        <ele>1672.09</ele>
        <time>2024-07-06T15:11:53Z</time>
      </trkpt>
      <trkpt lat="45.58413" lon="24.76596">
        <ele>1671.53</ele>
        <time>2024-07-06T15:11:54Z</time>
      </trkpt>
      <trkpt lat="45.58413" lon="24.76605">
        <ele>1669.02</ele>
        <time>2024-07-06T15:11:59Z</time>
      </trkpt>
      <trkpt lat="45.58414" lon="24.76608">
        <ele>1667.83</ele>
        <time>2024-07-06T15:12:01Z</time>
      </trkpt>
      <trkpt lat="45.58413" lon="24.76613">
        <ele>1666.94</ele>
        <time>2024-07-06T15:12:07Z</time>
      </trkpt>
      <trkpt lat="45.58413" lon="24.76613">
        <ele>1666.94</ele>
        <time>2024-07-06T15:12:09Z</time>
      </trkpt>
      <trkpt lat="45.58413" lon="24.76615">
        <ele>1666.54</ele>
        <time>2024-07-06T15:12:15Z</time>
      </trkpt>
      <trkpt lat="45.58411" lon="24.76617">
        <ele>1666.9</ele>
        <time>2024-07-06T15:12:19Z</time>
      </trkpt>
      <trkpt lat="45.58412" lon="24.76619">
        <ele>1666.12</ele>
        <time>2024-07-06T15:12:22Z</time>
      </trkpt>
      <trkpt lat="45.58416" lon="24.76621">
        <ele>1664.13</ele>
        <time>2024-07-06T15:12:25Z</time>
      </trkpt>
      <trkpt lat="45.58416" lon="24.76621">
        <ele>1664.13</ele>
        <time>2024-07-06T15:12:27Z</time>
      </trkpt>
      <trkpt lat="45.58415" lon="24.7662">
        <ele>1664.74</ele>
        <time>2024-07-06T15:12:31Z</time>
      </trkpt>
      <trkpt lat="45.58417" lon="24.76618">
        <ele>1664.37</ele>
        <time>2024-07-06T15:12:34Z</time>
      </trkpt>
      <trkpt lat="45.58417" lon="24.76618">
        <ele>1664.37</ele>
        <time>2024-07-06T15:12:36Z</time>
      </trkpt>
      <trkpt lat="45.58417" lon="24.76616">
        <ele>1664.8</ele>
        <time>2024-07-06T15:12:40Z</time>
      </trkpt>
      <trkpt lat="45.58417" lon="24.76616">
        <ele>1664.8</ele>
        <time>2024-07-06T15:12:41Z</time>
      </trkpt>
      <trkpt lat="45.58418" lon="24.76616">
        <ele>1664.39</ele>
        <time>2024-07-06T15:12:42Z</time>
      </trkpt>
      <trkpt lat="45.58419" lon="24.76614">
        <ele>1664.46</ele>
        <time>2024-07-06T15:12:47Z</time>
      </trkpt>
      <trkpt lat="45.58422" lon="24.76614">
        <ele>1663.28</ele>
        <time>2024-07-06T15:12:52Z</time>
      </trkpt>
      <trkpt lat="45.58422" lon="24.76613">
        <ele>1663.55</ele>
        <time>2024-07-06T15:12:54Z</time>
      </trkpt>
      <trkpt lat="45.58425" lon="24.76613">
        <ele>1662.41</ele>
        <time>2024-07-06T15:12:59Z</time>
      </trkpt>
      <trkpt lat="45.58426" lon="24.76615">
        <ele>1661.38</ele>
        <time>2024-07-06T15:13:01Z</time>
      </trkpt>
      <trkpt lat="45.58427" lon="24.76619">
        <ele>1659.63</ele>
        <time>2024-07-06T15:13:07Z</time>
      </trkpt>
      <trkpt lat="45.58427" lon="24.7662">
        <ele>1659.29</ele>
        <time>2024-07-06T15:13:08Z</time>
      </trkpt>
      <trkpt lat="45.58426" lon="24.76624">
        <ele>1658.45</ele>
        <time>2024-07-06T15:13:14Z</time>
      </trkpt>
      <trkpt lat="45.58425" lon="24.76626">
        <ele>1658.34</ele>
        <time>2024-07-06T15:13:17Z</time>
      </trkpt>
      <trkpt lat="45.58425" lon="24.76626">
        <ele>1658.34</ele>
        <time>2024-07-06T15:13:18Z</time>
      </trkpt>
      <trkpt lat="45.58425" lon="24.76627">
        <ele>1658.02</ele>
        <time>2024-07-06T15:13:20Z</time>
      </trkpt>
      <trkpt lat="45.58425" lon="24.76629">
        <ele>1657.4</ele>
        <time>2024-07-06T15:13:25Z</time>
      </trkpt>
      <trkpt lat="45.58424" lon="24.76632">
        <ele>1657.06</ele>
        <time>2024-07-06T15:13:30Z</time>
      </trkpt>
      <trkpt lat="45.58423" lon="24.76633">
        <ele>1657.38</ele>
        <time>2024-07-06T15:13:33Z</time>
      </trkpt>
      <trkpt lat="45.58425" lon="24.76633">
        <ele>1656.14</ele>
        <time>2024-07-06T15:13:39Z</time>
      </trkpt>
      <trkpt lat="45.58425" lon="24.76631">
        <ele>1656.77</ele>
        <time>2024-07-06T15:13:41Z</time>
      </trkpt>
      <trkpt lat="45.58426" lon="24.7663">
        <ele>1656.5</ele>
        <time>2024-07-06T15:13:43Z</time>
      </trkpt>
      <trkpt lat="45.58427" lon="24.76631">
        <ele>1655.59</ele>
        <time>2024-07-06T15:13:48Z</time>
      </trkpt>
      <trkpt lat="45.58427" lon="24.76632">
        <ele>1655.25</ele>
        <time>2024-07-06T15:13:50Z</time>
      </trkpt>
      <trkpt lat="45.58426" lon="24.76635">
        <ele>1654.88</ele>
        <time>2024-07-06T15:13:54Z</time>
      </trkpt>
      <trkpt lat="45.58424" lon="24.76636">
        <ele>1655.86</ele>
        <time>2024-07-06T15:13:56Z</time>
      </trkpt>
      <trkpt lat="45.58424" lon="24.76638">
        <ele>1655.25</ele>
        <time>2024-07-06T15:14:00Z</time>
      </trkpt>
      <trkpt lat="45.58423" lon="24.7664">
        <ele>1655.75</ele>
        <time>2024-07-06T15:14:03Z</time>
      </trkpt>
      <trkpt lat="45.58423" lon="24.76644">
        <ele>1656.03</ele>
        <time>2024-07-06T15:14:08Z</time>
      </trkpt>
      <trkpt lat="45.58423" lon="24.76644">
        <ele>1656.03</ele>
        <time>2024-07-06T15:14:09Z</time>
      </trkpt>
      <trkpt lat="45.58423" lon="24.76644">
        <ele>1656.03</ele>
        <time>2024-07-06T15:14:14Z</time>
      </trkpt>
      <trkpt lat="45.58423" lon="24.76643">
        <ele>1655.96</ele>
        <time>2024-07-06T15:14:15Z</time>
      </trkpt>
      <trkpt lat="45.58423" lon="24.76643">
        <ele>1655.96</ele>
        <time>2024-07-06T15:14:16Z</time>
      </trkpt>
      <trkpt lat="45.58424" lon="24.76643">
        <ele>1655.22</ele>
        <time>2024-07-06T15:14:21Z</time>
      </trkpt>
      <trkpt lat="45.58424" lon="24.76644">
        <ele>1655.28</ele>
        <time>2024-07-06T15:14:22Z</time>
      </trkpt>
      <trkpt lat="45.58424" lon="24.76645">
        <ele>1655.34</ele>
        <time>2024-07-06T15:14:24Z</time>
      </trkpt>
      <trkpt lat="45.58424" lon="24.76646">
        <ele>1655.4</ele>
        <time>2024-07-06T15:14:25Z</time>
      </trkpt>
      <trkpt lat="45.58424" lon="24.76649">
        <ele>1655.58</ele>
        <time>2024-07-06T15:14:29Z</time>
      </trkpt>
      <trkpt lat="45.58424" lon="24.7665">
        <ele>1655.63</ele>
        <time>2024-07-06T15:14:30Z</time>
      </trkpt>
      <trkpt lat="45.58423" lon="24.76655">
        <ele>1656.8</ele>
        <time>2024-07-06T15:14:36Z</time>
      </trkpt>
      <trkpt lat="45.5842" lon="24.76663">
        <ele>1660.25</ele>
        <time>2024-07-06T15:14:42Z</time>
      </trkpt>
      <trkpt lat="45.58421" lon="24.76662">
        <ele>1659.2</ele>
        <time>2024-07-06T15:14:43Z</time>
      </trkpt>
      <trkpt lat="45.58421" lon="24.76664">
        <ele>1659.38</ele>
        <time>2024-07-06T15:14:47Z</time>
      </trkpt>
      <trkpt lat="45.58421" lon="24.76665">
        <ele>1659.48</ele>
        <time>2024-07-06T15:14:48Z</time>
      </trkpt>
      <trkpt lat="45.58425" lon="24.7667">
        <ele>1653.0</ele>
        <time>2024-07-06T15:14:53Z</time>
      </trkpt>
      <trkpt lat="45.58425" lon="24.76671">
        <ele>1652.21</ele>
        <time>2024-07-06T15:14:54Z</time>
      </trkpt>
      <trkpt lat="45.58427" lon="24.76676">
        <ele>1646.56</ele>
        <time>2024-07-06T15:14:59Z</time>
      </trkpt>
      <trkpt lat="45.58426" lon="24.76676">
        <ele>1647.43</ele>
        <time>2024-07-06T15:15:00Z</time>
      </trkpt>
      <trkpt lat="45.58425" lon="24.7668">
        <ele>1645.18</ele>
        <time>2024-07-06T15:15:05Z</time>
      </trkpt>
      <trkpt lat="45.58425" lon="24.76681">
        <ele>1644.4</ele>
        <time>2024-07-06T15:15:08Z</time>
      </trkpt>
      <trkpt lat="45.58425" lon="24.76684">
        <ele>1642.06</ele>
        <time>2024-07-06T15:15:15Z</time>
      </trkpt>
      <trkpt lat="45.58424" lon="24.76685">
        <ele>1642.02</ele>
        <time>2024-07-06T15:15:21Z</time>
      </trkpt>
      <trkpt lat="45.58424" lon="24.76686">
        <ele>1641.23</ele>
        <time>2024-07-06T15:15:23Z</time>
      </trkpt>
      <trkpt lat="45.58423" lon="24.76688">
        <ele>1640.34</ele>
        <time>2024-07-06T15:15:27Z</time>
      </trkpt>
      <trkpt lat="45.58423" lon="24.76688">
        <ele>1640.34</ele>
        <time>2024-07-06T15:15:29Z</time>
      </trkpt>
      <trkpt lat="45.58423" lon="24.76688">
        <ele>1640.34</ele>
        <time>2024-07-06T15:15:30Z</time>
      </trkpt>
      <trkpt lat="45.5842" lon="24.76688">
        <ele>1642.45</ele>
        <time>2024-07-06T15:15:57Z</time>
      </trkpt>
      <trkpt lat="45.58416" lon="24.76688">
        <ele>1645.3</ele>
        <time>2024-07-06T15:16:04Z</time>
      </trkpt>
      <trkpt lat="45.58414" lon="24.76689">
        <ele>1645.96</ele>
        <time>2024-07-06T15:16:06Z</time>
      </trkpt>
      <trkpt lat="45.58409" lon="24.76691">
        <ele>1648.49</ele>
        <time>2024-07-06T15:16:11Z</time>
      </trkpt>
      <trkpt lat="45.58408" lon="24.76691">
        <ele>1649.32</ele>
        <time>2024-07-06T15:16:12Z</time>
      </trkpt>
      <trkpt lat="45.58406" lon="24.76692">
        <ele>1650.41</ele>
        <time>2024-07-06T15:16:18Z</time>
      </trkpt>
      <trkpt lat="45.58407" lon="24.76692">
        <ele>1649.54</ele>
        <time>2024-07-06T15:16:19Z</time>
      </trkpt>
      <trkpt lat="45.58409" lon="24.76693">
        <ele>1647.15</ele>
        <time>2024-07-06T15:16:23Z</time>
      </trkpt>
      <trkpt lat="45.5841" lon="24.76698">
        <ele>1643.02</ele>
        <time>2024-07-06T15:16:26Z</time>
      </trkpt>
      <trkpt lat="45.58409" lon="24.76699">
        <ele>1643.23</ele>
        <time>2024-07-06T15:16:28Z</time>
      </trkpt>
      <trkpt lat="45.58405" lon="24.76695">
        <ele>1649.51</ele>
        <time>2024-07-06T15:16:32Z</time>
      </trkpt>
      <trkpt lat="45.58402" lon="24.76694">
        <ele>1652.93</ele>
        <time>2024-07-06T15:16:35Z</time>
      </trkpt>
      <trkpt lat="45.58401" lon="24.76694">
        <ele>1653.86</ele>
        <time>2024-07-06T15:16:38Z</time>
      </trkpt>
      <trkpt lat="45.58401" lon="24.76694">
        <ele>1653.86</ele>
        <time>2024-07-06T15:16:39Z</time>
      </trkpt>
      <trkpt lat="45.58402" lon="24.76693">
        <ele>1653.4</ele>
        <time>2024-07-06T15:16:43Z</time>
      </trkpt>
      <trkpt lat="45.58402" lon="24.76694">
        <ele>1652.93</ele>
        <time>2024-07-06T15:16:44Z</time>
      </trkpt>
      <trkpt lat="45.58402" lon="24.76694">
        <ele>1652.93</ele>
        <time>2024-07-06T15:16:50Z</time>
      </trkpt>
      <trkpt lat="45.58402" lon="24.76694">
        <ele>1652.93</ele>
        <time>2024-07-06T15:16:51Z</time>
      </trkpt>
      <trkpt lat="45.58401" lon="24.76694">
        <ele>1653.86</ele>
        <time>2024-07-06T15:16:55Z</time>
      </trkpt>
      <trkpt lat="45.58404" lon="24.76695">
        <ele>1650.43</ele>
        <time>2024-07-06T15:16:59Z</time>
      </trkpt>
      <trkpt lat="45.58404" lon="24.76696">
        <ele>1649.67</ele>
        <time>2024-07-06T15:17:03Z</time>
      </trkpt>
      <trkpt lat="45.58404" lon="24.76696">
        <ele>1649.67</ele>
        <time>2024-07-06T15:17:04Z</time>
      </trkpt>
      <trkpt lat="45.58405" lon="24.76699">
        <ele>1646.55</ele>
        <time>2024-07-06T15:17:12Z</time>
      </trkpt>
      <trkpt lat="45.58405" lon="24.767">
        <ele>1645.81</ele>
        <time>2024-07-06T15:17:13Z</time>
      </trkpt>
      <trkpt lat="45.58405" lon="24.767">
        <ele>1645.81</ele>
        <time>2024-07-06T15:17:14Z</time>
      </trkpt>
      <trkpt lat="45.58406" lon="24.76703">
        <ele>1642.85</ele>
        <time>2024-07-06T15:17:20Z</time>
      </trkpt>
      <trkpt lat="45.58407" lon="24.76703">
        <ele>1642.11</ele>
        <time>2024-07-06T15:17:22Z</time>
      </trkpt>
      <trkpt lat="45.58406" lon="24.76704">
        <ele>1642.13</ele>
        <time>2024-07-06T15:17:27Z</time>
      </trkpt>
      <trkpt lat="45.58405" lon="24.76705">
        <ele>1642.11</ele>
        <time>2024-07-06T15:17:30Z</time>
      </trkpt>
      <trkpt lat="45.58403" lon="24.76704">
        <ele>1644.27</ele>
        <time>2024-07-06T15:17:34Z</time>
      </trkpt>
      <trkpt lat="45.58401" lon="24.76705">
        <ele>1644.87</ele>
        <time>2024-07-06T15:17:38Z</time>
      </trkpt>
      <trkpt lat="45.58402" lon="24.76703">
        <ele>1645.8</ele>
        <time>2024-07-06T15:17:43Z</time>
      </trkpt>
      <trkpt lat="45.58402" lon="24.76703">
        <ele>1645.8</ele>
        <time>2024-07-06T15:17:48Z</time>
      </trkpt>
      <trkpt lat="45.58404" lon="24.76704">
        <ele>1643.56</ele>
        <time>2024-07-06T15:17:50Z</time>
      </trkpt>
      <trkpt lat="45.58404" lon="24.76704">
        <ele>1643.56</ele>
        <time>2024-07-06T15:17:51Z</time>
      </trkpt>
      <trkpt lat="45.58406" lon="24.76704">
        <ele>1642.13</ele>
        <time>2024-07-06T15:17:53Z</time>
      </trkpt>
      <trkpt lat="45.58407" lon="24.76703">
        <ele>1642.11</ele>
        <time>2024-07-06T15:17:56Z</time>
      </trkpt>
      <trkpt lat="45.58407" lon="24.76704">
        <ele>1641.42</ele>
        <time>2024-07-06T15:18:00Z</time>
      </trkpt>
      <trkpt lat="45.58408" lon="24.76704">
        <ele>1640.71</ele>
        <time>2024-07-06T15:18:01Z</time>
      </trkpt>
      <trkpt lat="45.5841" lon="24.76704">
        <ele>1639.28</ele>
        <time>2024-07-06T15:18:06Z</time>
      </trkpt>
      <trkpt lat="45.58414" lon="24.76705">
        <ele>1635.9</ele>
        <time>2024-07-06T15:18:09Z</time>
      </trkpt>
      <trkpt lat="45.58415" lon="24.76705">
        <ele>1635.21</ele>
        <time>2024-07-06T15:18:13Z</time>
      </trkpt>
      <trkpt lat="45.58416" lon="24.76705">
        <ele>1634.52</ele>
        <time>2024-07-06T15:18:14Z</time>
      </trkpt>
      <trkpt lat="45.58419" lon="24.7671">
        <ele>1630.15</ele>
        <time>2024-07-06T15:18:20Z</time>
      </trkpt>
      <trkpt lat="45.58423" lon="24.76713">
        <ele>1625.98</ele>
        <time>2024-07-06T15:18:24Z</time>
      </trkpt>
      <trkpt lat="45.58423" lon="24.76715">
        <ele>1625.0</ele>
        <time>2024-07-06T15:18:28Z</time>
      </trkpt>
      <trkpt lat="45.58423" lon="24.76714">
        <ele>1625.49</ele>
        <time>2024-07-06T15:18:35Z</time>
      </trkpt>
      <trkpt lat="45.58423" lon="24.76715">
        <ele>1625.0</ele>
        <time>2024-07-06T15:18:42Z</time>
      </trkpt>
      <trkpt lat="45.58424" lon="24.76717">
        <ele>1623.31</ele>
        <time>2024-07-06T15:18:45Z</time>
      </trkpt>
      <trkpt lat="45.58426" lon="24.76719">
        <ele>1620.9</ele>
        <time>2024-07-06T15:18:49Z</time>
      </trkpt>
      <trkpt lat="45.58427" lon="24.7672">
        <ele>1619.69</ele>
        <time>2024-07-06T15:18:52Z</time>
      </trkpt>
      <trkpt lat="45.58429" lon="24.7672">
        <ele>1618.27</ele>
        <time>2024-07-06T15:18:57Z</time>
      </trkpt>
      <trkpt lat="45.58429" lon="24.7672">
        <ele>1618.27</ele>
        <time>2024-07-06T15:18:58Z</time>
      </trkpt>
      <trkpt lat="45.58431" lon="24.76723">
        <ele>1615.37</ele>
        <time>2024-07-06T15:19:04Z</time>
      </trkpt>
      <trkpt lat="45.58431" lon="24.76725">
        <ele>1614.58</ele>
        <time>2024-07-06T15:19:06Z</time>
      </trkpt>
      <trkpt lat="45.58432" lon="24.76726">
        <ele>1613.46</ele>
        <time>2024-07-06T15:19:10Z</time>
      </trkpt>
      <trkpt lat="45.58433" lon="24.76727">
        <ele>1612.35</ele>
        <time>2024-07-06T15:19:13Z</time>
      </trkpt>
      <trkpt lat="45.58435" lon="24.76727">
        <ele>1610.91</ele>
        <time>2024-07-06T15:19:18Z</time>
      </trkpt>
      <trkpt lat="45.58436" lon="24.76727">
        <ele>1610.19</ele>
        <time>2024-07-06T15:19:20Z</time>
      </trkpt>
      <trkpt lat="45.58438" lon="24.76726">
        <ele>1609.14</ele>
        <time>2024-07-06T15:19:24Z</time>
      </trkpt>
      <trkpt lat="45.58438" lon="24.76723">
        <ele>1610.33</ele>
        <time>2024-07-06T15:19:29Z</time>
      </trkpt>
      <trkpt lat="45.58438" lon="24.76726">
        <ele>1609.14</ele>
        <time>2024-07-06T15:19:35Z</time>
      </trkpt>
      <trkpt lat="45.58438" lon="24.76726">
        <ele>1609.14</ele>
        <time>2024-07-06T15:19:37Z</time>
      </trkpt>
      <trkpt lat="45.58438" lon="24.76726">
        <ele>1609.14</ele>
        <time>2024-07-06T15:19:40Z</time>
      </trkpt>
      <trkpt lat="45.5844" lon="24.76727">
        <ele>1607.31</ele>
        <time>2024-07-06T15:19:58Z</time>
      </trkpt>
      <trkpt lat="45.5844" lon="24.76729">
        <ele>1606.52</ele>
        <time>2024-07-06T15:20:05Z</time>
      </trkpt>
      <trkpt lat="45.5844" lon="24.76731">
        <ele>1605.72</ele>
        <time>2024-07-06T15:20:12Z</time>
      </trkpt>
      <trkpt lat="45.5844" lon="24.76732">
        <ele>1605.33</ele>
        <time>2024-07-06T15:20:16Z</time>
      </trkpt>
      <trkpt lat="45.5844" lon="24.76733">
        <ele>1604.93</ele>
        <time>2024-07-06T15:20:17Z</time>
      </trkpt>
      <trkpt lat="45.58441" lon="24.76734">
        <ele>1603.82</ele>
        <time>2024-07-06T15:20:23Z</time>
      </trkpt>
      <trkpt lat="45.58438" lon="24.76739">
        <ele>1604.0</ele>
        <time>2024-07-06T15:20:34Z</time>
      </trkpt>
      <trkpt lat="45.58437" lon="24.7674">
        <ele>1604.32</ele>
        <time>2024-07-06T15:20:35Z</time>
      </trkpt>
      <trkpt lat="45.58434" lon="24.76744">
        <ele>1604.9</ele>
        <time>2024-07-06T15:20:40Z</time>
      </trkpt>
      <trkpt lat="45.5843" lon="24.76746">
        <ele>1606.98</ele>
        <time>2024-07-06T15:20:44Z</time>
      </trkpt>
      <trkpt lat="45.58431" lon="24.76747">
        <ele>1605.87</ele>
        <time>2024-07-06T15:20:46Z</time>
      </trkpt>
      <trkpt lat="45.5843" lon="24.76752">
        <ele>1604.78</ele>
        <time>2024-07-06T15:20:50Z</time>
      </trkpt>
      <trkpt lat="45.58428" lon="24.76757">
        <ele>1604.54</ele>
        <time>2024-07-06T15:20:55Z</time>
      </trkpt>
      <trkpt lat="45.58428" lon="24.76757">
        <ele>1604.54</ele>
        <time>2024-07-06T15:20:57Z</time>
      </trkpt>
      <trkpt lat="45.58428" lon="24.76757">
        <ele>1604.54</ele>
        <time>2024-07-06T15:20:58Z</time>
      </trkpt>
      <trkpt lat="45.58425" lon="24.76761">
        <ele>1605.08</ele>
        <time>2024-07-06T15:21:02Z</time>
      </trkpt>
      <trkpt lat="45.58425" lon="24.76761">
        <ele>1605.08</ele>
        <time>2024-07-06T15:21:03Z</time>
      </trkpt>
      <trkpt lat="45.58425" lon="24.7676">
        <ele>1605.44</ele>
        <time>2024-07-06T15:21:08Z</time>
      </trkpt>
      <trkpt lat="45.58425" lon="24.76761">
        <ele>1605.08</ele>
        <time>2024-07-06T15:21:10Z</time>
      </trkpt>
      <trkpt lat="45.58427" lon="24.76758">
        <ele>1604.85</ele>
        <time>2024-07-06T15:21:14Z</time>
      </trkpt>
      <trkpt lat="45.58428" lon="24.76759">
        <ele>1603.88</ele>
        <time>2024-07-06T15:21:18Z</time>
      </trkpt>
      <trkpt lat="45.58428" lon="24.76759">
        <ele>1603.88</ele>
        <time>2024-07-06T15:21:20Z</time>
      </trkpt>
      <trkpt lat="45.5843" lon="24.76757">
        <ele>1603.22</ele>
        <time>2024-07-06T15:21:26Z</time>
      </trkpt>
      <trkpt lat="45.58431" lon="24.76756">
        <ele>1602.87</ele>
        <time>2024-07-06T15:21:29Z</time>
      </trkpt>
      <trkpt lat="45.58432" lon="24.76758">
        <ele>1601.62</ele>
        <time>2024-07-06T15:21:33Z</time>
      </trkpt>
      <trkpt lat="45.5843" lon="24.76759">
        <ele>1602.6</ele>
        <time>2024-07-06T15:21:36Z</time>
      </trkpt>
      <trkpt lat="45.58429" lon="24.76762">
        <ele>1602.28</ele>
        <time>2024-07-06T15:21:38Z</time>
      </trkpt>
      <trkpt lat="45.58429" lon="24.76766">
        <ele>1601.0</ele>
        <time>2024-07-06T15:21:43Z</time>
      </trkpt>
      <trkpt lat="45.58429" lon="24.76767">
        <ele>1600.68</ele>
        <time>2024-07-06T15:21:46Z</time>
      </trkpt>
      <trkpt lat="45.58429" lon="24.76768">
        <ele>1600.36</ele>
        <time>2024-07-06T15:21:49Z</time>
      </trkpt>
      <trkpt lat="45.58429" lon="24.76768">
        <ele>1600.36</ele>
        <time>2024-07-06T15:21:51Z</time>
      </trkpt>
      <trkpt lat="45.58429" lon="24.76772">
        <ele>1599.08</ele>
        <time>2024-07-06T15:21:54Z</time>
      </trkpt>
      <trkpt lat="45.58429" lon="24.76773">
        <ele>1598.76</ele>
        <time>2024-07-06T15:21:56Z</time>
      </trkpt>
      <trkpt lat="45.58427" lon="24.76773">
        <ele>1599.78</ele>
        <time>2024-07-06T15:21:59Z</time>
      </trkpt>
      <trkpt lat="45.58426" lon="24.76773">
        <ele>1600.29</ele>
        <time>2024-07-06T15:22:01Z</time>
      </trkpt>
      <trkpt lat="45.58422" lon="24.76777">
        <ele>1600.8</ele>
        <time>2024-07-06T15:22:07Z</time>
      </trkpt>
      <trkpt lat="45.58416" lon="24.76778">
        <ele>1603.17</ele>
        <time>2024-07-06T15:22:15Z</time>
      </trkpt>
      <trkpt lat="45.58415" lon="24.76776">
        <ele>1604.25</ele>
        <time>2024-07-06T15:22:21Z</time>
      </trkpt>
      <trkpt lat="45.58415" lon="24.76775">
        <ele>1604.68</ele>
        <time>2024-07-06T15:22:22Z</time>
      </trkpt>
      <trkpt lat="45.58413" lon="24.76776">
        <ele>1604.82</ele>
        <time>2024-07-06T15:22:26Z</time>
      </trkpt>
      <trkpt lat="45.58413" lon="24.76776">
        <ele>1604.82</ele>
        <time>2024-07-06T15:22:27Z</time>
      </trkpt>
      <trkpt lat="45.58413" lon="24.76778">
        <ele>1604.03</ele>
        <time>2024-07-06T15:22:32Z</time>
      </trkpt>
      <trkpt lat="45.58413" lon="24.76778">
        <ele>1604.03</ele>
        <time>2024-07-06T15:22:35Z</time>
      </trkpt>
      <trkpt lat="45.58413" lon="24.76778">
        <ele>1604.03</ele>
        <time>2024-07-06T15:22:37Z</time>
      </trkpt>
      <trkpt lat="45.58413" lon="24.76779">
        <ele>1603.89</ele>
        <time>2024-07-06T15:22:40Z</time>
      </trkpt>
      <trkpt lat="45.58412" lon="24.76778">
        <ele>1604.31</ele>
        <time>2024-07-06T15:22:44Z</time>
      </trkpt>
      <trkpt lat="45.58411" lon="24.76778">
        <ele>1604.59</ele>
        <time>2024-07-06T15:22:51Z</time>
      </trkpt>
      <trkpt lat="45.58411" lon="24.76778">
        <ele>1604.59</ele>
        <time>2024-07-06T15:23:03Z</time>
      </trkpt>
      <trkpt lat="45.58412" lon="24.76778">
        <ele>1604.31</ele>
        <time>2024-07-06T15:23:04Z</time>
      </trkpt>
      <trkpt lat="45.58413" lon="24.76782">
        <ele>1603.47</ele>
        <time>2024-07-06T15:23:09Z</time>
      </trkpt>
      <trkpt lat="45.58417" lon="24.76783">
        <ele>1602.45</ele>
        <time>2024-07-06T15:23:15Z</time>
      </trkpt>
      <trkpt lat="45.58419" lon="24.76783">
        <ele>1601.37</ele>
        <time>2024-07-06T15:23:17Z</time>
      </trkpt>
      <trkpt lat="45.58421" lon="24.76784">
        <ele>1600.17</ele>
        <time>2024-07-06T15:23:21Z</time>
      </trkpt>
      <trkpt lat="45.58423" lon="24.76783">
        <ele>1599.23</ele>
        <time>2024-07-06T15:23:25Z</time>
      </trkpt>
      <trkpt lat="45.58423" lon="24.76783">
        <ele>1599.23</ele>
        <time>2024-07-06T15:23:31Z</time>
      </trkpt>
      <trkpt lat="45.58424" lon="24.76783">
        <ele>1598.7</ele>
        <time>2024-07-06T15:23:32Z</time>
      </trkpt>
      <trkpt lat="45.58424" lon="24.76785">
        <ele>1598.36</ele>
        <time>2024-07-06T15:23:37Z</time>
      </trkpt>
      <trkpt lat="45.58424" lon="24.76784">
        <ele>1598.53</ele>
        <time>2024-07-06T15:23:44Z</time>
      </trkpt>
      <trkpt lat="45.58423" lon="24.76782">
        <ele>1599.39</ele>
        <time>2024-07-06T15:23:48Z</time>
      </trkpt>
      <trkpt lat="45.58422" lon="24.76782">
        <ele>1599.91</ele>
        <time>2024-07-06T15:23:50Z</time>
      </trkpt>
      <trkpt lat="45.58423" lon="24.76784">
        <ele>1599.08</ele>
        <time>2024-07-06T15:23:55Z</time>
      </trkpt>
      <trkpt lat="45.58424" lon="24.76783">
        <ele>1598.7</ele>
        <time>2024-07-06T15:23:59Z</time>
      </trkpt>
      <trkpt lat="45.58424" lon="24.76784">
        <ele>1598.53</ele>
        <time>2024-07-06T15:24:02Z</time>
      </trkpt>
      <trkpt lat="45.58421" lon="24.76787">
        <ele>1599.79</ele>
        <time>2024-07-06T15:24:08Z</time>
      </trkpt>
      <trkpt lat="45.58422" lon="24.76787">
        <ele>1599.2</ele>
        <time>2024-07-06T15:24:19Z</time>
      </trkpt>
      <trkpt lat="45.58422" lon="24.7679">
        <ele>1598.78</ele>
        <time>2024-07-06T15:24:27Z</time>
      </trkpt>
      <trkpt lat="45.58422" lon="24.7679">
        <ele>1598.78</ele>
        <time>2024-07-06T15:24:35Z</time>
      </trkpt>
      <trkpt lat="45.58422" lon="24.76791">
        <ele>1598.64</ele>
        <time>2024-07-06T15:24:44Z</time>
      </trkpt>
      <trkpt lat="45.58421" lon="24.76788">
        <ele>1599.66</ele>
        <time>2024-07-06T15:25:02Z</time>
      </trkpt>
      <trkpt lat="45.58423" lon="24.76786">
        <ele>1598.77</ele>
        <time>2024-07-06T15:25:07Z</time>
      </trkpt>
      <trkpt lat="45.58425" lon="24.76786">
        <ele>1597.62</ele>
        <time>2024-07-06T15:25:10Z</time>
      </trkpt>
      <trkpt lat="45.58424" lon="24.76787">
        <ele>1598.03</ele>
        <time>2024-07-06T15:25:13Z</time>
      </trkpt>
      <trkpt lat="45.58423" lon="24.76787">
        <ele>1598.62</ele>
        <time>2024-07-06T15:25:14Z</time>
      </trkpt>
      <trkpt lat="45.58424" lon="24.76787">
        <ele>1598.03</ele>
        <time>2024-07-06T15:25:17Z</time>
      </trkpt>
      <trkpt lat="45.58419" lon="24.76786">
        <ele>1601.07</ele>
        <time>2024-07-06T15:25:21Z</time>
      </trkpt>
      <trkpt lat="45.58422" lon="24.76789">
        <ele>1598.92</ele>
        <time>2024-07-06T15:25:27Z</time>
      </trkpt>
      <trkpt lat="45.58423" lon="24.7679">
        <ele>1598.15</ele>
        <time>2024-07-06T15:25:32Z</time>
      </trkpt>
      <trkpt lat="45.58423" lon="24.7679">
        <ele>1598.15</ele>
        <time>2024-07-06T15:25:41Z</time>
      </trkpt>
      <trkpt lat="45.58427" lon="24.7679">
        <ele>1595.65</ele>
        <time>2024-07-06T15:25:45Z</time>
      </trkpt>
      <trkpt lat="45.5843" lon="24.76792">
        <ele>1593.28</ele>
        <time>2024-07-06T15:25:52Z</time>
      </trkpt>
      <trkpt lat="45.58431" lon="24.76793">
        <ele>1592.37</ele>
        <time>2024-07-06T15:25:57Z</time>
      </trkpt>
      <trkpt lat="45.58431" lon="24.76793">
        <ele>1592.37</ele>
        <time>2024-07-06T15:26:00Z</time>
      </trkpt>
      <trkpt lat="45.58431" lon="24.76793">
        <ele>1592.37</ele>
        <time>2024-07-06T15:26:02Z</time>
      </trkpt>
      <trkpt lat="45.58431" lon="24.76795">
        <ele>1591.85</ele>
        <time>2024-07-06T15:26:07Z</time>
      </trkpt>
      <trkpt lat="45.58431" lon="24.76798">
        <ele>1591.08</ele>
        <time>2024-07-06T15:26:09Z</time>
      </trkpt>
      <trkpt lat="45.58431" lon="24.76799">
        <ele>1590.82</ele>
        <time>2024-07-06T15:26:10Z</time>
      </trkpt>
      <trkpt lat="45.5843" lon="24.76803">
        <ele>1590.59</ele>
        <time>2024-07-06T15:26:15Z</time>
      </trkpt>
      <trkpt lat="45.5843" lon="24.76803">
        <ele>1590.59</ele>
        <time>2024-07-06T15:26:16Z</time>
      </trkpt>
      <trkpt lat="45.58427" lon="24.76804">
        <ele>1592.76</ele>
        <time>2024-07-06T15:26:21Z</time>
      </trkpt>
      <trkpt lat="45.58424" lon="24.76808">
        <ele>1593.69</ele>
        <time>2024-07-06T15:26:26Z</time>
      </trkpt>
      <trkpt lat="45.58423" lon="24.76808">
        <ele>1594.54</ele>
        <time>2024-07-06T15:26:28Z</time>
      </trkpt>
      <trkpt lat="45.58422" lon="24.76809">
        <ele>1594.91</ele>
        <time>2024-07-06T15:26:32Z</time>
      </trkpt>
      <trkpt lat="45.58421" lon="24.76811">
        <ele>1594.82</ele>
        <time>2024-07-06T15:26:37Z</time>
      </trkpt>
      <trkpt lat="45.5842" lon="24.76811">
        <ele>1595.7</ele>
        <time>2024-07-06T15:26:38Z</time>
      </trkpt>
      <trkpt lat="45.58418" lon="24.76813">
        <ele>1596.58</ele>
        <time>2024-07-06T15:26:41Z</time>
      </trkpt>
      <trkpt lat="45.58418" lon="24.76815">
        <ele>1595.69</ele>
        <time>2024-07-06T15:26:44Z</time>
      </trkpt>
      <trkpt lat="45.58419" lon="24.76817">
        <ele>1593.85</ele>
        <time>2024-07-06T15:26:46Z</time>
      </trkpt>
      <trkpt lat="45.58418" lon="24.76818">
        <ele>1594.35</ele>
        <time>2024-07-06T15:26:49Z</time>
      </trkpt>
      <trkpt lat="45.58416" lon="24.76818">
        <ele>1595.62</ele>
        <time>2024-07-06T15:26:51Z</time>
      </trkpt>
      <trkpt lat="45.58417" lon="24.76823">
        <ele>1593.13</ele>
        <time>2024-07-06T15:26:54Z</time>
      </trkpt>
      <trkpt lat="45.58419" lon="24.76825">
        <ele>1590.2</ele>
        <time>2024-07-06T15:26:55Z</time>
      </trkpt>
      <trkpt lat="45.58421" lon="24.76827">
        <ele>1587.18</ele>
        <time>2024-07-06T15:26:58Z</time>
      </trkpt>
      <trkpt lat="45.58421" lon="24.76828">
        <ele>1586.71</ele>
        <time>2024-07-06T15:27:00Z</time>
      </trkpt>
      <trkpt lat="45.58422" lon="24.76829">
        <ele>1585.16</ele>
        <time>2024-07-06T15:27:02Z</time>
      </trkpt>
      <trkpt lat="45.58422" lon="24.7683">
        <ele>1584.67</ele>
        <time>2024-07-06T15:27:05Z</time>
      </trkpt>
      <trkpt lat="45.58424" lon="24.7683">
        <ele>1582.51</ele>
        <time>2024-07-06T15:27:09Z</time>
      </trkpt>
      <trkpt lat="45.58423" lon="24.76829">
        <ele>1584.09</ele>
        <time>2024-07-06T15:27:11Z</time>
      </trkpt>
      <trkpt lat="45.58419" lon="24.76828">
        <ele>1588.83</ele>
        <time>2024-07-06T15:27:16Z</time>
      </trkpt>
      <trkpt lat="45.5842" lon="24.76829">
        <ele>1587.3</ele>
        <time>2024-07-06T15:27:21Z</time>
      </trkpt>
      <trkpt lat="45.5842" lon="24.76829">
        <ele>1587.3</ele>
        <time>2024-07-06T15:27:24Z</time>
      </trkpt>
      <trkpt lat="45.58426" lon="24.76833">
        <ele>1578.76</ele>
        <time>2024-07-06T15:27:36Z</time>
      </trkpt>
      <trkpt lat="45.58435" lon="24.76835">
        <ele>1567.34</ele>
        <time>2024-07-06T15:27:42Z</time>
      </trkpt>
      <trkpt lat="45.58436" lon="24.76834">
        <ele>1566.95</ele>
        <time>2024-07-06T15:27:46Z</time>
      </trkpt>
      <trkpt lat="45.58436" lon="24.76834">
        <ele>1566.95</ele>
        <time>2024-07-06T15:27:49Z</time>
      </trkpt>
      <trkpt lat="45.58436" lon="24.76836">
        <ele>1565.54</ele>
        <time>2024-07-06T15:27:52Z</time>
      </trkpt>
      <trkpt lat="45.58435" lon="24.76838">
        <ele>1565.17</ele>
        <time>2024-07-06T15:27:56Z</time>
      </trkpt>
      <trkpt lat="45.58436" lon="24.7684">
        <ele>1562.71</ele>
        <time>2024-07-06T15:27:57Z</time>
      </trkpt>
      <trkpt lat="45.58436" lon="24.76841">
        <ele>1562.0</ele>
        <time>2024-07-06T15:28:00Z</time>
      </trkpt>
      <trkpt lat="45.58436" lon="24.76841">
        <ele>1562.0</ele>
        <time>2024-07-06T15:28:01Z</time>
      </trkpt>
      <trkpt lat="45.58436" lon="24.76842">
        <ele>1561.29</ele>
        <time>2024-07-06T15:28:03Z</time>
      </trkpt>
      <trkpt lat="45.58438" lon="24.7684">
        <ele>1560.68</ele>
        <time>2024-07-06T15:28:08Z</time>
      </trkpt>
      <trkpt lat="45.58437" lon="24.7684">
        <ele>1561.7</ele>
        <time>2024-07-06T15:28:10Z</time>
      </trkpt>
      <trkpt lat="45.58438" lon="24.76841">
        <ele>1560.01</ele>
        <time>2024-07-06T15:28:15Z</time>
      </trkpt>
      <trkpt lat="45.58439" lon="24.76841">
        <ele>1559.01</ele>
        <time>2024-07-06T15:28:19Z</time>
      </trkpt>
      <trkpt lat="45.5844" lon="24.76844">
        <ele>1556.08</ele>
        <time>2024-07-06T15:28:23Z</time>
      </trkpt>
      <trkpt lat="45.5844" lon="24.76846">
        <ele>1554.79</ele>
        <time>2024-07-06T15:28:26Z</time>
      </trkpt>
      <trkpt lat="45.58441" lon="24.76848">
        <ele>1552.61</ele>
        <time>2024-07-06T15:28:31Z</time>
      </trkpt>
      <trkpt lat="45.58441" lon="24.7685">
        <ele>1551.35</ele>
        <time>2024-07-06T15:28:33Z</time>
      </trkpt>
      <trkpt lat="45.58441" lon="24.7685">
        <ele>1551.35</ele>
        <time>2024-07-06T15:28:34Z</time>
      </trkpt>
      <trkpt lat="45.58442" lon="24.76853">
        <ele>1548.65</ele>
        <time>2024-07-06T15:28:38Z</time>
      </trkpt>
      <trkpt lat="45.58441" lon="24.76854">
        <ele>1548.83</ele>
        <time>2024-07-06T15:28:41Z</time>
      </trkpt>
      <trkpt lat="45.5844" lon="24.76853">
        <ele>1550.27</ele>
        <time>2024-07-06T15:28:43Z</time>
      </trkpt>
      <trkpt lat="45.58437" lon="24.76854">
        <ele>1552.01</ele>
        <time>2024-07-06T15:28:48Z</time>
      </trkpt>
      <trkpt lat="45.58436" lon="24.76856">
        <ele>1551.39</ele>
        <time>2024-07-06T15:28:51Z</time>
      </trkpt>
      <trkpt lat="45.58435" lon="24.76857">
        <ele>1551.43</ele>
        <time>2024-07-06T15:28:53Z</time>
      </trkpt>
      <trkpt lat="45.58434" lon="24.76862">
        <ele>1548.54</ele>
        <time>2024-07-06T15:28:59Z</time>
      </trkpt>
      <trkpt lat="45.5843" lon="24.76865">
        <ele>1549.14</ele>
        <time>2024-07-06T15:29:05Z</time>
      </trkpt>
      <trkpt lat="45.5843" lon="24.76865">
        <ele>1549.14</ele>
        <time>2024-07-06T15:29:06Z</time>
      </trkpt>
      <trkpt lat="45.58427" lon="24.76867">
        <ele>1549.66</ele>
        <time>2024-07-06T15:29:11Z</time>
      </trkpt>
      <trkpt lat="45.58427" lon="24.76867">
        <ele>1549.66</ele>
        <time>2024-07-06T15:29:13Z</time>
      </trkpt>
      <trkpt lat="45.58427" lon="24.76865">
        <ele>1551.11</ele>
        <time>2024-07-06T15:29:16Z</time>
      </trkpt>
      <trkpt lat="45.58424" lon="24.76865">
        <ele>1553.09</ele>
        <time>2024-07-06T15:29:17Z</time>
      </trkpt>
      <trkpt lat="45.58425" lon="24.76867">
        <ele>1550.95</ele>
        <time>2024-07-06T15:29:23Z</time>
      </trkpt>
      <trkpt lat="45.58425" lon="24.76869">
        <ele>1549.48</ele>
        <time>2024-07-06T15:29:29Z</time>
      </trkpt>
      <trkpt lat="45.58427" lon="24.76872">
        <ele>1546.04</ele>
        <time>2024-07-06T15:29:34Z</time>
      </trkpt>
      <trkpt lat="45.58427" lon="24.76872">
        <ele>1546.04</ele>
        <time>2024-07-06T15:29:35Z</time>
      </trkpt>
      <trkpt lat="45.5843" lon="24.76875">
        <ele>1542.08</ele>
        <time>2024-07-06T15:29:38Z</time>
      </trkpt>
      <trkpt lat="45.58431" lon="24.76877">
        <ele>1540.09</ele>
        <time>2024-07-06T15:29:40Z</time>
      </trkpt>
      <trkpt lat="45.58432" lon="24.7688">
        <ele>1537.43</ele>
        <time>2024-07-06T15:29:44Z</time>
      </trkpt>
      <trkpt lat="45.5843" lon="24.76881">
        <ele>1537.85</ele>
        <time>2024-07-06T15:29:47Z</time>
      </trkpt>
      <trkpt lat="45.58427" lon="24.76881">
        <ele>1539.51</ele>
        <time>2024-07-06T15:29:49Z</time>
      </trkpt>
      <trkpt lat="45.58427" lon="24.76882">
        <ele>1538.79</ele>
        <time>2024-07-06T15:29:51Z</time>
      </trkpt>
      <trkpt lat="45.58428" lon="24.76882">
        <ele>1538.24</ele>
        <time>2024-07-06T15:29:55Z</time>
      </trkpt>
      <trkpt lat="45.58428" lon="24.76884">
        <ele>1536.8</ele>
        <time>2024-07-06T15:29:57Z</time>
      </trkpt>
      <trkpt lat="45.58428" lon="24.76886">
        <ele>1535.36</ele>
        <time>2024-07-06T15:30:02Z</time>
      </trkpt>
      <trkpt lat="45.58431" lon="24.76888">
        <ele>1532.4</ele>
        <time>2024-07-06T15:30:06Z</time>
      </trkpt>
      <trkpt lat="45.58431" lon="24.76887">
        <ele>1533.1</ele>
        <time>2024-07-06T15:30:08Z</time>
      </trkpt>
      <trkpt lat="45.58431" lon="24.76888">
        <ele>1532.4</ele>
        <time>2024-07-06T15:30:09Z</time>
      </trkpt>
      <trkpt lat="45.58431" lon="24.76889">
        <ele>1531.71</ele>
        <time>2024-07-06T15:30:15Z</time>
      </trkpt>
      <trkpt lat="45.58431" lon="24.7689">
        <ele>1531.14</ele>
        <time>2024-07-06T15:30:16Z</time>
      </trkpt>
      <trkpt lat="45.58431" lon="24.76891">
        <ele>1530.57</ele>
        <time>2024-07-06T15:30:19Z</time>
      </trkpt>
      <trkpt lat="45.5843" lon="24.76891">
        <ele>1531.05</ele>
        <time>2024-07-06T15:30:20Z</time>
      </trkpt>
      <trkpt lat="45.58428" lon="24.76892">
        <ele>1531.41</ele>
        <time>2024-07-06T15:30:25Z</time>
      </trkpt>
      <trkpt lat="45.58427" lon="24.76893">
        <ele>1531.27</ele>
        <time>2024-07-06T15:30:29Z</time>
      </trkpt>
      <trkpt lat="45.58429" lon="24.76896">
        <ele>1528.57</ele>
        <time>2024-07-06T15:30:32Z</time>
      </trkpt>
      <trkpt lat="45.58431" lon="24.76902">
        <ele>1524.28</ele>
        <time>2024-07-06T15:30:37Z</time>
      </trkpt>
      <trkpt lat="45.58429" lon="24.76902">
        <ele>1525.02</ele>
        <time>2024-07-06T15:30:38Z</time>
      </trkpt>
      <trkpt lat="45.5843" lon="24.76903">
        <ele>1524.07</ele>
        <time>2024-07-06T15:30:41Z</time>
      </trkpt>
      <trkpt lat="45.58427" lon="24.76904">
        <ele>1524.53</ele>
        <time>2024-07-06T15:30:44Z</time>
      </trkpt>
      <trkpt lat="45.58427" lon="24.76905">
        <ele>1523.92</ele>
        <time>2024-07-06T15:30:46Z</time>
      </trkpt>
      <trkpt lat="45.58428" lon="24.76908">
        <ele>1521.77</ele>
        <time>2024-07-06T15:30:51Z</time>
      </trkpt>
      <trkpt lat="45.58431" lon="24.7691">
        <ele>1519.71</ele>
        <time>2024-07-06T15:30:56Z</time>
      </trkpt>
      <trkpt lat="45.58431" lon="24.7691">
        <ele>1519.71</ele>
        <time>2024-07-06T15:30:57Z</time>
      </trkpt>
      <trkpt lat="45.58431" lon="24.7691">
        <ele>1519.71</ele>
        <time>2024-07-06T15:31:02Z</time>
      </trkpt>
      <trkpt lat="45.58432" lon="24.7691">
        <ele>1519.43</ele>
        <time>2024-07-06T15:31:03Z</time>
      </trkpt>
      <trkpt lat="45.58432" lon="24.7691">
        <ele>1519.43</ele>
        <time>2024-07-06T15:31:05Z</time>
      </trkpt>
      <trkpt lat="45.58431" lon="24.7691">
        <ele>1519.71</ele>
        <time>2024-07-06T15:31:08Z</time>
      </trkpt>
      <trkpt lat="45.58431" lon="24.76908">
        <ele>1520.86</ele>
        <time>2024-07-06T15:31:10Z</time>
      </trkpt>
      <trkpt lat="45.5843" lon="24.76908">
        <ele>1521.16</ele>
        <time>2024-07-06T15:31:16Z</time>
      </trkpt>
      <trkpt lat="45.58431" lon="24.76908">
        <ele>1520.86</ele>
        <time>2024-07-06T15:31:17Z</time>
      </trkpt>
      <trkpt lat="45.58433" lon="24.76907">
        <ele>1520.8</ele>
        <time>2024-07-06T15:31:20Z</time>
      </trkpt>
      <trkpt lat="45.58435" lon="24.76908">
        <ele>1519.63</ele>
        <time>2024-07-06T15:31:22Z</time>
      </trkpt>
      <trkpt lat="45.58434" lon="24.76906">
        <ele>1521.02</ele>
        <time>2024-07-06T15:31:28Z</time>
      </trkpt>
      <trkpt lat="45.58436" lon="24.76906">
        <ele>1520.37</ele>
        <time>2024-07-06T15:31:30Z</time>
      </trkpt>
      <trkpt lat="45.58442" lon="24.76904">
        <ele>1519.32</ele>
        <time>2024-07-06T15:31:34Z</time>
      </trkpt>
      <trkpt lat="45.58445" lon="24.76905">
        <ele>1517.53</ele>
        <time>2024-07-06T15:31:36Z</time>
      </trkpt>
      <trkpt lat="45.58449" lon="24.76903">
        <ele>1514.72</ele>
        <time>2024-07-06T15:31:39Z</time>
      </trkpt>
      <trkpt lat="45.58454" lon="24.76901">
        <ele>1511.02</ele>
        <time>2024-07-06T15:31:47Z</time>
      </trkpt>
      <trkpt lat="45.58453" lon="24.76901">
        <ele>1511.93</ele>
        <time>2024-07-06T15:31:50Z</time>
      </trkpt>
      <trkpt lat="45.58454" lon="24.76901">
        <ele>1511.02</ele>
        <time>2024-07-06T15:31:52Z</time>
      </trkpt>
      <trkpt lat="45.58455" lon="24.769">
        <ele>1510.55</ele>
        <time>2024-07-06T15:31:55Z</time>
      </trkpt>
      <trkpt lat="45.58457" lon="24.76899">
        <ele>1509.17</ele>
        <time>2024-07-06T15:31:58Z</time>
      </trkpt>
      <trkpt lat="45.5846" lon="24.769">
        <ele>1505.98</ele>
        <time>2024-07-06T15:32:01Z</time>
      </trkpt>
      <trkpt lat="45.58464" lon="24.76901">
        <ele>1501.86</ele>
        <time>2024-07-06T15:32:05Z</time>
      </trkpt>
      <trkpt lat="45.58464" lon="24.76901">
        <ele>1501.86</ele>
        <time>2024-07-06T15:32:09Z</time>
      </trkpt>
      <trkpt lat="45.58466" lon="24.76901">
        <ele>1500.03</ele>
        <time>2024-07-06T15:32:12Z</time>
      </trkpt>
      <trkpt lat="45.58467" lon="24.76902">
        <ele>1498.65</ele>
        <time>2024-07-06T15:32:14Z</time>
      </trkpt>
      <trkpt lat="45.58468" lon="24.76902">
        <ele>1497.74</ele>
        <time>2024-07-06T15:32:15Z</time>
      </trkpt>
      <trkpt lat="45.5847" lon="24.76903">
        <ele>1495.44</ele>
        <time>2024-07-06T15:32:20Z</time>
      </trkpt>
      <trkpt lat="45.5847" lon="24.76903">
        <ele>1495.44</ele>
        <time>2024-07-06T15:32:22Z</time>
      </trkpt>
      <trkpt lat="45.58471" lon="24.76904">
        <ele>1494.05</ele>
        <time>2024-07-06T15:32:24Z</time>
      </trkpt>
      <trkpt lat="45.58471" lon="24.76904">
        <ele>1494.05</ele>
        <time>2024-07-06T15:32:25Z</time>
      </trkpt>
      <trkpt lat="45.58468" lon="24.76904">
        <ele>1496.81</ele>
        <time>2024-07-06T15:32:26Z</time>
      </trkpt>
      <trkpt lat="45.58467" lon="24.76904">
        <ele>1497.73</ele>
        <time>2024-07-06T15:32:27Z</time>
      </trkpt>
      <trkpt lat="45.58467" lon="24.76904">
        <ele>1497.73</ele>
        <time>2024-07-06T15:32:28Z</time>
      </trkpt>
      <trkpt lat="45.5847" lon="24.76905">
        <ele>1494.51</ele>
        <time>2024-07-06T15:32:31Z</time>
      </trkpt>
      <trkpt lat="45.5847" lon="24.76904">
        <ele>1494.97</ele>
        <time>2024-07-06T15:32:33Z</time>
      </trkpt>
      <trkpt lat="45.5847" lon="24.76904">
        <ele>1494.97</ele>
        <time>2024-07-06T15:32:40Z</time>
      </trkpt>
      <trkpt lat="45.58469" lon="24.76905">
        <ele>1495.43</ele>
        <time>2024-07-06T15:32:48Z</time>
      </trkpt>
      <trkpt lat="45.5847" lon="24.76906">
        <ele>1494.04</ele>
        <time>2024-07-06T15:32:49Z</time>
      </trkpt>
      <trkpt lat="45.58475" lon="24.76907">
        <ele>1489.99</ele>
        <time>2024-07-06T15:32:55Z</time>
      </trkpt>
      <trkpt lat="45.58479" lon="24.76907">
        <ele>1487.78</ele>
        <time>2024-07-06T15:33:01Z</time>
      </trkpt>
      <trkpt lat="45.58479" lon="24.76907">
        <ele>1487.78</ele>
        <time>2024-07-06T15:33:02Z</time>
      </trkpt>
      <trkpt lat="45.58485" lon="24.76906">
        <ele>1484.92</ele>
        <time>2024-07-06T15:33:07Z</time>
      </trkpt>
      <trkpt lat="45.58487" lon="24.76906">
        <ele>1483.81</ele>
        <time>2024-07-06T15:33:09Z</time>
      </trkpt>
      <trkpt lat="45.58489" lon="24.76904">
        <ele>1483.59</ele>
        <time>2024-07-06T15:33:13Z</time>
      </trkpt>
      <trkpt lat="45.58493" lon="24.76903">
        <ele>1481.81</ele>
        <time>2024-07-06T15:33:18Z</time>
      </trkpt>
      <trkpt lat="45.58495" lon="24.76904">
        <ele>1480.25</ele>
        <time>2024-07-06T15:33:20Z</time>
      </trkpt>
      <trkpt lat="45.58495" lon="24.76904">
        <ele>1480.25</ele>
        <time>2024-07-06T15:33:21Z</time>
      </trkpt>
      <trkpt lat="45.58498" lon="24.76905">
        <ele>1478.15</ele>
        <time>2024-07-06T15:33:28Z</time>
      </trkpt>
      <trkpt lat="45.58499" lon="24.76905">
        <ele>1477.6</ele>
        <time>2024-07-06T15:33:32Z</time>
      </trkpt>
      <trkpt lat="45.58499" lon="24.76905">
        <ele>1477.6</ele>
        <time>2024-07-06T15:33:35Z</time>
      </trkpt>
      <trkpt lat="45.58499" lon="24.76904">
        <ele>1478.03</ele>
        <time>2024-07-06T15:33:37Z</time>
      </trkpt>
      <trkpt lat="45.58499" lon="24.76904">
        <ele>1478.03</ele>
        <time>2024-07-06T15:33:38Z</time>
      </trkpt>
      <trkpt lat="45.58495" lon="24.76904">
        <ele>1480.25</ele>
        <time>2024-07-06T15:33:40Z</time>
      </trkpt>
      <trkpt lat="45.58496" lon="24.76906">
        <ele>1478.82</ele>
        <time>2024-07-06T15:33:43Z</time>
      </trkpt>
      <trkpt lat="45.58497" lon="24.76905">
        <ele>1478.71</ele>
        <time>2024-07-06T15:33:47Z</time>
      </trkpt>
      <trkpt lat="45.58497" lon="24.76904">
        <ele>1479.14</ele>
        <time>2024-07-06T15:33:48Z</time>
      </trkpt>
      <trkpt lat="45.58499" lon="24.76904">
        <ele>1478.03</ele>
        <time>2024-07-06T15:33:49Z</time>
      </trkpt>
      <trkpt lat="45.585" lon="24.769">
        <ele>1479.2</ele>
        <time>2024-07-06T15:33:54Z</time>
      </trkpt>
      <trkpt lat="45.585" lon="24.76901">
        <ele>1478.77</ele>
        <time>2024-07-06T15:34:04Z</time>
      </trkpt>
      <trkpt lat="45.585" lon="24.76901">
        <ele>1478.77</ele>
        <time>2024-07-06T15:34:10Z</time>
      </trkpt>
      <trkpt lat="45.58501" lon="24.769">
        <ele>1478.88</ele>
        <time>2024-07-06T15:34:15Z</time>
      </trkpt>
      <trkpt lat="45.58504" lon="24.76895">
        <ele>1480.14</ele>
        <time>2024-07-06T15:34:20Z</time>
      </trkpt>
      <trkpt lat="45.58504" lon="24.76893">
        <ele>1481.03</ele>
        <time>2024-07-06T15:34:21Z</time>
      </trkpt>
      <trkpt lat="45.58506" lon="24.76886">
        <ele>1483.63</ele>
        <time>2024-07-06T15:34:27Z</time>
      </trkpt>
      <trkpt lat="45.58507" lon="24.76884">
        <ele>1484.32</ele>
        <time>2024-07-06T15:34:31Z</time>
      </trkpt>
      <trkpt lat="45.58509" lon="24.76882">
        <ele>1484.79</ele>
        <time>2024-07-06T15:34:37Z</time>
      </trkpt>
      <trkpt lat="45.5851" lon="24.76881">
        <ele>1485.04</ele>
        <time>2024-07-06T15:34:39Z</time>
      </trkpt>
      <trkpt lat="45.58515" lon="24.76883">
        <ele>1482.8</ele>
        <time>2024-07-06T15:34:43Z</time>
      </trkpt>
      <trkpt lat="45.58515" lon="24.76883">
        <ele>1482.8</ele>
        <time>2024-07-06T15:34:45Z</time>
      </trkpt>
      <trkpt lat="45.58516" lon="24.76885">
        <ele>1481.48</ele>
        <time>2024-07-06T15:34:50Z</time>
      </trkpt>
      <trkpt lat="45.58518" lon="24.76885">
        <ele>1480.95</ele>
        <time>2024-07-06T15:34:51Z</time>
      </trkpt>
      <trkpt lat="45.58518" lon="24.76891">
        <ele>1477.81</ele>
        <time>2024-07-06T15:34:56Z</time>
      </trkpt>
      <trkpt lat="45.58517" lon="24.76894">
        <ele>1476.67</ele>
        <time>2024-07-06T15:35:03Z</time>
      </trkpt>
      <trkpt lat="45.58517" lon="24.76894">
        <ele>1476.67</ele>
        <time>2024-07-06T15:35:04Z</time>
      </trkpt>
      <trkpt lat="45.58516" lon="24.76896">
        <ele>1476.03</ele>
        <time>2024-07-06T15:35:09Z</time>
      </trkpt>
      <trkpt lat="45.58515" lon="24.76895">
        <ele>1476.8</ele>
        <time>2024-07-06T15:35:11Z</time>
      </trkpt>
      <trkpt lat="45.58515" lon="24.76898">
        <ele>1475.39</ele>
        <time>2024-07-06T15:35:15Z</time>
      </trkpt>
      <trkpt lat="45.58515" lon="24.769">
        <ele>1474.45</ele>
        <time>2024-07-06T15:35:18Z</time>
      </trkpt>
      <trkpt lat="45.58517" lon="24.76904">
        <ele>1471.91</ele>
        <time>2024-07-06T15:35:20Z</time>
      </trkpt>
      <trkpt lat="45.58517" lon="24.76906">
        <ele>1470.96</ele>
        <time>2024-07-06T15:35:27Z</time>
      </trkpt>
      <trkpt lat="45.58518" lon="24.76906">
        <ele>1470.63</ele>
        <time>2024-07-06T15:35:28Z</time>
      </trkpt>
      <trkpt lat="45.5852" lon="24.76907">
        <ele>1469.48</ele>
        <time>2024-07-06T15:35:31Z</time>
      </trkpt>
      <trkpt lat="45.58521" lon="24.76908">
        <ele>1468.66</ele>
        <time>2024-07-06T15:35:35Z</time>
      </trkpt>
      <trkpt lat="45.58523" lon="24.76909">
        <ele>1467.49</ele>
        <time>2024-07-06T15:35:40Z</time>
      </trkpt>
      <trkpt lat="45.58523" lon="24.76908">
        <ele>1467.98</ele>
        <time>2024-07-06T15:35:42Z</time>
      </trkpt>
      <trkpt lat="45.58527" lon="24.76909">
        <ele>1466.13</ele>
        <time>2024-07-06T15:35:46Z</time>
      </trkpt>
      <trkpt lat="45.58534" lon="24.76909">
        <ele>1463.21</ele>
        <time>2024-07-06T15:35:54Z</time>
      </trkpt>
      <trkpt lat="45.58534" lon="24.76909">
        <ele>1463.21</ele>
        <time>2024-07-06T15:35:55Z</time>
      </trkpt>
      <trkpt lat="45.58533" lon="24.76909">
        <ele>1463.64</ele>
        <time>2024-07-06T15:35:59Z</time>
      </trkpt>
      <trkpt lat="45.58534" lon="24.76909">
        <ele>1463.21</ele>
        <time>2024-07-06T15:36:01Z</time>
      </trkpt>
      <trkpt lat="45.58537" lon="24.76907">
        <ele>1462.87</ele>
        <time>2024-07-06T15:36:07Z</time>
      </trkpt>
      <trkpt lat="45.58539" lon="24.76904">
        <ele>1463.39</ele>
        <time>2024-07-06T15:36:12Z</time>
      </trkpt>
      <trkpt lat="45.5854" lon="24.76904">
        <ele>1462.94</ele>
        <time>2024-07-06T15:36:14Z</time>
      </trkpt>
      <trkpt lat="45.58541" lon="24.76903">
        <ele>1462.95</ele>
        <time>2024-07-06T15:36:20Z</time>
      </trkpt>
      <trkpt lat="45.58541" lon="24.76902">
        <ele>1463.4</ele>
        <time>2024-07-06T15:36:21Z</time>
      </trkpt>
      <trkpt lat="45.58542" lon="24.769">
        <ele>1463.85</ele>
        <time>2024-07-06T15:36:23Z</time>
      </trkpt>
      <trkpt lat="45.58544" lon="24.769">
        <ele>1462.92</ele>
        <time>2024-07-06T15:36:27Z</time>
      </trkpt>
      <trkpt lat="45.58545" lon="24.76897">
        <ele>1463.78</ele>
        <time>2024-07-06T15:36:30Z</time>
      </trkpt>
      <trkpt lat="45.58546" lon="24.76897">
        <ele>1463.3</ele>
        <time>2024-07-06T15:36:32Z</time>
      </trkpt>
      <trkpt lat="45.58547" lon="24.76893">
        <ele>1464.55</ele>
        <time>2024-07-06T15:36:38Z</time>
      </trkpt>
      <trkpt lat="45.58549" lon="24.76893">
        <ele>1463.57</ele>
        <time>2024-07-06T15:36:44Z</time>
      </trkpt>
      <trkpt lat="45.58552" lon="24.76893">
        <ele>1462.11</ele>
        <time>2024-07-06T15:36:51Z</time>
      </trkpt>
      <trkpt lat="45.58554" lon="24.76893">
        <ele>1461.13</ele>
        <time>2024-07-06T15:36:55Z</time>
      </trkpt>
      <trkpt lat="45.58555" lon="24.76893">
        <ele>1460.64</ele>
        <time>2024-07-06T15:36:58Z</time>
      </trkpt>
      <trkpt lat="45.58557" lon="24.76893">
        <ele>1459.46</ele>
        <time>2024-07-06T15:37:04Z</time>
      </trkpt>
      <trkpt lat="45.5856" lon="24.76894">
        <ele>1457.14</ele>
        <time>2024-07-06T15:37:09Z</time>
      </trkpt>
      <trkpt lat="45.58561" lon="24.76893">
        <ele>1456.92</ele>
        <time>2024-07-06T15:37:11Z</time>
      </trkpt>
      <trkpt lat="45.58562" lon="24.76892">
        <ele>1456.72</ele>
        <time>2024-07-06T15:37:17Z</time>
      </trkpt>
      <trkpt lat="45.58562" lon="24.76891">
        <ele>1457.15</ele>
        <time>2024-07-06T15:37:19Z</time>
      </trkpt>
      <trkpt lat="45.58562" lon="24.76892">
        <ele>1456.72</ele>
        <time>2024-07-06T15:37:21Z</time>
      </trkpt>
      <trkpt lat="45.58562" lon="24.76892">
        <ele>1456.72</ele>
        <time>2024-07-06T15:37:23Z</time>
      </trkpt>
      <trkpt lat="45.58563" lon="24.76892">
        <ele>1456.09</ele>
        <time>2024-07-06T15:37:24Z</time>
      </trkpt>
      <trkpt lat="45.58565" lon="24.76893">
        <ele>1454.39</ele>
        <time>2024-07-06T15:37:27Z</time>
      </trkpt>
      <trkpt lat="45.58565" lon="24.76893">
        <ele>1454.39</ele>
        <time>2024-07-06T15:37:29Z</time>
      </trkpt>
      <trkpt lat="45.58565" lon="24.76893">
        <ele>1454.39</ele>
        <time>2024-07-06T15:37:32Z</time>
      </trkpt>
      <trkpt lat="45.58566" lon="24.76894">
        <ele>1453.31</ele>
        <time>2024-07-06T15:37:35Z</time>
      </trkpt>
      <trkpt lat="45.58566" lon="24.76893">
        <ele>1453.76</ele>
        <time>2024-07-06T15:37:38Z</time>
      </trkpt>
      <trkpt lat="45.58567" lon="24.76893">
        <ele>1453.12</ele>
        <time>2024-07-06T15:37:43Z</time>
      </trkpt>
      <trkpt lat="45.58568" lon="24.76892">
        <ele>1452.95</ele>
        <time>2024-07-06T15:38:04Z</time>
      </trkpt>
      <trkpt lat="45.58569" lon="24.76891">
        <ele>1452.79</ele>
        <time>2024-07-06T15:38:05Z</time>
      </trkpt>
      <trkpt lat="45.58572" lon="24.76891">
        <ele>1450.92</ele>
        <time>2024-07-06T15:38:12Z</time>
      </trkpt>
      <trkpt lat="45.58573" lon="24.7689">
        <ele>1450.78</ele>
        <time>2024-07-06T15:38:15Z</time>
      </trkpt>
      <trkpt lat="45.58573" lon="24.76889">
        <ele>1451.27</ele>
        <time>2024-07-06T15:38:18Z</time>
      </trkpt>
      <trkpt lat="45.58574" lon="24.76889">
        <ele>1450.66</ele>
        <time>2024-07-06T15:38:19Z</time>
      </trkpt>
      <trkpt lat="45.58574" lon="24.76889">
        <ele>1450.66</ele>
        <time>2024-07-06T15:38:24Z</time>
      </trkpt>
      <trkpt lat="45.58574" lon="24.76889">
        <ele>1450.66</ele>
        <time>2024-07-06T15:38:25Z</time>
      </trkpt>
      <trkpt lat="45.58575" lon="24.7689">
        <ele>1449.55</ele>
        <time>2024-07-06T15:38:26Z</time>
      </trkpt>
      <trkpt lat="45.58576" lon="24.76891">
        <ele>1448.43</ele>
        <time>2024-07-06T15:38:29Z</time>
      </trkpt>
      <trkpt lat="45.58577" lon="24.76892">
        <ele>1447.3</ele>
        <time>2024-07-06T15:38:30Z</time>
      </trkpt>
      <trkpt lat="45.58579" lon="24.76893">
        <ele>1445.52</ele>
        <time>2024-07-06T15:38:33Z</time>
      </trkpt>
      <trkpt lat="45.58579" lon="24.76892">
        <ele>1446.04</ele>
        <time>2024-07-06T15:38:34Z</time>
      </trkpt>
      <trkpt lat="45.58577" lon="24.76891">
        <ele>1447.81</ele>
        <time>2024-07-06T15:38:36Z</time>
      </trkpt>
      <trkpt lat="45.58577" lon="24.76889">
        <ele>1448.82</ele>
        <time>2024-07-06T15:38:39Z</time>
      </trkpt>
      <trkpt lat="45.58576" lon="24.76889">
        <ele>1449.43</ele>
        <time>2024-07-06T15:38:40Z</time>
      </trkpt>
      <trkpt lat="45.58569" lon="24.76884">
        <ele>1456.68</ele>
        <time>2024-07-06T15:38:45Z</time>
      </trkpt>
      <trkpt lat="45.5857" lon="24.76883">
        <ele>1456.65</ele>
        <time>2024-07-06T15:38:48Z</time>
      </trkpt>
      <trkpt lat="45.58569" lon="24.76883">
        <ele>1457.27</ele>
        <time>2024-07-06T15:38:50Z</time>
      </trkpt>
      <trkpt lat="45.5857" lon="24.7688">
        <ele>1458.43</ele>
        <time>2024-07-06T15:38:56Z</time>
      </trkpt>
      <trkpt lat="45.5857" lon="24.76878">
        <ele>1459.62</ele>
        <time>2024-07-06T15:38:57Z</time>
      </trkpt>
      <trkpt lat="45.58567" lon="24.76877">
        <ele>1462.1</ele>
        <time>2024-07-06T15:39:01Z</time>
      </trkpt>
      <trkpt lat="45.58562" lon="24.76879">
        <ele>1464.03</ele>
        <time>2024-07-06T15:39:07Z</time>
      </trkpt>
      <trkpt lat="45.58562" lon="24.76879">
        <ele>1464.03</ele>
        <time>2024-07-06T15:39:08Z</time>
      </trkpt>
      <trkpt lat="45.58564" lon="24.7688">
        <ele>1462.17</ele>
        <time>2024-07-06T15:39:11Z</time>
      </trkpt>
      <trkpt lat="45.58565" lon="24.76881">
        <ele>1460.95</ele>
        <time>2024-07-06T15:39:12Z</time>
      </trkpt>
      <trkpt lat="45.58568" lon="24.76881">
        <ele>1459.08</ele>
        <time>2024-07-06T15:39:14Z</time>
      </trkpt>
      <trkpt lat="45.58564" lon="24.76878">
        <ele>1463.38</ele>
        <time>2024-07-06T15:39:17Z</time>
      </trkpt>
      <trkpt lat="45.58562" lon="24.76877">
        <ele>1465.23</ele>
        <time>2024-07-06T15:39:20Z</time>
      </trkpt>
      <trkpt lat="45.58561" lon="24.76877">
        <ele>1465.86</ele>
        <time>2024-07-06T15:39:21Z</time>
      </trkpt>
      <trkpt lat="45.58561" lon="24.76877">
        <ele>1465.86</ele>
        <time>2024-07-06T15:39:22Z</time>
      </trkpt>
      <trkpt lat="45.58561" lon="24.76876">
        <ele>1466.47</ele>
        <time>2024-07-06T15:39:23Z</time>
      </trkpt>
      <trkpt lat="45.58562" lon="24.76876">
        <ele>1465.84</ele>
        <time>2024-07-06T15:39:24Z</time>
      </trkpt>
      <trkpt lat="45.58563" lon="24.76876">
        <ele>1465.21</ele>
        <time>2024-07-06T15:39:25Z</time>
      </trkpt>
      <trkpt lat="45.58565" lon="24.76874">
        <ele>1465.15</ele>
        <time>2024-07-06T15:39:28Z</time>
      </trkpt>
      <trkpt lat="45.58565" lon="24.76873">
        <ele>1465.75</ele>
        <time>2024-07-06T15:39:32Z</time>
      </trkpt>
      <trkpt lat="45.58568" lon="24.76873">
        <ele>1463.85</ele>
        <time>2024-07-06T15:39:37Z</time>
      </trkpt>
      <trkpt lat="45.5857" lon="24.76873">
        <ele>1462.59</ele>
        <time>2024-07-06T15:39:39Z</time>
      </trkpt>
      <trkpt lat="45.5857" lon="24.76873">
        <ele>1462.59</ele>
        <time>2024-07-06T15:39:44Z</time>
      </trkpt>
      <trkpt lat="45.5857" lon="24.76873">
        <ele>1462.59</ele>
        <time>2024-07-06T15:39:45Z</time>
      </trkpt>
      <trkpt lat="45.58575" lon="24.76871">
        <ele>1460.6</ele>
        <time>2024-07-06T15:39:51Z</time>
      </trkpt>
      <trkpt lat="45.58577" lon="24.76871">
        <ele>1459.33</ele>
        <time>2024-07-06T15:39:57Z</time>
      </trkpt>
      <trkpt lat="45.5858" lon="24.76872">
        <ele>1456.84</ele>
        <time>2024-07-06T15:40:00Z</time>
      </trkpt>
      <trkpt lat="45.58582" lon="24.76871">
        <ele>1456.15</ele>
        <time>2024-07-06T15:40:02Z</time>
      </trkpt>
      <trkpt lat="45.58585" lon="24.76873">
        <ele>1452.51</ele>
        <time>2024-07-06T15:40:05Z</time>
      </trkpt>
      <trkpt lat="45.58587" lon="24.76875">
        <ele>1449.63</ele>
        <time>2024-07-06T15:40:10Z</time>
      </trkpt>
      <trkpt lat="45.58591" lon="24.76873">
        <ele>1446.62</ele>
        <time>2024-07-06T15:40:16Z</time>
      </trkpt>
      <trkpt lat="45.58591" lon="24.76873">
        <ele>1446.62</ele>
        <time>2024-07-06T15:40:17Z</time>
      </trkpt>
      <trkpt lat="45.58591" lon="24.76873">
        <ele>1446.62</ele>
        <time>2024-07-06T15:40:19Z</time>
      </trkpt>
      <trkpt lat="45.58593" lon="24.76875">
        <ele>1444.13</ele>
        <time>2024-07-06T15:40:23Z</time>
      </trkpt>
      <trkpt lat="45.58597" lon="24.76881">
        <ele>1439.65</ele>
        <time>2024-07-06T15:40:29Z</time>
      </trkpt>
      <trkpt lat="45.58596" lon="24.76885">
        <ele>1439.72</ele>
        <time>2024-07-06T15:40:37Z</time>
      </trkpt>
      <trkpt lat="45.58596" lon="24.76886">
        <ele>1439.55</ele>
        <time>2024-07-06T15:40:38Z</time>
      </trkpt>
      <trkpt lat="45.58597" lon="24.76886">
        <ele>1438.99</ele>
        <time>2024-07-06T15:40:41Z</time>
      </trkpt>
      <trkpt lat="45.58595" lon="24.76885">
        <ele>1440.31</ele>
        <time>2024-07-06T15:40:44Z</time>
      </trkpt>
      <trkpt lat="45.58599" lon="24.76879">
        <ele>1438.34</ele>
        <time>2024-07-06T15:40:49Z</time>
      </trkpt>
      <trkpt lat="45.58598" lon="24.76877">
        <ele>1439.33</ele>
        <time>2024-07-06T15:40:52Z</time>
      </trkpt>
      <trkpt lat="45.586" lon="24.76877">
        <ele>1437.63</ele>
        <time>2024-07-06T15:40:56Z</time>
      </trkpt>
      <trkpt lat="45.58607" lon="24.76875">
        <ele>1431.27</ele>
        <time>2024-07-06T15:41:00Z</time>
      </trkpt>
      <trkpt lat="45.58613" lon="24.76875">
        <ele>1426.92</ele>
        <time>2024-07-06T15:41:04Z</time>
      </trkpt>
      <trkpt lat="45.58615" lon="24.76875">
        <ele>1426.31</ele>
        <time>2024-07-06T15:41:07Z</time>
      </trkpt>
      <trkpt lat="45.58616" lon="24.76876">
        <ele>1426.31</ele>
        <time>2024-07-06T15:41:12Z</time>
      </trkpt>
      <trkpt lat="45.58618" lon="24.76877">
        <ele>1425.99</ele>
        <time>2024-07-06T15:41:19Z</time>
      </trkpt>
      <trkpt lat="45.58614" lon="24.76875">
        <ele>1426.62</ele>
        <time>2024-07-06T15:41:43Z</time>
      </trkpt>
      <trkpt lat="45.58614" lon="24.76875">
        <ele>1426.62</ele>
        <time>2024-07-06T15:41:45Z</time>
      </trkpt>
      <trkpt lat="45.58614" lon="24.76875">
        <ele>1426.62</ele>
        <time>2024-07-06T15:41:50Z</time>
      </trkpt>
      <trkpt lat="45.58613" lon="24.76875">
        <ele>1426.92</ele>
        <time>2024-07-06T15:41:57Z</time>
      </trkpt>
      <trkpt lat="45.58612" lon="24.76877">
        <ele>1427.87</ele>
        <time>2024-07-06T15:42:03Z</time>
      </trkpt>
      <trkpt lat="45.58611" lon="24.76879">
        <ele>1428.88</ele>
        <time>2024-07-06T15:42:08Z</time>
      </trkpt>
      <trkpt lat="45.58608" lon="24.76883">
        <ele>1432.14</ele>
        <time>2024-07-06T15:42:13Z</time>
      </trkpt>
      <trkpt lat="45.58607" lon="24.76884">
        <ele>1432.99</ele>
        <time>2024-07-06T15:42:14Z</time>
      </trkpt>
      <trkpt lat="45.58602" lon="24.7689">
        <ele>1436.09</ele>
        <time>2024-07-06T15:42:22Z</time>
      </trkpt>
      <trkpt lat="45.586" lon="24.76894">
        <ele>1436.21</ele>
        <time>2024-07-06T15:42:28Z</time>
      </trkpt>
      <trkpt lat="45.58599" lon="24.76894">
        <ele>1436.57</ele>
        <time>2024-07-06T15:42:30Z</time>
      </trkpt>
      <trkpt lat="45.58595" lon="24.76901">
        <ele>1435.93</ele>
        <time>2024-07-06T15:42:38Z</time>
      </trkpt>
      <trkpt lat="45.58592" lon="24.76907">
        <ele>1434.42</ele>
        <time>2024-07-06T15:42:44Z</time>
      </trkpt>
      <trkpt lat="45.58591" lon="24.7691">
        <ele>1433.37</ele>
        <time>2024-07-06T15:42:46Z</time>
      </trkpt>
      <trkpt lat="45.5859" lon="24.76915">
        <ele>1431.39</ele>
        <time>2024-07-06T15:42:52Z</time>
      </trkpt>
      <trkpt lat="45.58587" lon="24.7692">
        <ele>1430.41</ele>
        <time>2024-07-06T15:42:56Z</time>
      </trkpt>
      <trkpt lat="45.58587" lon="24.76923">
        <ele>1430.41</ele>
        <time>2024-07-06T15:42:59Z</time>
      </trkpt>
      <trkpt lat="45.58586" lon="24.76934">
        <ele>1430.49</ele>
        <time>2024-07-06T15:43:07Z</time>
      </trkpt>
      <trkpt lat="45.58582" lon="24.76941">
        <ele>1431.04</ele>
        <time>2024-07-06T15:43:12Z</time>
      </trkpt>
      <trkpt lat="45.5858" lon="24.76945">
        <ele>1431.17</ele>
        <time>2024-07-06T15:43:15Z</time>
      </trkpt>
      <trkpt lat="45.58578" lon="24.76947">
        <ele>1431.45</ele>
        <time>2024-07-06T15:43:18Z</time>
      </trkpt>
      <trkpt lat="45.58574" lon="24.76958">
        <ele>1432.97</ele>
        <time>2024-07-06T15:43:27Z</time>
      </trkpt>
      <trkpt lat="45.58573" lon="24.76961">
        <ele>1433.45</ele>
        <time>2024-07-06T15:43:29Z</time>
      </trkpt>
      <trkpt lat="45.58569" lon="24.76969">
        <ele>1435.11</ele>
        <time>2024-07-06T15:43:37Z</time>
      </trkpt>
      <trkpt lat="45.58563" lon="24.76976">
        <ele>1435.95</ele>
        <time>2024-07-06T15:43:44Z</time>
      </trkpt>
      <trkpt lat="45.58562" lon="24.76976">
        <ele>1436.12</ele>
        <time>2024-07-06T15:43:45Z</time>
      </trkpt>
      <trkpt lat="45.58553" lon="24.76978">
        <ele>1437.18</ele>
        <time>2024-07-06T15:43:53Z</time>
      </trkpt>
      <trkpt lat="45.58552" lon="24.76978">
        <ele>1437.34</ele>
        <time>2024-07-06T15:43:54Z</time>
      </trkpt>
      <trkpt lat="45.5855" lon="24.76978">
        <ele>1437.68</ele>
        <time>2024-07-06T15:43:56Z</time>
      </trkpt>
      <trkpt lat="45.58546" lon="24.76978">
        <ele>1438.34</ele>
        <time>2024-07-06T15:43:58Z</time>
      </trkpt>
      <trkpt lat="45.58545" lon="24.76981">
        <ele>1437.98</ele>
        <time>2024-07-06T15:44:00Z</time>
      </trkpt>
      <trkpt lat="45.5854" lon="24.76986">
        <ele>1438.1</ele>
        <time>2024-07-06T15:44:08Z</time>
      </trkpt>
      <trkpt lat="45.58538" lon="24.76986">
        <ele>1438.49</ele>
        <time>2024-07-06T15:44:11Z</time>
      </trkpt>
      <trkpt lat="45.58536" lon="24.76989">
        <ele>1438.47</ele>
        <time>2024-07-06T15:44:15Z</time>
      </trkpt>
      <trkpt lat="45.58533" lon="24.76994">
        <ele>1438.45</ele>
        <time>2024-07-06T15:44:23Z</time>
      </trkpt>
      <trkpt lat="45.58532" lon="24.76996">
        <ele>1438.43</ele>
        <time>2024-07-06T15:44:26Z</time>
      </trkpt>
      <trkpt lat="45.5853" lon="24.76998">
        <ele>1438.67</ele>
        <time>2024-07-06T15:44:28Z</time>
      </trkpt>
      <trkpt lat="45.58529" lon="24.76999">
        <ele>1438.8</ele>
        <time>2024-07-06T15:44:29Z</time>
      </trkpt>
      <trkpt lat="45.58529" lon="24.77">
        <ele>1438.69</ele>
        <time>2024-07-06T15:44:30Z</time>
      </trkpt>
      <trkpt lat="45.58526" lon="24.77008">
        <ele>1437.93</ele>
        <time>2024-07-06T15:44:36Z</time>
      </trkpt>
      <trkpt lat="45.58524" lon="24.77013">
        <ele>1437.27</ele>
        <time>2024-07-06T15:44:41Z</time>
      </trkpt>
      <trkpt lat="45.58522" lon="24.77021">
        <ele>1435.33</ele>
        <time>2024-07-06T15:44:46Z</time>
      </trkpt>
      <trkpt lat="45.58522" lon="24.77022">
        <ele>1435.02</ele>
        <time>2024-07-06T15:44:47Z</time>
      </trkpt>
      <trkpt lat="45.58518" lon="24.77026">
        <ele>1434.03</ele>
        <time>2024-07-06T15:44:51Z</time>
      </trkpt>
    </trkseg>
  </trk>
</gpx>
